{
    "parent": "item/handheld",
    "textures": {
        "layer0": "items/sz/cb1"
    },
    "display": {
    "thirdperson_lefthand": {
        "rotation": [ 70, 0, 0 ],
        "translation": [ 14.10, -7.28, 15 ],
        "scale": [ 15, 15, 15 ]
        },
    "thirdperson_righthand": {
        "rotation": [ 70, 180, 0 ],
        "translation": [ 14.10, -7.28, 15 ],
        "scale": [ 15, 15, 15 ]
        },
		
        "head": {
            "rotation": [ 0, 180, 0 ],
            "translation": [0, 0, 10 ],
            "scale": [ 9, 9, 9 ]
        },
        "gui": {
            "rotation": [ 0, 0, 0 ],
            "translation": [ 0, 0, 0 ],
            "scale": [ 1.5, 1.5, 1.5 ]
        }
    }
}
