{"__comment":"designedbyhypixelminecraftserverwithbdcraftcubikpro0.87beta-http://bdcraft.net","textures":{"particle":"items/horn3","texture":"items/glass2","blueflamelicks":"items/redflamelicks"},"elements":[{"from":[6,17,4],"to":[10,19,13],"faces":{"up":{"uv":[13,0.5,15,3.5],"rotation":180,"texture":"#texture","cullface":"up"},"north":{"uv":[13,0.5,15,1],"texture":"#texture","cullface":"up"},"south":{"uv":[15,0.5,13,1],"texture":"#texture","cullface":"up"},"west":{"uv":[14.5,0.5,15,1],"texture":"#texture","cullface":"up"},"east":{"uv":[13,0.5,13.5,3],"texture":"#texture","cullface":"up"}}},{"from":[6,14,0],"to":[10,15,2],"faces":{"down":{"uv":[4.5,12.5,6.5,13],"rotation":180,"texture":"#texture"},"up":{"uv":[4.5,12.5,6.5,13],"rotation":180,"texture":"#texture"},"north":{"uv":[4.5,12.5,6.5,13],"texture":"#texture"},"west":{"uv":[6,12,6.5,13],"texture":"#texture"},"east":{"uv":[4.5,12,5,13],"texture":"#texture"}}},{"from":[6,10,0],"to":[10,14,1],"faces":{"down":{"uv":[10,16,6,15],"rotation":180,"texture":"#texture"},"west":{"uv":[0,2,1,6],"texture":"#texture"},"east":{"uv":[15,2,16,6],"texture":"#texture"}}},{"from":[6,5,-0.5],"to":[10,14,0],"faces":{"down":{"uv":[13,7.5,15,8],"rotation":180,"texture":"#texture","cullface":"south"},"up":{"uv":[13,0.5,15,1],"rotation":180,"texture":"#texture","cullface":"south"},"north":{"uv":[13,3.5,15,8],"texture":"#texture","cullface":"south"},"south":{"uv":[15,3.5,13,8],"texture":"#texture","cullface":"south"},"west":{"uv":[14.5,3.5,15,8],"texture":"#texture","cullface":"south"},"east":{"uv":[13,3.5,13.5,8],"texture":"#texture","cullface":"south"}}},{"from":[6.5,6,0],"to":[9.5,9,1],"faces":{"down":{"uv":[8.5,4.5,9,5],"rotation":180,"texture":"#texture"},"up":{"uv":[8.5,4.5,9,5],"rotation":180,"texture":"#texture"},"south":{"uv":[8.5,4.5,9,6],"texture":"#texture"},"west":{"uv":[8.5,4.5,9,6],"texture":"#texture"},"east":{"uv":[8.5,4.5,9,6],"texture":"#texture"}}},{"from":[7,4,-1],"to":[9,14,-0.5],"faces":{"down":{"uv":[13.5,7.5,14.5,8],"rotation":180,"texture":"#texture","cullface":"south"},"up":{"uv":[13.5,0.5,14.5,1],"rotation":180,"texture":"#texture","cullface":"south"},"north":{"uv":[13.5,3.5,14.5,8.5],"texture":"#texture","cullface":"south"},"south":{"uv":[14.5,3.5,13.5,8.5],"texture":"#texture","cullface":"south"},"west":{"uv":[14,3.5,14.5,8.5],"texture":"#texture","cullface":"south"},"east":{"uv":[13.5,3.5,14,8.5],"texture":"#texture","cullface":"south"}}},{"from":[3,10,0],"to":[13,11,1],"faces":{"down":{"uv":[3,14,8,14.5],"rotation":180,"texture":"#texture"},"north":{"uv":[3,14,8,14.5],"texture":"#texture"},"west":{"uv":[2.5,14,3.5,14.5],"texture":"#texture"},"east":{"uv":[2.5,14,3.5,14.5],"texture":"#texture"}}},{"from":[12,10,0.5],"to":[13.5,11,1],"faces":{"down":{"uv":[2.5,14,3.5,14.5],"rotation":180,"texture":"#texture"},"up":{"uv":[2.5,14,3.5,14.5],"rotation":180,"texture":"#texture"},"north":{"uv":[2.5,14,3.5,14.5],"texture":"#texture"},"west":{"uv":[2.5,14,3,14.5],"texture":"#texture"},"east":{"uv":[2.5,14,3,14.5],"texture":"#texture"}}},{"from":[2.5,10,0.5],"to":[4,11,1],"faces":{"down":{"uv":[7.5,14,8.5,14.5],"rotation":180,"texture":"#texture"},"up":{"uv":[7.5,14,8.5,14.5],"rotation":180,"texture":"#texture"},"north":{"uv":[7.5,14,8.5,14.5],"texture":"#texture"},"west":{"uv":[8,14,8.5,14.5],"texture":"#texture"},"east":{"uv":[7.5,14,8,14.5],"texture":"#texture"}}},{"from":[10.5,-3,-1],"to":[13,1.5,0],"faces":{"down":{"uv":[12,12,13.5,12.5],"rotation":180,"texture":"#texture","cullface":"south"},"up":{"uv":[12,10.5,13.5,11],"rotation":180,"texture":"#texture","cullface":"south"},"north":{"uv":[12,10.5,13.5,12.5],"texture":"#texture","cullface":"south"},"south":{"uv":[13.5,10.5,12,12.5],"texture":"#texture","cullface":"south"},"west":{"uv":[13,10.5,13.5,12.5],"texture":"#texture","cullface":"south"},"east":{"uv":[12,10.5,12.5,12.5],"texture":"#texture","cullface":"south"}}},{"from":[3,-3,-1],"to":[5.5,1.5,0],"faces":{"down":{"uv":[12.5,15.5,14,16],"rotation":180,"texture":"#texture","cullface":"south"},"up":{"uv":[12.5,14,14,14.5],"rotation":180,"texture":"#texture","cullface":"south"},"north":{"uv":[12.5,14,14,16],"texture":"#texture","cullface":"south"},"south":{"uv":[14,14,12.5,16],"texture":"#texture","cullface":"south"},"west":{"uv":[13.5,14,14,16],"texture":"#texture","cullface":"south"},"east":{"uv":[12.5,14,13,16],"texture":"#texture","cullface":"south"}}},{"from":[11,-2,0],"to":[12,2.5,1],"faces":{"down":{"uv":[12,11,13,11.5],"rotation":180,"texture":"#texture","cullface":"down"},"up":{"uv":[12,10,13,10.5],"rotation":180,"texture":"#texture","cullface":"down"},"north":{"uv":[12,10,13,12],"texture":"#texture","cullface":"down"},"south":{"uv":[12,10,13,12],"texture":"#texture","cullface":"down"},"west":{"uv":[12,10,12.5,12],"texture":"#texture"}}},{"from":[1,14,2],"to":[15,15,15],"faces":{"down":{"uv":[1,1,7.5,1.5],"rotation":180,"texture":"#texture"},"up":{"uv":[1,1,7.5,1.5],"rotation":180,"texture":"#texture"},"north":{"uv":[2,11.5,9,12],"texture":"#texture"},"west":{"uv":[1,1,7.5,1.5],"texture":"#texture"},"east":{"uv":[1,1,7.5,1.5],"texture":"#texture"}}},{"from":[2,11,1],"to":[14,14,2],"faces":{"down":{"uv":[2.5,12.5,8.5,13],"rotation":180,"texture":"#texture"},"north":{"uv":[8.5,12.5,2.5,14.5],"texture":"#texture"},"south":{"uv":[0.5,5.5,6.5,7.5],"texture":"#texture"},"west":{"uv":[8,12.5,8.5,14.5],"texture":"#texture"},"east":{"uv":[2.5,12.5,3,14.5],"texture":"#texture"}}},{"from":[14,0.5,5],"to":[15,14,15],"faces":{"down":{"uv":[6.5,4.5,7.5,6.5],"rotation":180,"texture":"#texture"},"north":{"uv":[6.5,4.5,7,6.5],"texture":"#texture"},"south":{"uv":[6.5,4.5,7,6.5],"texture":"#texture"},"west":{"uv":[6.5,4.5,7.5,6.5],"texture":"#texture"},"east":{"uv":[6.5,4.5,7.5,6.5],"texture":"#texture"}}},{"from":[8,12.5,0],"to":[9,13.5,1],"faces":{"down":{"uv":[9,16,8,15],"rotation":180,"texture":"#texture"},"up":{"uv":[7,15,8,16],"rotation":180,"texture":"#texture"},"west":{"uv":[0,2.5,1,3.5],"texture":"#texture"},"east":{"uv":[15,2.5,16,3.5],"texture":"#texture"}}},{"from":[4,9,0.5],"to":[12,10,1.5],"faces":{"down":{"uv":[3,14.5,4.5,15],"rotation":180,"texture":"#texture"},"up":{"uv":[3,14.5,4.5,15],"rotation":180,"texture":"#texture"},"north":{"uv":[3,14.5,7.5,15],"texture":"#texture"},"south":{"uv":[3,8,7.5,8.5],"texture":"#texture"},"west":{"uv":[3,14.5,3.5,15],"texture":"#texture"},"east":{"uv":[3,14.5,3.5,15],"texture":"#texture"}}},{"from":[3,11,0],"to":[13,14,1],"faces":{"up":{"uv":[3,12.5,8,13],"rotation":180,"texture":"#texture"},"north":{"uv":[3,12.5,8,14],"texture":"#texture"},"west":{"uv":[2.5,12.5,3,14],"texture":"#texture"},"east":{"uv":[2.5,12.5,3,14],"texture":"#texture"}}},{"from":[1,15,3.5],"to":[15,16,14],"faces":{"up":{"uv":[1,1,7.5,1.5],"rotation":180,"texture":"#texture","cullface":"up"},"north":{"uv":[1,1,7.5,1.5],"texture":"#texture"},"south":{"uv":[1,1,7.5,1.5],"texture":"#texture"},"west":{"uv":[1,1,7.5,1.5],"texture":"#texture"},"east":{"uv":[1,1,7.5,1.5],"texture":"#texture"}}},{"from":[2,16,6],"to":[14,17,13],"faces":{"up":{"uv":[2,0.5,6.5,1.5],"rotation":180,"texture":"#texture","cullface":"up"},"north":{"uv":[1,1,7.5,1.5],"texture":"#texture","cullface":"up"},"south":{"uv":[1,1,7.5,1.5],"texture":"#texture","cullface":"up"},"west":{"uv":[1,1,7.5,1.5],"texture":"#texture","cullface":"up"},"east":{"uv":[1,1,7.5,1.5],"texture":"#texture","cullface":"up"}}},{"from":[3.5,16,4],"to":[12.5,17,14],"faces":{"up":{"uv":[2,0.5,6.5,1],"rotation":180,"texture":"#texture","cullface":"up"},"north":{"uv":[2,0.5,6.5,1],"texture":"#texture","cullface":"up"},"south":{"uv":[2,0.5,6.5,1],"texture":"#texture","cullface":"up"},"west":{"uv":[2,0.5,6.5,1],"texture":"#texture","cullface":"up"},"east":{"uv":[2,0.5,6.5,1],"texture":"#texture","cullface":"up"}}},{"from":[2,15,2],"to":[14,16,15.5],"faces":{"down":{"uv":[1,1,7.5,1.5],"rotation":180,"texture":"#texture"},"up":{"uv":[1,1,7.5,1.5],"rotation":180,"texture":"#texture","cullface":"up"},"north":{"uv":[1,1,7.5,1.5],"texture":"#texture","cullface":"north"},"south":{"uv":[1,1,7.5,1.5],"texture":"#texture"},"west":{"uv":[1,1,7.5,1.5],"texture":"#texture"},"east":{"uv":[1,1,7.5,1.5],"texture":"#texture"}}},{"from":[0,15,6],"to":[1,16,13],"faces":{"up":{"uv":[2,0.5,3,1.5],"rotation":180,"texture":"#texture","cullface":"up"},"north":{"uv":[2,0.5,3,1.5],"texture":"#texture"},"south":{"uv":[2,0.5,3,1.5],"texture":"#texture"},"west":{"uv":[2,0.5,6.5,1.5],"texture":"#texture"}}},{"from":[5,9,0],"to":[11,10,0.5],"faces":{"down":{"uv":[6.5,14.5,7.5,15],"rotation":180,"texture":"#texture"},"north":{"uv":[4,14.5,7,15],"texture":"#texture"},"west":{"uv":[4,14.5,5,15.5],"texture":"#texture"},"east":{"uv":[4,14.5,5,15.5],"texture":"#texture"}}},{"from":[13,-2,0],"to":[14,6,1],"faces":{"down":{"uv":[11.5,11.5,12,12],"rotation":180,"texture":"#texture","cullface":"down"},"up":{"uv":[11.5,9.5,12,10],"rotation":180,"texture":"#texture","cullface":"down"},"north":{"uv":[11.5,9.5,12,12],"texture":"#texture","cullface":"down"},"south":{"uv":[11.5,9.5,12,12],"texture":"#texture","cullface":"down"},"west":{"uv":[11.5,9.5,12,12],"texture":"#texture","cullface":"down"},"east":{"uv":[11.5,9.5,12,12],"texture":"#texture","cullface":"down"}}},{"from":[14,-1,1],"to":[15,8,2],"faces":{"down":{"uv":[14,15,14.5,15.5],"rotation":180,"texture":"#texture","cullface":"down"},"up":{"uv":[14,13,14.5,13.5],"rotation":180,"texture":"#texture","cullface":"down"},"north":{"uv":[14,13,14.5,15.5],"texture":"#texture","cullface":"down"},"south":{"uv":[14,13,14.5,15.5],"texture":"#texture","cullface":"down"},"west":{"uv":[14,13,14.5,15.5],"texture":"#texture","cullface":"down"},"east":{"uv":[14,13,14.5,15.5],"texture":"#texture","cullface":"down"}}},{"from":[2,6,14],"to":[14,14,15],"faces":{"down":{"uv":[1.5,6.5,6.5,8],"rotation":180,"texture":"#texture"},"north":{"uv":[2,5.5,6,9],"texture":"#texture"},"south":{"uv":[2,5.5,6,9],"texture":"#texture"}}},{"from":[11,5,14],"to":[14,6,15],"faces":{"down":{"uv":[1.5,6.5,4.5,7.5],"rotation":180,"texture":"#texture"},"north":{"uv":[2,6.5,5,7.5],"texture":"#texture"},"south":{"uv":[2,6.5,5,7.5],"texture":"#texture"},"west":{"uv":[3,7,4,8],"texture":"#texture"}}},{"from":[13,4,14],"to":[14,5,15],"faces":{"down":{"uv":[4,8.5,5,9.5],"rotation":180,"texture":"#texture"},"north":{"uv":[5,6.5,6,7.5],"texture":"#texture"},"south":{"uv":[5,6.5,6,7.5],"texture":"#texture"},"west":{"uv":[2,7,3,8],"texture":"#texture"}}},{"from":[14,-1,2],"to":[15,0,5],"faces":{"down":{"uv":[4,6,5,9],"rotation":180,"texture":"#texture","cullface":"down"},"up":{"uv":[4,6,5,9],"rotation":180,"texture":"#texture","cullface":"down"},"south":{"uv":[4.5,8,5.5,8.5],"texture":"#texture"},"west":{"uv":[3,8,6,8.5],"texture":"#texture","cullface":"down"},"east":{"uv":[3,8,6,8.5],"texture":"#texture","cullface":"down"}}},{"from":[15,0,3],"to":[16,1,15],"faces":{"down":{"uv":[2,8.5,3,9.5],"rotation":180,"texture":"#texture","cullface":"down"},"north":{"uv":[2,8.5,3,9.5],"texture":"#texture"},"south":{"uv":[2,8.5,3,9.5],"texture":"#texture"},"west":{"uv":[2,8.5,9.5,9.5],"texture":"#texture","cullface":"west"},"east":{"uv":[2,8.5,9.5,9.5],"texture":"#texture"}}},{"from":[15,-1,5],"to":[16,0,14],"faces":{"down":{"uv":[2.5,5.5,3.5,9],"rotation":180,"texture":"#texture","cullface":"down"},"north":{"uv":[1,6.5,2,7],"texture":"#texture","cullface":"down"},"south":{"uv":[1,6.5,2,7],"texture":"#texture","cullface":"down"},"west":{"uv":[0.5,7.5,7,8],"texture":"#texture","cullface":"down"},"east":{"uv":[0.5,7.5,7,8],"texture":"#texture","cullface":"down"}}},{"from":[1,-1,2],"to":[2,0,5],"faces":{"down":{"uv":[4.5,5.5,5.5,8.5],"rotation":180,"texture":"#texture","cullface":"down"},"up":{"uv":[4.5,5.5,5.5,8.5],"rotation":180,"texture":"#texture","cullface":"down"},"south":{"uv":[2.5,7,3.5,7.5],"texture":"#texture"},"west":{"uv":[2.5,7,5.5,7.5],"texture":"#texture","cullface":"down"},"east":{"uv":[2.5,7,5.5,7.5],"texture":"#texture","cullface":"down"}}},{"from":[14,0,2],"to":[15,5,3],"faces":{"up":{"uv":[11,8,11.5,9],"rotation":180,"texture":"#texture"},"north":{"uv":[11,8,11.5,9.5],"texture":"#texture"},"south":{"uv":[11,8,11.5,9.5],"texture":"#texture"},"west":{"uv":[11,8,11.5,9.5],"texture":"#texture"},"east":{"uv":[11,8,11.5,9.5],"texture":"#texture"}}},{"from":[1,7,15],"to":[15,15,16],"faces":{"down":{"uv":[0.5,6.5,7,7.5],"rotation":180,"texture":"#texture"},"up":{"uv":[0.5,6.5,7,7.5],"rotation":180,"texture":"#texture"},"north":{"uv":[0.5,1.5,1,8],"texture":"#texture","cullface":"north"},"south":{"uv":[0.5,1.5,1,8],"texture":"#texture"},"west":{"uv":[0.5,1.5,1,8],"texture":"#texture"},"east":{"uv":[0.5,1.5,1,8],"texture":"#texture"}}},{"from":[11,6,15],"to":[14,7,16],"faces":{"down":{"uv":[1.5,7,4.5,8],"rotation":180,"texture":"#texture"},"south":{"uv":[2.5,6.5,5.5,7.5],"texture":"#texture"},"west":{"uv":[3,7,4,8],"texture":"#texture"}}},{"from":[2,5,15],"to":[3,6,16],"faces":{"down":{"uv":[2.5,7,3.5,8],"rotation":180,"texture":"#texture"},"south":{"uv":[4.5,6.5,5.5,7.5],"texture":"#texture"},"east":{"uv":[3,6,4,7],"texture":"#texture"}}},{"from":[14,4,15],"to":[15,7,16],"faces":{"down":{"uv":[3,6,4,7],"rotation":180,"texture":"#texture"},"south":{"uv":[3.5,6,4.5,9],"texture":"#texture"},"west":{"uv":[4.5,5,5.5,8],"texture":"#texture"},"east":{"uv":[4.5,5,5.5,8],"texture":"#texture"}}},{"from":[2,8,16],"to":[14,14,17],"faces":{"down":{"uv":[0.5,6.5,7,7],"rotation":180,"texture":"#texture","cullface":"north"},"up":{"uv":[0.5,6.5,7,7],"rotation":180,"texture":"#texture","cullface":"north"},"south":{"uv":[0,2.5,0.5,5.5],"texture":"#texture"},"west":{"uv":[0,2.5,0.5,5.5],"texture":"#texture","cullface":"north"},"east":{"uv":[0,2.5,0.5,5.5],"texture":"#texture","cullface":"north"}}},{"from":[3,14,16],"to":[13,15,17],"faces":{"up":{"uv":[0,2,0.5,2.5],"rotation":180,"texture":"#texture","cullface":"north"},"south":{"uv":[0,2,0.5,3.5],"texture":"#texture"},"west":{"uv":[0,2,0.5,3],"texture":"#texture","cullface":"north"},"east":{"uv":[0,2,0.5,3],"texture":"#texture","cullface":"north"}}},{"from":[13,6,16],"to":[14,8,17],"faces":{"down":{"uv":[3,7,4,7.5],"rotation":180,"texture":"#texture","cullface":"north"},"north":{"uv":[3,6,4,8],"texture":"#texture","cullface":"north"},"south":{"uv":[3,6,4,8],"texture":"#texture","cullface":"north"},"west":{"uv":[2,5.5,2.5,7.5],"texture":"#texture","cullface":"north"},"east":{"uv":[2,5.5,2.5,7.5],"texture":"#texture","cullface":"north"}}},{"from":[3,7,16],"to":[4,8,17],"faces":{"down":{"uv":[3.5,7.5,4.5,8],"rotation":180,"texture":"#texture","cullface":"north"},"south":{"uv":[3,7,4,8],"texture":"#texture"},"east":{"uv":[2.5,6.5,3,7.5],"texture":"#texture"}}},{"from":[11,10,17],"to":[12,13,18],"faces":{"down":{"uv":[0,6,6,6.5],"rotation":180,"texture":"#texture","cullface":"north"},"up":{"uv":[0,6,6,6.5],"rotation":180,"texture":"#texture","cullface":"north"},"south":{"uv":[1.5,5.5,6.5,8.5],"texture":"#texture"},"east":{"uv":[0.5,3,1,6],"texture":"#texture"}}},{"from":[5,9,17],"to":[11,14,18],"faces":{"down":{"uv":[0,6,6,6.5],"rotation":180,"texture":"#texture","cullface":"north"},"up":{"uv":[0,6,6,6.5],"rotation":180,"texture":"#texture","cullface":"north"},"south":{"uv":[0,2,0.5,4.5],"texture":"#texture"},"west":{"uv":[0,2,0.5,4.5],"texture":"#texture","cullface":"north"},"east":{"uv":[0,2,0.5,4.5],"texture":"#texture","cullface":"north"}}},{"from":[14,11.5,2],"to":[15,14,3],"faces":{"down":{"uv":[8.5,13,9,14],"rotation":180,"texture":"#texture"},"north":{"uv":[8.5,11.5,9,13.5],"texture":"#texture"},"west":{"uv":[8.5,11.5,9,13.5],"texture":"#texture"},"east":{"uv":[8.5,11.5,9,13.5],"texture":"#texture"}}},{"from":[6,15,1],"to":[10,16.5,3],"faces":{"down":{"uv":[4.5,12.5,6.5,13],"rotation":180,"texture":"#texture"},"up":{"uv":[4.5,12.5,6.5,13],"rotation":180,"texture":"#texture","cullface":"up"},"north":{"uv":[4.5,12.5,6.5,13],"texture":"#texture"},"south":{"uv":[4.5,12.5,6.5,13],"texture":"#texture"},"west":{"uv":[6,12,6.5,13],"texture":"#texture"},"east":{"uv":[4.5,12,5,13],"texture":"#texture"}}},{"from":[6,16,2],"to":[10,18,4],"faces":{"up":{"uv":[4.5,12.5,6.5,13],"rotation":180,"texture":"#texture","cullface":"up"},"north":{"uv":[4.5,12.5,6.5,13],"texture":"#texture"},"west":{"uv":[6,12,6.5,13],"texture":"#texture","cullface":"up"},"east":{"uv":[4.5,12,5,13],"texture":"#texture","cullface":"up"}}},{"from":[4,-2,0],"to":[5,2.5,1],"faces":{"down":{"uv":[12,11,13,11.5],"rotation":180,"texture":"#texture","cullface":"down"},"up":{"uv":[12,10,13,10.5],"rotation":180,"texture":"#texture","cullface":"down"},"north":{"uv":[12,10,13,12],"texture":"#texture","cullface":"down"},"south":{"uv":[12,10,13,12],"texture":"#texture","cullface":"down"},"east":{"uv":[12,10,12.5,12],"texture":"#texture"}}},{"from":[15,15,6],"to":[16,16,13],"faces":{"up":{"uv":[2,0.5,3,1.5],"rotation":180,"texture":"#texture","cullface":"up"},"north":{"uv":[2,0.5,3,1.5],"texture":"#texture"},"south":{"uv":[2,0.5,3,1.5],"texture":"#texture"},"east":{"uv":[2,0.5,6.5,1.5],"texture":"#texture"}}},{"from":[1,0.5,5],"to":[2,14,15],"faces":{"down":{"uv":[6.5,4.5,7.5,6.5],"rotation":180,"texture":"#texture"},"north":{"uv":[6.5,4.5,7,6.5],"texture":"#texture"},"south":{"uv":[6.5,4.5,7,6.5],"texture":"#texture"},"west":{"uv":[6.5,4.5,7.5,6.5],"texture":"#texture"},"east":{"uv":[6.5,4.5,7.5,6.5],"texture":"#texture"}}},{"from":[2,14,1],"to":[14,15,2],"faces":{"up":{"uv":[1,1,7.5,1.5],"rotation":180,"texture":"#texture"},"north":{"uv":[2.5,11.5,8.5,12],"texture":"#texture"},"west":{"uv":[1,1,7.5,1.5],"texture":"#texture"},"east":{"uv":[1,1,7.5,1.5],"texture":"#texture"}}},{"from":[1,0,2],"to":[2,5,3],"faces":{"up":{"uv":[11,8,11.5,9],"rotation":180,"texture":"#texture"},"north":{"uv":[11,8,11.5,9.5],"texture":"#texture"},"south":{"uv":[11,8,11.5,9.5],"texture":"#texture"},"west":{"uv":[11,8,11.5,9.5],"texture":"#texture"},"east":{"uv":[11,8,11.5,9.5],"texture":"#texture"}}},{"from":[1,-1.5,1],"to":[2,8,2],"faces":{"down":{"uv":[14,15,14.5,15.5],"rotation":180,"texture":"#texture","cullface":"down"},"up":{"uv":[14,13,14.5,13.5],"rotation":180,"texture":"#texture","cullface":"down"},"north":{"uv":[14,13,14.5,15.5],"texture":"#texture","cullface":"down"},"south":{"uv":[14,13,14.5,15.5],"texture":"#texture","cullface":"down"},"west":{"uv":[14,13,14.5,15.5],"texture":"#texture","cullface":"down"},"east":{"uv":[14,13,14.5,15.5],"texture":"#texture","cullface":"down"}}},{"from":[2,-2,0],"to":[3,6,1],"faces":{"down":{"uv":[11.5,11.5,12,12],"rotation":180,"texture":"#texture","cullface":"down"},"up":{"uv":[11.5,9.5,12,10],"rotation":180,"texture":"#texture","cullface":"down"},"north":{"uv":[11.5,9.5,12,12],"texture":"#texture","cullface":"down"},"south":{"uv":[11.5,9.5,12,12],"texture":"#texture","cullface":"down"},"west":{"uv":[11.5,9.5,12,12],"texture":"#texture","cullface":"down"},"east":{"uv":[11.5,9.5,12,12],"texture":"#texture","cullface":"down"}}},{"from":[2,5,14],"to":[5,6,15],"faces":{"down":{"uv":[1.5,6.5,4.5,7.5],"rotation":180,"texture":"#texture"},"north":{"uv":[2,6.5,5,7.5],"texture":"#texture"},"south":{"uv":[2,6.5,5,7.5],"texture":"#texture"},"east":{"uv":[3,7,4,8],"texture":"#texture"}}},{"from":[2,6,15],"to":[5,7,16],"faces":{"down":{"uv":[1.5,7,4.5,8],"rotation":180,"texture":"#texture"},"south":{"uv":[2.5,6.5,5.5,7.5],"texture":"#texture"},"east":{"uv":[3,7,4,8],"texture":"#texture"}}},{"from":[2,4,14],"to":[3,5,15],"faces":{"down":{"uv":[4,8.5,5,9.5],"rotation":180,"texture":"#texture"},"north":{"uv":[5,6.5,6,7.5],"texture":"#texture"},"south":{"uv":[5,6.5,6,7.5],"texture":"#texture"},"east":{"uv":[2,7,3,8],"texture":"#texture"}}},{"from":[2,6,16],"to":[3,8,17],"faces":{"down":{"uv":[3,7,4,7.5],"rotation":180,"texture":"#texture","cullface":"north"},"north":{"uv":[3,6,4,8],"texture":"#texture","cullface":"north"},"south":{"uv":[3,6,4,8],"texture":"#texture","cullface":"north"},"west":{"uv":[2,5.5,2.5,7.5],"texture":"#texture","cullface":"north"},"east":{"uv":[2,5.5,2.5,7.5],"texture":"#texture","cullface":"north"}}},{"from":[12,7,16],"to":[13,8,17],"faces":{"down":{"uv":[3.5,7.5,4.5,8],"rotation":180,"texture":"#texture","cullface":"north"},"south":{"uv":[3,7,4,8],"texture":"#texture"},"west":{"uv":[2.5,6.5,3,7.5],"texture":"#texture"}}},{"from":[1,4,15],"to":[2,7,16],"faces":{"down":{"uv":[3,6,4,7],"rotation":180,"texture":"#texture"},"south":{"uv":[3.5,6,4.5,9],"texture":"#texture"},"west":{"uv":[4.5,5,5.5,8],"texture":"#texture"},"east":{"uv":[4.5,5,5.5,8],"texture":"#texture"}}},{"from":[0,1,3],"to":[1,15,15],"faces":{"up":{"uv":[1.5,1,7.5,1.5],"rotation":180,"texture":"#texture"},"north":{"uv":[7,1.5,7.5,8.5],"texture":"#texture"},"south":{"uv":[1.5,1.5,2,8.5],"texture":"#texture"},"west":{"uv":[7.5,1.5,1.5,8.5],"texture":"#texture"},"east":{"uv":[1.5,1.5,7.5,8.5],"texture":"#texture","cullface":"east"}}},{"from":[0,0,3],"to":[1,1,15],"faces":{"down":{"uv":[2,8.5,3,9.5],"rotation":180,"texture":"#texture","cullface":"down"},"north":{"uv":[2,8.5,3,9.5],"texture":"#texture"},"south":{"uv":[2,8.5,3,9.5],"texture":"#texture"},"west":{"uv":[2,8.5,9.5,9.5],"texture":"#texture"},"east":{"uv":[2,8.5,9.5,9.5],"texture":"#texture","cullface":"east"}}},{"from":[0,-1,5],"to":[1,0,14],"faces":{"down":{"uv":[2.5,5.5,3.5,9],"rotation":180,"texture":"#texture","cullface":"down"},"north":{"uv":[1,6.5,2,7],"texture":"#texture","cullface":"down"},"south":{"uv":[1,6.5,2,7],"texture":"#texture","cullface":"down"},"west":{"uv":[0.5,7.5,7,8],"texture":"#texture","cullface":"down"},"east":{"uv":[0.5,7.5,7,8],"texture":"#texture","cullface":"down"}}},{"from":[4,10,17],"to":[5,13,18],"faces":{"down":{"uv":[0,6,6,6.5],"rotation":180,"texture":"#texture","cullface":"north"},"up":{"uv":[0,6,6,6.5],"rotation":180,"texture":"#texture","cullface":"north"},"south":{"uv":[1.5,5.5,6.5,8.5],"texture":"#texture"},"west":{"uv":[0.5,3,1,6],"texture":"#texture"}}},{"from":[1,11.5,2],"to":[2,14,3],"faces":{"down":{"uv":[8.5,13,9,14],"rotation":180,"texture":"#texture"},"north":{"uv":[8.5,11.5,9,13.5],"texture":"#texture"},"west":{"uv":[8.5,11.5,9,13.5],"texture":"#texture"},"east":{"uv":[8.5,11.5,9,13.5],"texture":"#texture"}}},{"from":[15,1,3],"to":[16,15,15],"faces":{"up":{"uv":[1.5,1,7.5,1.5],"rotation":180,"texture":"#texture"},"north":{"uv":[7,1.5,7.5,8.5],"texture":"#texture"},"south":{"uv":[1.5,1.5,2,8.5],"texture":"#texture"},"west":{"uv":[7.5,1.5,1.5,8.5],"texture":"#texture","cullface":"west"},"east":{"uv":[1.5,1.5,7.5,8.5],"texture":"#texture"}}},{"from":[16,2,4],"to":[17,14,14],"faces":{"down":{"uv":[2,7.5,7.5,8],"rotation":180,"texture":"#texture","cullface":"west"},"up":{"uv":[2,2,7.5,2.5],"rotation":270,"texture":"#texture","cullface":"west"},"north":{"uv":[6.5,2,7,8],"texture":"#texture","cullface":"west"},"south":{"uv":[2,2,2.5,8],"texture":"#texture","cullface":"west"},"east":{"uv":[2,2,7,8],"texture":"#texture"}}},{"from":[-1,2,4],"to":[0,14,14],"faces":{"down":{"uv":[2,7.5,7.5,8],"rotation":180,"texture":"#texture","cullface":"east"},"up":{"uv":[2,2,7.5,2.5],"rotation":270,"texture":"#texture","cullface":"east"},"north":{"uv":[6.5,2,7,8],"texture":"#texture","cullface":"east"},"south":{"uv":[2,2,2.5,8],"texture":"#texture","cullface":"east"},"west":{"uv":[7,2,2,8],"texture":"#texture"}}},{"from":[17,8,10],"to":[18,15,13],"faces":{"down":{"uv":[1.5,10,3,10.5],"rotation":180,"texture":"#particle","cullface":"west"},"up":{"uv":[3,8,1.5,7.5],"rotation":270,"texture":"#particle","cullface":"west"},"north":{"uv":[10,7.5,10.5,11],"texture":"#particle","cullface":"west"},"south":{"uv":[2.5,7.5,3,11],"texture":"#particle","cullface":"west"},"west":{"uv":[10,7.5,10.5,11],"texture":"#particle","cullface":"west"},"east":{"uv":[3,7.5,1.5,11],"texture":"#particle","cullface":"west"}}},{"from":[17,9,9],"to":[18,13,10],"faces":{"down":{"uv":[3,10,3.5,10.5],"rotation":180,"texture":"#particle","cullface":"west"},"up":{"uv":[3,8.5,3.5,9],"rotation":180,"texture":"#particle","cullface":"west"},"north":{"uv":[3,8.5,3.5,10.5],"texture":"#particle"},"east":{"uv":[3,8.5,3.5,10.5],"texture":"#particle"}}},{"from":[17,9,13],"to":[18,13,14],"faces":{"down":{"uv":[3,10,3.5,10.5],"rotation":180,"texture":"#particle","cullface":"west"},"up":{"uv":[3,8.5,3.5,9],"rotation":180,"texture":"#particle","cullface":"west"},"south":{"uv":[3,8.5,3.5,10.5],"texture":"#particle"},"east":{"uv":[3,8.5,3.5,10.5],"texture":"#particle"}}},{"from":[-2,9,9],"to":[-1,13,10],"faces":{"down":{"uv":[3,10,3.5,10.5],"rotation":180,"texture":"#particle","cullface":"east"},"up":{"uv":[3,8.5,3.5,9],"rotation":180,"texture":"#particle","cullface":"east"},"north":{"uv":[3,8.5,3.5,10.5],"texture":"#particle"},"west":{"uv":[3,8.5,3.5,10.5],"texture":"#particle"}}},{"from":[-2,8,10],"to":[-1,15,13],"faces":{"down":{"uv":[1.5,10,3,10.5],"rotation":180,"texture":"#particle","cullface":"east"},"up":{"uv":[1.5,7.5,3,8],"rotation":270,"texture":"#particle","cullface":"east"},"north":{"uv":[2.5,7.5,3,11],"texture":"#particle","cullface":"east"},"south":{"uv":[10,7.5,10.5,11],"texture":"#particle","cullface":"east"},"west":{"uv":[3,7.5,1.5,11],"texture":"#particle","cullface":"east"},"east":{"uv":[10,7.5,10.5,11],"texture":"#particle","cullface":"east"}}},{"from":[-2,9,13],"to":[-1,13,14],"faces":{"down":{"uv":[3,10,3.5,10.5],"rotation":180,"texture":"#particle","cullface":"east"},"up":{"uv":[3,8.5,3.5,9],"rotation":180,"texture":"#particle","cullface":"east"},"south":{"uv":[3,8.5,3.5,10.5],"texture":"#particle"},"west":{"uv":[3,8.5,3.5,10.5],"texture":"#particle"}}},{"from":[18,9,9.5],"to":[19,17,12.5],"faces":{"down":{"uv":[10,10.5,9.5,10],"rotation":180,"texture":"#particle","cullface":"west"},"up":{"uv":[10,7,9.5,6.5],"rotation":270,"texture":"#particle","cullface":"west"},"north":{"uv":[9.5,6.5,10,10.5],"texture":"#particle","cullface":"west"},"south":{"uv":[9.5,6.5,10,10.5],"texture":"#particle","cullface":"west"},"west":{"uv":[10,6.5,9.5,10.5],"texture":"#particle"}}},{"from":[22,15.5,8],"to":[22.5,21.5,9.5],"faces":{"down":{"uv":[8,8.5,7.5,8],"rotation":180,"texture":"#particle","cullface":"west"},"up":{"uv":[8,5,7.5,4.5],"rotation":270,"texture":"#particle","cullface":"west"},"north":{"uv":[7.5,4.5,8,8.5],"texture":"#particle","cullface":"west"},"south":{"uv":[7.5,4.5,8,8.5],"texture":"#particle","cullface":"west"},"east":{"uv":[8,4.5,7.5,8.5],"texture":"#particle"}}},{"from":[-3,9,9.5625],"to":[-2,17,12.5625],"faces":{"down":{"uv":[10,10.5,9.5,10],"rotation":180,"texture":"#particle","cullface":"east"},"up":{"uv":[10,7,9.5,6.5],"rotation":270,"texture":"#particle","cullface":"east"},"north":{"uv":[9.5,6.5,10,10.5],"texture":"#particle","cullface":"east"},"south":{"uv":[9.5,6.5,10,10.5],"texture":"#particle","cullface":"east"},"east":{"uv":[10,6.5,9.5,10.5],"texture":"#particle"}}},{"from":[-4,10,9],"to":[-3,18,12],"faces":{"down":{"uv":[10,10.5,9.5,10],"rotation":180,"texture":"#particle","cullface":"east"},"up":{"uv":[9.5,7,9,6.5],"rotation":270,"texture":"#particle","cullface":"east"},"north":{"uv":[9,6.5,9.5,10.5],"texture":"#particle","cullface":"east"},"south":{"uv":[9,6.5,9.5,10.5],"texture":"#particle","cullface":"east"},"west":{"uv":[9.5,6.5,9,10.5],"texture":"#particle"}}},{"from":[-5,12.5,8.5],"to":[-4,22.5,10],"faces":{"down":{"uv":[9.5,10.5,9,10],"rotation":180,"texture":"#particle","cullface":"east"},"up":{"uv":[9.5,3,9,2.5],"rotation":270,"texture":"#particle","cullface":"east"},"north":{"uv":[9,2.5,9.5,10.5],"texture":"#particle","cullface":"east"},"south":{"uv":[9,2.5,9.5,10.5],"texture":"#particle","cullface":"east"},"west":{"uv":[9,2.5,9.5,10.5],"texture":"#particle","cullface":"east"},"east":{"uv":[9,2.5,9.5,10.5],"texture":"#particle","cullface":"east"}}},{"from":[-6,15,7.5],"to":[-5,22.5,10],"faces":{"down":{"uv":[9,10,8.5,9.5],"rotation":180,"texture":"#particle","cullface":"east"},"up":{"uv":[9,3.5,8.5,3],"rotation":270,"texture":"#particle","cullface":"east"},"north":{"uv":[8.5,3,9,10],"texture":"#particle","cullface":"east"},"south":{"uv":[8.5,3,9,10],"texture":"#particle","cullface":"east"},"west":{"uv":[8.5,3,9,10],"texture":"#particle"}}},{"from":[10,8,0.5],"to":[11,9,1.5],"faces":{"down":{"uv":[4.5,14.5,5,15.5],"rotation":180,"texture":"#texture"},"north":{"uv":[4,14.5,4.5,15.5],"texture":"#texture"},"south":{"uv":[4,14.5,4.5,15.5],"texture":"#texture"},"west":{"uv":[4,14.5,5,15.5],"texture":"#texture"},"east":{"uv":[4,14.5,5,15.5],"texture":"#texture"}}},{"from":[5,8,0.5],"to":[6,9,1.5],"faces":{"down":{"uv":[4.5,14.5,5,15.5],"rotation":180,"texture":"#texture"},"north":{"uv":[4,14.5,4.5,15.5],"texture":"#texture"},"south":{"uv":[4,14.5,4.5,15.5],"texture":"#texture"},"west":{"uv":[4,14.5,5,15.5],"texture":"#texture"},"east":{"uv":[4,14.5,5,15.5],"texture":"#texture"}}},{"from":[11,-4.5,-1],"to":[12,-2,0],"faces":{"down":{"uv":[9,1.5,10,2],"rotation":180,"texture":"#texture","cullface":"south"},"north":{"uv":[9,0.5,9.5,2],"texture":"#texture","cullface":"south"},"south":{"uv":[9,0.5,9.5,2],"texture":"#texture","cullface":"south"},"west":{"uv":[9,0.5,9.5,1],"texture":"#texture","cullface":"south"},"east":{"uv":[9,0.5,9.5,1],"texture":"#texture","cullface":"south"}}},{"from":[4,-4.5,-1],"to":[5,-2,0],"faces":{"down":{"uv":[9,1.5,10,2],"rotation":180,"texture":"#texture","cullface":"south"},"north":{"uv":[9,0.5,9.5,2],"texture":"#texture","cullface":"south"},"south":{"uv":[9,0.5,9.5,2],"texture":"#texture","cullface":"south"},"west":{"uv":[9,0.5,9.5,1],"texture":"#texture","cullface":"south"},"east":{"uv":[9,0.5,9.5,1],"texture":"#texture","cullface":"south"}}},{"from":[10,-6,-1.5],"to":[11,-3,-0.5],"faces":{"down":{"uv":[9,1.5,10,2],"rotation":180,"texture":"#texture","cullface":"south"},"up":{"uv":[9.5,0.5,10,1],"rotation":180,"texture":"#texture","cullface":"south"},"north":{"uv":[9.5,0.5,10,2],"texture":"#texture","cullface":"south"},"south":{"uv":[9.5,0.5,10,2],"texture":"#texture","cullface":"south"},"west":{"uv":[9,0.5,9.5,1],"texture":"#texture","cullface":"south"},"east":{"uv":[9.5,0.5,10,1],"texture":"#texture","cullface":"south"}}},{"from":[5,-6,-1.5],"to":[6,-3,-0.5],"faces":{"down":{"uv":[9,1.5,10,2],"rotation":180,"texture":"#texture","cullface":"south"},"up":{"uv":[9.5,0.5,10,1],"rotation":180,"texture":"#texture","cullface":"south"},"north":{"uv":[9.5,0.5,10,2],"texture":"#texture","cullface":"south"},"south":{"uv":[9.5,0.5,10,2],"texture":"#texture","cullface":"south"},"west":{"uv":[9,0.5,9.5,1],"texture":"#texture","cullface":"south"},"east":{"uv":[9.5,0.5,10,1],"texture":"#texture","cullface":"south"}}},{"from":[18,15,11],"to":[19,16,12],"faces":{"down":{"uv":[16,5,16,4],"rotation":180,"texture":"#texture"},"up":{"uv":[0,4,0,5],"rotation":180,"texture":"#texture"},"north":{"uv":[0,0,0,1],"texture":"#texture"},"south":{"uv":[16,0,16,1],"texture":"#texture"},"west":{"uv":[11,0,12,1],"texture":"#texture"},"east":{"uv":[4,0,5,1],"texture":"#texture"}}},{"from":[18,15,11],"to":[19,16,12],"faces":{"down":{"uv":[16,5,16,4],"rotation":180,"texture":"#texture"},"up":{"uv":[0,4,0,5],"rotation":180,"texture":"#texture"},"north":{"uv":[0,0,0,1],"texture":"#texture"},"south":{"uv":[16,0,16,1],"texture":"#texture"},"west":{"uv":[11,0,12,1],"texture":"#texture"},"east":{"uv":[4,0,5,1],"texture":"#texture"}}},{"from":[6,17,5],"to":[10,18.5,14],"faces":{"up":{"uv":[13,0.5,15,3.5],"rotation":180,"texture":"#texture","cullface":"up"},"north":{"uv":[13,0.5,15,1],"texture":"#texture","cullface":"up"},"south":{"uv":[15,0.5,13,1],"texture":"#texture","cullface":"up"},"west":{"uv":[14.5,0.5,15,1],"texture":"#texture","cullface":"up"},"east":{"uv":[13,0.5,13.5,3],"texture":"#texture","cullface":"up"}}},{"from":[6,15,15],"to":[10,16.5,17],"faces":{"down":{"uv":[4.5,12.5,6.5,13],"rotation":180,"texture":"#texture"},"up":{"uv":[4.5,12.5,6.5,13],"rotation":180,"texture":"#texture","cullface":"up"},"north":{"uv":[4.5,12.5,6.5,13],"texture":"#texture"},"south":{"uv":[6.5,12.5,4.5,13],"texture":"#texture"},"west":{"uv":[6,12,6.5,13],"texture":"#texture"},"east":{"uv":[4.5,12,5,13],"texture":"#texture"}}},{"from":[6,16,14],"to":[10,17.5,16],"faces":{"down":{"uv":[4.5,12.5,6.5,13],"rotation":180,"texture":"#texture"},"up":{"uv":[4.5,12.5,6.5,13],"rotation":180,"texture":"#texture","cullface":"up"},"north":{"uv":[4.5,12.5,6.5,13],"texture":"#texture"},"south":{"uv":[6.5,12.5,4.5,13],"texture":"#texture"},"west":{"uv":[6,12,6.5,13],"texture":"#texture"},"east":{"uv":[4.5,12,5,13],"texture":"#texture"}}},{"from":[6,14,16],"to":[10,15.5,18],"faces":{"down":{"uv":[4.5,12.5,6.5,13],"rotation":180,"texture":"#texture"},"up":{"uv":[4.5,12.5,6.5,13],"rotation":180,"texture":"#texture","cullface":"up"},"north":{"uv":[4.5,12.5,6.5,13],"texture":"#texture"},"south":{"uv":[6.5,12.5,4.5,13],"texture":"#texture"},"west":{"uv":[6,12,6.5,13],"texture":"#texture"},"east":{"uv":[4.5,12,5,13],"texture":"#texture"}}},{"from":[6,13,16.5],"to":[10,14,18.5],"faces":{"down":{"uv":[4.5,12.5,6.5,13],"rotation":180,"texture":"#texture"},"up":{"uv":[4.5,12.5,6.5,13],"rotation":180,"texture":"#texture","cullface":"up"},"north":{"uv":[4.5,12.5,6.5,13],"texture":"#texture"},"south":{"uv":[6.5,12.5,4.5,13],"texture":"#texture"},"west":{"uv":[6,12,6.5,13],"texture":"#texture"},"east":{"uv":[4.5,12,5,13],"texture":"#texture"}}},{"from":[6,9.5,16.5],"to":[10,13,18.5],"faces":{"down":{"uv":[4.5,12.5,6.5,13],"rotation":180,"texture":"#texture"},"up":{"uv":[4.5,12.5,6.5,13],"rotation":180,"texture":"#texture","cullface":"up"},"north":{"uv":[4.5,12.5,6.5,13],"texture":"#texture"},"south":{"uv":[6.5,12.5,4.5,13],"texture":"#texture"},"west":{"uv":[6,12,6.5,13],"texture":"#texture"},"east":{"uv":[4.5,12,5,13],"texture":"#texture"}}},{"from":[14,4.5,2],"to":[15,8.5,3],"faces":{"up":{"uv":[11,8,11.5,9],"rotation":180,"texture":"#texture"},"north":{"uv":[11,8,11.5,9.5],"texture":"#texture"},"south":{"uv":[11,8,11.5,9.5],"texture":"#texture"},"west":{"uv":[11,8,11.5,9.5],"texture":"#texture"},"east":{"uv":[11,8,11.5,9.5],"texture":"#texture"}}},{"from":[1,4.5,2],"to":[2,8.5,3],"faces":{"up":{"uv":[11,8,11.5,9],"rotation":180,"texture":"#texture"},"north":{"uv":[11,8,11.5,9.5],"texture":"#texture"},"south":{"uv":[11,8,11.5,9.5],"texture":"#texture"},"west":{"uv":[11,8,11.5,9.5],"texture":"#texture"},"east":{"uv":[11,8,11.5,9.5],"texture":"#texture"}}},{"from":[12.5,15.5,5],"to":[13.5,17.5,6],"faces":{"down":{"uv":[8,8.5,7.5,8],"rotation":180,"texture":"#particle","cullface":"west"},"up":{"uv":[8,5,7.5,4.5],"rotation":270,"texture":"#particle","cullface":"west"},"north":{"uv":[7.5,4.5,8,8.5],"texture":"#particle","cullface":"west"},"south":{"uv":[7.5,4.5,8,8.5],"texture":"#particle","cullface":"west"},"east":{"uv":[8,4.5,7.5,8.5],"texture":"#particle"}}},{"from":[12.5,16,4],"to":[13.5,18,5],"faces":{"down":{"uv":[8,8.5,7.5,8],"rotation":180,"texture":"#particle","cullface":"west"},"up":{"uv":[8,5,7.5,4.5],"rotation":270,"texture":"#particle","cullface":"west"},"north":{"uv":[7.5,4.5,8,8.5],"texture":"#particle","cullface":"west"},"south":{"uv":[7.5,4.5,8,8.5],"texture":"#particle","cullface":"west"},"east":{"uv":[8,4.5,7.5,8.5],"texture":"#particle"}}},{"from":[2.5,15.5,5],"to":[3.5,17.5,6],"faces":{"down":{"uv":[8,8.5,7.5,8],"rotation":180,"texture":"#particle","cullface":"east"},"up":{"uv":[8,5,7.5,4.5],"rotation":270,"texture":"#particle","cullface":"east"},"north":{"uv":[7.5,4.5,8,8.5],"texture":"#particle","cullface":"east"},"south":{"uv":[7.5,4.5,8,8.5],"texture":"#particle","cullface":"east"},"west":{"uv":[8,4.5,7.5,8.5],"texture":"#particle"}}},{"from":[2.5,16,4],"to":[3.5,18,5],"faces":{"down":{"uv":[8,8.5,7.5,8],"rotation":180,"texture":"#particle","cullface":"east"},"up":{"uv":[8,5,7.5,4.5],"rotation":270,"texture":"#particle","cullface":"east"},"north":{"uv":[7.5,4.5,8,8.5],"texture":"#particle","cullface":"east"},"south":{"uv":[7.5,4.5,8,8.5],"texture":"#particle","cullface":"east"},"west":{"uv":[8,4.5,7.5,8.5],"texture":"#particle"}}},{"from":[3.5,16,4],"to":[4.5,18,5],"faces":{"down":{"uv":[8,8.5,7.5,8],"rotation":180,"texture":"#particle","cullface":"west"},"up":{"uv":[8,5,7.5,4.5],"rotation":270,"texture":"#particle","cullface":"west"},"north":{"uv":[7.5,4.5,8,8.5],"texture":"#particle","cullface":"west"},"south":{"uv":[7.5,4.5,8,8.5],"texture":"#particle","cullface":"west"},"east":{"uv":[8,4.5,7.5,8.5],"texture":"#particle"}}},{"from":[3.5,15.5,5],"to":[4.5,17.5,6],"faces":{"down":{"uv":[8,8.5,7.5,8],"rotation":180,"texture":"#particle","cullface":"west"},"up":{"uv":[8,5,7.5,4.5],"rotation":270,"texture":"#particle","cullface":"west"},"north":{"uv":[7.5,4.5,8,8.5],"texture":"#particle","cullface":"west"},"south":{"uv":[7.5,4.5,8,8.5],"texture":"#particle","cullface":"west"},"east":{"uv":[8,4.5,7.5,8.5],"texture":"#particle"}}},{"from":[11.5,16,4],"to":[12.5,18,5],"faces":{"down":{"uv":[8,8.5,7.5,8],"rotation":180,"texture":"#particle","cullface":"east"},"up":{"uv":[8,5,7.5,4.5],"rotation":270,"texture":"#particle","cullface":"east"},"north":{"uv":[7.5,4.5,8,8.5],"texture":"#particle","cullface":"east"},"south":{"uv":[7.5,4.5,8,8.5],"texture":"#particle","cullface":"east"},"west":{"uv":[8,4.5,7.5,8.5],"texture":"#particle"}}},{"from":[11.5,15.5,5],"to":[12.5,17.5,6],"faces":{"down":{"uv":[8,8.5,7.5,8],"rotation":180,"texture":"#particle","cullface":"east"},"up":{"uv":[8,5,7.5,4.5],"rotation":270,"texture":"#particle","cullface":"east"},"north":{"uv":[7.5,4.5,8,8.5],"texture":"#particle","cullface":"east"},"south":{"uv":[7.5,4.5,8,8.5],"texture":"#particle","cullface":"east"},"west":{"uv":[8,4.5,7.5,8.5],"texture":"#particle"}}},{"from":[12,16,3],"to":[13,18,4],"faces":{"down":{"uv":[8,8.5,7.5,8],"rotation":180,"texture":"#particle","cullface":"west"},"up":{"uv":[8,5,7.5,4.5],"rotation":270,"texture":"#particle","cullface":"west"},"north":{"uv":[7.5,4.5,8,8.5],"texture":"#particle","cullface":"west"},"south":{"uv":[7.5,4.5,8,8.5],"texture":"#particle","cullface":"west"},"east":{"uv":[8,4.5,7.5,8.5],"texture":"#particle"}}},{"from":[12,16,2],"to":[13,19,3],"faces":{"down":{"uv":[8,8.5,7.5,8],"rotation":180,"texture":"#particle","cullface":"west"},"up":{"uv":[8,5,7.5,4.5],"rotation":270,"texture":"#particle","cullface":"west"},"north":{"uv":[7.5,4.5,8,8.5],"texture":"#particle","cullface":"west"},"south":{"uv":[7.5,4.5,8,8.5],"texture":"#particle","cullface":"west"},"east":{"uv":[8,4.5,7.5,8.5],"texture":"#particle"}}},{"from":[3,16,3],"to":[4,18,4],"faces":{"down":{"uv":[8,8.5,7.5,8],"rotation":180,"texture":"#particle","cullface":"east"},"up":{"uv":[8,5,7.5,4.5],"rotation":270,"texture":"#particle","cullface":"east"},"north":{"uv":[7.5,4.5,8,8.5],"texture":"#particle","cullface":"east"},"south":{"uv":[7.5,4.5,8,8.5],"texture":"#particle","cullface":"east"},"west":{"uv":[8,4.5,7.5,8.5],"texture":"#particle"}}},{"from":[3,16,2],"to":[4,19,3],"faces":{"down":{"uv":[8,8.5,7.5,8],"rotation":180,"texture":"#particle","cullface":"east"},"up":{"uv":[8,5,7.5,4.5],"rotation":270,"texture":"#particle","cullface":"east"},"north":{"uv":[7.5,4.5,8,8.5],"texture":"#particle","cullface":"east"},"south":{"uv":[7.5,4.5,8,8.5],"texture":"#particle","cullface":"east"},"west":{"uv":[8,4.5,7.5,8.5],"texture":"#particle"}}},{"from":[11,16,3],"to":[12,18,4],"faces":{"down":{"uv":[8,8.5,7.5,8],"rotation":180,"texture":"#particle","cullface":"east"},"up":{"uv":[8,5,7.5,4.5],"rotation":270,"texture":"#particle","cullface":"east"},"north":{"uv":[7.5,4.5,8,8.5],"texture":"#particle","cullface":"east"},"south":{"uv":[7.5,4.5,8,8.5],"texture":"#particle","cullface":"east"},"west":{"uv":[8,4.5,7.5,8.5],"texture":"#particle"}}},{"from":[11,16,2],"to":[12,19,3],"faces":{"down":{"uv":[8,8.5,7.5,8],"rotation":180,"texture":"#particle","cullface":"east"},"up":{"uv":[8,5,7.5,4.5],"rotation":270,"texture":"#particle","cullface":"east"},"north":{"uv":[7.5,4.5,8,8.5],"texture":"#particle","cullface":"east"},"south":{"uv":[7.5,4.5,8,8.5],"texture":"#particle","cullface":"east"},"west":{"uv":[8,4.5,7.5,8.5],"texture":"#particle"}}},{"from":[4,16,3],"to":[5,18,4],"faces":{"down":{"uv":[8,8.5,7.5,8],"rotation":180,"texture":"#particle","cullface":"west"},"up":{"uv":[8,5,7.5,4.5],"rotation":270,"texture":"#particle","cullface":"west"},"north":{"uv":[7.5,4.5,8,8.5],"texture":"#particle","cullface":"west"},"south":{"uv":[7.5,4.5,8,8.5],"texture":"#particle","cullface":"west"},"east":{"uv":[8,4.5,7.5,8.5],"texture":"#particle"}}},{"from":[4,16,2],"to":[5,19,3],"faces":{"down":{"uv":[8,8.5,7.5,8],"rotation":180,"texture":"#particle","cullface":"west"},"up":{"uv":[8,5,7.5,4.5],"rotation":270,"texture":"#particle","cullface":"west"},"north":{"uv":[7.5,4.5,8,8.5],"texture":"#particle","cullface":"west"},"south":{"uv":[7.5,4.5,8,8.5],"texture":"#particle","cullface":"west"},"east":{"uv":[8,4.5,7.5,8.5],"texture":"#particle"}}},{"from":[11.5,17,1],"to":[12.5,19.5,2],"faces":{"down":{"uv":[8,8.5,7.5,8],"rotation":180,"texture":"#particle","cullface":"west"},"up":{"uv":[8,5,7.5,4.5],"rotation":270,"texture":"#particle","cullface":"west"},"north":{"uv":[7.5,4.5,8,8.5],"texture":"#particle","cullface":"west"},"south":{"uv":[7.5,4.5,8,8.5],"texture":"#particle","cullface":"west"},"east":{"uv":[8,4.5,7.5,8.5],"texture":"#particle"}}},{"from":[10.5,17,1],"to":[11.5,19.5,2],"faces":{"down":{"uv":[8,8.5,7.5,8],"rotation":180,"texture":"#particle","cullface":"east"},"up":{"uv":[8,5,7.5,4.5],"rotation":270,"texture":"#particle","cullface":"east"},"north":{"uv":[7.5,4.5,8,8.5],"texture":"#particle","cullface":"east"},"south":{"uv":[7.5,4.5,8,8.5],"texture":"#particle","cullface":"east"},"west":{"uv":[8,4.5,7.5,8.5],"texture":"#particle"}}},{"from":[4.5,17,1],"to":[5.5,19.5,2],"faces":{"down":{"uv":[8,8.5,7.5,8],"rotation":180,"texture":"#particle","cullface":"west"},"up":{"uv":[8,5,7.5,4.5],"rotation":270,"texture":"#particle","cullface":"west"},"north":{"uv":[7.5,4.5,8,8.5],"texture":"#particle","cullface":"west"},"south":{"uv":[7.5,4.5,8,8.5],"texture":"#particle","cullface":"west"},"east":{"uv":[8,4.5,7.5,8.5],"texture":"#particle"}}},{"from":[3.5,17,1],"to":[4.5,19.5,2],"faces":{"down":{"uv":[8,8.5,7.5,8],"rotation":180,"texture":"#particle","cullface":"east"},"up":{"uv":[8,5,7.5,4.5],"rotation":270,"texture":"#particle","cullface":"east"},"north":{"uv":[7.5,4.5,8,8.5],"texture":"#particle","cullface":"east"},"south":{"uv":[7.5,4.5,8,8.5],"texture":"#particle","cullface":"east"},"west":{"uv":[8,4.5,7.5,8.5],"texture":"#particle"}}},{"from":[10.5,18,0.5],"to":[11.5,20.5,1.5],"faces":{"down":{"uv":[8,8.5,7.5,8],"rotation":180,"texture":"#particle","cullface":"east"},"up":{"uv":[8,5,7.5,4.5],"rotation":270,"texture":"#particle","cullface":"east"},"north":{"uv":[7.5,4.5,8,8.5],"texture":"#particle","cullface":"east"},"south":{"uv":[7.5,4.5,8,8.5],"texture":"#particle","cullface":"east"},"west":{"uv":[8,4.5,7.5,8.5],"texture":"#particle"}}},{"from":[4.4375,18,0.5],"to":[5.4375,20.5,1.5],"faces":{"down":{"uv":[8,8.5,7.5,8],"rotation":180,"texture":"#particle","cullface":"west"},"up":{"uv":[8,5,7.5,4.5],"rotation":270,"texture":"#particle","cullface":"west"},"north":{"uv":[7.5,4.5,8,8.5],"texture":"#particle","cullface":"west"},"south":{"uv":[7.5,4.5,8,8.5],"texture":"#particle","cullface":"west"},"east":{"uv":[8,4.5,7.5,8.5],"texture":"#particle"}}},{"from":[10.4375,18.5,0],"to":[11.4375,21,1],"faces":{"down":{"uv":[8,8.5,7.5,8],"rotation":180,"texture":"#particle","cullface":"west"},"up":{"uv":[8,5,7.5,4.5],"rotation":270,"texture":"#particle","cullface":"west"},"north":{"uv":[7.5,4.5,8,8.5],"texture":"#particle","cullface":"west"},"south":{"uv":[7.5,4.5,8,8.5],"texture":"#particle","cullface":"west"},"east":{"uv":[8,4.5,7.5,8.5],"texture":"#particle"}}},{"from":[10,18.5,0],"to":[11,21,1],"faces":{"down":{"uv":[8,8.5,7.5,8],"rotation":180,"texture":"#particle","cullface":"east"},"up":{"uv":[8,5,7.5,4.5],"rotation":270,"texture":"#particle","cullface":"east"},"north":{"uv":[7.5,4.5,8,8.5],"texture":"#particle","cullface":"east"},"south":{"uv":[7.5,4.5,8,8.5],"texture":"#particle","cullface":"east"},"west":{"uv":[8,4.5,7.5,8.5],"texture":"#particle"}}},{"from":[10,19.5,-1],"to":[11,22.5,0],"faces":{"down":{"uv":[3,4,3.5,4.5],"rotation":180,"texture":"#particle","cullface":"up"},"up":{"uv":[3,2.5,3.5,3],"rotation":180,"texture":"#particle","cullface":"up"},"north":{"uv":[5.5,0.5,6,2],"texture":"#particle","cullface":"up"},"south":{"uv":[5.5,0.5,6,2],"texture":"#particle","cullface":"up"},"west":{"uv":[5.5,0.5,6,2],"texture":"#particle","cullface":"up"},"east":{"uv":[5.5,0.5,6,2],"texture":"#particle","cullface":"up"}}},{"from":[5,19.5,-1],"to":[6,22.5,0],"faces":{"down":{"uv":[3,4,3.5,4.5],"rotation":180,"texture":"#particle","cullface":"up"},"up":{"uv":[3,2.5,3.5,3],"rotation":180,"texture":"#particle","cullface":"up"},"north":{"uv":[5.5,0.5,6,2],"texture":"#particle","cullface":"up"},"south":{"uv":[5.5,0.5,6,2],"texture":"#particle","cullface":"up"},"west":{"uv":[5.5,0.5,6,2],"texture":"#particle","cullface":"up"},"east":{"uv":[5.5,0.5,6,2],"texture":"#particle","cullface":"up"}}},{"from":[4.5,18,0.5],"to":[5.5,20.5,1.5],"faces":{"down":{"uv":[8,8.5,7.5,8],"rotation":180,"texture":"#particle","cullface":"east"},"up":{"uv":[8,5,7.5,4.5],"rotation":270,"texture":"#particle","cullface":"east"},"north":{"uv":[7.5,4.5,8,8.5],"texture":"#particle","cullface":"east"},"south":{"uv":[7.5,4.5,8,8.5],"texture":"#particle","cullface":"east"},"west":{"uv":[8,4.5,7.5,8.5],"texture":"#particle"}}},{"from":[4.5625,18.5,0],"to":[5.5625,21,1],"faces":{"down":{"uv":[8,8.5,7.5,8],"rotation":180,"texture":"#particle","cullface":"east"},"up":{"uv":[8,5,7.5,4.5],"rotation":270,"texture":"#particle","cullface":"east"},"north":{"uv":[7.5,4.5,8,8.5],"texture":"#particle","cullface":"east"},"south":{"uv":[7.5,4.5,8,8.5],"texture":"#particle","cullface":"east"},"west":{"uv":[8,4.5,7.5,8.5],"texture":"#particle"}}},{"from":[5,18.5,0],"to":[6,21,1],"faces":{"down":{"uv":[8,8.5,7.5,8],"rotation":180,"texture":"#particle","cullface":"west"},"up":{"uv":[8,5,7.5,4.5],"rotation":270,"texture":"#particle","cullface":"west"},"north":{"uv":[7.5,4.5,8,8.5],"texture":"#particle","cullface":"west"},"south":{"uv":[7.5,4.5,8,8.5],"texture":"#particle","cullface":"west"},"east":{"uv":[8,4.5,7.5,8.5],"texture":"#particle"}}},{"from":[13,15,5],"to":[14,17,6],"faces":{"down":{"uv":[8,8.5,7.5,8],"rotation":180,"texture":"#particle","cullface":"west"},"up":{"uv":[8,5,7.5,4.5],"rotation":270,"texture":"#particle","cullface":"west"},"north":{"uv":[7.5,4.5,8,8.5],"texture":"#particle","cullface":"west"},"south":{"uv":[7.5,4.5,8,8.5],"texture":"#particle","cullface":"west"},"east":{"uv":[8,4.5,7.5,8.5],"texture":"#particle"}}},{"from":[13,15.5,4],"to":[14,17.5,5],"faces":{"down":{"uv":[8,8.5,7.5,8],"rotation":180,"texture":"#particle","cullface":"west"},"up":{"uv":[8,5,7.5,4.5],"rotation":270,"texture":"#particle","cullface":"west"},"north":{"uv":[7.5,4.5,8,8.5],"texture":"#particle","cullface":"west"},"south":{"uv":[7.5,4.5,8,8.5],"texture":"#particle","cullface":"west"},"east":{"uv":[8,4.5,7.5,8.5],"texture":"#particle"}}},{"from":[12.5,15.5,3],"to":[13.5,17.5,4],"faces":{"down":{"uv":[8,8.5,7.5,8],"rotation":180,"texture":"#particle","cullface":"west"},"up":{"uv":[8,5,7.5,4.5],"rotation":270,"texture":"#particle","cullface":"west"},"north":{"uv":[7.5,4.5,8,8.5],"texture":"#particle","cullface":"west"},"south":{"uv":[7.5,4.5,8,8.5],"texture":"#particle","cullface":"west"},"east":{"uv":[8,4.5,7.5,8.5],"texture":"#particle"}}},{"from":[12.5,15,2],"to":[13.5,18,3],"faces":{"down":{"uv":[8,8.5,7.5,8],"rotation":180,"texture":"#particle","cullface":"west"},"up":{"uv":[8,5,7.5,4.5],"rotation":270,"texture":"#particle","cullface":"west"},"north":{"uv":[7.5,4.5,8,8.5],"texture":"#particle","cullface":"west"},"south":{"uv":[7.5,4.5,8,8.5],"texture":"#particle","cullface":"west"},"east":{"uv":[8,4.5,7.5,8.5],"texture":"#particle"}}},{"from":[2,15,5],"to":[3,17,6],"faces":{"down":{"uv":[8,8.5,7.5,8],"rotation":180,"texture":"#particle","cullface":"east"},"up":{"uv":[8,5,7.5,4.5],"rotation":270,"texture":"#particle","cullface":"east"},"north":{"uv":[7.5,4.5,8,8.5],"texture":"#particle","cullface":"east"},"south":{"uv":[7.5,4.5,8,8.5],"texture":"#particle","cullface":"east"},"west":{"uv":[8,4.5,7.5,8.5],"texture":"#particle"}}},{"from":[2,15.5,4],"to":[3,17.5,5],"faces":{"down":{"uv":[8,8.5,7.5,8],"rotation":180,"texture":"#particle","cullface":"east"},"up":{"uv":[8,5,7.5,4.5],"rotation":270,"texture":"#particle","cullface":"east"},"north":{"uv":[7.5,4.5,8,8.5],"texture":"#particle","cullface":"east"},"south":{"uv":[7.5,4.5,8,8.5],"texture":"#particle","cullface":"east"},"west":{"uv":[8,4.5,7.5,8.5],"texture":"#particle"}}},{"from":[2.5,15.5,3],"to":[3.5,17.5,4],"faces":{"down":{"uv":[8,8.5,7.5,8],"rotation":180,"texture":"#particle","cullface":"east"},"up":{"uv":[8,5,7.5,4.5],"rotation":270,"texture":"#particle","cullface":"east"},"north":{"uv":[7.5,4.5,8,8.5],"texture":"#particle","cullface":"east"},"south":{"uv":[7.5,4.5,8,8.5],"texture":"#particle","cullface":"east"},"west":{"uv":[8,4.5,7.5,8.5],"texture":"#particle"}}},{"from":[2.5,15,2],"to":[3.5,18,3],"faces":{"down":{"uv":[8,8.5,7.5,8],"rotation":180,"texture":"#particle","cullface":"east"},"up":{"uv":[8,5,7.5,4.5],"rotation":270,"texture":"#particle","cullface":"east"},"north":{"uv":[7.5,4.5,8,8.5],"texture":"#particle","cullface":"east"},"south":{"uv":[7.5,4.5,8,8.5],"texture":"#particle","cullface":"east"},"west":{"uv":[8,4.5,7.5,8.5],"texture":"#particle"}}},{"from":[3.5,15.5,5],"to":[4.5,17.5,6],"faces":{"down":{"uv":[8,8.5,7.5,8],"rotation":180,"texture":"#particle","cullface":"west"},"up":{"uv":[8,5,7.5,4.5],"rotation":270,"texture":"#particle","cullface":"west"},"north":{"uv":[7.5,4.5,8,8.5],"texture":"#particle","cullface":"west"},"south":{"uv":[7.5,4.5,8,8.5],"texture":"#particle","cullface":"west"},"east":{"uv":[8,4.5,7.5,8.5],"texture":"#particle"}}},{"from":[3.5,16,6],"to":[4.5,17.5,7],"faces":{"down":{"uv":[3,4,3.5,4.5],"rotation":180,"texture":"#particle","cullface":"up"},"up":{"uv":[3,2.5,3.5,3],"rotation":180,"texture":"#particle","cullface":"up"},"north":{"uv":[5.5,0.5,6,2],"texture":"#particle","cullface":"up"},"south":{"uv":[5.5,0.5,6,2],"texture":"#particle","cullface":"up"},"west":{"uv":[5.5,0.5,6,2],"texture":"#particle","cullface":"up"},"east":{"uv":[5.5,0.5,6,2],"texture":"#particle","cullface":"up"}}},{"from":[11.5,16,6],"to":[12.5,17.5,7],"faces":{"down":{"uv":[3,4,3.5,4.5],"rotation":180,"texture":"#particle","cullface":"up"},"up":{"uv":[3,2.5,3.5,3],"rotation":180,"texture":"#particle","cullface":"up"},"north":{"uv":[5.5,0.5,6,2],"texture":"#particle","cullface":"up"},"south":{"uv":[5.5,0.5,6,2],"texture":"#particle","cullface":"up"},"west":{"uv":[5.5,0.5,6,2],"texture":"#particle","cullface":"up"},"east":{"uv":[5.5,0.5,6,2],"texture":"#particle","cullface":"up"}}},{"from":[10.5625,18,0.5],"to":[11.5625,20.5,1.5],"faces":{"down":{"uv":[8,8.5,7.5,8],"rotation":180,"texture":"#particle","cullface":"west"},"up":{"uv":[8,5,7.5,4.5],"rotation":270,"texture":"#particle","cullface":"west"},"north":{"uv":[7.5,4.5,8,8.5],"texture":"#particle","cullface":"west"},"south":{"uv":[7.5,4.5,8,8.5],"texture":"#particle","cullface":"west"},"east":{"uv":[8,4.5,7.5,8.5],"texture":"#particle"}}},{"from":[4.5,18,0.5],"to":[5.5,20.5,1.5],"faces":{"down":{"uv":[8,8.5,7.5,8],"rotation":180,"texture":"#particle","cullface":"east"},"up":{"uv":[8,5,7.5,4.5],"rotation":270,"texture":"#particle","cullface":"east"},"north":{"uv":[7.5,4.5,8,8.5],"texture":"#particle","cullface":"east"},"south":{"uv":[7.5,4.5,8,8.5],"texture":"#particle","cullface":"east"},"west":{"uv":[8,4.5,7.5,8.5],"texture":"#particle"}}},{"from":[-5,17.5,6.5],"to":[-4,23.5,9.5],"faces":{"down":{"uv":[8,8.5,7.5,8],"rotation":180,"texture":"#particle","cullface":"east"},"up":{"uv":[8,5,7.5,4.5],"rotation":270,"texture":"#particle","cullface":"east"},"north":{"uv":[7.5,4.5,8,8.5],"texture":"#particle","cullface":"east"},"south":{"uv":[7.5,4.5,8,8.5],"texture":"#particle","cullface":"east"},"west":{"uv":[8,4.5,7.5,8.5],"texture":"#particle"}}},{"from":[-4,20.5,5.5],"to":[-2.5,25,8],"faces":{"down":{"uv":[8,8.5,7.5,8],"rotation":180,"texture":"#particle","cullface":"east"},"up":{"uv":[8,5,7.5,4.5],"rotation":270,"texture":"#particle","cullface":"east"},"north":{"uv":[7.5,4.5,8,8.5],"texture":"#particle","cullface":"east"},"south":{"uv":[7.5,4.5,8,8.5],"texture":"#particle","cullface":"east"},"west":{"uv":[8,4.5,7.5,8.5],"texture":"#particle"}}},{"from":[-3,23,4.5],"to":[-1.5,26,6.5],"faces":{"down":{"uv":[8,8.5,7.5,8],"rotation":180,"texture":"#particle","cullface":"east"},"up":{"uv":[8,5,7.5,4.5],"rotation":270,"texture":"#particle","cullface":"east"},"north":{"uv":[7.5,4.5,8,8.5],"texture":"#particle","cullface":"east"},"south":{"uv":[7.5,4.5,8,8.5],"texture":"#particle","cullface":"east"},"west":{"uv":[8,4.5,7.5,8.5],"texture":"#particle"}}},{"from":[-6.5,15.5,8],"to":[-5,21.5,9.5],"faces":{"down":{"uv":[8,8.5,7.5,8],"rotation":180,"texture":"#particle","cullface":"east"},"up":{"uv":[8,5,7.5,4.5],"rotation":270,"texture":"#particle","cullface":"east"},"north":{"uv":[7.5,4.5,8,8.5],"texture":"#particle","cullface":"east"},"south":{"uv":[7.5,4.5,8,8.5],"texture":"#particle","cullface":"east"},"west":{"uv":[8,4.5,7.5,8.5],"texture":"#particle"}}},{"from":[-2.5,24,3.5],"to":[-1,27.5,5.5],"faces":{"down":{"uv":[8,8.5,7.5,8],"rotation":180,"texture":"#particle","cullface":"east"},"up":{"uv":[8,5,7.5,4.5],"rotation":270,"texture":"#particle","cullface":"east"},"north":{"uv":[7.5,4.5,8,8.5],"texture":"#particle","cullface":"east"},"south":{"uv":[7.5,4.5,8,8.5],"texture":"#particle","cullface":"east"},"west":{"uv":[8,4.5,7.5,8.5],"texture":"#particle"}}},{"from":[-1.5,26,3],"to":[-0.5,28.5,4],"faces":{"down":{"uv":[8,8.5,7.5,8],"rotation":180,"texture":"#particle","cullface":"east"},"up":{"uv":[8,5,7.5,4.5],"rotation":270,"texture":"#particle","cullface":"east"},"north":{"uv":[7.5,4.5,8,8.5],"texture":"#particle","cullface":"east"},"south":{"uv":[7.5,4.5,8,8.5],"texture":"#particle","cullface":"east"},"west":{"uv":[8,4.5,7.5,8.5],"texture":"#particle"}}},{"from":[-1,27,2.5],"to":[0,29.5,3.5],"faces":{"down":{"uv":[8,8.5,7.5,8],"rotation":180,"texture":"#particle","cullface":"east"},"up":{"uv":[8,5,7.5,4.5],"rotation":270,"texture":"#particle","cullface":"east"},"north":{"uv":[7.5,4.5,8,8.5],"texture":"#particle","cullface":"east"},"south":{"uv":[7.5,4.5,8,8.5],"texture":"#particle","cullface":"east"},"west":{"uv":[8,4.5,7.5,8.5],"texture":"#particle"}}},{"from":[-5,12,10],"to":[-4,16.5,11.5],"faces":{"down":{"uv":[8,8.5,7.5,8],"rotation":180,"texture":"#particle","cullface":"east"},"up":{"uv":[8,5,7.5,4.5],"rotation":270,"texture":"#particle","cullface":"east"},"north":{"uv":[7.5,4.5,8,8.5],"texture":"#particle","cullface":"east"},"south":{"uv":[7.5,4.5,8,8.5],"texture":"#particle","cullface":"east"},"west":{"uv":[8,4.5,7.5,8.5],"texture":"#particle"}}},{"from":[-5,16.5,10],"to":[-4,21,11],"faces":{"down":{"uv":[8,8.5,7.5,8],"rotation":180,"texture":"#particle","cullface":"east"},"up":{"uv":[8,5,7.5,4.5],"rotation":270,"texture":"#particle","cullface":"east"},"north":{"uv":[7.5,4.5,8,8.5],"texture":"#particle","cullface":"east"},"south":{"uv":[7.5,4.5,8,8.5],"texture":"#particle","cullface":"east"},"west":{"uv":[8,4.5,7.5,8.5],"texture":"#particle"}}},{"from":[-3,9,10],"to":[-2,17,12.5],"faces":{"down":{"uv":[8,8.5,7.5,8],"rotation":180,"texture":"#particle","cullface":"east"},"up":{"uv":[8,5,7.5,4.5],"rotation":270,"texture":"#particle","cullface":"east"},"north":{"uv":[7.5,4.5,8,8.5],"texture":"#particle","cullface":"east"},"south":{"uv":[7.5,4.5,8,8.5],"texture":"#particle","cullface":"east"},"west":{"uv":[8,4.5,7.5,8.5],"texture":"#particle"}}},{"from":[16,27,2.5],"to":[17,29.5,3.5],"faces":{"down":{"uv":[8,8.5,7.5,8],"rotation":180,"texture":"#particle","cullface":"east"},"up":{"uv":[8,5,7.5,4.5],"rotation":270,"texture":"#particle","cullface":"east"},"north":{"uv":[7.5,4.5,8,8.5],"texture":"#particle","cullface":"east"},"south":{"uv":[7.5,4.5,8,8.5],"texture":"#particle","cullface":"east"},"west":{"uv":[8,4.5,7.5,8.5],"texture":"#particle"}}},{"from":[16.5,26,3],"to":[17.5,28.5,4],"faces":{"down":{"uv":[8,8.5,7.5,8],"rotation":180,"texture":"#particle","cullface":"east"},"up":{"uv":[8,5,7.5,4.5],"rotation":270,"texture":"#particle","cullface":"east"},"north":{"uv":[7.5,4.5,8,8.5],"texture":"#particle","cullface":"east"},"south":{"uv":[7.5,4.5,8,8.5],"texture":"#particle","cullface":"east"},"west":{"uv":[8,4.5,7.5,8.5],"texture":"#particle"}}},{"from":[17,24,3.5],"to":[18,27.5,5.5],"faces":{"down":{"uv":[8,8.5,7.5,8],"rotation":180,"texture":"#particle","cullface":"east"},"up":{"uv":[8,5,7.5,4.5],"rotation":270,"texture":"#particle","cullface":"east"},"north":{"uv":[7.5,4.5,8,8.5],"texture":"#particle","cullface":"east"},"south":{"uv":[7.5,4.5,8,8.5],"texture":"#particle","cullface":"east"},"west":{"uv":[8,4.5,7.5,8.5],"texture":"#particle"}}},{"from":[17.5,23,4.5],"to":[19,26,6.5],"faces":{"down":{"uv":[8,8.5,7.5,8],"rotation":180,"texture":"#particle","cullface":"east"},"up":{"uv":[8,5,7.5,4.5],"rotation":270,"texture":"#particle","cullface":"east"},"north":{"uv":[7.5,4.5,8,8.5],"texture":"#particle","cullface":"east"},"south":{"uv":[7.5,4.5,8,8.5],"texture":"#particle","cullface":"east"},"west":{"uv":[8,4.5,7.5,8.5],"texture":"#particle"}}},{"from":[18.5,20.5,5.5],"to":[20,25,8],"faces":{"down":{"uv":[8,8.5,7.5,8],"rotation":180,"texture":"#particle","cullface":"east"},"up":{"uv":[8,5,7.5,4.5],"rotation":270,"texture":"#particle","cullface":"east"},"north":{"uv":[7.5,4.5,8,8.5],"texture":"#particle","cullface":"east"},"south":{"uv":[7.5,4.5,8,8.5],"texture":"#particle","cullface":"east"},"west":{"uv":[8,4.5,7.5,8.5],"texture":"#particle"}}},{"from":[19,10,9],"to":[20,18,12],"faces":{"down":{"uv":[10,10.5,9.5,10],"rotation":180,"texture":"#particle","cullface":"east"},"up":{"uv":[9.5,7,9,6.5],"rotation":270,"texture":"#particle","cullface":"east"},"north":{"uv":[9,6.5,9.5,10.5],"texture":"#particle","cullface":"east"},"south":{"uv":[9,6.5,9.5,10.5],"texture":"#particle","cullface":"east"},"west":{"uv":[9.5,6.5,9,10.5],"texture":"#particle"}}},{"from":[20,12,10],"to":[21,16.5,11.5],"faces":{"down":{"uv":[8,8.5,7.5,8],"rotation":180,"texture":"#particle","cullface":"east"},"up":{"uv":[8,5,7.5,4.5],"rotation":270,"texture":"#particle","cullface":"east"},"north":{"uv":[7.5,4.5,8,8.5],"texture":"#particle","cullface":"east"},"south":{"uv":[7.5,4.5,8,8.5],"texture":"#particle","cullface":"east"},"west":{"uv":[8,4.5,7.5,8.5],"texture":"#particle"}}},{"from":[20,12.5,8.5],"to":[21,22.5,10],"faces":{"down":{"uv":[9.5,10.5,9,10],"rotation":180,"texture":"#particle","cullface":"east"},"up":{"uv":[9.5,3,9,2.5],"rotation":270,"texture":"#particle","cullface":"east"},"north":{"uv":[9,2.5,9.5,10.5],"texture":"#particle","cullface":"east"},"south":{"uv":[9,2.5,9.5,10.5],"texture":"#particle","cullface":"east"},"west":{"uv":[9,2.5,9.5,10.5],"texture":"#particle","cullface":"east"},"east":{"uv":[9,2.5,9.5,10.5],"texture":"#particle","cullface":"east"}}},{"from":[21,15,7.5],"to":[22,22.5,10],"faces":{"down":{"uv":[9,10,8.5,9.5],"rotation":180,"texture":"#particle","cullface":"east"},"up":{"uv":[9,3.5,8.5,3],"rotation":270,"texture":"#particle","cullface":"east"},"north":{"uv":[8.5,3,9,10],"texture":"#particle","cullface":"east"},"south":{"uv":[8.5,3,9,10],"texture":"#particle","cullface":"east"},"west":{"uv":[8.5,3,9,10],"texture":"#particle"}}},{"from":[20,18,6.5],"to":[21,24,9.5],"faces":{"down":{"uv":[8,8.5,7.5,8],"rotation":180,"texture":"#particle","cullface":"east"},"up":{"uv":[8,5,7.5,4.5],"rotation":270,"texture":"#particle","cullface":"east"},"north":{"uv":[7.5,4.5,8,8.5],"texture":"#particle","cullface":"east"},"south":{"uv":[7.5,4.5,8,8.5],"texture":"#particle","cullface":"east"},"west":{"uv":[8,4.5,7.5,8.5],"texture":"#particle"}}},{"from":[20,16.5,10],"to":[21,21,11],"faces":{"down":{"uv":[8,8.5,7.5,8],"rotation":180,"texture":"#particle","cullface":"east"},"up":{"uv":[8,5,7.5,4.5],"rotation":270,"texture":"#particle","cullface":"east"},"north":{"uv":[7.5,4.5,8,8.5],"texture":"#particle","cullface":"east"},"south":{"uv":[7.5,4.5,8,8.5],"texture":"#particle","cullface":"east"},"west":{"uv":[8,4.5,7.5,8.5],"texture":"#particle"}}},{"from":[16,27,2.5],"to":[17,29.5,3.5],"faces":{"down":{"uv":[8,8.5,7.5,8],"texture":"#particle","cullface":"east"},"up":{"uv":[8,5,7.5,4.5],"rotation":90,"texture":"#particle","cullface":"east"},"north":{"uv":[7.5,4.5,8,8.5],"texture":"#particle","cullface":"east"},"south":{"uv":[7.5,4.5,8,8.5],"texture":"#particle","cullface":"east"},"east":{"uv":[8,4.5,7.5,8.5],"texture":"#particle","cullface":"east"}}},{"from":[-1,27,2.5],"to":[0,29.5,3.5],"faces":{"down":{"uv":[8,8.5,7.5,8],"texture":"#particle","cullface":"east"},"up":{"uv":[8,5,7.5,4.5],"rotation":90,"texture":"#particle","cullface":"east"},"north":{"uv":[7.5,4.5,8,8.5],"texture":"#particle","cullface":"east"},"south":{"uv":[7.5,4.5,8,8.5],"texture":"#particle","cullface":"east"},"east":{"uv":[8,4.5,7.5,8.5],"texture":"#particle","cullface":"east"}}},{"from":[-1.5,26,3],"to":[-0.5,28.5,4],"faces":{"down":{"uv":[8,8.5,7.5,8],"texture":"#particle","cullface":"east"},"up":{"uv":[8,5,7.5,4.5],"rotation":90,"texture":"#particle","cullface":"east"},"north":{"uv":[7.5,4.5,8,8.5],"texture":"#particle","cullface":"east"},"south":{"uv":[7.5,4.5,8,8.5],"texture":"#particle","cullface":"east"},"east":{"uv":[8,4.5,7.5,8.5],"texture":"#particle","cullface":"east"}}},{"from":[16.5,26,3],"to":[17.5,28.5,4],"faces":{"down":{"uv":[8,8.5,7.5,8],"texture":"#particle","cullface":"east"},"up":{"uv":[8,5,7.5,4.5],"rotation":90,"texture":"#particle","cullface":"east"},"north":{"uv":[7.5,4.5,8,8.5],"texture":"#particle","cullface":"east"},"south":{"uv":[7.5,4.5,8,8.5],"texture":"#particle","cullface":"east"},"east":{"uv":[8,4.5,7.5,8.5],"texture":"#particle","cullface":"east"}}},{"from":[-2.5,24,3.5],"to":[-1,27.5,5.5],"faces":{"down":{"uv":[8,8.5,7.5,8],"texture":"#particle","cullface":"east"},"up":{"uv":[8,5,7.5,4.5],"rotation":90,"texture":"#particle","cullface":"east"},"north":{"uv":[7.5,4.5,8,8.5],"texture":"#particle","cullface":"east"},"south":{"uv":[7.5,4.5,8,8.5],"texture":"#particle","cullface":"east"},"east":{"uv":[8,4.5,7.5,8.5],"texture":"#particle","cullface":"east"}}},{"from":[-3,23,4.5],"to":[-1.5,26,6.5],"faces":{"down":{"uv":[8,8.5,7.5,8],"texture":"#particle","cullface":"east"},"up":{"uv":[8,5,7.5,4.5],"rotation":90,"texture":"#particle","cullface":"east"},"north":{"uv":[7.5,4.5,8,8.5],"texture":"#particle","cullface":"east"},"south":{"uv":[7.5,4.5,8,8.5],"texture":"#particle","cullface":"east"},"east":{"uv":[8,4.5,7.5,8.5],"texture":"#particle","cullface":"east"}}},{"from":[-4,20.5,5.5],"to":[-2.5,25,8],"faces":{"down":{"uv":[8,8.5,7.5,8],"texture":"#particle","cullface":"east"},"up":{"uv":[8,5,7.5,4.5],"rotation":90,"texture":"#particle","cullface":"east"},"north":{"uv":[7.5,4.5,8,8.5],"texture":"#particle","cullface":"east"},"south":{"uv":[7.5,4.5,8,8.5],"texture":"#particle","cullface":"east"},"east":{"uv":[8,4.5,7.5,8.5],"texture":"#particle","cullface":"east"}}},{"from":[-5,17.5,6.5],"to":[-4,23.5,9.5],"faces":{"down":{"uv":[8,8.5,7.5,8],"texture":"#particle","cullface":"east"},"up":{"uv":[8,5,7.5,4.5],"rotation":90,"texture":"#particle","cullface":"east"},"north":{"uv":[7.5,4.5,8,8.5],"texture":"#particle","cullface":"east"},"south":{"uv":[7.5,4.5,8,8.5],"texture":"#particle","cullface":"east"},"east":{"uv":[8,4.5,7.5,8.5],"texture":"#particle","cullface":"east"}}},{"from":[-5,16.5,10],"to":[-4,21,11],"faces":{"down":{"uv":[8,8.5,7.5,8],"texture":"#particle","cullface":"east"},"up":{"uv":[8,5,7.5,4.5],"rotation":90,"texture":"#particle","cullface":"east"},"north":{"uv":[7.5,4.5,8,8.5],"texture":"#particle","cullface":"east"},"south":{"uv":[7.5,4.5,8,8.5],"texture":"#particle","cullface":"east"},"east":{"uv":[8,4.5,7.5,8.5],"texture":"#particle","cullface":"east"}}},{"from":[-4,10,9],"to":[-3,18,12],"faces":{"down":{"uv":[8,8.5,7.5,8],"texture":"#particle","cullface":"east"},"up":{"uv":[8,5,7.5,4.5],"rotation":90,"texture":"#particle","cullface":"east"},"north":{"uv":[7.5,4.5,8,8.5],"texture":"#particle","cullface":"east"},"south":{"uv":[7.5,4.5,8,8.5],"texture":"#particle","cullface":"east"},"east":{"uv":[8,4.5,7.5,8.5],"texture":"#particle","cullface":"east"}}},{"from":[17.5,24,3.5],"to":[18.5,27.5,5.5],"faces":{"down":{"uv":[8,8.5,7.5,8],"texture":"#particle","cullface":"east"},"up":{"uv":[8,5,7.5,4.5],"rotation":90,"texture":"#particle","cullface":"east"},"north":{"uv":[7.5,4.5,8,8.5],"texture":"#particle","cullface":"east"},"south":{"uv":[7.5,4.5,8,8.5],"texture":"#particle","cullface":"east"},"east":{"uv":[8,4.5,7.5,8.5],"texture":"#particle","cullface":"east"}}},{"from":[17.5,23,4.5],"to":[19,26,6.5],"faces":{"down":{"uv":[8,8.5,7.5,8],"texture":"#particle","cullface":"east"},"up":{"uv":[8,5,7.5,4.5],"rotation":90,"texture":"#particle","cullface":"east"},"north":{"uv":[7.5,4.5,8,8.5],"texture":"#particle","cullface":"east"},"south":{"uv":[7.5,4.5,8,8.5],"texture":"#particle","cullface":"east"},"east":{"uv":[8,4.5,7.5,8.5],"texture":"#particle","cullface":"east"}}},{"from":[18.5,20.5,5.5],"to":[20,25,8],"faces":{"down":{"uv":[8,8.5,7.5,8],"texture":"#particle","cullface":"east"},"up":{"uv":[8,5,7.5,4.5],"rotation":90,"texture":"#particle","cullface":"east"},"north":{"uv":[7.5,4.5,8,8.5],"texture":"#particle","cullface":"east"},"south":{"uv":[7.5,4.5,8,8.5],"texture":"#particle","cullface":"east"},"east":{"uv":[8,4.5,7.5,8.5],"texture":"#particle","cullface":"east"}}},{"from":[20,18,6.5],"to":[21,24,9.5],"faces":{"down":{"uv":[8,8.5,7.5,8],"texture":"#particle","cullface":"east"},"up":{"uv":[8,5,7.5,4.5],"rotation":90,"texture":"#particle","cullface":"east"},"north":{"uv":[7.5,4.5,8,8.5],"texture":"#particle","cullface":"east"},"south":{"uv":[7.5,4.5,8,8.5],"texture":"#particle","cullface":"east"},"east":{"uv":[8,4.5,7.5,8.5],"texture":"#particle","cullface":"east"}}},{"from":[21,15,7.5],"to":[22,22.5,10],"faces":{"down":{"uv":[8,8.5,7.5,8],"texture":"#particle","cullface":"east"},"up":{"uv":[8,5,7.5,4.5],"rotation":90,"texture":"#particle","cullface":"east"},"north":{"uv":[7.5,4.5,8,8.5],"texture":"#particle","cullface":"east"},"south":{"uv":[7.5,4.5,8,8.5],"texture":"#particle","cullface":"east"},"east":{"uv":[8,4.5,7.5,8.5],"texture":"#particle","cullface":"east"}}},{"from":[20,16.5,10],"to":[21,21,11],"faces":{"down":{"uv":[8,8.5,7.5,8],"texture":"#particle","cullface":"east"},"up":{"uv":[8,5,7.5,4.5],"rotation":90,"texture":"#particle","cullface":"east"},"north":{"uv":[7.5,4.5,8,8.5],"texture":"#particle","cullface":"east"},"south":{"uv":[7.5,4.5,8,8.5],"texture":"#particle","cullface":"east"},"east":{"uv":[8,4.5,7.5,8.5],"texture":"#particle","cullface":"east"}}},{"from":[20,12,10],"to":[21,16.5,11.5],"faces":{"down":{"uv":[8,8.5,7.5,8],"texture":"#particle","cullface":"east"},"up":{"uv":[8,5,7.5,4.5],"rotation":90,"texture":"#particle","cullface":"east"},"north":{"uv":[7.5,4.5,8,8.5],"texture":"#particle","cullface":"east"},"south":{"uv":[7.5,4.5,8,8.5],"texture":"#particle","cullface":"east"},"east":{"uv":[8,4.5,7.5,8.5],"texture":"#particle","cullface":"east"}}},{"from":[19,10,9],"to":[20,18,12],"faces":{"down":{"uv":[8,8.5,7.5,8],"texture":"#particle","cullface":"east"},"up":{"uv":[8,5,7.5,4.5],"rotation":90,"texture":"#particle","cullface":"east"},"north":{"uv":[7.5,4.5,8,8.5],"texture":"#particle","cullface":"east"},"south":{"uv":[7.5,4.5,8,8.5],"texture":"#particle","cullface":"east"},"east":{"uv":[8,4.5,7.5,8.5],"texture":"#particle","cullface":"east"}}},{"from":[18,9,9.5],"to":[19,17,12.5],"faces":{"down":{"uv":[8,8.5,7.5,8],"texture":"#particle","cullface":"east"},"up":{"uv":[8,5,7.5,4.5],"rotation":90,"texture":"#particle","cullface":"east"},"north":{"uv":[7.5,4.5,8,8.5],"texture":"#particle","cullface":"east"},"south":{"uv":[7.5,4.5,8,8.5],"texture":"#particle","cullface":"east"},"east":{"uv":[8,4.5,7.5,8.5],"texture":"#particle","cullface":"east"}}},{"from":[-5.5,13.5,9.5],"to":[-4,20,10.5],"faces":{"down":{"uv":[8,8.5,7.5,8],"rotation":180,"texture":"#particle","cullface":"east"},"up":{"uv":[8,5,7.5,4.5],"rotation":270,"texture":"#particle","cullface":"east"},"north":{"uv":[7.5,4.5,8,8.5],"texture":"#particle","cullface":"east"},"south":{"uv":[7.5,4.5,8,8.5],"texture":"#particle","cullface":"east"},"west":{"uv":[8,4.5,7.5,8.5],"texture":"#particle"}}},{"from":[20.5,13.5,9.5],"to":[21.5,20,10.5],"faces":{"down":{"uv":[8,8.5,7.5,8],"rotation":180,"texture":"#particle","cullface":"west"},"up":{"uv":[8,5,7.5,4.5],"rotation":270,"texture":"#particle","cullface":"west"},"north":{"uv":[7.5,4.5,8,8.5],"texture":"#particle","cullface":"west"},"south":{"uv":[7.5,4.5,8,8.5],"texture":"#particle","cullface":"west"},"east":{"uv":[8,4.5,7.5,8.5],"texture":"#particle"}}},{"from":[-4.5,18,7],"to":[-3.5,22,9.5],"faces":{"down":{"uv":[8,8.5,7.5,8],"texture":"#particle","cullface":"east"},"up":{"uv":[8,5,7.5,4.5],"rotation":90,"texture":"#particle","cullface":"east"},"north":{"uv":[7.5,4.5,8,8.5],"texture":"#particle","cullface":"east"},"south":{"uv":[7.5,4.5,8,8.5],"texture":"#particle","cullface":"east"},"east":{"uv":[8,4.5,7.5,8.5],"texture":"#particle","cullface":"east"}}},{"from":[19.5,18,7],"to":[20.5,22,9.5],"faces":{"down":{"uv":[8,8.5,7.5,8],"rotation":180,"texture":"#particle","cullface":"east"},"up":{"uv":[8,5,7.5,4.5],"rotation":270,"texture":"#particle","cullface":"east"},"north":{"uv":[7.5,4.5,8,8.5],"texture":"#particle","cullface":"east"},"south":{"uv":[7.5,4.5,8,8.5],"texture":"#particle","cullface":"east"},"west":{"uv":[8,4.5,7.5,8.5],"texture":"#particle"}}},{"from":[3,-1,0],"to":[4,4,1],"faces":{"down":{"uv":[12,11,13,11.5],"rotation":180,"texture":"#texture","cullface":"down"},"up":{"uv":[12,10,13,10.5],"rotation":180,"texture":"#texture","cullface":"down"},"north":{"uv":[12,10,13,12],"texture":"#texture","cullface":"down"},"south":{"uv":[12,10,13,12],"texture":"#texture","cullface":"down"},"east":{"uv":[12,10,12.5,12],"texture":"#texture"}}},{"from":[12,-1,0],"to":[13,4,1],"faces":{"down":{"uv":[12,11,13,11.5],"rotation":180,"texture":"#texture","cullface":"down"},"up":{"uv":[12,10,13,10.5],"rotation":180,"texture":"#texture","cullface":"down"},"north":{"uv":[12,10,13,12],"texture":"#texture","cullface":"down"},"south":{"uv":[12,10,13,12],"texture":"#texture","cullface":"down"},"west":{"uv":[12,10,12.5,12],"texture":"#texture"}}},{"from":[8,15,0],"to":[8.0625,32,18],"faces":{"west":{"uv":[0,0,16,16],"texture":"#blueflamelicks"},"east":{"uv":[16,0,0,16],"texture":"#blueflamelicks"}}},{"from":[14.5,15,1.5],"to":[14.5625,28,16.5],"faces":{"west":{"uv":[0,0,16,16],"texture":"#blueflamelicks"},"east":{"uv":[16,0,0,16],"texture":"#blueflamelicks"}}},{"from":[1.5,15,1.5],"to":[1.5625,28,16.5],"faces":{"west":{"uv":[0,0,16,16],"texture":"#blueflamelicks"},"east":{"uv":[16,0,0,16],"texture":"#blueflamelicks"}}}],"display":{"thirdperson_righthand":{"rotation":[0,0,0],"translation":[0,0,0],"scale":[0.5,0.5,0.5]},"thirdperson_lefthand":{"rotation":[0,0,0],"translation":[0,0,0],"scale":[0.5,0.5,0.5]},"head":{"rotation":[0,0,0],"translation":[0,0.38,-1.89],"scale":[1.1,1.1,1.1]},"ground":{"rotation":[0,0,0],"translation":[0,4.54,0],"scale":[0.7,0.7,0.7]},"fixed":{"rotation":[0,0,0],"translation":[0,0,-2.08],"scale":[0.8,0.8,0.8]},"firstperson_righthand":{"rotation":[0,0,0],"translation":[0,0,0],"scale":[0.5,0.5,0.5]},"firstperson_lefthand":{"rotation":[0,0,0],"translation":[0,0,0],"scale":[0.5,0.5,0.5]},"gui":{"rotation":[0,0,0],"translation":[0,0,0],"scale":[0.6,0.6,0.6]}}}