{"__comment":"designedbyhypixelminecraftserverwithbdcraftcubikpro0.87beta-http://bdcraft.net","textures":{"particle":"items/horn2","texture":"items/glass1"},"elements":[{"from":[6,17,3],"to":[10,18,12],"faces":{"up":{"uv":[13,0.5,15,3.5],"texture":"#texture","cullface":"up"},"north":{"uv":[15,0.5,13,1],"texture":"#texture","cullface":"up"},"south":{"uv":[13,0.5,15,1],"texture":"#texture","cullface":"up"},"west":{"uv":[13,0.5,13.5,3],"texture":"#texture","cullface":"up"},"east":{"uv":[14.5,0.5,15,1],"texture":"#texture","cullface":"up"}}},{"from":[6,14,14],"to":[10,15,16],"faces":{"down":{"uv":[4.5,12.5,6.5,13],"texture":"#texture"},"up":{"uv":[4.5,12.5,6.5,13],"texture":"#texture"},"south":{"uv":[4.5,12.5,6.5,13],"texture":"#texture","cullface":"south"},"west":{"uv":[4.5,12,5,13],"texture":"#texture"},"east":{"uv":[6,12,6.5,13],"texture":"#texture"}}},{"from":[6,10,15],"to":[10,14,16],"faces":{"down":{"uv":[10,16,6,15],"texture":"#texture"},"west":{"uv":[15,2,16,6],"texture":"#texture"},"east":{"uv":[0,2,1,6],"texture":"#texture"}}},{"from":[6,5,16],"to":[10,14,16.5],"faces":{"down":{"uv":[13,7,15,7.5],"texture":"#texture","cullface":"south"},"up":{"uv":[13,0.5,15,1],"texture":"#texture","cullface":"south"},"north":{"uv":[15,3.5,13,7.5],"texture":"#texture","cullface":"south"},"south":{"uv":[13,3.5,15,7.5],"texture":"#texture","cullface":"south"},"west":{"uv":[13,3.5,13.5,7.5],"texture":"#texture","cullface":"south"},"east":{"uv":[14.5,3.5,15,7.5],"texture":"#texture","cullface":"south"}}},{"from":[6.5,6,15],"to":[9.5,9,16],"faces":{"down":{"uv":[8.5,4.5,9,5],"texture":"#texture"},"up":{"uv":[8.5,4.5,9,5],"texture":"#texture"},"north":{"uv":[8.5,4.5,9,6],"texture":"#texture"},"west":{"uv":[8.5,4.5,9,6],"texture":"#texture"},"east":{"uv":[8.5,4.5,9,6],"texture":"#texture"}}},{"from":[7,4,16.5],"to":[9,14,17],"faces":{"down":{"uv":[13.5,7.5,14.5,8],"texture":"#texture","cullface":"south"},"up":{"uv":[13.5,0.5,14.5,1],"texture":"#texture","cullface":"south"},"north":{"uv":[14.5,3.5,13.5,8],"texture":"#texture","cullface":"south"},"south":{"uv":[13.5,3.5,14.5,8],"texture":"#texture","cullface":"south"},"west":{"uv":[13.5,3.5,14,8],"texture":"#texture","cullface":"south"},"east":{"uv":[14,3.5,14.5,8],"texture":"#texture","cullface":"south"}}},{"from":[3,10,15],"to":[13,11,16],"faces":{"down":{"uv":[3,14,8,14.5],"texture":"#texture"},"south":{"uv":[3,14,8,14.5],"texture":"#texture","cullface":"south"},"west":{"uv":[2.5,14,3.5,14.5],"texture":"#texture"},"east":{"uv":[2.5,14,3.5,14.5],"texture":"#texture"}}},{"from":[2,10,15],"to":[4,11,15.5],"faces":{"down":{"uv":[2.5,14,3.5,14.5],"texture":"#texture"},"up":{"uv":[2.5,14,3.5,14.5],"texture":"#texture"},"south":{"uv":[2.5,14,3.5,14.5],"texture":"#texture"},"west":{"uv":[2.5,14,3,14.5],"texture":"#texture"},"east":{"uv":[2.5,14,3,14.5],"texture":"#texture"}}},{"from":[12,10,15],"to":[14,11,15.5],"faces":{"down":{"uv":[7.5,14,8.5,14.5],"texture":"#texture"},"up":{"uv":[7.5,14,8.5,14.5],"texture":"#texture"},"south":{"uv":[7.5,14,8.5,14.5],"texture":"#texture"},"west":{"uv":[7.5,14,8,14.5],"texture":"#texture"},"east":{"uv":[8,14,8.5,14.5],"texture":"#texture"}}},{"from":[3,-3,16],"to":[6,1,17],"faces":{"down":{"uv":[12,12,13.5,12.5],"texture":"#texture","cullface":"south"},"up":{"uv":[12,10.5,13.5,11],"texture":"#texture","cullface":"south"},"north":{"uv":[13.5,10.5,12,12.5],"texture":"#texture","cullface":"south"},"south":{"uv":[12,10.5,13.5,12.5],"texture":"#texture","cullface":"south"},"west":{"uv":[12,10.5,12.5,12.5],"texture":"#texture","cullface":"south"},"east":{"uv":[13,10.5,13.5,12.5],"texture":"#texture","cullface":"south"}}},{"from":[10,-3,16],"to":[13,1,17],"faces":{"down":{"uv":[12.5,15.5,14,16],"texture":"#texture","cullface":"south"},"up":{"uv":[12.5,14,14,14.5],"texture":"#texture","cullface":"south"},"north":{"uv":[14,14,12.5,16],"texture":"#texture","cullface":"south"},"south":{"uv":[12.5,14,14,16],"texture":"#texture","cullface":"south"},"west":{"uv":[12.5,14,13,16],"texture":"#texture","cullface":"south"},"east":{"uv":[13.5,14,14,16],"texture":"#texture","cullface":"south"}}},{"from":[3,-2,15],"to":[5,2,16],"faces":{"down":{"uv":[12,11,13,11.5],"texture":"#texture","cullface":"down"},"up":{"uv":[12,10,13,10.5],"texture":"#texture","cullface":"down"},"north":{"uv":[12,10,13,12],"texture":"#texture","cullface":"down"},"south":{"uv":[12,10,13,12],"texture":"#texture","cullface":"down"},"east":{"uv":[12,10,12.5,12],"texture":"#texture","cullface":"down"}}},{"from":[1,14,1],"to":[15,15,14],"faces":{"down":{"uv":[1,1,7.5,1.5],"texture":"#texture"},"up":{"uv":[1,1,7.5,1.5],"texture":"#texture"},"south":{"uv":[2,11.5,9,12],"texture":"#texture"},"west":{"uv":[1,1,7.5,1.5],"texture":"#texture"},"east":{"uv":[1,1,7.5,1.5],"texture":"#texture"}}},{"from":[2,10,14],"to":[14,14,15],"faces":{"down":{"uv":[2.5,12.5,8.5,13],"texture":"#texture"},"north":{"uv":[8.5,12.5,2.5,14.5],"texture":"#texture"},"south":{"uv":[2.5,12.5,8.5,14.5],"texture":"#texture"},"west":{"uv":[2.5,12.5,3,14.5],"texture":"#texture"},"east":{"uv":[8,12.5,8.5,14.5],"texture":"#texture"}}},{"from":[1,0.5,1],"to":[2,14,13],"faces":{"down":{"uv":[6.5,4.5,7.5,6.5],"texture":"#texture"},"north":{"uv":[6.5,4.5,7,6.5],"texture":"#texture"},"south":{"uv":[6.5,4.5,7,6.5],"texture":"#texture"},"west":{"uv":[6.5,4.5,7.5,6.5],"texture":"#texture"},"east":{"uv":[6.5,4.5,7.5,6.5],"texture":"#texture"}}},{"from":[7,12.5,15],"to":[8,13.5,16],"faces":{"down":{"uv":[9,16,8,15],"texture":"#texture"},"up":{"uv":[7,15,8,16],"texture":"#texture"},"west":{"uv":[15,2.5,16,3.5],"texture":"#texture"},"east":{"uv":[0,2.5,1,3.5],"texture":"#texture"}}},{"from":[3,9,14.5],"to":[13,10,15.5],"faces":{"down":{"uv":[3,14.5,4.5,15],"texture":"#texture"},"up":{"uv":[3,14.5,4.5,15],"texture":"#texture"},"north":{"uv":[3,14.5,8,15],"texture":"#texture"},"south":{"uv":[3,14.5,8,15],"texture":"#texture"},"west":{"uv":[9.5,13.5,10.5,14.5],"texture":"#texture"},"east":{"uv":[9.5,13.5,10.5,14.5],"texture":"#texture"}}},{"from":[3,11,15],"to":[13,14,16],"faces":{"up":{"uv":[3,12.5,8,13],"texture":"#texture"},"south":{"uv":[3,12.5,8,14],"texture":"#texture","cullface":"south"},"west":{"uv":[2.5,12.5,3,14],"texture":"#texture"},"east":{"uv":[2.5,12.5,3,14],"texture":"#texture"}}},{"from":[1,15,2],"to":[15,16,12.5],"faces":{"up":{"uv":[1,1,7.5,1.5],"texture":"#texture","cullface":"up"},"north":{"uv":[1,1,7.5,1.5],"texture":"#texture"},"south":{"uv":[1,1,7.5,1.5],"texture":"#texture"},"west":{"uv":[1,1,7.5,1.5],"texture":"#texture"},"east":{"uv":[1,1,7.5,1.5],"texture":"#texture"}}},{"from":[2,16,3],"to":[14,17,10],"faces":{"up":{"uv":[2,0.5,6.5,1.5],"texture":"#texture","cullface":"up"},"north":{"uv":[1,1,7.5,1.5],"texture":"#texture","cullface":"up"},"south":{"uv":[1,1,7.5,1.5],"texture":"#texture","cullface":"up"},"west":{"uv":[1,1,7.5,1.5],"texture":"#texture","cullface":"up"},"east":{"uv":[1,1,7.5,1.5],"texture":"#texture","cullface":"up"}}},{"from":[3.5,16,2],"to":[12.5,17,12],"faces":{"up":{"uv":[2,0.5,6.5,1],"texture":"#texture","cullface":"up"},"north":{"uv":[2,0.5,6.5,1],"texture":"#texture","cullface":"up"},"south":{"uv":[2,0.5,6.5,1],"texture":"#texture","cullface":"up"},"west":{"uv":[2,0.5,6.5,1],"texture":"#texture","cullface":"up"},"east":{"uv":[2,0.5,6.5,1],"texture":"#texture","cullface":"up"}}},{"from":[2,15,0],"to":[14,16,14],"faces":{"down":{"uv":[1,1,7.5,1.5],"texture":"#texture"},"up":{"uv":[1,1,7.5,1.5],"texture":"#texture","cullface":"up"},"north":{"uv":[1,1,7.5,1.5],"texture":"#texture","cullface":"north"},"south":{"uv":[1,1,7.5,1.5],"texture":"#texture"},"west":{"uv":[1,1,7.5,1.5],"texture":"#texture"},"east":{"uv":[1,1,7.5,1.5],"texture":"#texture"}}},{"from":[15,15,3],"to":[16,16,10],"faces":{"up":{"uv":[2,0.5,3,1.5],"texture":"#texture","cullface":"up"},"north":{"uv":[2,0.5,3,1.5],"texture":"#texture"},"south":{"uv":[2,0.5,3,1.5],"texture":"#texture"},"east":{"uv":[2,0.5,6.5,1.5],"texture":"#texture","cullface":"east"}}},{"from":[5,9,15.5],"to":[11,10,16],"faces":{"down":{"uv":[6.5,14.5,8,15],"texture":"#texture"},"south":{"uv":[4,14.5,7,15],"texture":"#texture","cullface":"south"},"west":{"uv":[9.5,13.5,10.5,14.5],"texture":"#texture"},"east":{"uv":[9.5,13.5,10.5,14.5],"texture":"#texture"}}},{"from":[2,-2,15],"to":[3,3,16],"faces":{"down":{"uv":[11.5,11.5,12,12],"texture":"#texture","cullface":"down"},"up":{"uv":[11.5,9.5,12,10],"texture":"#texture","cullface":"down"},"north":{"uv":[11.5,9.5,12,12],"texture":"#texture","cullface":"down"},"south":{"uv":[11.5,9.5,12,12],"texture":"#texture","cullface":"down"},"west":{"uv":[11.5,9.5,12,12],"texture":"#texture","cullface":"down"},"east":{"uv":[11.5,9.5,12,12],"texture":"#texture","cullface":"down"}}},{"from":[1,-2,14],"to":[2,3,15],"faces":{"down":{"uv":[14,15,14.5,15.5],"texture":"#texture","cullface":"down"},"up":{"uv":[14,13,14.5,13.5],"texture":"#texture","cullface":"down"},"north":{"uv":[14,13,14.5,15.5],"texture":"#texture","cullface":"down"},"south":{"uv":[14,13,14.5,15.5],"texture":"#texture","cullface":"down"},"west":{"uv":[14,13,14.5,15.5],"texture":"#texture","cullface":"down"},"east":{"uv":[14,13,14.5,15.5],"texture":"#texture","cullface":"down"}}},{"from":[2,6,1],"to":[14,14,2],"faces":{"down":{"uv":[1.5,6.5,6.5,8],"texture":"#texture"},"north":{"uv":[2,5.5,6,9],"texture":"#texture"},"south":{"uv":[2,5.5,6,9],"texture":"#texture"}}},{"from":[2,5,1],"to":[5,6,2],"faces":{"down":{"uv":[1.5,6.5,4.5,7.5],"texture":"#texture"},"north":{"uv":[2,6.5,5,7.5],"texture":"#texture"},"south":{"uv":[2,6.5,5,7.5],"texture":"#texture"},"east":{"uv":[3,7,4,8],"texture":"#texture"}}},{"from":[2,4,1],"to":[3,5,2],"faces":{"down":{"uv":[4,8.5,5,9.5],"texture":"#texture"},"north":{"uv":[5,6.5,6,7.5],"texture":"#texture"},"south":{"uv":[5,6.5,6,7.5],"texture":"#texture"},"east":{"uv":[2,7,3,8],"texture":"#texture"}}},{"from":[1,-1,11],"to":[2,0,14],"faces":{"down":{"uv":[4,6,5,9],"texture":"#texture","cullface":"down"},"up":{"uv":[4,6,5,9],"texture":"#texture","cullface":"down"},"north":{"uv":[4.5,8,5.5,8.5],"texture":"#texture","cullface":"down"},"west":{"uv":[3,8,6,8.5],"texture":"#texture","cullface":"down"},"east":{"uv":[3,8,6,8.5],"texture":"#texture","cullface":"down"}}},{"from":[0,0,1],"to":[1,1,13],"faces":{"down":{"uv":[2,8.5,3,9.5],"texture":"#texture","cullface":"down"},"north":{"uv":[2,8.5,3,9.5],"texture":"#texture"},"south":{"uv":[2,8.5,3,9.5],"texture":"#texture"},"west":{"uv":[2,8.5,9.5,9.5],"texture":"#texture","cullface":"west"},"east":{"uv":[2,8.5,9.5,9.5],"texture":"#texture"}}},{"from":[0,-1,2],"to":[1,0,11],"faces":{"down":{"uv":[2.5,5.5,3.5,9],"texture":"#texture","cullface":"down"},"north":{"uv":[1,6.5,2,7],"texture":"#texture","cullface":"down"},"south":{"uv":[1,6.5,2,7],"texture":"#texture","cullface":"down"},"west":{"uv":[0.5,7.5,7,8],"texture":"#texture","cullface":"down"},"east":{"uv":[0.5,7.5,7,8],"texture":"#texture","cullface":"down"}}},{"from":[14,-1,11],"to":[15,0,14],"faces":{"down":{"uv":[4.5,5.5,5.5,8.5],"texture":"#texture","cullface":"down"},"up":{"uv":[4.5,5.5,5.5,8.5],"texture":"#texture","cullface":"down"},"north":{"uv":[2.5,7,3.5,7.5],"texture":"#texture","cullface":"down"},"west":{"uv":[2.5,7,5.5,7.5],"texture":"#texture","cullface":"down"},"east":{"uv":[2.5,7,5.5,7.5],"texture":"#texture","cullface":"down"}}},{"from":[1,0,13],"to":[2,5,14],"faces":{"up":{"uv":[11,8,11.5,9],"texture":"#texture"},"north":{"uv":[11,8,11.5,9.5],"texture":"#texture"},"south":{"uv":[11,8,11.5,9.5],"texture":"#texture"},"west":{"uv":[11,8,11.5,9.5],"texture":"#texture"},"east":{"uv":[11,8,11.5,9.5],"texture":"#texture"}}},{"from":[1,7,0],"to":[15,15,1],"faces":{"down":{"uv":[0.5,6.5,7,7.5],"texture":"#texture"},"up":{"uv":[0.5,6.5,7,7.5],"texture":"#texture"},"north":{"uv":[0.5,1.5,1,8],"texture":"#texture","cullface":"north"},"south":{"uv":[0.5,1.5,1,8],"texture":"#texture"},"west":{"uv":[0.5,1.5,1,8],"texture":"#texture"},"east":{"uv":[0.5,1.5,1,8],"texture":"#texture"}}},{"from":[2,6,0],"to":[5,7,1],"faces":{"down":{"uv":[1.5,7,4.5,8],"texture":"#texture"},"north":{"uv":[2.5,6.5,5.5,7.5],"texture":"#texture","cullface":"north"},"east":{"uv":[3,7,4,8],"texture":"#texture"}}},{"from":[13,5,0],"to":[14,6,1],"faces":{"down":{"uv":[2.5,7,3.5,8],"texture":"#texture"},"north":{"uv":[4.5,6.5,5.5,7.5],"texture":"#texture","cullface":"north"},"west":{"uv":[3,6,4,7],"texture":"#texture"}}},{"from":[1,4,0],"to":[2,7,1],"faces":{"down":{"uv":[3,6,4,7],"texture":"#texture"},"north":{"uv":[3.5,6,4.5,9],"texture":"#texture","cullface":"north"},"west":{"uv":[4.5,5,5.5,8],"texture":"#texture"},"east":{"uv":[4.5,5,5.5,8],"texture":"#texture"}}},{"from":[2,8,-1],"to":[14,14,0],"faces":{"down":{"uv":[0.5,6.5,7,7],"texture":"#texture","cullface":"north"},"up":{"uv":[0.5,6.5,7,7],"texture":"#texture","cullface":"north"},"north":{"uv":[0,2.5,0.5,5.5],"texture":"#texture","cullface":"north"},"west":{"uv":[0,2.5,0.5,5.5],"texture":"#texture","cullface":"north"},"east":{"uv":[0,2.5,0.5,5.5],"texture":"#texture","cullface":"north"}}},{"from":[3,14,-1],"to":[13,15,0],"faces":{"up":{"uv":[0,2,0.5,2.5],"texture":"#texture","cullface":"north"},"north":{"uv":[0,2,0.5,3.5],"texture":"#texture","cullface":"north"},"west":{"uv":[0,2,0.5,3],"texture":"#texture","cullface":"north"},"east":{"uv":[0,2,0.5,3],"texture":"#texture","cullface":"north"}}},{"from":[2,6,-1],"to":[3,8,0],"faces":{"down":{"uv":[3,7,4,7.5],"texture":"#texture","cullface":"north"},"north":{"uv":[3,6,4,8],"texture":"#texture","cullface":"north"},"south":{"uv":[3,6,4,8],"texture":"#texture","cullface":"north"},"west":{"uv":[2,5.5,2.5,7.5],"texture":"#texture","cullface":"north"},"east":{"uv":[2,5.5,2.5,7.5],"texture":"#texture","cullface":"north"}}},{"from":[12,7,-1],"to":[13,8,0],"faces":{"down":{"uv":[3.5,7.5,4.5,8],"texture":"#texture","cullface":"north"},"north":{"uv":[3,7,4,8],"texture":"#texture","cullface":"north"},"west":{"uv":[2.5,6.5,3,7.5],"texture":"#texture","cullface":"north"}}},{"from":[4,10,-2],"to":[5,13,-1],"faces":{"down":{"uv":[0,6,6,6.5],"texture":"#texture","cullface":"north"},"up":{"uv":[0,6,6,6.5],"texture":"#texture","cullface":"north"},"north":{"uv":[1.5,5.5,6.5,8.5],"texture":"#texture","cullface":"north"},"west":{"uv":[0.5,3,1,6],"texture":"#texture","cullface":"north"}}},{"from":[5,9,-2],"to":[11,14,-1],"faces":{"down":{"uv":[0,6,6,6.5],"texture":"#texture","cullface":"north"},"up":{"uv":[0,6,6,6.5],"texture":"#texture","cullface":"north"},"north":{"uv":[0,2,0.5,4.5],"texture":"#texture","cullface":"north"},"west":{"uv":[0,2,0.5,4.5],"texture":"#texture","cullface":"north"},"east":{"uv":[0,2,0.5,4.5],"texture":"#texture","cullface":"north"}}},{"from":[1,10,13],"to":[2,14,14],"faces":{"down":{"uv":[8.5,13,9,14],"texture":"#texture"},"south":{"uv":[8.5,11.5,9,13.5],"texture":"#texture"},"west":{"uv":[8.5,11.5,9,13.5],"texture":"#texture"},"east":{"uv":[8.5,11.5,9,13.5],"texture":"#texture"}}},{"from":[6,15,13],"to":[10,16,15],"faces":{"down":{"uv":[4.5,12.5,6.5,13],"texture":"#texture"},"up":{"uv":[4.5,12.5,6.5,13],"texture":"#texture","cullface":"up"},"north":{"uv":[4.5,12.5,6.5,13],"texture":"#texture"},"south":{"uv":[4.5,12.5,6.5,13],"texture":"#texture"},"west":{"uv":[4.5,12,5,13],"texture":"#texture"},"east":{"uv":[6,12,6.5,13],"texture":"#texture"}}},{"from":[6,16,12],"to":[10,17,14],"faces":{"up":{"uv":[4.5,12.5,6.5,13],"texture":"#texture","cullface":"up"},"south":{"uv":[4.5,12.5,6.5,13],"texture":"#texture","cullface":"up"},"west":{"uv":[4.5,12,5,13],"texture":"#texture","cullface":"up"},"east":{"uv":[6,12,6.5,13],"texture":"#texture","cullface":"up"}}},{"from":[11,-2,15],"to":[13,2,16],"faces":{"down":{"uv":[12,11,13,11.5],"texture":"#texture","cullface":"down"},"up":{"uv":[12,10,13,10.5],"texture":"#texture","cullface":"down"},"north":{"uv":[12,10,13,12],"texture":"#texture","cullface":"down"},"south":{"uv":[12,10,13,12],"texture":"#texture","cullface":"down"},"west":{"uv":[12,10,12.5,12],"texture":"#texture","cullface":"down"}}},{"from":[0,15,3],"to":[1,16,10],"faces":{"up":{"uv":[2,0.5,3,1.5],"texture":"#texture","cullface":"up"},"north":{"uv":[2,0.5,3,1.5],"texture":"#texture"},"south":{"uv":[2,0.5,3,1.5],"texture":"#texture"},"west":{"uv":[2,0.5,6.5,1.5],"texture":"#texture","cullface":"west"}}},{"from":[14,0.5,1],"to":[15,14,13],"faces":{"down":{"uv":[6.5,4.5,7.5,6.5],"texture":"#texture"},"north":{"uv":[6.5,4.5,7,6.5],"texture":"#texture"},"south":{"uv":[6.5,4.5,7,6.5],"texture":"#texture"},"west":{"uv":[6.5,4.5,7.5,6.5],"texture":"#texture"},"east":{"uv":[6.5,4.5,7.5,6.5],"texture":"#texture"}}},{"from":[2,14,14],"to":[14,15,15],"faces":{"up":{"uv":[1,1,7.5,1.5],"texture":"#texture"},"south":{"uv":[2.5,11.5,8.5,12],"texture":"#texture"},"west":{"uv":[1,1,7.5,1.5],"texture":"#texture"},"east":{"uv":[1,1,7.5,1.5],"texture":"#texture"}}},{"from":[14,0,13],"to":[15,5,14],"faces":{"up":{"uv":[11,8,11.5,9],"texture":"#texture"},"north":{"uv":[11,8,11.5,9.5],"texture":"#texture"},"south":{"uv":[11,8,11.5,9.5],"texture":"#texture"},"west":{"uv":[11,8,11.5,9.5],"texture":"#texture"},"east":{"uv":[11,8,11.5,9.5],"texture":"#texture"}}},{"from":[14,-2,14],"to":[15,3,15],"faces":{"down":{"uv":[14,15,14.5,15.5],"texture":"#texture","cullface":"down"},"up":{"uv":[14,13,14.5,13.5],"texture":"#texture","cullface":"down"},"north":{"uv":[14,13,14.5,15.5],"texture":"#texture","cullface":"down"},"south":{"uv":[14,13,14.5,15.5],"texture":"#texture","cullface":"down"},"west":{"uv":[14,13,14.5,15.5],"texture":"#texture","cullface":"down"},"east":{"uv":[14,13,14.5,15.5],"texture":"#texture","cullface":"down"}}},{"from":[13,-2,15],"to":[14,3,16],"faces":{"down":{"uv":[11.5,11.5,12,12],"texture":"#texture","cullface":"down"},"up":{"uv":[11.5,9.5,12,10],"texture":"#texture","cullface":"down"},"north":{"uv":[11.5,9.5,12,12],"texture":"#texture","cullface":"down"},"south":{"uv":[11.5,9.5,12,12],"texture":"#texture","cullface":"down"},"west":{"uv":[11.5,9.5,12,12],"texture":"#texture","cullface":"down"},"east":{"uv":[11.5,9.5,12,12],"texture":"#texture","cullface":"down"}}},{"from":[11,5,1],"to":[14,6,2],"faces":{"down":{"uv":[1.5,6.5,4.5,7.5],"texture":"#texture"},"north":{"uv":[2,6.5,5,7.5],"texture":"#texture"},"south":{"uv":[2,6.5,5,7.5],"texture":"#texture"},"west":{"uv":[3,7,4,8],"texture":"#texture"}}},{"from":[11,6,0],"to":[14,7,1],"faces":{"down":{"uv":[1.5,7,4.5,8],"texture":"#texture"},"north":{"uv":[2.5,6.5,5.5,7.5],"texture":"#texture","cullface":"north"},"west":{"uv":[3,7,4,8],"texture":"#texture"}}},{"from":[13,4,1],"to":[14,5,2],"faces":{"down":{"uv":[4,8.5,5,9.5],"texture":"#texture"},"north":{"uv":[5,6.5,6,7.5],"texture":"#texture"},"south":{"uv":[5,6.5,6,7.5],"texture":"#texture"},"west":{"uv":[2,7,3,8],"texture":"#texture"}}},{"from":[13,6,-1],"to":[14,8,0],"faces":{"down":{"uv":[3,7,4,7.5],"texture":"#texture","cullface":"north"},"north":{"uv":[3,6,4,8],"texture":"#texture","cullface":"north"},"south":{"uv":[3,6,4,8],"texture":"#texture","cullface":"north"},"west":{"uv":[2,5.5,2.5,7.5],"texture":"#texture","cullface":"north"},"east":{"uv":[2,5.5,2.5,7.5],"texture":"#texture","cullface":"north"}}},{"from":[3,7,-1],"to":[4,8,0],"faces":{"down":{"uv":[3.5,7.5,4.5,8],"texture":"#texture","cullface":"north"},"north":{"uv":[3,7,4,8],"texture":"#texture","cullface":"north"},"east":{"uv":[2.5,6.5,3,7.5],"texture":"#texture","cullface":"north"}}},{"from":[14,4,0],"to":[15,7,1],"faces":{"down":{"uv":[3,6,4,7],"texture":"#texture"},"north":{"uv":[3.5,6,4.5,9],"texture":"#texture","cullface":"north"},"west":{"uv":[4.5,5,5.5,8],"texture":"#texture"},"east":{"uv":[4.5,5,5.5,8],"texture":"#texture"}}},{"from":[15,1,1],"to":[16,15,13],"faces":{"up":{"uv":[1.5,1,7.5,1.5],"texture":"#texture"},"north":{"uv":[1.5,1.5,2,8.5],"texture":"#texture"},"south":{"uv":[7,1.5,7.5,8.5],"texture":"#texture"},"west":{"uv":[1.5,1.5,7.5,8.5],"texture":"#texture"},"east":{"uv":[7.5,1.5,1.5,8.5],"texture":"#texture","cullface":"east"}}},{"from":[15,0,1],"to":[16,1,13],"faces":{"down":{"uv":[2,8.5,3,9.5],"texture":"#texture","cullface":"down"},"north":{"uv":[2,8.5,3,9.5],"texture":"#texture"},"south":{"uv":[2,8.5,3,9.5],"texture":"#texture"},"west":{"uv":[2,8.5,9.5,9.5],"texture":"#texture"},"east":{"uv":[2,8.5,9.5,9.5],"texture":"#texture","cullface":"east"}}},{"from":[15,-1,2],"to":[16,0,11],"faces":{"down":{"uv":[2.5,5.5,3.5,9],"texture":"#texture","cullface":"down"},"north":{"uv":[1,6.5,2,7],"texture":"#texture","cullface":"down"},"south":{"uv":[1,6.5,2,7],"texture":"#texture","cullface":"down"},"west":{"uv":[0.5,7.5,7,8],"texture":"#texture","cullface":"down"},"east":{"uv":[0.5,7.5,7,8],"texture":"#texture","cullface":"down"}}},{"from":[11,10,-2],"to":[12,13,-1],"faces":{"down":{"uv":[0,6,6,6.5],"texture":"#texture","cullface":"north"},"up":{"uv":[0,6,6,6.5],"texture":"#texture","cullface":"north"},"north":{"uv":[1.5,5.5,6.5,8.5],"texture":"#texture","cullface":"north"},"east":{"uv":[0.5,3,1,6],"texture":"#texture","cullface":"north"}}},{"from":[14,10,13],"to":[15,14,14],"faces":{"down":{"uv":[8.5,13,9,14],"texture":"#texture"},"south":{"uv":[8.5,11.5,9,13.5],"texture":"#texture"},"west":{"uv":[8.5,11.5,9,13.5],"texture":"#texture"},"east":{"uv":[8.5,11.5,9,13.5],"texture":"#texture"}}},{"from":[0,1,1],"to":[1,15,13],"faces":{"up":{"uv":[1.5,1,7.5,1.5],"texture":"#texture"},"north":{"uv":[1.5,1.5,2,8.5],"texture":"#texture"},"south":{"uv":[7,1.5,7.5,8.5],"texture":"#texture"},"west":{"uv":[1.5,1.5,7.5,8.5],"texture":"#texture","cullface":"west"},"east":{"uv":[7.5,1.5,1.5,8.5],"texture":"#texture"}}},{"from":[-1,2,2],"to":[0,14,12],"faces":{"down":{"uv":[2,7.5,7.5,8],"texture":"#texture","cullface":"west"},"up":{"uv":[2,2,7.5,2.5],"rotation":90,"texture":"#texture","cullface":"west"},"north":{"uv":[2,2,2.5,8],"texture":"#texture","cullface":"west"},"south":{"uv":[6.5,2,7,8],"texture":"#texture","cullface":"west"},"west":{"uv":[2,2,7,8],"texture":"#texture","cullface":"west"}}},{"from":[-2,8,3],"to":[-1,15,6],"faces":{"down":{"uv":[3,15,5,16],"texture":"#particle","cullface":"west"},"up":{"uv":[3,9,5,10],"texture":"#particle","cullface":"west"},"north":{"uv":[3,9,4,16],"texture":"#particle","cullface":"west"},"south":{"uv":[5,9,6,16],"texture":"#particle","cullface":"west"},"west":{"uv":[3,9,6,16],"texture":"#particle","cullface":"west"},"east":{"uv":[6,9,3,16],"texture":"#particle","cullface":"west"}}},{"from":[-2,9,6],"to":[-1,13,7],"faces":{"down":{"uv":[12,15,13,16],"texture":"#particle","cullface":"west"},"up":{"uv":[12,11,13,12],"texture":"#particle","cullface":"west"},"south":{"uv":[6,11,7,15],"texture":"#particle","cullface":"west"},"west":{"uv":[6,11,7,15],"texture":"#particle","cullface":"west"}}},{"from":[-2,9,2],"to":[-1,14,3],"faces":{"down":{"uv":[2,14,3,15],"texture":"#particle","cullface":"west"},"up":{"uv":[2,9,3,10],"texture":"#particle","cullface":"west"},"north":{"uv":[2,10,3,15],"texture":"#particle","cullface":"west"},"west":{"uv":[2,10,3,15],"texture":"#particle","cullface":"west"}}},{"from":[16,2,2],"to":[17,14,12],"faces":{"down":{"uv":[2,7.5,7.5,8],"texture":"#texture","cullface":"east"},"up":{"uv":[2,2,7.5,2.5],"rotation":90,"texture":"#texture","cullface":"east"},"north":{"uv":[2,2,2.5,8],"texture":"#texture","cullface":"east"},"south":{"uv":[6.5,2,7,8],"texture":"#texture","cullface":"east"},"east":{"uv":[7,2,2,8],"texture":"#texture","cullface":"east"}}},{"from":[17,8,3],"to":[18,15,6],"faces":{"down":{"uv":[3,15,5,16],"texture":"#particle","cullface":"east"},"up":{"uv":[3,9,5,10],"texture":"#particle","cullface":"east"},"north":{"uv":[3,9,4,16],"texture":"#particle","cullface":"east"},"south":{"uv":[5,9,6,16],"texture":"#particle","cullface":"east"},"west":{"uv":[3,9,6,16],"texture":"#particle","cullface":"east"},"east":{"uv":[6,9,3,16],"texture":"#particle","cullface":"east"}}},{"from":[17,9,6],"to":[18,13,7],"faces":{"down":{"uv":[12,15,13,16],"texture":"#particle","cullface":"east"},"up":{"uv":[12,11,13,12],"texture":"#particle","cullface":"east"},"south":{"uv":[6,11,7,15],"texture":"#particle","cullface":"east"},"east":{"uv":[6,11,7,15],"texture":"#particle","cullface":"east"}}},{"from":[17,9,2],"to":[18,14,3],"faces":{"down":{"uv":[2,14,3,15],"texture":"#particle","cullface":"east"},"up":{"uv":[2,9,3,10],"texture":"#particle","cullface":"east"},"north":{"uv":[2,10,3,15],"texture":"#particle","cullface":"east"},"east":{"uv":[2,10,3,15],"texture":"#particle","cullface":"east"}}},{"from":[-3,9,3],"to":[-2,16,6],"faces":{"down":{"uv":[3,15,5,16],"texture":"#particle","cullface":"west"},"up":{"uv":[3,9,5,10],"texture":"#particle","cullface":"west"},"north":{"uv":[3,9,4,16],"texture":"#particle","cullface":"west"},"south":{"uv":[5,9,6,16],"texture":"#particle","cullface":"west"},"west":{"uv":[3,9,6,16],"texture":"#particle","cullface":"west"},"east":{"uv":[6,9,3,16],"texture":"#particle","cullface":"west"}}},{"from":[-4,9,3],"to":[-3,23,5],"faces":{"down":{"uv":[3,15,5,16],"texture":"#particle","cullface":"west"},"up":{"uv":[10,1,11,2],"texture":"#particle","cullface":"west"},"north":{"uv":[10,1,11,15],"texture":"#particle","cullface":"west"},"south":{"uv":[10,1,11,15],"texture":"#particle","cullface":"west"},"west":{"uv":[3,1,5,15],"texture":"#particle","cullface":"west"},"east":{"uv":[11,1,10,15],"texture":"#particle","cullface":"west"}}},{"from":[-5,10,3],"to":[-4,22,5],"faces":{"down":{"uv":[2,14,4,15],"texture":"#particle","cullface":"west"},"up":{"uv":[2,2,4,3],"texture":"#particle","cullface":"west"},"north":{"uv":[9,2,10,14],"texture":"#particle","cullface":"west"},"south":{"uv":[9,2,10,14],"texture":"#particle","cullface":"west"},"west":{"uv":[3,2,5,14],"texture":"#particle","cullface":"west"}}},{"from":[-6,11,3],"to":[-5,20,4],"faces":{"down":{"uv":[8,12,9,13],"texture":"#particle","cullface":"west"},"up":{"uv":[8,4,9,5],"texture":"#particle","cullface":"west"},"north":{"uv":[8,4,9,13],"texture":"#particle","cullface":"west"},"south":{"uv":[8,4,9,13],"texture":"#particle","cullface":"west"},"west":{"uv":[8,4,9,13],"texture":"#particle","cullface":"west"}}},{"from":[-3,21,4],"to":[-2,24,5],"faces":{"down":{"uv":[11,2,12,3],"texture":"#particle","cullface":"west"},"up":{"uv":[11,0,12,1],"texture":"#particle","cullface":"west"},"north":{"uv":[11,0,12,3],"texture":"#particle","cullface":"west"},"south":{"uv":[11,0,12,3],"texture":"#particle","cullface":"west"},"west":{"uv":[11,0,12,3],"texture":"#particle","cullface":"west"},"east":{"uv":[11,0,12,3],"texture":"#particle","cullface":"west"}}},{"from":[-2,23,4],"to":[-1,24,5],"faces":{"down":{"uv":[11,0,13,1],"texture":"#particle","cullface":"west"},"up":{"uv":[11,0,13,1],"texture":"#particle","cullface":"west"},"north":{"uv":[12,0,13,1],"texture":"#particle","cullface":"west"},"south":{"uv":[12,0,13,1],"texture":"#particle","cullface":"west"},"east":{"uv":[12,0,13,1],"texture":"#particle","cullface":"west"}}},{"from":[18,9,3],"to":[19,16,6],"faces":{"down":{"uv":[3,15,5,16],"texture":"#particle","cullface":"east"},"up":{"uv":[3,9,5,10],"texture":"#particle","cullface":"east"},"north":{"uv":[3,9,4,16],"texture":"#particle","cullface":"east"},"south":{"uv":[5,9,6,16],"texture":"#particle","cullface":"east"},"west":{"uv":[3,9,6,16],"texture":"#particle","cullface":"east"},"east":{"uv":[6,9,3,16],"texture":"#particle","cullface":"east"}}},{"from":[-5,11,2],"to":[-4,18.5,3],"faces":{"down":{"uv":[1,12,2,13],"texture":"#particle","cullface":"west"},"up":{"uv":[1,6,2,7],"texture":"#particle","cullface":"west"},"north":{"uv":[1,6,2,13],"texture":"#particle","cullface":"west"},"west":{"uv":[1,6,2,13],"texture":"#particle","cullface":"west"},"east":{"uv":[1,6,2,13],"texture":"#particle","cullface":"west"}}},{"from":[19,9,3],"to":[20,23,5],"faces":{"down":{"uv":[3,15,5,16],"texture":"#particle","cullface":"east"},"up":{"uv":[10,1,11,2],"texture":"#particle","cullface":"east"},"north":{"uv":[10,1,11,15],"texture":"#particle","cullface":"east"},"south":{"uv":[10,1,11,15],"texture":"#particle","cullface":"east"},"west":{"uv":[3,1,5,15],"texture":"#particle","cullface":"east"},"east":{"uv":[11,1,10,15],"texture":"#particle","cullface":"east"}}},{"from":[20,10,3],"to":[21,22,5],"faces":{"down":{"uv":[2,14,4,15],"texture":"#particle","cullface":"east"},"up":{"uv":[2,2,4,3],"texture":"#particle","cullface":"east"},"north":{"uv":[9,2,10,14],"texture":"#particle","cullface":"east"},"south":{"uv":[9,2,10,14],"texture":"#particle","cullface":"east"},"east":{"uv":[5,2,3,14],"texture":"#particle","cullface":"east"}}},{"from":[21,11,3],"to":[22,20,4],"faces":{"down":{"uv":[8,12,9,13],"texture":"#particle","cullface":"east"},"up":{"uv":[8,4,9,5],"texture":"#particle","cullface":"east"},"north":{"uv":[8,4,9,13],"texture":"#particle","cullface":"east"},"south":{"uv":[8,4,9,13],"texture":"#particle","cullface":"east"},"east":{"uv":[8,4,9,13],"texture":"#particle","cullface":"east"}}},{"from":[18,21,4],"to":[19,24,5],"faces":{"down":{"uv":[11,2,12,3],"texture":"#particle","cullface":"east"},"up":{"uv":[11,0,12,1],"texture":"#particle","cullface":"east"},"north":{"uv":[11,0,12,3],"texture":"#particle","cullface":"east"},"south":{"uv":[11,0,12,3],"texture":"#particle","cullface":"east"},"west":{"uv":[11,0,12,3],"texture":"#particle","cullface":"east"},"east":{"uv":[11,0,12,3],"texture":"#particle","cullface":"east"}}},{"from":[17,23,4],"to":[18,24,5],"faces":{"down":{"uv":[11,0,13,1],"texture":"#particle","cullface":"east"},"up":{"uv":[11,0,13,1],"texture":"#particle","cullface":"east"},"north":{"uv":[12,0,13,1],"texture":"#particle","cullface":"east"},"south":{"uv":[12,0,13,1],"texture":"#particle","cullface":"east"},"west":{"uv":[12,0,13,1],"texture":"#particle","cullface":"east"}}},{"from":[20,11,2],"to":[21,18.5,3],"faces":{"down":{"uv":[1,12,2,13],"texture":"#particle","cullface":"east"},"up":{"uv":[1,6,2,7],"texture":"#particle","cullface":"east"},"north":{"uv":[1,6,2,13],"texture":"#particle","cullface":"east"},"west":{"uv":[1,6,2,13],"texture":"#particle","cullface":"east"},"east":{"uv":[1,6,2,13],"texture":"#particle","cullface":"east"}}}],"display":{"thirdperson_righthand":{"rotation":[0,0,0],"translation":[0,0,0],"scale":[0.5,0.5,0.5]},"thirdperson_lefthand":{"rotation":[0,0,0],"translation":[0,0,0],"scale":[0.5,0.5,0.5]},"head":{"rotation":[0,180,0],"translation":[0,1.7,0.19],"scale":[1.1,1.1,1.1]},"ground":{"rotation":[0,0,0],"translation":[0,4.54,0],"scale":[0.7,0.7,0.7]},"fixed":{"rotation":[0,180,0],"translation":[0,0,-5.48],"scale":[0.8,0.8,0.8]},"firstperson_righthand":{"rotation":[0,0,0],"translation":[0,0,0],"scale":[0.5,0.5,0.5]},"firstperson_lefthand":{"rotation":[0,0,0],"translation":[0,0,0],"scale":[0.5,0.5,0.5]},"gui":{"rotation":[0,0,0],"translation":[0,-1.89,0],"scale":[0.6,0.6,0.6]}}}