{"__comment":"designedbyroddanwithbdcraftcubikpro0.87beta-http://bdcraft.net","textures":{"texture":"items/red_carpetunwrap1","paladinvipunwraped":"items/white_carpet_unwrap1","paladinnormalunwraped4":"items/palnormalunwrap4","paladinnormalunwraped3":"items/palnormalunwrap3","paladinnormalunwraped2":"items/palnormalunwrap2"},"elements":[{"from":[2,2,-3],"to":[6,11,-2],"faces":{"down":{"uv":[5,10.5,7,11],"texture":"#texture","cullface":"north"},"up":{"uv":[5,6.5,7,7],"texture":"#texture","cullface":"north"},"north":{"uv":[5,6.5,7,11],"texture":"#texture","cullface":"north"},"south":{"uv":[7,6.5,5,11],"texture":"#texture","cullface":"north"},"west":{"uv":[6.5,6.5,7,11],"texture":"#texture","cullface":"north"},"east":{"uv":[5,6.5,5.5,11],"texture":"#texture","cullface":"north"}}},{"from":[0,3,-2],"to":[2,12,-1],"faces":{"down":{"uv":[7,10,8,10.5],"texture":"#texture","cullface":"north"},"up":{"uv":[7,6,8,6.5],"texture":"#texture","cullface":"north"},"north":{"uv":[7,6,8,10.5],"texture":"#texture","cullface":"north"},"south":{"uv":[8,6,7,10.5],"texture":"#texture","cullface":"north"},"west":{"uv":[7.5,6,8,10.5],"texture":"#texture","cullface":"north"},"east":{"uv":[7,6,7.5,10.5],"texture":"#texture","cullface":"north"}}},{"from":[-1,4,-1],"to":[0,14,1],"faces":{"down":{"uv":[8,9.5,8.5,10],"texture":"#texture","cullface":"west"},"up":{"uv":[8,6,8.5,6.5],"texture":"#texture","cullface":"west"},"north":{"uv":[8.5,6,8,10],"texture":"#texture","cullface":"west"},"south":{"uv":[8,6,8.5,10],"texture":"#texture","cullface":"west"},"west":{"uv":[8,6,8.5,10],"texture":"#texture","cullface":"west"},"east":{"uv":[8,6,8.5,10],"texture":"#texture","cullface":"west"}}},{"from":[-2,5,0],"to":[-1,16,1],"faces":{"down":{"uv":[8.5,9,9,9.5],"texture":"#texture","cullface":"west"},"north":{"uv":[8.5,4.5,9,9.5],"texture":"#texture","cullface":"west"},"south":{"uv":[9,4.5,8.5,9.5],"texture":"#texture","cullface":"west"},"west":{"uv":[8.5,4.5,9,9.5],"texture":"#texture","cullface":"west"},"east":{"uv":[8.5,4.5,9,9.5],"texture":"#texture","cullface":"west"}}},{"from":[8,2,-3],"to":[12,11,-2],"faces":{"down":{"uv":[2,10.5,4,11],"texture":"#texture","cullface":"north"},"up":{"uv":[2,6.5,4,7],"texture":"#texture","cullface":"north"},"north":{"uv":[2,6.5,4,11],"texture":"#texture","cullface":"north"},"south":{"uv":[4,6.5,2,11],"texture":"#texture","cullface":"north"},"west":{"uv":[3.5,6.5,4,11],"texture":"#texture","cullface":"north"},"east":{"uv":[2,6.5,2.5,11],"texture":"#texture","cullface":"north"}}},{"from":[12,3,-2],"to":[14,12,-1],"faces":{"down":{"uv":[1,10,2,10.5],"texture":"#texture","cullface":"north"},"up":{"uv":[1,6,2,6.5],"texture":"#texture","cullface":"north"},"north":{"uv":[1,6,2,10.5],"texture":"#texture","cullface":"north"},"south":{"uv":[2,6,1,10.5],"texture":"#texture","cullface":"north"},"west":{"uv":[1,6,1.5,10.5],"texture":"#texture","cullface":"north"},"east":{"uv":[1,6,1.5,10.5],"texture":"#texture","cullface":"north"}}},{"from":[14,4,-1],"to":[15,14,1],"faces":{"down":{"uv":[0.5,9.5,1,10],"texture":"#texture","cullface":"north"},"up":{"uv":[0.5,6,1,6.5],"texture":"#texture","cullface":"north"},"north":{"uv":[0.5,6,1,10],"texture":"#texture","cullface":"north"},"south":{"uv":[1,6,0.5,10],"texture":"#texture","cullface":"north"},"west":{"uv":[0.5,6,1,10],"texture":"#texture","cullface":"north"},"east":{"uv":[0.5,6,1,10],"texture":"#texture","cullface":"north"}}},{"from":[15,5,0],"to":[16,16,1],"faces":{"down":{"uv":[0,9,0.5,9.5],"texture":"#texture"},"north":{"uv":[0,4.5,0.5,9.5],"texture":"#texture","cullface":"north"},"south":{"uv":[0.5,4.5,0,9.5],"texture":"#texture"},"west":{"uv":[0,4.5,0.5,9.5],"texture":"#texture"},"east":{"uv":[0,4.5,0.5,9.5],"texture":"#texture","cullface":"east"}}},{"from":[-1,21,0],"to":[15,23,14.5],"faces":{"down":{"uv":[4,10,4.5,5.5],"texture":"#paladinvipunwraped","cullface":"west"},"up":{"uv":[4,10,4.5,5.5],"texture":"#paladinvipunwraped","cullface":"west"},"north":{"uv":[7,4,10.5,5],"texture":"#paladinvipunwraped","cullface":"west"},"west":{"uv":[12,4,7,5],"texture":"#paladinvipunwraped","cullface":"west"},"east":{"uv":[12,4,7,5],"texture":"#paladinvipunwraped","cullface":"west"}}},{"from":[0,23,0],"to":[14,24,15],"faces":{"down":{"uv":[4,3,12,13],"texture":"#paladinnormalunwraped4","cullface":"up"},"up":{"uv":[12,13,4,3],"texture":"#paladinnormalunwraped4","cullface":"up"},"north":{"uv":[12,11.5,4,12],"texture":"#paladinnormalunwraped4","cullface":"up"},"south":{"uv":[4,3.5,12,4],"texture":"#paladinnormalunwraped4","cullface":"up"},"west":{"uv":[10.5,2.5,4.5,3],"texture":"#paladinnormalunwraped4","cullface":"up"},"east":{"uv":[4.5,2.5,10.5,3],"texture":"#paladinnormalunwraped4","cullface":"up"}}},{"from":[2,14,-3],"to":[12,23,0.5],"faces":{"down":{"uv":[1.5,3,6.5,4],"texture":"#texture","cullface":"north"},"up":{"uv":[1.5,3.5,7.5,5],"texture":"#texture","cullface":"north"},"north":{"uv":[2,0.5,7,4.5],"texture":"#texture","cullface":"north"},"south":{"uv":[7,0.5,2,4.5],"texture":"#texture","cullface":"north"},"west":{"uv":[6,0.5,7.5,4.5],"texture":"#texture","cullface":"north"},"east":{"uv":[1.5,0.5,3,4.5],"texture":"#texture","cullface":"north"}}},{"from":[0,14,-2],"to":[2,23,1],"faces":{"down":{"uv":[2.5,2.5,4.5,3.5],"texture":"#texture","cullface":"north"},"up":{"uv":[2,1.5,4,0.5],"texture":"#texture","cullface":"north"},"north":{"uv":[7,0.5,8,5],"texture":"#texture","cullface":"north"},"south":{"uv":[8,0.5,7,5],"texture":"#texture","cullface":"north"},"west":{"uv":[3.5,2,2,3],"texture":"#texture","cullface":"north"},"east":{"uv":[3.5,2,2,3],"texture":"#texture","cullface":"north"}}},{"from":[12,14,-2],"to":[14,23,1],"faces":{"down":{"uv":[2,3,4,4],"texture":"#texture","cullface":"north"},"up":{"uv":[0.5,0.5,2.5,1.5],"texture":"#texture","cullface":"north"},"north":{"uv":[1,0.5,2,5],"texture":"#texture","cullface":"north"},"south":{"uv":[2,0.5,1,5],"texture":"#texture","cullface":"north"},"west":{"uv":[2,0.5,1,5],"texture":"#texture","cullface":"north"},"east":{"uv":[2,0.5,1,5],"texture":"#texture","cullface":"north"}}},{"from":[2,23,-1],"to":[12,24,0],"faces":{"up":{"uv":[2.5,0,6.5,0.5],"texture":"#texture","cullface":"north"},"north":{"uv":[6.5,0,2.5,0.5],"texture":"#texture","cullface":"north"},"west":{"uv":[2.5,0,3,0.5],"texture":"#texture","cullface":"north"},"east":{"uv":[6,0,6.5,0.5],"texture":"#texture","cullface":"north"}}},{"from":[4,23,-2],"to":[10,24,-1],"faces":{"up":{"uv":[1.5,0,7.5,0.5],"texture":"#texture","cullface":"north"},"north":{"uv":[5.5,0,3.5,0.5],"texture":"#texture","cullface":"north"},"west":{"uv":[3,0,3.5,0.5],"texture":"#texture","cullface":"north"},"east":{"uv":[5,0,5.5,0.5],"texture":"#texture","cullface":"north"}}},{"from":[-1,14,-1],"to":[0,21,0],"faces":{"up":{"uv":[8,0.5,8.5,1],"texture":"#texture","cullface":"west"},"north":{"uv":[8.5,0.5,8,5],"texture":"#texture","cullface":"west"},"south":{"uv":[8,0.5,8.5,5],"texture":"#texture","cullface":"west"},"west":{"uv":[8,0.5,8.5,2.5],"texture":"#texture","cullface":"west"}}},{"from":[14,14,-1],"to":[15,21,0],"faces":{"up":{"uv":[0.5,0.5,1,1],"texture":"#texture","cullface":"north"},"north":{"uv":[1,0.5,0.5,5],"texture":"#texture","cullface":"north"},"south":{"uv":[0.5,0.5,1,5],"texture":"#texture","cullface":"north"},"east":{"uv":[0.5,3,1,5],"texture":"#texture","cullface":"north"}}},{"from":[-2,6,4],"to":[16,14.5,9],"faces":{"down":{"uv":[6,12,8.5,12.5],"texture":"#paladinnormalunwraped3"},"west":{"uv":[8.5,7.5,6,12.5],"texture":"#paladinnormalunwraped3"},"east":{"uv":[6,7.5,8.5,12.5],"texture":"#paladinnormalunwraped3","cullface":"east"}}},{"from":[-2,14.5,2],"to":[16,21,14.5],"faces":{"down":{"uv":[4,7.5,4.5,3],"texture":"#paladinnormalunwraped3","cullface":"up"},"up":{"uv":[4,7.5,4.5,3],"texture":"#paladinnormalunwraped3","cullface":"up"},"north":{"uv":[5.5,6,10,8.5],"texture":"#paladinnormalunwraped3","cullface":"up"},"south":{"uv":[5.5,6,10,8.5],"texture":"#paladinnormalunwraped3","cullface":"up"},"west":{"uv":[10,4.5,4,8.5],"texture":"#paladinnormalunwraped3","cullface":"up"},"east":{"uv":[4,4.5,10,8.5],"texture":"#paladinnormalunwraped3","cullface":"up"}}},{"from":[-2,14.5,1],"to":[16,16,2],"faces":{"north":{"uv":[10,7,10.5,8],"texture":"#paladinvipunwraped"},"west":{"uv":[10.5,7,10,8],"texture":"#paladinvipunwraped"},"east":{"uv":[10,7,10.5,8],"texture":"#paladinvipunwraped","cullface":"east"}}},{"from":[0,10,14.5],"to":[14,21,16.5],"faces":{"down":{"uv":[8,5,12,5.5],"texture":"#paladinvipunwraped","cullface":"south"},"up":{"uv":[8,5,12,5.5],"texture":"#paladinvipunwraped","cullface":"south"},"north":{"uv":[4,4,12,8.5],"texture":"#paladinnormalunwraped2","cullface":"south"},"south":{"uv":[4,4,12,8.5],"texture":"#paladinnormalunwraped2","cullface":"south"},"west":{"uv":[3.5,11,4,6.5],"texture":"#paladinvipunwraped","cullface":"south"},"east":{"uv":[3.5,11,4,6.5],"texture":"#paladinvipunwraped","cullface":"south"}}},{"from":[-2,16,0],"to":[16,21,2],"faces":{"down":{"uv":[7,4.5,10,5],"texture":"#paladinvipunwraped","cullface":"up"},"up":{"uv":[7,4.5,10,5],"texture":"#paladinvipunwraped","cullface":"up"},"north":{"uv":[9,4.5,10,6.5],"texture":"#paladinvipunwraped","cullface":"up"},"west":{"uv":[10.5,4.5,9.5,7.5],"texture":"#paladinvipunwraped","cullface":"up"},"east":{"uv":[9.5,4.5,10.5,7.5],"texture":"#paladinvipunwraped","cullface":"up"}}},{"from":[-2,5,1],"to":[16,14.5,4],"faces":{"down":{"uv":[8,12,9.5,12.5],"texture":"#paladinnormalunwraped3"},"up":{"uv":[8,7,9.5,7.5],"texture":"#paladinnormalunwraped3"},"north":{"uv":[8,7,9.5,12.5],"texture":"#paladinnormalunwraped3"},"south":{"uv":[8,7,9.5,12.5],"texture":"#paladinnormalunwraped3"},"west":{"uv":[9.5,7,8,12.5],"texture":"#paladinnormalunwraped3"},"east":{"uv":[8,7,9.5,12.5],"texture":"#paladinnormalunwraped3","cullface":"east"}}},{"from":[-2,5,9],"to":[16,14.5,14],"faces":{"down":{"uv":[6,12,8,12.5],"texture":"#paladinnormalunwraped3"},"north":{"uv":[7.5,8.5,8,12.5],"texture":"#paladinnormalunwraped3"},"south":{"uv":[6,8.5,6.5,12.5],"texture":"#paladinnormalunwraped3"},"west":{"uv":[8,8.5,6,12.5],"texture":"#paladinnormalunwraped3"},"east":{"uv":[6,8.5,8,12.5],"texture":"#paladinnormalunwraped3","cullface":"east"}}},{"from":[5,2,-4],"to":[6,11,-3],"faces":{"down":{"uv":[5,10.5,5.5,11],"texture":"#texture","cullface":"north"},"up":{"uv":[5,6.5,5.5,7],"texture":"#texture","cullface":"north"},"north":{"uv":[5,6.5,5.5,11],"texture":"#texture","cullface":"north"},"west":{"uv":[5,6.5,5.5,11],"texture":"#texture","cullface":"north"},"east":{"uv":[5,6.5,5.5,11],"texture":"#texture","cullface":"north"}}},{"from":[2,10,-4],"to":[5,11,-3],"faces":{"down":{"uv":[5,6.5,7,7],"texture":"#texture","cullface":"north"},"up":{"uv":[5,6.5,7,7],"texture":"#texture","cullface":"north"},"north":{"uv":[5,6.5,7,7],"texture":"#texture","cullface":"north"},"west":{"uv":[5,6.5,5.5,7],"texture":"#texture","cullface":"north"}}},{"from":[8,2,-4],"to":[9,11,-3],"faces":{"down":{"uv":[3.5,10.5,4,11],"texture":"#texture","cullface":"north"},"up":{"uv":[3.5,6.5,4,7],"texture":"#texture","cullface":"north"},"north":{"uv":[3.5,6.5,4,11],"texture":"#texture","cullface":"north"},"west":{"uv":[3.5,6.5,4,11],"texture":"#texture","cullface":"north"},"east":{"uv":[3.5,6.5,4,11],"texture":"#texture","cullface":"north"}}},{"from":[9,10,-4],"to":[12,11,-3],"faces":{"down":{"uv":[2,6.5,4,7],"texture":"#texture","cullface":"north"},"up":{"uv":[2,6.5,4,7],"texture":"#texture","cullface":"north"},"north":{"uv":[2,6.5,4,7],"texture":"#texture","cullface":"north"},"east":{"uv":[3.5,6.5,4,7],"texture":"#texture","cullface":"north"}}},{"from":[1,11,-3],"to":[2,12,-2],"faces":{"down":{"uv":[7,6,7.5,6.5],"texture":"#texture","cullface":"north"},"up":{"uv":[7,6,7.5,6.5],"texture":"#texture","cullface":"north"},"north":{"uv":[7,6,7.5,6.5],"texture":"#texture","cullface":"north"},"west":{"uv":[7,6,7.5,6.5],"texture":"#texture","cullface":"north"},"east":{"uv":[7,6,7.5,6.5],"texture":"#texture","cullface":"north"}}},{"from":[12,11,-3],"to":[13,12,-2],"faces":{"down":{"uv":[1.5,6,2,6.5],"texture":"#texture","cullface":"north"},"up":{"uv":[1.5,6,2,6.5],"texture":"#texture","cullface":"north"},"north":{"uv":[1.5,6,2,6.5],"texture":"#texture","cullface":"north"},"west":{"uv":[1.5,6,2,6.5],"texture":"#texture","cullface":"north"},"east":{"uv":[1.5,6,2,6.5],"texture":"#texture","cullface":"north"}}},{"from":[0,12,-2],"to":[1,14,-1],"faces":{"north":{"uv":[7.5,5,8,6],"texture":"#texture","cullface":"north"},"south":{"uv":[8,5,7.5,6],"texture":"#texture","cullface":"north"},"west":{"uv":[7.5,5,8,6],"texture":"#texture","cullface":"north"},"east":{"uv":[7.5,5,8,6],"texture":"#texture","cullface":"north"}}},{"from":[13,12,-2],"to":[14,14,-1],"faces":{"north":{"uv":[1,5,1.5,6],"texture":"#texture","cullface":"north"},"south":{"uv":[1.5,5,1,6],"texture":"#texture","cullface":"north"},"west":{"uv":[1,5,1.5,6],"texture":"#texture","cullface":"north"},"east":{"uv":[1,5,1.5,6],"texture":"#texture","cullface":"north"}}},{"from":[1,14,-3],"to":[2,15,-2],"faces":{"down":{"uv":[6.5,4.5,7.5,5],"texture":"#texture","cullface":"north"},"up":{"uv":[6.5,4.5,7.5,5],"texture":"#texture","cullface":"north"},"north":{"uv":[6.5,4.5,7.5,5],"texture":"#texture","cullface":"north"},"west":{"uv":[6.5,4.5,7,5],"texture":"#texture","cullface":"north"}}},{"from":[12,14,-3],"to":[13,15,-2],"faces":{"down":{"uv":[2.5,4.5,1.5,5],"texture":"#texture","cullface":"north"},"up":{"uv":[1.5,4.5,2.5,5],"texture":"#texture","cullface":"north"},"north":{"uv":[1.5,4.5,2.5,5],"texture":"#texture","cullface":"north"},"east":{"uv":[2,4.5,2.5,5],"texture":"#texture","cullface":"north"}}},{"from":[-1,5,14],"to":[15,14.5,15],"faces":{"down":{"uv":[4,12,4.5,12.5],"texture":"#paladinvipunwraped","cullface":"west"},"up":{"uv":[4,9,4.5,9.5],"texture":"#paladinvipunwraped","cullface":"west"},"south":{"uv":[3.5,4,12.5,8.5],"texture":"#paladinnormalunwraped2","cullface":"west"},"west":{"uv":[4.5,9,4,12.5],"texture":"#paladinvipunwraped","cullface":"west"},"east":{"uv":[4,9,4.5,12.5],"texture":"#paladinvipunwraped","cullface":"west"}}},{"from":[2,14,-4],"to":[5,15,-3],"faces":{"down":{"uv":[7.5,4.5,1.5,5],"texture":"#texture","cullface":"north"},"up":{"uv":[1.5,4.5,7.5,5],"texture":"#texture","cullface":"north"},"north":{"uv":[3.5,4.5,1.5,5],"texture":"#texture","cullface":"north"},"west":{"uv":[7,4.5,7.5,5],"texture":"#texture","cullface":"north"},"east":{"uv":[1.5,4.5,2,5],"texture":"#texture","cullface":"north"}}},{"from":[0.5,21,15],"to":[13.5,23.5,16.5],"faces":{"up":{"uv":[8,5.5,12,6],"texture":"#paladinvipunwraped","cullface":"south"},"north":{"uv":[5,2.5,11.5,4],"texture":"#paladinnormalunwraped2","cullface":"south"},"south":{"uv":[5,2.5,11.5,4],"texture":"#paladinnormalunwraped2","cullface":"south"},"west":{"uv":[8,7,9,8.5],"texture":"#paladinvipunwraped","cullface":"south"},"east":{"uv":[8,7,9,8.5],"texture":"#paladinvipunwraped","cullface":"south"}}},{"from":[1,6,15],"to":[13,14,16],"faces":{"down":{"uv":[5,11,11,11.5],"texture":"#paladinvipunwraped"},"up":{"uv":[5,8.5,11,9],"texture":"#paladinvipunwraped"},"south":{"uv":[5,8.5,11,11.5],"texture":"#paladinnormalunwraped2","cullface":"south"},"west":{"uv":[5,8.5,5.5,11.5],"texture":"#paladinvipunwraped"},"east":{"uv":[10.5,8.5,11,11.5],"texture":"#paladinvipunwraped"}}},{"from":[0,14.5,14.5],"to":[14,16,16],"faces":{"down":{"uv":[16,16,2,14.5],"texture":"#paladinvipunwraped"},"up":{"uv":[0,14.5,14,16],"texture":"#paladinvipunwraped","cullface":"up"},"south":{"uv":[0,0,14,1.5],"texture":"#paladinvipunwraped","cullface":"south"},"west":{"uv":[14.5,0,16,1.5],"texture":"#paladinvipunwraped","cullface":"west"},"east":{"uv":[0,0,1.5,1.5],"texture":"#paladinvipunwraped"}}},{"from":[-1,14.5,14.5],"to":[15,23,15.5],"faces":{"down":{"uv":[7.5,7.5,8,8],"texture":"#paladinvipunwraped","cullface":"west"},"up":{"uv":[7.5,7.5,8,8],"texture":"#paladinvipunwraped","cullface":"west"},"north":{"uv":[7.5,6.5,9.5,8.5],"texture":"#paladinvipunwraped","cullface":"west"},"south":{"uv":[7.5,6.5,9.5,8.5],"texture":"#paladinvipunwraped","cullface":"west"},"west":{"uv":[4.5,5,4,8.5],"texture":"#paladinvipunwraped","cullface":"west"},"east":{"uv":[4.5,5,4,8.5],"texture":"#paladinvipunwraped","cullface":"west"}}},{"from":[2.5,7.5,15.5],"to":[11.5,10,16.5],"faces":{"down":{"uv":[6,10.5,10,11],"texture":"#paladinvipunwraped","cullface":"south"},"north":{"uv":[5.5,9.5,10.5,11],"texture":"#paladinnormalunwraped2","cullface":"south"},"south":{"uv":[5.5,9.5,10.5,11],"texture":"#paladinnormalunwraped2","cullface":"south"},"west":{"uv":[5.5,10,6,11.5],"texture":"#paladinvipunwraped","cullface":"south"},"east":{"uv":[10,10,10.5,11.5],"texture":"#paladinvipunwraped","cullface":"south"}}},{"from":[2,14,-4],"to":[5,15,-3],"faces":{"down":{"uv":[7.5,4.5,1.5,5],"texture":"#texture","cullface":"north"},"up":{"uv":[1.5,4.5,7.5,5],"texture":"#texture","cullface":"north"},"north":{"uv":[1.5,4.5,7.5,5],"texture":"#texture","cullface":"north"},"west":{"uv":[7,4.5,7.5,5],"texture":"#texture","cullface":"north"},"east":{"uv":[1.5,4.5,2,5],"texture":"#texture","cullface":"north"}}},{"from":[9,14,-4],"to":[12,15,-3],"faces":{"down":{"uv":[7.5,4.5,1.5,5],"texture":"#texture","cullface":"north"},"up":{"uv":[1.5,4.5,7.5,5],"texture":"#texture","cullface":"north"},"north":{"uv":[1.5,4.5,3.5,5],"texture":"#texture","cullface":"north"},"west":{"uv":[7,4.5,7.5,5],"texture":"#texture","cullface":"north"},"east":{"uv":[1.5,4.5,2,5],"texture":"#texture","cullface":"north"}}},{"from":[5,13,-4],"to":[9,14,-2],"faces":{"down":{"uv":[5.5,4,3.5,5],"texture":"#texture","cullface":"north"},"up":{"uv":[3.5,5,5.5,4],"texture":"#texture","cullface":"north"},"north":{"uv":[5.5,4.5,3.5,5],"texture":"#texture","cullface":"north"},"south":{"uv":[3.5,4.5,5.5,5],"texture":"#texture","cullface":"north"},"west":{"uv":[7,4.5,8,5],"texture":"#texture","cullface":"north"},"east":{"uv":[1,4.5,2,5],"texture":"#texture","cullface":"north"}}},{"from":[-3,16,9],"to":[-2,17,12],"faces":{"down":{"uv":[6.5,7,7,7.5],"texture":"#paladinvipunwraped","cullface":"west"},"north":{"uv":[6.5,7,7,7.5],"texture":"#paladinvipunwraped","cullface":"west"},"south":{"uv":[5.5,7,6,7.5],"texture":"#paladinvipunwraped","cullface":"west"},"west":{"uv":[5.5,7,7,7.5],"texture":"#paladinvipunwraped","cullface":"west"}}},{"from":[-4,17,9],"to":[-2,18,13],"faces":{"down":{"uv":[5.5,6.5,6,7],"texture":"#paladinvipunwraped","cullface":"west"},"up":{"uv":[5,6.5,5.5,7],"texture":"#paladinvipunwraped","cullface":"west"},"north":{"uv":[6.5,6.5,5.5,7],"texture":"#paladinvipunwraped","cullface":"west"},"south":{"uv":[5,6.5,6,7],"texture":"#paladinvipunwraped","cullface":"west"},"west":{"uv":[7,6.5,5,7],"texture":"#paladinvipunwraped","cullface":"west"}}},{"from":[-4,19,11],"to":[-2,21,14],"faces":{"down":{"uv":[4.5,5,5,5.5],"texture":"#paladinvipunwraped","cullface":"west"},"north":{"uv":[5.5,5,6,6],"texture":"#paladinvipunwraped","cullface":"west"},"south":{"uv":[4.5,5,5,6],"texture":"#paladinvipunwraped","cullface":"west"},"west":{"uv":[6,5,4.5,6],"texture":"#paladinvipunwraped","cullface":"west"}}},{"from":[-4,21,10],"to":[-2,22,15],"faces":{"down":{"uv":[4,4.5,4.5,5],"texture":"#paladinvipunwraped","cullface":"west"},"up":{"uv":[6,4.5,6.5,5],"texture":"#paladinvipunwraped","cullface":"west"},"north":{"uv":[6,4.5,6.5,5],"texture":"#paladinvipunwraped","cullface":"west"},"south":{"uv":[4,4.5,4.5,5],"texture":"#paladinvipunwraped","cullface":"west"},"west":{"uv":[6.5,4.5,4,5],"texture":"#paladinvipunwraped","cullface":"west"}}},{"from":[-4,22,11],"to":[-3,23,16],"faces":{"down":{"uv":[4.5,4,5,4.5],"texture":"#paladinvipunwraped","cullface":"west"},"up":{"uv":[4,4.5,4.5,5],"texture":"#paladinvipunwraped","cullface":"west"},"north":{"uv":[5.5,4,6,4.5],"texture":"#paladinvipunwraped","cullface":"west"},"south":{"uv":[3.5,4,4,4.5],"texture":"#paladinvipunwraped","cullface":"west"},"west":{"uv":[6,4,3.5,4.5],"texture":"#paladinvipunwraped","cullface":"west"},"east":{"uv":[3.5,4,6,4.5],"texture":"#paladinvipunwraped","cullface":"west"}}},{"from":[-4,23,12],"to":[-3,24,16],"faces":{"up":{"uv":[5,3.5,5.5,4],"texture":"#paladinvipunwraped","cullface":"west"},"north":{"uv":[5,3.5,5.5,4],"texture":"#paladinvipunwraped","cullface":"west"},"south":{"uv":[3.5,3.5,4,4],"texture":"#paladinvipunwraped","cullface":"west"},"west":{"uv":[5.5,3.5,3.5,4],"texture":"#paladinvipunwraped","cullface":"west"},"east":{"uv":[3.5,3.5,5.5,4],"texture":"#paladinvipunwraped","cullface":"west"}}},{"from":[-4,24,13],"to":[-3,25,15],"faces":{"up":{"uv":[5,3,4.5,4],"texture":"#paladinvipunwraped","cullface":"west"},"north":{"uv":[4.5,3,5,3.5],"texture":"#paladinvipunwraped","cullface":"west"},"south":{"uv":[4,3,4.5,3.5],"texture":"#paladinvipunwraped","cullface":"west"},"west":{"uv":[5,3,4,3.5],"texture":"#paladinvipunwraped","cullface":"west"},"east":{"uv":[4,3,5,3.5],"texture":"#paladinvipunwraped","cullface":"west"}}},{"from":[-3,22,10],"to":[-2,24,15],"faces":{"up":{"uv":[4,3,4.5,5],"texture":"#paladinvipunwraped","cullface":"west"},"north":{"uv":[4,3,4.5,4.5],"texture":"#paladinvipunwraped","cullface":"west"},"south":{"uv":[6,3,6.5,4.5],"texture":"#paladinvipunwraped","cullface":"west"},"west":{"uv":[6.5,3,4,4.5],"texture":"#paladinvipunwraped","cullface":"west"}}},{"from":[-2,21,10],"to":[-1,25,15],"faces":{"down":{"uv":[4.5,3.5,5,5],"texture":"#paladinvipunwraped","cullface":"west"},"up":{"uv":[4.5,3.5,5,5],"texture":"#paladinvipunwraped","cullface":"west"},"north":{"uv":[6,3,6.5,5],"texture":"#paladinvipunwraped","cullface":"west"},"south":{"uv":[4,3,4.5,5],"texture":"#paladinvipunwraped","cullface":"west"},"west":{"uv":[6.5,3,4,5],"texture":"#paladinvipunwraped","cullface":"west"},"east":{"uv":[4,3,6.5,5],"texture":"#paladinvipunwraped","cullface":"west"}}},{"from":[-2,25,11],"to":[-1,26,15],"faces":{"north":{"uv":[5.5,2.5,6,3],"texture":"#paladinvipunwraped","cullface":"west"},"south":{"uv":[4,2.5,4.5,3],"texture":"#paladinvipunwraped","cullface":"west"},"west":{"uv":[6,2.5,4,3],"texture":"#paladinvipunwraped","cullface":"west"},"east":{"uv":[4,2.5,6,3],"texture":"#paladinvipunwraped","cullface":"west"}}},{"from":[-2,26,11],"to":[-1,27,16],"faces":{"down":{"uv":[4.5,3,5,1],"texture":"#paladinvipunwraped","cullface":"west"},"up":{"uv":[5,1,4.5,3],"texture":"#paladinvipunwraped","cullface":"west"},"north":{"uv":[5.5,2,6,2.5],"texture":"#paladinvipunwraped","cullface":"west"},"south":{"uv":[3.5,2,4,2.5],"texture":"#paladinvipunwraped","cullface":"west"},"west":{"uv":[6,2,3.5,2.5],"texture":"#paladinvipunwraped","cullface":"west"},"east":{"uv":[3.5,2,6,2.5],"texture":"#paladinvipunwraped","cullface":"west"}}},{"from":[-2,27,12],"to":[-1,28,17],"faces":{"down":{"uv":[4,3,4.5,1],"texture":"#paladinvipunwraped","cullface":"west"},"up":{"uv":[4.5,1,4,3],"texture":"#paladinvipunwraped","cullface":"west"},"north":{"uv":[5,1.5,5.5,2],"texture":"#paladinvipunwraped","cullface":"west"},"south":{"uv":[3,1.5,3.5,2],"texture":"#paladinvipunwraped","cullface":"west"},"west":{"uv":[5.5,1.5,3,2],"texture":"#paladinvipunwraped","cullface":"west"},"east":{"uv":[3,1.5,5.5,2],"texture":"#paladinvipunwraped","cullface":"west"}}},{"from":[-2,28,13],"to":[-1,29,16],"faces":{"up":{"uv":[5,1,4.5,1.5],"texture":"#paladinvipunwraped","cullface":"west"},"north":{"uv":[4.5,1,5,1.5],"texture":"#paladinvipunwraped","cullface":"west"},"south":{"uv":[3.5,1,4,1.5],"texture":"#paladinvipunwraped","cullface":"west"},"west":{"uv":[5,1,3.5,1.5],"texture":"#paladinvipunwraped","cullface":"west"},"east":{"uv":[3.5,1,5,1.5],"texture":"#paladinvipunwraped","cullface":"west"}}},{"from":[-3,25,13],"to":[-2,29,14],"faces":{"down":{"uv":[4.5,2.5,5,3],"texture":"#paladinvipunwraped","cullface":"west"},"up":{"uv":[4.5,1,5,1.5],"texture":"#paladinvipunwraped","cullface":"west"},"north":{"uv":[5,1,4.5,3],"texture":"#paladinvipunwraped","cullface":"west"},"south":{"uv":[5,1,4.5,3],"texture":"#paladinvipunwraped","cullface":"west"},"west":{"uv":[5,1,4.5,3],"texture":"#paladinvipunwraped","cullface":"west"},"east":{"uv":[4.5,1,5,3],"texture":"#paladinvipunwraped","cullface":"west"}}},{"from":[-3,24,11],"to":[-2,26,13],"faces":{"up":{"uv":[5.5,2.5,6,3.5],"texture":"#paladinvipunwraped","cullface":"west"},"north":{"uv":[5.5,2.5,6,3.5],"texture":"#paladinvipunwraped","cullface":"west"},"south":{"uv":[5.5,2.5,6,3.5],"texture":"#paladinvipunwraped","cullface":"west"},"west":{"uv":[6,2.5,5,3.5],"texture":"#paladinvipunwraped","cullface":"west"},"east":{"uv":[5,2.5,6,3.5],"texture":"#paladinvipunwraped","cullface":"west"}}},{"from":[-4,25,14],"to":[-2,26,15],"faces":{"down":{"uv":[4,2.5,4.5,3],"texture":"#paladinvipunwraped","cullface":"west"},"up":{"uv":[4,2.5,4.5,3],"texture":"#paladinvipunwraped","cullface":"west"},"north":{"uv":[4,2.5,4.5,3],"texture":"#paladinvipunwraped","cullface":"west"},"south":{"uv":[4,2.5,4.5,3],"texture":"#paladinvipunwraped","cullface":"west"},"west":{"uv":[4,2.5,4.5,3],"texture":"#paladinvipunwraped","cullface":"west"}}},{"from":[-3,26,12],"to":[-2,27,13],"faces":{"up":{"uv":[5,2,5.5,2.5],"texture":"#paladinvipunwraped","cullface":"west"},"north":{"uv":[5,2,5.5,2.5],"texture":"#paladinvipunwraped","cullface":"west"},"west":{"uv":[5,2,5.5,2.5],"texture":"#paladinvipunwraped","cullface":"west"}}},{"from":[-3,24,14],"to":[-2,25,15],"faces":{"north":{"uv":[4,3,4.5,3.5],"texture":"#paladinvipunwraped","cullface":"west"},"south":{"uv":[4,3,4.5,3.5],"texture":"#paladinvipunwraped","cullface":"west"}}},{"from":[-4,18,10],"to":[-2,19,13],"faces":{"up":{"uv":[6,6,6.5,6.5],"texture":"#paladinvipunwraped","cullface":"west"},"north":{"uv":[6.5,6,7,6.5],"texture":"#paladinvipunwraped","cullface":"west"},"south":{"uv":[5,6,5.5,6.5],"texture":"#paladinvipunwraped","cullface":"west"},"west":{"uv":[6.5,6,5,6.5],"texture":"#paladinvipunwraped","cullface":"west"}}},{"from":[-3,18,9],"to":[-2,19,10],"faces":{"up":{"uv":[6.5,6,7,6.5],"texture":"#paladinvipunwraped","cullface":"west"},"north":{"uv":[6.5,6,7,6.5],"texture":"#paladinvipunwraped","cullface":"west"},"west":{"uv":[6.5,6,7,6.5],"texture":"#paladinvipunwraped","cullface":"west"}}},{"from":[-3,23,15],"to":[-2,24,16],"faces":{"down":{"uv":[3.5,3.5,4,4],"texture":"#paladinvipunwraped","cullface":"west"},"up":{"uv":[3.5,3.5,4,4],"texture":"#paladinvipunwraped","cullface":"west"},"south":{"uv":[3.5,3.5,4,4],"texture":"#paladinvipunwraped","cullface":"west"},"east":{"uv":[3.5,3.5,4,4],"texture":"#paladinvipunwraped","cullface":"west"}}},{"from":[16,16,9],"to":[17,17,12],"faces":{"down":{"uv":[6.5,7,7,7.5],"texture":"#paladinvipunwraped","cullface":"east"},"north":{"uv":[6.5,7,7,7.5],"texture":"#paladinvipunwraped","cullface":"east"},"south":{"uv":[5.5,7,6,7.5],"texture":"#paladinvipunwraped","cullface":"east"},"east":{"uv":[5.5,7,7,7.5],"texture":"#paladinvipunwraped","cullface":"east"}}},{"from":[16,17,9],"to":[18,18,13],"faces":{"down":{"uv":[6,6.5,6.5,7],"texture":"#paladinvipunwraped","cullface":"east"},"up":{"uv":[6,6.5,6.5,7],"texture":"#paladinvipunwraped","cullface":"east"},"north":{"uv":[5.5,6.5,6.5,7],"texture":"#paladinvipunwraped","cullface":"east"},"south":{"uv":[6,6.5,5,7],"texture":"#paladinvipunwraped","cullface":"east"},"east":{"uv":[5,6.5,7,7],"texture":"#paladinvipunwraped","cullface":"east"}}},{"from":[16,18,10],"to":[18,19,13],"faces":{"up":{"uv":[6,6,6.5,6.5],"texture":"#paladinvipunwraped","cullface":"east"},"north":{"uv":[6,6,6.5,6.5],"texture":"#paladinvipunwraped","cullface":"east"},"south":{"uv":[5,6,5.5,6.5],"texture":"#paladinvipunwraped","cullface":"east"},"east":{"uv":[5,6,6.5,6.5],"texture":"#paladinvipunwraped","cullface":"east"}}},{"from":[16,19,11],"to":[18,21,14],"faces":{"down":{"uv":[4.5,5,4,4],"texture":"#paladinvipunwraped","cullface":"east"},"north":{"uv":[5.5,5,6,6],"texture":"#paladinvipunwraped","cullface":"east"},"south":{"uv":[4.5,5,5,6],"texture":"#paladinvipunwraped","cullface":"east"},"east":{"uv":[4.5,5,6,6],"texture":"#paladinvipunwraped","cullface":"east"}}},{"from":[16,21,10],"to":[18,22,15],"faces":{"down":{"uv":[4.5,3.5,5,1.5],"texture":"#paladinvipunwraped","cullface":"east"},"up":{"uv":[4.5,1.5,5,3.5],"texture":"#paladinvipunwraped","cullface":"east"},"north":{"uv":[6,4.5,6.5,5],"texture":"#paladinvipunwraped","cullface":"east"},"south":{"uv":[4,4.5,4.5,5],"texture":"#paladinvipunwraped","cullface":"east"},"east":{"uv":[4,4.5,6.5,5],"texture":"#paladinvipunwraped","cullface":"east"}}},{"from":[17,22,11],"to":[18,23,16],"faces":{"down":{"uv":[4.5,4,5,4.5],"texture":"#paladinvipunwraped","cullface":"east"},"up":{"uv":[4.5,4,5,4.5],"texture":"#paladinvipunwraped","cullface":"east"},"north":{"uv":[5.5,4,6,4.5],"texture":"#paladinvipunwraped","cullface":"east"},"south":{"uv":[3.5,4,4,4.5],"texture":"#paladinvipunwraped","cullface":"east"},"west":{"uv":[6,4,3.5,4.5],"texture":"#paladinvipunwraped","cullface":"east"},"east":{"uv":[3.5,4,6,4.5],"texture":"#paladinvipunwraped","cullface":"east"}}},{"from":[16,23,12],"to":[17,24,16],"faces":{"down":{"uv":[4.5,2,5,2.5],"texture":"#paladinvipunwraped","cullface":"east"},"up":{"uv":[4.5,2,5,2.5],"texture":"#paladinvipunwraped","cullface":"east"},"north":{"uv":[5,3.5,5.5,4],"texture":"#paladinvipunwraped","cullface":"east"},"south":{"uv":[3.5,3.5,4,4],"texture":"#paladinvipunwraped","cullface":"east"},"west":{"uv":[5.5,3.5,3.5,4],"texture":"#paladinvipunwraped","cullface":"east"}}},{"from":[17,23,12],"to":[18,24,16],"faces":{"up":{"uv":[5,4,5.5,3],"texture":"#paladinvipunwraped","cullface":"east"},"north":{"uv":[5,4,5.5,3.5],"texture":"#paladinvipunwraped","cullface":"east"},"south":{"uv":[3.5,3.5,4,4],"texture":"#paladinvipunwraped","cullface":"east"},"east":{"uv":[3.5,3.5,5.5,4],"texture":"#paladinvipunwraped","cullface":"east"}}},{"from":[17,24,13],"to":[18,25,15],"faces":{"up":{"uv":[5,3,4.5,4],"texture":"#paladinvipunwraped","cullface":"east"},"north":{"uv":[4.5,3,5,3.5],"texture":"#paladinvipunwraped","cullface":"east"},"south":{"uv":[4,3,4.5,3.5],"texture":"#paladinvipunwraped","cullface":"east"},"west":{"uv":[5,3,4,3.5],"texture":"#paladinvipunwraped","cullface":"east"},"east":{"uv":[4,3,5,3.5],"texture":"#paladinvipunwraped","cullface":"east"}}},{"from":[16,25,14],"to":[18,26,15],"faces":{"down":{"uv":[4,2.5,4.5,3],"texture":"#paladinvipunwraped","cullface":"east"},"up":{"uv":[4,2.5,4.5,3],"texture":"#paladinvipunwraped","cullface":"east"},"north":{"uv":[4,2.5,4.5,3],"texture":"#paladinvipunwraped","cullface":"east"},"south":{"uv":[4,2.5,4.5,3],"texture":"#paladinvipunwraped","cullface":"east"},"east":{"uv":[4,2.5,4.5,3],"texture":"#paladinvipunwraped","cullface":"east"}}},{"from":[16,24,14],"to":[17,25,15],"faces":{"north":{"uv":[4,3,4.5,3.5],"texture":"#paladinvipunwraped","cullface":"east"},"south":{"uv":[4,3,4.5,3.5],"texture":"#paladinvipunwraped","cullface":"east"}}},{"from":[16,25,13],"to":[17,29,14],"faces":{"down":{"uv":[4.5,2.5,5,3],"texture":"#paladinvipunwraped","cullface":"east"},"up":{"uv":[4.5,1,5,1.5],"texture":"#paladinvipunwraped","cullface":"east"},"north":{"uv":[4.5,1,5,3],"texture":"#paladinvipunwraped","cullface":"east"},"south":{"uv":[4.5,1,5,3],"texture":"#paladinvipunwraped","cullface":"east"},"west":{"uv":[5,1,4.5,3],"texture":"#paladinvipunwraped","cullface":"east"},"east":{"uv":[4.5,1,5,3],"texture":"#paladinvipunwraped","cullface":"east"}}},{"from":[15,28,13],"to":[16,29,16],"faces":{"up":{"uv":[4.5,1,5,1.5],"texture":"#paladinvipunwraped","cullface":"up"},"north":{"uv":[4.5,1,5,1.5],"texture":"#paladinvipunwraped","cullface":"up"},"south":{"uv":[3.5,1,4,1.5],"texture":"#paladinvipunwraped","cullface":"up"},"west":{"uv":[3.5,1,5,1.5],"texture":"#paladinvipunwraped","cullface":"up"},"east":{"uv":[3.5,1,5,1.5],"texture":"#paladinvipunwraped","cullface":"up"}}},{"from":[15,27,12],"to":[16,28,17],"faces":{"down":{"uv":[5,6,5.5,4],"texture":"#paladinvipunwraped","cullface":"south"},"up":{"uv":[5,4,5.5,6],"texture":"#paladinvipunwraped","cullface":"south"},"north":{"uv":[5,1.5,5.5,2],"texture":"#paladinvipunwraped","cullface":"south"},"south":{"uv":[3,1.5,3.5,2],"texture":"#paladinvipunwraped","cullface":"south"},"west":{"uv":[5.5,1.5,3,2],"texture":"#paladinvipunwraped","cullface":"south"},"east":{"uv":[3,1.5,5.5,2],"texture":"#paladinvipunwraped","cullface":"south"}}},{"from":[15,26,11],"to":[16,27,16],"faces":{"down":{"uv":[5,6,5.5,4],"texture":"#paladinvipunwraped","cullface":"up"},"up":{"uv":[5,4,5.5,6],"texture":"#paladinvipunwraped","cullface":"up"},"north":{"uv":[5.5,2,6,2.5],"texture":"#paladinvipunwraped","cullface":"up"},"south":{"uv":[3.5,2,4,2.5],"texture":"#paladinvipunwraped","cullface":"up"},"west":{"uv":[6,2,3.5,2.5],"texture":"#paladinvipunwraped","cullface":"up"},"east":{"uv":[3.5,2,6,2.5],"texture":"#paladinvipunwraped","cullface":"up"}}},{"from":[15,25,11],"to":[16,26,15],"faces":{"north":{"uv":[5.5,2.5,6,3],"texture":"#paladinvipunwraped","cullface":"up"},"south":{"uv":[4,2.5,4.5,3],"texture":"#paladinvipunwraped","cullface":"up"},"west":{"uv":[6,2.5,4,3],"texture":"#paladinvipunwraped","cullface":"up"},"east":{"uv":[4,2.5,6,3],"texture":"#paladinvipunwraped","cullface":"up"}}},{"from":[15,21,10],"to":[16,25,15],"faces":{"down":{"uv":[5.5,2.5,6,5],"texture":"#paladinvipunwraped","cullface":"up"},"up":{"uv":[5.5,2.5,6,5],"texture":"#paladinvipunwraped","cullface":"up"},"north":{"uv":[6,3,6.5,5],"texture":"#paladinvipunwraped","cullface":"up"},"south":{"uv":[4,3,4.5,5],"texture":"#paladinvipunwraped","cullface":"up"},"west":{"uv":[6.5,3,4,5],"texture":"#paladinvipunwraped","cullface":"up"},"east":{"uv":[4,3,6.5,5],"texture":"#paladinvipunwraped","cullface":"up"}}},{"from":[16,22,10],"to":[17,24,15],"faces":{"up":{"uv":[5,1.5,5.5,4],"texture":"#paladinvipunwraped","cullface":"east"},"north":{"uv":[6,3.5,6.5,4.5],"texture":"#paladinvipunwraped","cullface":"east"},"south":{"uv":[4,3.5,4.5,4.5],"texture":"#paladinvipunwraped","cullface":"east"},"east":{"uv":[4,3.5,6.5,4.5],"texture":"#paladinvipunwraped","cullface":"east"}}},{"from":[16,24,11],"to":[17,26,13],"faces":{"up":{"uv":[5,1.5,5.5,2.5],"texture":"#paladinvipunwraped","cullface":"east"},"north":{"uv":[5.5,2.5,6,3.5],"texture":"#paladinvipunwraped","cullface":"east"},"south":{"uv":[5,2.5,5.5,3.5],"texture":"#paladinvipunwraped","cullface":"east"},"west":{"uv":[6,2.5,5,3.5],"texture":"#paladinvipunwraped","cullface":"east"},"east":{"uv":[5,2.5,6,3.5],"texture":"#paladinvipunwraped","cullface":"east"}}},{"from":[16,18,9],"to":[17,19,10],"faces":{"up":{"uv":[6.5,6,7,6.5],"texture":"#paladinvipunwraped","cullface":"east"},"north":{"uv":[6.5,6,7,6.5],"texture":"#paladinvipunwraped","cullface":"east"},"east":{"uv":[6.5,6,7,6.5],"texture":"#paladinvipunwraped","cullface":"east"}}},{"from":[-3,26,14],"to":[-2,27,15],"faces":{"up":{"uv":[4,2.5,4.5,3],"texture":"#paladinvipunwraped","cullface":"west"},"south":{"uv":[4,2.5,4.5,3],"texture":"#paladinvipunwraped","cullface":"west"},"west":{"uv":[4,2.5,4.5,3],"texture":"#paladinvipunwraped","cullface":"west"}}},{"from":[16,26,14],"to":[17,27,15],"faces":{"up":{"uv":[4,2.5,4.5,3],"texture":"#paladinvipunwraped","cullface":"east"},"south":{"uv":[4,2.5,4.5,3],"texture":"#paladinvipunwraped","cullface":"east"},"east":{"uv":[4,2.5,4.5,3],"texture":"#paladinvipunwraped","cullface":"east"}}},{"from":[16,26,12],"to":[17,27,13],"faces":{"up":{"uv":[4,2.5,4.5,3],"texture":"#paladinvipunwraped","cullface":"east"},"north":{"uv":[4,2.5,4.5,3],"texture":"#paladinvipunwraped","cullface":"east"},"east":{"uv":[4,2.5,4.5,3],"texture":"#paladinvipunwraped","cullface":"east"}}}],"display":{"thirdperson_righthand":{"rotation":[0,0,0],"translation":[0,0,0],"scale":[0.5,0.5,0.5]},"thirdperson_lefthand":{"rotation":[0,0,0],"translation":[0,0,0],"scale":[0.5,0.5,0.5]},"head":{"rotation":[0,0,0],"translation":[1.3,-5.48,1.7],"scale":[1,1,1]},"ground":{"rotation":[0,0,0],"translation":[0,4.54,0],"scale":[0.7,0.7,0.7]},"fixed":{"rotation":[0,0,0],"translation":[1.13,-2.65,0],"scale":[0.8,0.8,0.8]},"firstperson_righthand":{"rotation":[0,0,0],"translation":[0,0,0],"scale":[0.5,0.5,0.5]},"firstperson_lefthand":{"rotation":[0,0,0],"translation":[0,0,0],"scale":[0.5,0.5,0.5]},"gui":{"rotation":[0,180,0],"translation":[-0.57,-4.72,0],"scale":[0.7,0.7,0.7]}}}