{"__comment":"designedbyroddanwithbdcraftcubikpro0.87beta-http://bdcraft.net","textures":{"texture":"items/red_carpetunwrap1","paladinvipunwraped":"items/white_carpet_unwrap1","paladinnormalunwraped4":"items/palnormalunwrap2","paladinnormalunwraped3":"items/palnormalunwrap3","paladinnormalunwraped2":"items/palnormalunwrap2","paladinmvpunwraped2":"items/acacia_slab_unwrap2","paladinmvpunwraped":"items/acacia_slab_unwrap1"},"elements":[{"from":[5,-1,-3],"to":[6,8,-2],"faces":{"down":{"uv":[5,10.5,7,11],"texture":"#texture","cullface":"north"},"up":{"uv":[5,6.5,7,7],"texture":"#texture","cullface":"north"},"south":{"uv":[7,6.5,5,11],"texture":"#texture","cullface":"north"},"east":{"uv":[5,6.5,5.5,11],"texture":"#texture","cullface":"north"}}},{"from":[1,0.5,-2],"to":[2,8,-1],"faces":{"down":{"uv":[7,10,7.5,10.5],"texture":"#texture","cullface":"north"},"up":{"uv":[7,6.5,7.5,7],"texture":"#texture","cullface":"north"},"north":{"uv":[7,6.5,7.5,10.5],"texture":"#texture","cullface":"north"},"south":{"uv":[7.5,6.5,7,10.5],"texture":"#texture","cullface":"north"},"west":{"uv":[7,6.5,7.5,10.5],"texture":"#texture","cullface":"north"},"east":{"uv":[7,6.5,7.5,10.5],"texture":"#texture","cullface":"north"}}},{"from":[-1,1.5,-1],"to":[0,11,1],"faces":{"down":{"uv":[8,9.5,8.5,10],"texture":"#texture","cullface":"west"},"up":{"uv":[8,5.5,8.5,6],"texture":"#texture","cullface":"west"},"north":{"uv":[8,5.5,8.5,10],"texture":"#texture","cullface":"west"},"south":{"uv":[8.5,5.5,8,10],"texture":"#texture","cullface":"west"},"west":{"uv":[8,5.5,8.5,10],"texture":"#texture","cullface":"west"},"east":{"uv":[8,5.5,8.5,10],"texture":"#texture","cullface":"west"}}},{"from":[-2,2,0],"to":[-1,13,1],"faces":{"down":{"uv":[8.5,9,9,9.5],"texture":"#texture","cullface":"west"},"north":{"uv":[8.5,4.5,9,9.5],"texture":"#texture","cullface":"west"},"south":{"uv":[9,4.5,8.5,9.5],"texture":"#texture","cullface":"west"},"west":{"uv":[8.5,4.5,9,9.5],"texture":"#texture","cullface":"west"},"east":{"uv":[8.5,4.5,9,9.5],"texture":"#texture","cullface":"west"}}},{"from":[8,-1,-3],"to":[9,8,-2],"faces":{"down":{"uv":[2,10.5,4,11],"texture":"#texture","cullface":"north"},"up":{"uv":[2,6.5,4,7],"texture":"#texture","cullface":"north"},"south":{"uv":[4,6.5,2,11],"texture":"#texture","cullface":"north"},"west":{"uv":[3.5,6.5,4,11],"texture":"#texture","cullface":"north"}}},{"from":[12,0.5,-2],"to":[13,8,-1],"faces":{"down":{"uv":[1.5,10,2,10.5],"texture":"#texture","cullface":"north"},"up":{"uv":[1.5,6.5,2,7],"texture":"#texture","cullface":"north"},"north":{"uv":[1.5,7,2,10.5],"texture":"#texture","cullface":"north"},"south":{"uv":[2,7,1.5,10.5],"texture":"#texture","cullface":"north"},"west":{"uv":[1.5,7,2,10.5],"texture":"#texture","cullface":"north"},"east":{"uv":[1.5,7,2,10.5],"texture":"#texture","cullface":"north"}}},{"from":[14,1.5,-1],"to":[15,11,1],"faces":{"down":{"uv":[0.5,9.5,1,10],"texture":"#texture","cullface":"north"},"up":{"uv":[0.5,6,1,6.5],"texture":"#texture","cullface":"north"},"north":{"uv":[0.5,6,1,10],"texture":"#texture","cullface":"north"},"south":{"uv":[1,6,0.5,10],"texture":"#texture","cullface":"north"},"west":{"uv":[0.5,6,1,10],"texture":"#texture","cullface":"north"},"east":{"uv":[0.5,6,1,10],"texture":"#texture","cullface":"north"}}},{"from":[15,2,0],"to":[16,13,1],"faces":{"down":{"uv":[0,9,0.5,9.5],"texture":"#texture"},"north":{"uv":[0,4.5,0.5,9.5],"texture":"#texture","cullface":"north"},"south":{"uv":[0.5,4.5,0,9.5],"texture":"#texture"},"west":{"uv":[0,4.5,0.5,9.5],"texture":"#texture"},"east":{"uv":[0,4.5,0.5,9.5],"texture":"#texture","cullface":"east"}}},{"from":[-1,18,0],"to":[15,20,14.5],"faces":{"down":{"uv":[4,10,4.5,5.5],"texture":"#paladinvipunwraped","cullface":"west"},"up":{"uv":[4,10,4.5,5.5],"texture":"#paladinvipunwraped","cullface":"west"},"north":{"uv":[7,4,10.5,5],"texture":"#paladinvipunwraped","cullface":"west"},"west":{"uv":[12,4,7,5],"texture":"#paladinvipunwraped","cullface":"west"},"east":{"uv":[12,4,7,5],"texture":"#paladinvipunwraped","cullface":"west"}}},{"from":[0,20,0],"to":[14,21,15],"faces":{"down":{"uv":[4,3,12,13],"texture":"#paladinnormalunwraped4","cullface":"up"},"up":{"uv":[12,13,4,3],"texture":"#paladinnormalunwraped4","cullface":"up"},"north":{"uv":[12,11.5,4,12],"texture":"#paladinnormalunwraped4","cullface":"up"},"south":{"uv":[4,3.5,12,4],"texture":"#paladinnormalunwraped4","cullface":"up"},"west":{"uv":[10.5,2.5,4.5,3],"texture":"#paladinnormalunwraped4","cullface":"up"},"east":{"uv":[4.5,2.5,10.5,3],"texture":"#paladinnormalunwraped4","cullface":"up"}}},{"from":[2,11,-3],"to":[12,20,0.5],"faces":{"down":{"uv":[1.5,3,6.5,4],"texture":"#texture","cullface":"north"},"up":{"uv":[1.5,3.5,7.5,5],"texture":"#texture","cullface":"north"},"north":{"uv":[2,0.5,7,4.5],"texture":"#texture","cullface":"north"},"south":{"uv":[7,0.5,2,4.5],"texture":"#texture","cullface":"north"},"west":{"uv":[6,0.5,7.5,4.5],"texture":"#texture","cullface":"north"},"east":{"uv":[1.5,0.5,3,4.5],"texture":"#texture","cullface":"north"}}},{"from":[0,11,-2],"to":[2,20,1],"faces":{"down":{"uv":[2.5,2.5,4.5,3.5],"texture":"#texture","cullface":"north"},"up":{"uv":[2,1.5,4,0.5],"texture":"#texture","cullface":"north"},"north":{"uv":[7,0.5,8,5],"texture":"#texture","cullface":"north"},"south":{"uv":[8,0.5,7,5],"texture":"#texture","cullface":"north"},"west":{"uv":[3.5,2,2,3],"texture":"#texture","cullface":"north"},"east":{"uv":[3.5,2,2,3],"texture":"#texture","cullface":"north"}}},{"from":[12,11,-2],"to":[14,20,1],"faces":{"down":{"uv":[2,3,4,4],"texture":"#texture","cullface":"north"},"up":{"uv":[0.5,0.5,2.5,1.5],"texture":"#texture","cullface":"north"},"north":{"uv":[1,0.5,2,5],"texture":"#texture","cullface":"north"},"south":{"uv":[2,0.5,1,5],"texture":"#texture","cullface":"north"},"west":{"uv":[2,0.5,1,5],"texture":"#texture","cullface":"north"},"east":{"uv":[2,0.5,1,5],"texture":"#texture","cullface":"north"}}},{"from":[2,20,-1],"to":[12,21,0],"faces":{"up":{"uv":[2.5,0,6.5,0.5],"texture":"#texture","cullface":"north"},"north":{"uv":[6.5,0,2.5,0.5],"texture":"#texture","cullface":"north"},"west":{"uv":[2.5,0,3,0.5],"texture":"#texture","cullface":"north"},"east":{"uv":[6,0,6.5,0.5],"texture":"#texture","cullface":"north"}}},{"from":[4,20,-2],"to":[10,21,-1],"faces":{"up":{"uv":[1.5,0,7.5,0.5],"texture":"#texture","cullface":"north"},"north":{"uv":[5.5,0,3.5,0.5],"texture":"#texture","cullface":"north"},"west":{"uv":[3,0,3.5,0.5],"texture":"#texture","cullface":"north"},"east":{"uv":[5,0,5.5,0.5],"texture":"#texture","cullface":"north"}}},{"from":[-1,11,-1],"to":[0,18,0],"faces":{"up":{"uv":[8,0.5,8.5,1],"texture":"#texture","cullface":"west"},"north":{"uv":[8.5,0.5,8,5],"texture":"#texture","cullface":"west"},"south":{"uv":[8,0.5,8.5,5],"texture":"#texture","cullface":"west"},"west":{"uv":[8,0.5,8.5,2.5],"texture":"#texture","cullface":"west"}}},{"from":[14,11,-1],"to":[15,18,0],"faces":{"up":{"uv":[0.5,0.5,1,1],"texture":"#texture","cullface":"north"},"north":{"uv":[1,0.5,0.5,5],"texture":"#texture","cullface":"north"},"south":{"uv":[0.5,0.5,1,5],"texture":"#texture","cullface":"north"},"east":{"uv":[0.5,3,1,5],"texture":"#texture","cullface":"north"}}},{"from":[-2,3,4],"to":[16,11.5,9],"faces":{"down":{"uv":[6,12,8.5,12.5],"texture":"#paladinnormalunwraped3"},"west":{"uv":[8.5,7.5,6,12.5],"texture":"#paladinnormalunwraped3"},"east":{"uv":[6,7.5,8.5,12.5],"texture":"#paladinnormalunwraped3","cullface":"east"}}},{"from":[-2,11.5,2],"to":[16,18,14.5],"faces":{"down":{"uv":[4,8,4.5,3.5],"texture":"#paladinnormalunwraped3","cullface":"up"},"up":{"uv":[4,8,4.5,3.5],"texture":"#paladinnormalunwraped3","cullface":"up"},"north":{"uv":[5.5,6,10,8.5],"texture":"#paladinnormalunwraped3","cullface":"up"},"south":{"uv":[5.5,6,10,8.5],"texture":"#paladinnormalunwraped3","cullface":"up"},"west":{"uv":[10,4.5,4,8.5],"texture":"#paladinnormalunwraped3","cullface":"up"},"east":{"uv":[4,4.5,10,8.5],"texture":"#paladinnormalunwraped3","cullface":"up"}}},{"from":[-2,11.5,1],"to":[16,13,2],"faces":{"north":{"uv":[10,7,10.5,8],"texture":"#paladinvipunwraped"},"west":{"uv":[10.5,7,10,8],"texture":"#paladinvipunwraped"},"east":{"uv":[10,7,10.5,8],"texture":"#paladinvipunwraped","cullface":"east"}}},{"from":[0,7,14.5],"to":[14,18,16.5],"faces":{"down":{"uv":[8,5,12,5.5],"texture":"#paladinvipunwraped","cullface":"south"},"up":{"uv":[8,5,12,5.5],"texture":"#paladinvipunwraped","cullface":"south"},"north":{"uv":[4,4,12,8.5],"texture":"#paladinnormalunwraped2","cullface":"south"},"south":{"uv":[4,4,12,8.5],"texture":"#paladinnormalunwraped2","cullface":"south"},"west":{"uv":[3.5,11,4,6.5],"texture":"#paladinvipunwraped","cullface":"south"},"east":{"uv":[3.5,11,4,6.5],"texture":"#paladinvipunwraped","cullface":"south"}}},{"from":[-2,13,0],"to":[16,18,2],"faces":{"down":{"uv":[7,4.5,10,5],"texture":"#paladinvipunwraped","cullface":"up"},"up":{"uv":[7,4.5,10,5],"texture":"#paladinvipunwraped","cullface":"up"},"north":{"uv":[9,4.5,10,6.5],"texture":"#paladinvipunwraped","cullface":"up"},"west":{"uv":[10.5,4.5,9.5,7.5],"texture":"#paladinvipunwraped","cullface":"up"},"east":{"uv":[9.5,4.5,10.5,7.5],"texture":"#paladinvipunwraped","cullface":"up"}}},{"from":[-2,2,1],"to":[16,11.5,4],"faces":{"down":{"uv":[8,12,9.5,12.5],"texture":"#paladinnormalunwraped3"},"up":{"uv":[8,7,9.5,7.5],"texture":"#paladinnormalunwraped3"},"north":{"uv":[8,7,9.5,12.5],"texture":"#paladinnormalunwraped3"},"south":{"uv":[8,7,9.5,12.5],"texture":"#paladinnormalunwraped3"},"west":{"uv":[9.5,7,8,12.5],"texture":"#paladinnormalunwraped3"},"east":{"uv":[8,7,9.5,12.5],"texture":"#paladinnormalunwraped3","cullface":"east"}}},{"from":[-2,2,9],"to":[16,11.5,14],"faces":{"down":{"uv":[6,12,8,12.5],"texture":"#paladinnormalunwraped3"},"north":{"uv":[7.5,8.5,8,12.5],"texture":"#paladinnormalunwraped3"},"south":{"uv":[6,8.5,6.5,12.5],"texture":"#paladinnormalunwraped3"},"west":{"uv":[8,8.5,6,12.5],"texture":"#paladinnormalunwraped3"},"east":{"uv":[6,8.5,8,12.5],"texture":"#paladinnormalunwraped3","cullface":"east"}}},{"from":[5,-1,-4],"to":[6,8,-3],"faces":{"down":{"uv":[5,10.5,5.5,11],"texture":"#texture","cullface":"north"},"up":{"uv":[5,6.5,5.5,7],"texture":"#texture","cullface":"north"},"north":{"uv":[5,6.5,5.5,11],"texture":"#texture","cullface":"north"},"west":{"uv":[5,6.5,5.5,11],"texture":"#texture","cullface":"north"},"east":{"uv":[5,6.5,5.5,11],"texture":"#texture","cullface":"north"}}},{"from":[2,7,-4],"to":[5,8,-3],"faces":{"down":{"uv":[5,6.5,7,7],"texture":"#texture","cullface":"north"},"up":{"uv":[5,6.5,7,7],"texture":"#texture","cullface":"north"},"north":{"uv":[5,6.5,7,7],"texture":"#texture","cullface":"north"},"south":{"uv":[7,6.5,5,7],"texture":"#texture","cullface":"north"},"west":{"uv":[5,6.5,5.5,7],"texture":"#texture","cullface":"north"}}},{"from":[8,-1,-4],"to":[9,8,-3],"faces":{"down":{"uv":[3.5,10.5,4,11],"texture":"#texture","cullface":"north"},"up":{"uv":[3.5,6.5,4,7],"texture":"#texture","cullface":"north"},"north":{"uv":[3.5,6.5,4,11],"texture":"#texture","cullface":"north"},"west":{"uv":[3.5,6.5,4,11],"texture":"#texture","cullface":"north"},"east":{"uv":[3.5,6.5,4,11],"texture":"#texture","cullface":"north"}}},{"from":[9,7,-4],"to":[12,8,-3],"faces":{"down":{"uv":[2,6.5,4,7],"texture":"#texture","cullface":"north"},"up":{"uv":[2,6.5,4,7],"texture":"#texture","cullface":"north"},"north":{"uv":[2,6.5,4,7],"texture":"#texture","cullface":"north"},"south":{"uv":[4,6.5,2,7],"texture":"#texture","cullface":"north"},"east":{"uv":[3.5,6.5,4,7],"texture":"#texture","cullface":"north"}}},{"from":[1,8,-3],"to":[2,9,-2],"faces":{"down":{"uv":[7,6,7.5,6.5],"texture":"#texture","cullface":"north"},"up":{"uv":[7,6,7.5,6.5],"texture":"#texture","cullface":"north"},"north":{"uv":[7,6,7.5,6.5],"texture":"#texture","cullface":"north"},"south":{"uv":[7,6,7.5,6.5],"texture":"#texture","cullface":"north"},"west":{"uv":[7,6,7.5,6.5],"texture":"#texture","cullface":"north"},"east":{"uv":[7,6,7.5,6.5],"texture":"#texture","cullface":"north"}}},{"from":[12,8,-3],"to":[13,9,-2],"faces":{"down":{"uv":[1.5,6,2,6.5],"texture":"#texture","cullface":"north"},"up":{"uv":[1.5,6,2,6.5],"texture":"#texture","cullface":"north"},"north":{"uv":[1.5,6,2,6.5],"texture":"#texture","cullface":"north"},"south":{"uv":[1.5,6,2,6.5],"texture":"#texture","cullface":"north"},"west":{"uv":[1.5,6,2,6.5],"texture":"#texture","cullface":"north"},"east":{"uv":[1.5,6,2,6.5],"texture":"#texture","cullface":"north"}}},{"from":[0,9,-2],"to":[1,11,-1],"faces":{"north":{"uv":[7.5,5,8,6],"texture":"#texture","cullface":"north"},"south":{"uv":[8,5,7.5,6],"texture":"#texture","cullface":"north"},"west":{"uv":[7.5,5,8,6],"texture":"#texture","cullface":"north"},"east":{"uv":[7.5,5,8,6],"texture":"#texture","cullface":"north"}}},{"from":[13,9,-2],"to":[14,11,-1],"faces":{"north":{"uv":[1,5,1.5,6],"texture":"#texture","cullface":"north"},"south":{"uv":[1.5,5,1,6],"texture":"#texture","cullface":"north"},"west":{"uv":[1,5,1.5,6],"texture":"#texture","cullface":"north"},"east":{"uv":[1,5,1.5,6],"texture":"#texture","cullface":"north"}}},{"from":[1,11,-3],"to":[2,12,-2],"faces":{"down":{"uv":[6.5,4.5,7.5,5],"texture":"#texture","cullface":"north"},"up":{"uv":[6.5,4.5,7.5,5],"texture":"#texture","cullface":"north"},"north":{"uv":[6.5,4.5,7.5,5],"texture":"#texture","cullface":"north"},"west":{"uv":[6.5,4.5,7,5],"texture":"#texture","cullface":"north"}}},{"from":[12,11,-3],"to":[13,12,-2],"faces":{"down":{"uv":[2.5,4.5,1.5,5],"texture":"#texture","cullface":"north"},"up":{"uv":[1.5,4.5,2.5,5],"texture":"#texture","cullface":"north"},"north":{"uv":[1.5,4.5,2.5,5],"texture":"#texture","cullface":"north"},"east":{"uv":[2,4.5,2.5,5],"texture":"#texture","cullface":"north"}}},{"from":[-1,2,14],"to":[15,11.5,15],"faces":{"down":{"uv":[4,12,4.5,12.5],"texture":"#paladinvipunwraped","cullface":"west"},"up":{"uv":[4,9,4.5,9.5],"texture":"#paladinvipunwraped","cullface":"west"},"south":{"uv":[3.5,4,12.5,8.5],"texture":"#paladinnormalunwraped2","cullface":"west"},"west":{"uv":[4.5,9,4,12.5],"texture":"#paladinvipunwraped","cullface":"west"},"east":{"uv":[4,9,4.5,12.5],"texture":"#paladinvipunwraped","cullface":"west"}}},{"from":[2,11,-4],"to":[6,12,-3],"faces":{"down":{"uv":[7.5,4.5,1.5,5],"texture":"#texture","cullface":"north"},"up":{"uv":[1.5,4.5,7.5,5],"texture":"#texture","cullface":"north"},"north":{"uv":[3.5,4.5,1.5,5],"texture":"#texture","cullface":"north"},"west":{"uv":[7,4.5,7.5,5],"texture":"#texture","cullface":"north"}}},{"from":[0.5,18,15],"to":[13.5,20.5,16.5],"faces":{"up":{"uv":[8,5.5,12,6],"texture":"#paladinvipunwraped","cullface":"south"},"north":{"uv":[5,2.5,11.5,4],"texture":"#paladinnormalunwraped2","cullface":"south"},"south":{"uv":[5,2.5,11.5,4],"texture":"#paladinnormalunwraped2","cullface":"south"},"west":{"uv":[8,7,9,8.5],"texture":"#paladinvipunwraped","cullface":"south"},"east":{"uv":[8,7,9,8.5],"texture":"#paladinvipunwraped","cullface":"south"}}},{"from":[1,3,15],"to":[13,11,16],"faces":{"down":{"uv":[5,11,11,11.5],"texture":"#paladinvipunwraped"},"up":{"uv":[5,8.5,11,9],"texture":"#paladinvipunwraped"},"south":{"uv":[5,8.5,11,11.5],"texture":"#paladinnormalunwraped2","cullface":"south"},"west":{"uv":[5,8.5,5.5,11.5],"texture":"#paladinvipunwraped"},"east":{"uv":[10.5,8.5,11,11.5],"texture":"#paladinvipunwraped"}}},{"from":[0,11.5,14.5],"to":[14,13,16],"faces":{"down":{"uv":[16,16,2,14.5],"texture":"#paladinvipunwraped"},"up":{"uv":[0,14.5,14,16],"texture":"#paladinvipunwraped"},"south":{"uv":[0,0,14,1.5],"texture":"#paladinvipunwraped","cullface":"south"},"west":{"uv":[14.5,0,16,1.5],"texture":"#paladinvipunwraped","cullface":"west"},"east":{"uv":[0,0,1.5,1.5],"texture":"#paladinvipunwraped"}}},{"from":[-1,11.5,14.5],"to":[15,20,15.5],"faces":{"down":{"uv":[7.5,7.5,8,8],"texture":"#paladinvipunwraped","cullface":"west"},"up":{"uv":[7.5,7.5,8,8],"texture":"#paladinvipunwraped","cullface":"west"},"north":{"uv":[7.5,6.5,9.5,8.5],"texture":"#paladinvipunwraped","cullface":"west"},"south":{"uv":[7.5,6.5,9.5,8.5],"texture":"#paladinvipunwraped","cullface":"west"},"west":{"uv":[4.5,5,4,8.5],"texture":"#paladinvipunwraped","cullface":"west"},"east":{"uv":[4.5,5,4,8.5],"texture":"#paladinvipunwraped","cullface":"west"}}},{"from":[2.5,4.5,15.5],"to":[11.5,7,16.5],"faces":{"down":{"uv":[6,10.5,10,11],"texture":"#paladinvipunwraped","cullface":"south"},"north":{"uv":[5.5,9.5,10.5,11],"texture":"#paladinnormalunwraped2","cullface":"south"},"south":{"uv":[5.5,9.5,10.5,11],"texture":"#paladinnormalunwraped2","cullface":"south"},"west":{"uv":[5.5,10,6,11.5],"texture":"#paladinvipunwraped","cullface":"south"},"east":{"uv":[10,10,10.5,11.5],"texture":"#paladinvipunwraped","cullface":"south"}}},{"from":[8,11,-4],"to":[12,12,-3],"faces":{"down":{"uv":[7.5,4.5,1.5,5],"texture":"#texture","cullface":"north"},"up":{"uv":[1.5,4.5,7.5,5],"texture":"#texture","cullface":"north"},"north":{"uv":[1.5,4.5,3.5,5],"texture":"#texture","cullface":"north"},"east":{"uv":[1.5,4.5,2,5],"texture":"#texture","cullface":"north"}}},{"from":[5,10,-4],"to":[9,11,-2],"faces":{"down":{"uv":[5.5,4,3.5,5],"texture":"#texture","cullface":"north"},"up":{"uv":[3.5,5,5.5,4],"texture":"#texture","cullface":"north"},"north":{"uv":[5.5,4.5,3.5,5],"texture":"#texture","cullface":"north"},"south":{"uv":[3.5,4.5,5.5,5],"texture":"#texture","cullface":"north"},"west":{"uv":[7,4.5,8,5],"texture":"#texture","cullface":"north"},"east":{"uv":[1,4.5,2,5],"texture":"#texture","cullface":"north"}}},{"from":[-4,13,4],"to":[-2,16,13],"faces":{"down":{"uv":[10,8,10.5,8.5],"texture":"#paladinmvpunwraped2","cullface":"west"},"up":{"uv":[10,8,10.5,8.5],"texture":"#paladinmvpunwraped2","cullface":"west"},"north":{"uv":[13,14,14,15.5],"texture":"#paladinmvpunwraped","cullface":"west"},"south":{"uv":[14,14,13,15.5],"texture":"#paladinmvpunwraped","cullface":"west"},"west":{"uv":[11.5,6.5,8,8],"texture":"#paladinmvpunwraped2","cullface":"west"}}},{"from":[-5,13,8],"to":[-4,16,11],"faces":{"down":{"uv":[9,6.5,9.5,8],"texture":"#paladinmvpunwraped2","cullface":"west"},"up":{"uv":[9,8,9.5,6.5],"texture":"#paladinmvpunwraped2","cullface":"west"},"north":{"uv":[10,6.5,10.5,8],"texture":"#paladinmvpunwraped2","cullface":"west"},"south":{"uv":[9,6.5,9.5,8],"texture":"#paladinmvpunwraped2","cullface":"west"},"west":{"uv":[10.5,6.5,9,8],"texture":"#paladinmvpunwraped2","cullface":"west"}}},{"from":[-6,14,11],"to":[-4,15,12],"faces":{"down":{"uv":[7.5,6.5,8.5,7],"texture":"#paladinmvpunwraped2","cullface":"west"},"up":{"uv":[7.5,6.5,8.5,7],"texture":"#paladinmvpunwraped2","cullface":"west"},"north":{"uv":[14.5,13.5,15,14],"texture":"#paladinmvpunwraped","cullface":"west"},"south":{"uv":[14.5,13.5,15,14],"texture":"#paladinmvpunwraped","cullface":"west"},"west":{"uv":[8.5,7,9,7.5],"texture":"#paladinmvpunwraped2","cullface":"west"}}},{"from":[-6,15,11],"to":[-5,16,14],"faces":{"down":{"uv":[5.5,5.5,6,4],"texture":"#paladinmvpunwraped2","cullface":"west"},"up":{"uv":[5.5,4,6,5.5],"texture":"#paladinmvpunwraped2","cullface":"west"},"north":{"uv":[15,13,15.5,13.5],"texture":"#paladinmvpunwraped","cullface":"west"},"south":{"uv":[14.5,13,15,13.5],"texture":"#paladinmvpunwraped","cullface":"west"},"west":{"uv":[9,6.5,7.5,7],"texture":"#paladinmvpunwraped2","cullface":"west"},"east":{"uv":[7.5,6.5,9,7],"texture":"#paladinmvpunwraped2","cullface":"west"}}},{"from":[-4,16,10],"to":[-3,17,11],"faces":{"north":{"uv":[14,13,14.5,13.5],"texture":"#paladinmvpunwraped","cullface":"west"},"south":{"uv":[14,13,14.5,13.5],"texture":"#paladinmvpunwraped","cullface":"west"},"west":{"uv":[9,6,9.5,6.5],"texture":"#paladinmvpunwraped2","cullface":"west"},"east":{"uv":[9,6,9.5,6.5],"texture":"#paladinmvpunwraped2","cullface":"west"}}},{"from":[-4,17,10],"to":[-3,18,12],"faces":{"down":{"uv":[7.5,5,8,6],"texture":"#paladinmvpunwraped2","cullface":"west"},"north":{"uv":[11,7.5,11.5,8],"texture":"#paladinmvpunwraped","cullface":"west"},"south":{"uv":[11,5.5,11.5,6],"texture":"#paladinmvpunwraped","cullface":"west"},"west":{"uv":[9.5,5.5,8.5,6],"texture":"#paladinmvpunwraped2","cullface":"west"},"east":{"uv":[8.5,5.5,9.5,6],"texture":"#paladinmvpunwraped2","cullface":"west"}}},{"from":[6,11,-4],"to":[8,21,-3],"faces":{"up":{"uv":[15,8.5,16,9],"texture":"#paladinmvpunwraped2","cullface":"north"},"north":{"uv":[5,4,4,9.5],"texture":"#paladinmvpunwraped","cullface":"north"},"south":{"uv":[4,4,5,9.5],"texture":"#paladinmvpunwraped","cullface":"north"},"west":{"uv":[15.5,4.5,16,8.5],"texture":"#paladinmvpunwraped2","cullface":"north"},"east":{"uv":[15.5,4.5,16,8.5],"texture":"#paladinmvpunwraped2","cullface":"north"}}},{"from":[6,20,-3],"to":[8,21,-2],"faces":{"west":{"uv":[15.5,4.5,16,5],"texture":"#paladinmvpunwraped2","cullface":"north"},"east":{"uv":[15.5,4.5,16,5],"texture":"#paladinmvpunwraped2","cullface":"north"}}},{"from":[6,21,-3],"to":[8,22,15],"faces":{"down":{"uv":[14.5,8.5,15.5,9],"texture":"#paladinmvpunwraped2","cullface":"north"},"up":{"uv":[14.5,8.5,15.5,9],"texture":"#paladinmvpunwraped2","cullface":"north"},"north":{"uv":[4,3.5,5,4],"texture":"#paladinmvpunwraped","cullface":"north"},"south":{"uv":[4,3.5,5,4],"texture":"#paladinmvpunwraped","cullface":"north"},"west":{"uv":[10,3.5,15,4],"texture":"#paladinmvpunwraped2","cullface":"north"},"east":{"uv":[10,3.5,15,4],"texture":"#paladinmvpunwraped2","cullface":"north"}}},{"from":[6,20.5,15],"to":[8,21.5,16],"faces":{"up":{"uv":[14.5,8.5,15.5,9],"texture":"#paladinmvpunwraped2","cullface":"up"},"north":{"uv":[4,3.5,5,4],"texture":"#paladinmvpunwraped","cullface":"up"},"south":{"uv":[4,3.5,5,4],"texture":"#paladinmvpunwraped","cullface":"up"},"west":{"uv":[12,3.5,12.5,4],"texture":"#paladinmvpunwraped2","cullface":"up"},"east":{"uv":[12,3.5,12.5,4],"texture":"#paladinmvpunwraped2","cullface":"up"}}},{"from":[-4,18,9],"to":[-3,19,13],"faces":{"down":{"uv":[7,5.5,7.5,6.5],"texture":"#paladinmvpunwraped2","cullface":"west"},"north":{"uv":[9.5,6,10,6.5],"texture":"#paladinmvpunwraped","cullface":"west"},"south":{"uv":[10.5,5,11,5.5],"texture":"#paladinmvpunwraped","cullface":"west"},"west":{"uv":[10,5,8,5.5],"texture":"#paladinmvpunwraped2","cullface":"west"},"east":{"uv":[8,5,10,5.5],"texture":"#paladinmvpunwraped2","cullface":"west"}}},{"from":[-8,19,19],"to":[-7,20,20],"faces":{"down":{"uv":[3,11.5,3.5,12],"texture":"#paladinmvpunwraped2","cullface":"west"},"north":{"uv":[9.5,6.5,10,7],"texture":"#paladinmvpunwraped","cullface":"west"},"south":{"uv":[9.5,6.5,10,7],"texture":"#paladinmvpunwraped","cullface":"west"},"west":{"uv":[4.5,4.5,5,5],"texture":"#paladinmvpunwraped2","cullface":"west"},"east":{"uv":[4.5,4.5,5,5],"texture":"#paladinmvpunwraped2","cullface":"west"}}},{"from":[-4,20,9],"to":[-3,21,13],"faces":{"north":{"uv":[10.5,5,11,5.5],"texture":"#paladinmvpunwraped","cullface":"west"},"south":{"uv":[9.5,5,10,5.5],"texture":"#paladinmvpunwraped","cullface":"west"},"west":{"uv":[10,4,8,4.5],"texture":"#paladinmvpunwraped2","cullface":"west"},"east":{"uv":[8,4,10,4.5],"texture":"#paladinmvpunwraped2","cullface":"west"}}},{"from":[-4,21,9],"to":[-3,22,14],"faces":{"down":{"uv":[6.5,4,7,4.5],"texture":"#paladinmvpunwraped2","cullface":"west"},"up":{"uv":[6.5,4,7,4.5],"texture":"#paladinmvpunwraped2","cullface":"west"},"north":{"uv":[10.5,4,11,4.5],"texture":"#paladinmvpunwraped","cullface":"west"},"south":{"uv":[9.5,4,10,4.5],"texture":"#paladinmvpunwraped","cullface":"west"},"west":{"uv":[10,3.5,7.5,4],"texture":"#paladinmvpunwraped2","cullface":"west"},"east":{"uv":[7.5,3.5,10,4],"texture":"#paladinmvpunwraped2","cullface":"west"}}},{"from":[-4,22,10],"to":[-3,23,14],"faces":{"north":{"uv":[10.5,5,11,5.5],"texture":"#paladinmvpunwraped","cullface":"west"},"south":{"uv":[10.5,5,11,5.5],"texture":"#paladinmvpunwraped","cullface":"west"},"west":{"uv":[7,14.5,5,15],"texture":"#paladinmvpunwraped2","cullface":"west"},"east":{"uv":[5,14.5,7,15],"texture":"#paladinmvpunwraped2","cullface":"west"}}},{"from":[-4,23,10],"to":[-3,24,14],"faces":{"up":{"uv":[8,5,8.5,5.5],"texture":"#paladinmvpunwraped2","cullface":"west"},"north":{"uv":[14.5,11,15,11.5],"texture":"#paladinmvpunwraped","cullface":"west"},"south":{"uv":[15,11,15.5,11.5],"texture":"#paladinmvpunwraped","cullface":"west"},"west":{"uv":[7,14,5,14.5],"texture":"#paladinmvpunwraped2","cullface":"west"},"east":{"uv":[5,14,7,14.5],"texture":"#paladinmvpunwraped2","cullface":"west"}}},{"from":[-4,24,11],"to":[-3,25,15],"faces":{"down":{"uv":[3,12.5,3.5,13],"texture":"#paladinmvpunwraped2","cullface":"west"},"north":{"uv":[13.5,8,14,8.5],"texture":"#paladinmvpunwraped","cullface":"west"},"south":{"uv":[13.5,8,14,8.5],"texture":"#paladinmvpunwraped","cullface":"west"},"west":{"uv":[6.5,13.5,4.5,14],"texture":"#paladinmvpunwraped2","cullface":"west"},"east":{"uv":[4.5,13.5,6.5,14],"texture":"#paladinmvpunwraped2","cullface":"west"}}},{"from":[-4,25,11],"to":[-3,26,16],"faces":{"down":{"uv":[3,11.5,3.5,14],"texture":"#paladinmvpunwraped2","cullface":"west"},"up":{"uv":[3,14,3.5,11.5],"texture":"#paladinmvpunwraped2","cullface":"west"},"north":{"uv":[11,5,11.5,5.5],"texture":"#paladinmvpunwraped","cullface":"west"},"south":{"uv":[11,5,11.5,5.5],"texture":"#paladinmvpunwraped","cullface":"west"},"west":{"uv":[6.5,13,4,13.5],"texture":"#paladinmvpunwraped2","cullface":"west"},"east":{"uv":[4,13,6.5,13.5],"texture":"#paladinmvpunwraped2","cullface":"west"}}},{"from":[-4,26,12],"to":[-3,27,16],"faces":{"north":{"uv":[11,5,11.5,5.5],"texture":"#paladinmvpunwraped","cullface":"west"},"south":{"uv":[11.5,5,12,5.5],"texture":"#paladinmvpunwraped","cullface":"west"},"west":{"uv":[6,12.5,4,13],"texture":"#paladinmvpunwraped2","cullface":"west"},"east":{"uv":[4,12.5,6,13],"texture":"#paladinmvpunwraped2","cullface":"west"}}},{"from":[-4,27,12],"to":[-3,28,17],"faces":{"down":{"uv":[3,12.5,3.5,10.5],"texture":"#paladinmvpunwraped2","cullface":"west"},"up":{"uv":[3,10.5,3.5,12.5],"texture":"#paladinmvpunwraped2","cullface":"west"},"north":{"uv":[11,6,11.5,6.5],"texture":"#paladinmvpunwraped","cullface":"west"},"south":{"uv":[10,6,10.5,6.5],"texture":"#paladinmvpunwraped","cullface":"west"},"west":{"uv":[6,12,3.5,12.5],"texture":"#paladinmvpunwraped2","cullface":"west"},"east":{"uv":[3.5,12,6,12.5],"texture":"#paladinmvpunwraped2","cullface":"west"}}},{"from":[-4,28,13],"to":[-3,29,18],"faces":{"down":{"uv":[4.5,11,5,13],"texture":"#paladinmvpunwraped2","cullface":"west"},"up":{"uv":[4.5,11,5,13],"texture":"#paladinmvpunwraped2","cullface":"west"},"north":{"uv":[10,3.5,10.5,4],"texture":"#paladinmvpunwraped","cullface":"west"},"south":{"uv":[9.5,3.5,10,4],"texture":"#paladinmvpunwraped","cullface":"west"},"west":{"uv":[5,11,2.5,11.5],"texture":"#paladinmvpunwraped2","cullface":"west"},"east":{"uv":[2.5,11,5,11.5],"texture":"#paladinmvpunwraped2","cullface":"west"}}},{"from":[-4,29,14],"to":[-3,30,17],"faces":{"up":{"uv":[5,3.5,5.5,5],"texture":"#paladinmvpunwraped2","cullface":"west"},"north":{"uv":[10,4,10.5,4.5],"texture":"#paladinmvpunwraped","cullface":"west"},"south":{"uv":[9.5,4,10,4.5],"texture":"#paladinmvpunwraped","cullface":"west"},"west":{"uv":[5,11,3.5,11.5],"texture":"#paladinmvpunwraped2","cullface":"west"},"east":{"uv":[3.5,11,5,11.5],"texture":"#paladinmvpunwraped2","cullface":"west"}}},{"from":[-5,30,15],"to":[-4,31,20],"faces":{"down":{"uv":[3.5,10.5,4,11],"texture":"#paladinmvpunwraped2","cullface":"west"},"up":{"uv":[3.5,10.5,4,11],"texture":"#paladinmvpunwraped2","cullface":"west"},"north":{"uv":[10,4,10.5,4.5],"texture":"#paladinmvpunwraped","cullface":"west"},"south":{"uv":[10,4,10.5,4.5],"texture":"#paladinmvpunwraped","cullface":"west"},"west":{"uv":[2,10.5,4.5,11],"texture":"#paladinmvpunwraped2","cullface":"west"},"east":{"uv":[2,10.5,4.5,11],"texture":"#paladinmvpunwraped2","cullface":"west"}}},{"from":[-6,16,13],"to":[-5,17,15],"faces":{"down":{"uv":[3.5,11,4,11.5],"texture":"#paladinmvpunwraped2","cullface":"west"},"north":{"uv":[13,10.5,13.5,11],"texture":"#paladinmvpunwraped","cullface":"west"},"south":{"uv":[13,10.5,13.5,11],"texture":"#paladinmvpunwraped","cullface":"west"},"west":{"uv":[8.5,6,7.5,6.5],"texture":"#paladinmvpunwraped2","cullface":"west"},"east":{"uv":[7.5,6,8.5,6.5],"texture":"#paladinmvpunwraped2","cullface":"west"}}},{"from":[-8,16,16],"to":[-7,17,17],"faces":{"down":{"uv":[5,4.5,5.5,5],"texture":"#paladinmvpunwraped2","cullface":"west"},"up":{"uv":[5,4.5,5.5,5],"texture":"#paladinmvpunwraped2","cullface":"west"},"north":{"uv":[13,10.5,13.5,11],"texture":"#paladinmvpunwraped","cullface":"west"},"south":{"uv":[13,10.5,13.5,11],"texture":"#paladinmvpunwraped","cullface":"west"},"west":{"uv":[6,6,6.5,6.5],"texture":"#paladinmvpunwraped2","cullface":"west"},"east":{"uv":[6,6,6.5,6.5],"texture":"#paladinmvpunwraped2","cullface":"west"}}},{"from":[-5,14,12],"to":[-4,16,14],"faces":{"down":{"uv":[6,5,6.5,6],"texture":"#paladinmvpunwraped2","cullface":"west"},"north":{"uv":[14.5,13,15,14],"texture":"#paladinmvpunwraped","cullface":"west"},"south":{"uv":[14.5,13,15,14],"texture":"#paladinmvpunwraped","cullface":"west"},"west":{"uv":[8.5,6.5,7.5,7.5],"texture":"#paladinmvpunwraped2","cullface":"west"},"east":{"uv":[7.5,6.5,8.5,7.5],"texture":"#paladinmvpunwraped2","cullface":"west"}}},{"from":[-7,15,13],"to":[-6,16,16],"faces":{"down":{"uv":[3.5,12,4,12.5],"texture":"#paladinmvpunwraped2","cullface":"west"},"up":{"uv":[3.5,12,4,12.5],"texture":"#paladinmvpunwraped2","cullface":"west"},"north":{"uv":[14.5,12.5,15,13],"texture":"#paladinmvpunwraped","cullface":"west"},"south":{"uv":[14.5,12.5,15,13],"texture":"#paladinmvpunwraped","cullface":"west"},"west":{"uv":[8,6.5,6.5,7],"texture":"#paladinmvpunwraped2","cullface":"west"},"east":{"uv":[6.5,6.5,8,7],"texture":"#paladinmvpunwraped2","cullface":"west"}}},{"from":[-7,16,14],"to":[-6,17,16],"faces":{"up":{"uv":[6,6,6.5,6.5],"texture":"#paladinmvpunwraped2","cullface":"west"},"north":{"uv":[13,10,13.5,10.5],"texture":"#paladinmvpunwraped","cullface":"west"},"south":{"uv":[13,10,13.5,10.5],"texture":"#paladinmvpunwraped","cullface":"west"},"west":{"uv":[7.5,6,6.5,6.5],"texture":"#paladinmvpunwraped2","cullface":"west"},"east":{"uv":[6.5,6,7.5,6.5],"texture":"#paladinmvpunwraped2","cullface":"west"}}},{"from":[-5,16,11],"to":[-4,17,13],"faces":{"down":{"uv":[8,6.5,8.5,5.5],"texture":"#paladinmvpunwraped2","cullface":"west"},"north":{"uv":[14,11,14.5,11.5],"texture":"#paladinmvpunwraped","cullface":"west"},"south":{"uv":[13,10.5,13.5,11],"texture":"#paladinmvpunwraped","cullface":"west"},"west":{"uv":[9,6,8,6.5],"texture":"#paladinmvpunwraped2","cullface":"west"},"east":{"uv":[8,6,9,6.5],"texture":"#paladinmvpunwraped2","cullface":"west"}}},{"from":[-5,17,11],"to":[-4,18,14],"faces":{"down":{"uv":[9.5,3.5,10,5],"texture":"#paladinmvpunwraped2","cullface":"west"},"up":{"uv":[9.5,3.5,10,5],"texture":"#paladinmvpunwraped2","cullface":"west"},"north":{"uv":[13.5,8.5,14,9],"texture":"#paladinmvpunwraped","cullface":"west"},"south":{"uv":[13.5,8.5,14,9],"texture":"#paladinmvpunwraped","cullface":"west"},"west":{"uv":[7,5.5,8.5,6],"texture":"#paladinmvpunwraped2","cullface":"west"},"east":{"uv":[7,5.5,8.5,6],"texture":"#paladinmvpunwraped2","cullface":"west"}}},{"from":[-8,17,17],"to":[-7,18,18],"faces":{"down":{"uv":[5.5,5.5,6,6],"texture":"#paladinmvpunwraped2","cullface":"west"},"up":{"uv":[5.5,5.5,6,6],"texture":"#paladinmvpunwraped2","cullface":"west"},"north":{"uv":[9.5,6.5,10,7],"texture":"#paladinmvpunwraped","cullface":"west"},"south":{"uv":[9.5,6.5,10,7],"texture":"#paladinmvpunwraped","cullface":"west"},"west":{"uv":[5.5,5.5,6,6],"texture":"#paladinmvpunwraped2","cullface":"west"},"east":{"uv":[5.5,5.5,6,6],"texture":"#paladinmvpunwraped2","cullface":"west"}}},{"from":[-6,17,13],"to":[-5,18,16],"faces":{"down":{"uv":[3.5,10.5,4,11],"texture":"#paladinmvpunwraped2","cullface":"west"},"up":{"uv":[3.5,10.5,4,11],"texture":"#paladinmvpunwraped2","cullface":"west"},"north":{"uv":[11,5.5,11.5,6],"texture":"#paladinmvpunwraped","cullface":"west"},"south":{"uv":[11,5.5,11.5,6],"texture":"#paladinmvpunwraped","cullface":"west"},"west":{"uv":[6.5,5.5,8,6],"texture":"#paladinmvpunwraped2","cullface":"west"},"east":{"uv":[6.5,5.5,8,6],"texture":"#paladinmvpunwraped2","cullface":"west"}}},{"from":[-7,17,15],"to":[-6,18,17],"faces":{"down":{"uv":[6,3.5,6.5,4.5],"texture":"#paladinmvpunwraped2","cullface":"west"},"up":{"uv":[6,3.5,6.5,4.5],"texture":"#paladinmvpunwraped2","cullface":"west"},"north":{"uv":[10,3.5,10.5,4],"texture":"#paladinmvpunwraped","cullface":"west"},"south":{"uv":[9.5,3.5,10,4],"texture":"#paladinmvpunwraped","cullface":"west"},"west":{"uv":[7,5.5,6,6],"texture":"#paladinmvpunwraped2","cullface":"west"},"east":{"uv":[6,5.5,7,6],"texture":"#paladinmvpunwraped2","cullface":"west"}}},{"from":[-8,18,18],"to":[-7,19,19],"faces":{"down":{"uv":[6,6,6.5,6.5],"texture":"#paladinmvpunwraped2","cullface":"west"},"up":{"uv":[6,6,6.5,6.5],"texture":"#paladinmvpunwraped2","cullface":"west"},"north":{"uv":[9.5,6.5,10,7],"texture":"#paladinmvpunwraped","cullface":"west"},"south":{"uv":[9.5,6.5,10,7],"texture":"#paladinmvpunwraped","cullface":"west"},"west":{"uv":[5,5,5.5,5.5],"texture":"#paladinmvpunwraped2","cullface":"west"},"east":{"uv":[5,5,5.5,5.5],"texture":"#paladinmvpunwraped2","cullface":"west"}}},{"from":[-7,18,16],"to":[-6,19,18],"faces":{"down":{"uv":[3,12,3.5,12.5],"texture":"#paladinmvpunwraped2","cullface":"west"},"up":{"uv":[3,12,3.5,12.5],"texture":"#paladinmvpunwraped2","cullface":"west"},"north":{"uv":[11,7.5,11.5,8],"texture":"#paladinmvpunwraped","cullface":"west"},"south":{"uv":[11,7.5,11.5,8],"texture":"#paladinmvpunwraped","cullface":"west"},"west":{"uv":[5.5,5,6.5,5.5],"texture":"#paladinmvpunwraped2","cullface":"west"},"east":{"uv":[5.5,5,6.5,5.5],"texture":"#paladinmvpunwraped2","cullface":"west"}}},{"from":[-6,18,14],"to":[-5,19,17],"faces":{"down":{"uv":[8.5,3.5,9,5.5],"texture":"#paladinmvpunwraped2","cullface":"west"},"north":{"uv":[10.5,6,11,6.5],"texture":"#paladinmvpunwraped","cullface":"west"},"south":{"uv":[10.5,6,11,6.5],"texture":"#paladinmvpunwraped","cullface":"west"},"west":{"uv":[6,5,8,5.5],"texture":"#paladinmvpunwraped2","cullface":"west"},"east":{"uv":[6,5,8,5.5],"texture":"#paladinmvpunwraped2","cullface":"west"}}},{"from":[-5,18,12],"to":[-4,19,15],"faces":{"down":{"uv":[9,5.5,9.5,7],"texture":"#paladinmvpunwraped2","cullface":"west"},"north":{"uv":[11,5,11.5,5.5],"texture":"#paladinmvpunwraped","cullface":"west"},"south":{"uv":[11.5,5.5,12,6],"texture":"#paladinmvpunwraped","cullface":"west"},"west":{"uv":[8.5,5,7,5.5],"texture":"#paladinmvpunwraped2","cullface":"west"},"east":{"uv":[7,5,8.5,5.5],"texture":"#paladinmvpunwraped2","cullface":"west"}}},{"from":[-4,19,9],"to":[-3,20,13],"faces":{"north":{"uv":[10.5,5,11,5.5],"texture":"#paladinmvpunwraped","cullface":"west"},"south":{"uv":[10.5,6,11,6.5],"texture":"#paladinmvpunwraped","cullface":"west"},"west":{"uv":[10,4.5,8,5],"texture":"#paladinmvpunwraped2","cullface":"west"},"east":{"uv":[8,4.5,10,5],"texture":"#paladinmvpunwraped2","cullface":"west"}}},{"from":[-5,19,12],"to":[-4,20,16],"faces":{"down":{"uv":[5.5,4,6,4.5],"texture":"#paladinmvpunwraped2","cullface":"west"},"up":{"uv":[5.5,4,6,4.5],"texture":"#paladinmvpunwraped2","cullface":"west"},"north":{"uv":[11,7,11.5,7.5],"texture":"#paladinmvpunwraped","cullface":"west"},"south":{"uv":[10,6,10.5,6.5],"texture":"#paladinmvpunwraped","cullface":"west"},"west":{"uv":[8.5,4.5,6.5,5],"texture":"#paladinmvpunwraped2","cullface":"west"},"east":{"uv":[6.5,4.5,8.5,5],"texture":"#paladinmvpunwraped2","cullface":"west"}}},{"from":[-6,19,14],"to":[-5,20,17],"faces":{"up":{"uv":[3.5,11.5,4,12],"texture":"#paladinmvpunwraped2","cullface":"west"},"north":{"uv":[9.5,6.5,10,7],"texture":"#paladinmvpunwraped","cullface":"west"},"south":{"uv":[9.5,6.5,10,7],"texture":"#paladinmvpunwraped","cullface":"west"},"west":{"uv":[7.5,4.5,6,5],"texture":"#paladinmvpunwraped2","cullface":"west"},"east":{"uv":[6,4.5,7.5,5],"texture":"#paladinmvpunwraped2","cullface":"west"}}},{"from":[-7,19,17],"to":[-6,20,19],"faces":{"down":{"uv":[7.5,6,8,6.5],"texture":"#paladinmvpunwraped2","cullface":"west"},"up":{"uv":[7.5,6,8,6.5],"texture":"#paladinmvpunwraped2","cullface":"west"},"north":{"uv":[9.5,6.5,10,7],"texture":"#paladinmvpunwraped","cullface":"west"},"south":{"uv":[9.5,6.5,10,7],"texture":"#paladinmvpunwraped","cullface":"west"},"west":{"uv":[6,4.5,5,5],"texture":"#paladinmvpunwraped2","cullface":"west"},"east":{"uv":[5,4.5,6,5],"texture":"#paladinmvpunwraped2","cullface":"west"}}},{"from":[-5,20,13],"to":[-4,21,16],"faces":{"up":{"uv":[6.5,3.5,7,5],"texture":"#paladinmvpunwraped2","cullface":"west"},"north":{"uv":[10.5,7,11,7.5],"texture":"#paladinmvpunwraped","cullface":"west"},"south":{"uv":[11,6.5,11.5,7],"texture":"#paladinmvpunwraped","cullface":"west"},"west":{"uv":[8,4,6.5,4.5],"texture":"#paladinmvpunwraped2","cullface":"west"},"east":{"uv":[6.5,4,8,4.5],"texture":"#paladinmvpunwraped2","cullface":"west"}}},{"from":[-6,20,15],"to":[-5,21,18],"faces":{"down":{"uv":[6,3.5,6.5,5],"texture":"#paladinmvpunwraped2","cullface":"west"},"up":{"uv":[6,3.5,6.5,5],"texture":"#paladinmvpunwraped2","cullface":"west"},"north":{"uv":[10.5,5,11,5.5],"texture":"#paladinmvpunwraped","cullface":"west"},"south":{"uv":[9.5,5,10,5.5],"texture":"#paladinmvpunwraped","cullface":"west"},"west":{"uv":[7,4,5.5,4.5],"texture":"#paladinmvpunwraped2","cullface":"west"},"east":{"uv":[5.5,4,7,4.5],"texture":"#paladinmvpunwraped2","cullface":"west"}}},{"from":[-7,20,18],"to":[-6,22,19],"faces":{"north":{"uv":[11.5,3.5,12,4.5],"texture":"#paladinmvpunwraped","cullface":"west"},"south":{"uv":[11.5,3.5,12,4.5],"texture":"#paladinmvpunwraped","cullface":"west"},"west":{"uv":[5.5,3.5,5,4.5],"texture":"#paladinmvpunwraped2","cullface":"west"},"east":{"uv":[5,3.5,5.5,4.5],"texture":"#paladinmvpunwraped2","cullface":"west"}}},{"from":[-8,20,19],"to":[-7,21,21],"faces":{"down":{"uv":[6,6,6.5,6.5],"texture":"#paladinmvpunwraped2","cullface":"west"},"up":{"uv":[6,6,6.5,6.5],"texture":"#paladinmvpunwraped2","cullface":"west"},"north":{"uv":[9.5,5.5,10,6],"texture":"#paladinmvpunwraped","cullface":"west"},"south":{"uv":[9.5,5.5,10,6],"texture":"#paladinmvpunwraped","cullface":"west"},"west":{"uv":[4,4,5,4.5],"texture":"#paladinmvpunwraped2","cullface":"west"},"east":{"uv":[4,4,5,4.5],"texture":"#paladinmvpunwraped2","cullface":"west"}}},{"from":[-5,21,14],"to":[-4,22,16],"faces":{"north":{"uv":[10.5,7,11,7.5],"texture":"#paladinmvpunwraped","cullface":"west"},"south":{"uv":[10.5,7,11,7.5],"texture":"#paladinmvpunwraped","cullface":"west"},"west":{"uv":[6.5,3.5,7.5,4],"texture":"#paladinmvpunwraped2","cullface":"west"},"east":{"uv":[6.5,3.5,7.5,4],"texture":"#paladinmvpunwraped2","cullface":"west"}}},{"from":[-6,21,16],"to":[-5,22,18],"faces":{"north":{"uv":[10.5,5,11,5.5],"texture":"#paladinmvpunwraped","cullface":"west"},"south":{"uv":[10.5,5,11,5.5],"texture":"#paladinmvpunwraped","cullface":"west"},"west":{"uv":[5.5,3.5,6.5,4],"texture":"#paladinmvpunwraped2","cullface":"west"},"east":{"uv":[5.5,3.5,6.5,4],"texture":"#paladinmvpunwraped2","cullface":"west"}}},{"from":[-8,21,20],"to":[-7,22,22],"faces":{"down":{"uv":[7,6.5,7.5,5.5],"texture":"#paladinmvpunwraped2","cullface":"west"},"up":{"uv":[7,5.5,7.5,6.5],"texture":"#paladinmvpunwraped2","cullface":"west"},"north":{"uv":[9.5,6.5,10,7],"texture":"#paladinmvpunwraped","cullface":"west"},"south":{"uv":[10,6,10.5,6.5],"texture":"#paladinmvpunwraped","cullface":"west"},"west":{"uv":[4.5,3.5,3.5,4],"texture":"#paladinmvpunwraped2","cullface":"west"},"east":{"uv":[3.5,3.5,4.5,4],"texture":"#paladinmvpunwraped2","cullface":"west"}}},{"from":[-7,21,19],"to":[-6,22,20],"faces":{"down":{"uv":[8.5,5.5,9,6],"texture":"#paladinmvpunwraped2","cullface":"west"},"up":{"uv":[8.5,5.5,9,6],"texture":"#paladinmvpunwraped2","cullface":"west"},"south":{"uv":[10,3.5,10.5,4],"texture":"#paladinmvpunwraped","cullface":"west"},"west":{"uv":[4.5,3.5,5,4],"texture":"#paladinmvpunwraped2","cullface":"west"},"east":{"uv":[4.5,3.5,5,4],"texture":"#paladinmvpunwraped2","cullface":"west"}}},{"from":[-6,22,16],"to":[-5,23,18],"faces":{"up":{"uv":[8,7,8.5,7.5],"texture":"#paladinmvpunwraped2","cullface":"west"},"north":{"uv":[13.5,12,14,12.5],"texture":"#paladinmvpunwraped","cullface":"west"},"south":{"uv":[13.5,12,14,12.5],"texture":"#paladinmvpunwraped","cullface":"west"},"west":{"uv":[3,14.5,4,15],"texture":"#paladinmvpunwraped2","cullface":"west"},"east":{"uv":[3,14.5,4,15],"texture":"#paladinmvpunwraped2","cullface":"west"}}},{"from":[-7,22,18],"to":[-6,23,19],"faces":{"up":{"uv":[2.5,14.5,3,15],"texture":"#paladinmvpunwraped2","cullface":"west"},"north":{"uv":[14,13.5,14.5,14],"texture":"#paladinmvpunwraped","cullface":"west"},"south":{"uv":[14,13.5,14.5,14],"texture":"#paladinmvpunwraped","cullface":"west"},"west":{"uv":[2.5,14.5,3,15],"texture":"#paladinmvpunwraped2","cullface":"west"},"east":{"uv":[2.5,14.5,3,15],"texture":"#paladinmvpunwraped2","cullface":"west"}}},{"from":[-5,22,12],"to":[-4,23,16],"faces":{"down":{"uv":[7.5,5,8,7],"texture":"#paladinmvpunwraped2","cullface":"west"},"up":{"uv":[8,6,8.5,6.5],"texture":"#paladinmvpunwraped2","cullface":"west"},"north":{"uv":[14,10,14.5,10.5],"texture":"#paladinmvpunwraped","cullface":"west"},"south":{"uv":[13,10,13.5,10.5],"texture":"#paladinmvpunwraped","cullface":"west"},"west":{"uv":[6,14.5,4,15],"texture":"#paladinmvpunwraped2","cullface":"west"},"east":{"uv":[4,14.5,6,15],"texture":"#paladinmvpunwraped2","cullface":"west"}}},{"from":[-5,23,13],"to":[-4,24,17],"faces":{"down":{"uv":[6.5,3.5,7,4],"texture":"#paladinmvpunwraped2","cullface":"west"},"up":{"uv":[6.5,3.5,7,4],"texture":"#paladinmvpunwraped2","cullface":"west"},"north":{"uv":[10.5,6,11,6.5],"texture":"#paladinmvpunwraped","cullface":"west"},"south":{"uv":[10,6,10.5,6.5],"texture":"#paladinmvpunwraped","cullface":"west"},"west":{"uv":[5.5,14,3.5,14.5],"texture":"#paladinmvpunwraped2","cullface":"west"},"east":{"uv":[3.5,14,5.5,14.5],"texture":"#paladinmvpunwraped2","cullface":"west"}}},{"from":[-6,23,17],"to":[-5,24,20],"faces":{"down":{"uv":[2,14,2.5,14.5],"texture":"#paladinmvpunwraped2","cullface":"west"},"up":{"uv":[2,14,2.5,14.5],"texture":"#paladinmvpunwraped2","cullface":"west"},"south":{"uv":[9.5,5.5,10,6],"texture":"#paladinmvpunwraped","cullface":"west"},"west":{"uv":[3.5,14,2,14.5],"texture":"#paladinmvpunwraped2","cullface":"west"},"east":{"uv":[2,14,3.5,14.5],"texture":"#paladinmvpunwraped2","cullface":"west"}}},{"from":[-7,23,20],"to":[-6,24,21],"faces":{"down":{"uv":[1.5,14,2,14.5],"texture":"#paladinmvpunwraped2","cullface":"west"},"north":{"uv":[9.5,6,10,6.5],"texture":"#paladinmvpunwraped","cullface":"west"},"south":{"uv":[9.5,6,10,6.5],"texture":"#paladinmvpunwraped","cullface":"west"},"west":{"uv":[1.5,14,2,14.5],"texture":"#paladinmvpunwraped2","cullface":"west"},"east":{"uv":[1.5,14,2,14.5],"texture":"#paladinmvpunwraped2","cullface":"west"}}},{"from":[-5,24,14],"to":[-4,25,17],"faces":{"up":{"uv":[5,11.5,5.5,13],"texture":"#paladinmvpunwraped2","cullface":"west"},"north":{"uv":[13.5,8.5,14,9],"texture":"#paladinmvpunwraped","cullface":"west"},"south":{"uv":[13,8.5,13.5,9],"texture":"#paladinmvpunwraped","cullface":"west"},"west":{"uv":[5,13.5,3.5,14],"texture":"#paladinmvpunwraped2","cullface":"west"},"east":{"uv":[3.5,13.5,5,14],"texture":"#paladinmvpunwraped2","cullface":"west"}}},{"from":[-6,24,18],"to":[-5,25,21],"faces":{"down":{"uv":[2.5,13.5,3,14],"texture":"#paladinmvpunwraped2","cullface":"west"},"south":{"uv":[13,11,13.5,11.5],"texture":"#paladinmvpunwraped","cullface":"west"},"west":{"uv":[1.5,13.5,3,14],"texture":"#paladinmvpunwraped2","cullface":"west"},"east":{"uv":[1.5,13.5,3,14],"texture":"#paladinmvpunwraped2","cullface":"west"}}},{"from":[-7,24,20],"to":[-6,25,22],"faces":{"down":{"uv":[1,13.5,1.5,14],"texture":"#paladinmvpunwraped2","cullface":"west"},"up":{"uv":[1,13.5,1.5,14],"texture":"#paladinmvpunwraped2","cullface":"west"},"north":{"uv":[9.5,6.5,10,7],"texture":"#paladinmvpunwraped","cullface":"west"},"south":{"uv":[9.5,6.5,10,7],"texture":"#paladinmvpunwraped","cullface":"west"},"west":{"uv":[1,13.5,2,14],"texture":"#paladinmvpunwraped2","cullface":"west"},"east":{"uv":[1,13.5,2,14],"texture":"#paladinmvpunwraped2","cullface":"west"}}},{"from":[-7,25,21],"to":[-6,26,23],"faces":{"down":{"uv":[1,13,1.5,13.5],"texture":"#paladinmvpunwraped2","cullface":"west"},"up":{"uv":[0.5,13,1,13.5],"texture":"#paladinmvpunwraped2","cullface":"west"},"north":{"uv":[10,6.5,10.5,7],"texture":"#paladinmvpunwraped","cullface":"west"},"south":{"uv":[10.5,6.5,11,7],"texture":"#paladinmvpunwraped","cullface":"west"},"west":{"uv":[0.5,13,1.5,13.5],"texture":"#paladinmvpunwraped2","cullface":"west"},"east":{"uv":[0.5,13,1.5,13.5],"texture":"#paladinmvpunwraped2","cullface":"west"}}},{"from":[-6,25,18],"to":[-5,26,21],"faces":{"north":{"uv":[9.5,6.5,10,7],"texture":"#paladinmvpunwraped","cullface":"west"},"south":{"uv":[9.5,6.5,10,7],"texture":"#paladinmvpunwraped","cullface":"west"},"west":{"uv":[1.5,13,3,13.5],"texture":"#paladinmvpunwraped2","cullface":"west"},"east":{"uv":[1.5,13,3,13.5],"texture":"#paladinmvpunwraped2","cullface":"west"}}},{"from":[-5,25,16],"to":[-4,26,19],"faces":{"down":{"uv":[4,12,4.5,10.5],"texture":"#paladinmvpunwraped2","cullface":"west"},"north":{"uv":[10,4,10.5,4.5],"texture":"#paladinmvpunwraped","cullface":"west"},"south":{"uv":[9.5,4,10,4.5],"texture":"#paladinmvpunwraped","cullface":"west"},"west":{"uv":[4,13,2.5,13.5],"texture":"#paladinmvpunwraped2","cullface":"west"},"east":{"uv":[2.5,13,4,13.5],"texture":"#paladinmvpunwraped2","cullface":"west"}}},{"from":[-6,24,17],"to":[-5,25,18],"faces":{"up":{"uv":[3,13.5,3.5,14],"texture":"#paladinmvpunwraped2","cullface":"west"},"north":{"uv":[9.5,6,10,6.5],"texture":"#paladinmvpunwraped","cullface":"west"},"west":{"uv":[3,13.5,3.5,14],"texture":"#paladinmvpunwraped2","cullface":"west"},"east":{"uv":[3,13.5,3.5,14],"texture":"#paladinmvpunwraped2","cullface":"west"}}},{"from":[-6,23,15],"to":[-5,24,17],"faces":{"down":{"uv":[3.5,14,4,14.5],"texture":"#paladinmvpunwraped2","cullface":"west"},"up":{"uv":[3.5,14,4,14.5],"texture":"#paladinmvpunwraped2","cullface":"west"},"north":{"uv":[9.5,5.5,10,6],"texture":"#paladinmvpunwraped","cullface":"west"},"west":{"uv":[3.5,14,4.5,14.5],"texture":"#paladinmvpunwraped2","cullface":"west"}}},{"from":[-5,26,15],"to":[-4,27,19],"faces":{"down":{"uv":[3,13,3.5,12],"texture":"#paladinmvpunwraped2","cullface":"west"},"up":{"uv":[3,12,3.5,13],"texture":"#paladinmvpunwraped2","cullface":"west"},"north":{"uv":[10.5,6.5,11,7],"texture":"#paladinmvpunwraped","cullface":"west"},"south":{"uv":[11,6.5,11.5,7],"texture":"#paladinmvpunwraped","cullface":"west"},"west":{"uv":[4.5,12.5,2.5,13],"texture":"#paladinmvpunwraped2","cullface":"west"},"east":{"uv":[2.5,12.5,4.5,13],"texture":"#paladinmvpunwraped2","cullface":"west"}}},{"from":[-6,26,17],"to":[-5,27,21],"faces":{"down":{"uv":[4,10.5,4.5,11],"texture":"#paladinmvpunwraped2","cullface":"west"},"up":{"uv":[4,10.5,4.5,11],"texture":"#paladinmvpunwraped2","cullface":"west"},"north":{"uv":[10.5,4.5,11,5],"texture":"#paladinmvpunwraped","cullface":"west"},"south":{"uv":[10.5,4.5,11,5],"texture":"#paladinmvpunwraped","cullface":"west"},"west":{"uv":[1.5,12.5,3.5,13],"texture":"#paladinmvpunwraped2","cullface":"west"},"east":{"uv":[1.5,12.5,3.5,13],"texture":"#paladinmvpunwraped2","cullface":"west"}}},{"from":[-5,27,16],"to":[-4,28,20],"faces":{"down":{"uv":[3,12,3.5,12.5],"texture":"#paladinmvpunwraped2","cullface":"west"},"up":{"uv":[3,12,3.5,12.5],"texture":"#paladinmvpunwraped2","cullface":"west"},"north":{"uv":[10.5,7,11,7.5],"texture":"#paladinmvpunwraped","cullface":"west"},"south":{"uv":[10.5,7,11,7.5],"texture":"#paladinmvpunwraped","cullface":"west"},"west":{"uv":[2,12,4,12.5],"texture":"#paladinmvpunwraped2","cullface":"west"},"east":{"uv":[2,12,4,12.5],"texture":"#paladinmvpunwraped2","cullface":"west"}}},{"from":[-6,27,19],"to":[-5,28,21],"faces":{"up":{"uv":[3,12,3.5,12.5],"texture":"#paladinmvpunwraped2","cullface":"west"},"north":{"uv":[10.5,7,11,7.5],"texture":"#paladinmvpunwraped","cullface":"west"},"south":{"uv":[10.5,7,11,7.5],"texture":"#paladinmvpunwraped","cullface":"west"},"west":{"uv":[1.5,12,2.5,12.5],"texture":"#paladinmvpunwraped2","cullface":"west"},"east":{"uv":[1.5,12,2.5,12.5],"texture":"#paladinmvpunwraped2","cullface":"west"}}},{"from":[-5,28,18],"to":[-4,29,22],"faces":{"down":{"uv":[1,11.5,1.5,12],"texture":"#paladinmvpunwraped2","cullface":"west"},"north":{"uv":[9.5,6,10,6.5],"texture":"#paladinmvpunwraped","cullface":"west"},"south":{"uv":[9.5,6,10,6.5],"texture":"#paladinmvpunwraped","cullface":"west"},"west":{"uv":[1,11.5,3,12],"texture":"#paladinmvpunwraped2","cullface":"west"},"east":{"uv":[1,11.5,3,12],"texture":"#paladinmvpunwraped2","cullface":"west"}}},{"from":[-5,29,17],"to":[-4,30,23],"faces":{"down":{"uv":[3.5,11.5,4,12],"texture":"#paladinmvpunwraped2","cullface":"west"},"up":{"uv":[3.5,11.5,4,12],"texture":"#paladinmvpunwraped2","cullface":"west"},"north":{"uv":[9.5,6,10,6.5],"texture":"#paladinmvpunwraped","cullface":"west"},"south":{"uv":[9.5,6,10,6.5],"texture":"#paladinmvpunwraped","cullface":"west"},"west":{"uv":[0.5,11,3.5,11.5],"texture":"#paladinmvpunwraped2","cullface":"west"},"east":{"uv":[0.5,11,3.5,11.5],"texture":"#paladinmvpunwraped2","cullface":"west"}}},{"from":[-6,14,12],"to":[-5,15,13],"faces":{"down":{"uv":[7.5,6.5,8,7],"texture":"#paladinmvpunwraped2","cullface":"west"},"south":{"uv":[14.5,13.5,15,14],"texture":"#paladinmvpunwraped","cullface":"west"},"west":{"uv":[8.5,7,9,7.5],"texture":"#paladinmvpunwraped2","cullface":"west"}}},{"from":[16,13,4],"to":[18,16,13],"faces":{"down":{"uv":[8.5,7.5,9,8],"texture":"#paladinmvpunwraped2","cullface":"east"},"up":{"uv":[8.5,7.5,9,8],"texture":"#paladinmvpunwraped2","cullface":"east"},"north":{"uv":[11.5,8,12.5,9.5],"texture":"#paladinmvpunwraped","cullface":"east"},"south":{"uv":[12.5,8,11.5,9.5],"texture":"#paladinmvpunwraped","cullface":"east"},"east":{"uv":[8,6.5,11.5,8],"texture":"#paladinmvpunwraped2","cullface":"east"}}},{"from":[18,13,8],"to":[19,16,11],"faces":{"down":{"uv":[9,6.5,9.5,8],"texture":"#paladinmvpunwraped2","cullface":"east"},"up":{"uv":[9,8,9.5,6.5],"texture":"#paladinmvpunwraped2","cullface":"east"},"north":{"uv":[10,6.5,10.5,8],"texture":"#paladinmvpunwraped2","cullface":"east"},"south":{"uv":[9,6.5,9.5,8],"texture":"#paladinmvpunwraped2","cullface":"east"},"east":{"uv":[9,6.5,10.5,8],"texture":"#paladinmvpunwraped2","cullface":"east"}}},{"from":[18,14,11],"to":[20,15,12],"faces":{"down":{"uv":[4,12,4.5,12.5],"texture":"#paladinmvpunwraped2","cullface":"east"},"up":{"uv":[4,12,4.5,12.5],"texture":"#paladinmvpunwraped2","cullface":"east"},"north":{"uv":[10.5,7,11,7.5],"texture":"#paladinmvpunwraped","cullface":"east"},"south":{"uv":[10.5,7,11,7.5],"texture":"#paladinmvpunwraped","cullface":"east"},"east":{"uv":[8.5,7,9,7.5],"texture":"#paladinmvpunwraped2","cullface":"east"}}},{"from":[18,14,12],"to":[19,16,14],"faces":{"down":{"uv":[7.5,6.5,8,7],"texture":"#paladinmvpunwraped2","cullface":"east"},"north":{"uv":[15,12.5,15.5,11.5],"texture":"#paladinmvpunwraped","cullface":"east"},"south":{"uv":[15,11.5,15.5,12],"texture":"#paladinmvpunwraped","cullface":"east"},"west":{"uv":[8.5,6.5,7.5,7.5],"texture":"#paladinmvpunwraped2","cullface":"east"},"east":{"uv":[7.5,6.5,8.5,7.5],"texture":"#paladinmvpunwraped2","cullface":"east"}}},{"from":[19,15,11],"to":[20,16,14],"faces":{"down":{"uv":[6,5,6.5,6.5],"texture":"#paladinmvpunwraped2","cullface":"east"},"up":{"uv":[6,6.5,6.5,5],"texture":"#paladinmvpunwraped2","cullface":"east"},"north":{"uv":[9.5,6,10,6.5],"texture":"#paladinmvpunwraped","cullface":"east"},"south":{"uv":[10,5.5,10.5,6],"texture":"#paladinmvpunwraped","cullface":"east"},"west":{"uv":[9,6.5,7.5,7],"texture":"#paladinmvpunwraped2","cullface":"east"},"east":{"uv":[7.5,6.5,9,7],"texture":"#paladinmvpunwraped2","cullface":"east"}}},{"from":[20,15,13],"to":[21,16,16],"faces":{"down":{"uv":[7.5,6.5,8,7],"texture":"#paladinmvpunwraped2","cullface":"east"},"up":{"uv":[7.5,6.5,8,7],"texture":"#paladinmvpunwraped2","cullface":"east"},"north":{"uv":[10.5,6,11,6.5],"texture":"#paladinmvpunwraped","cullface":"east"},"south":{"uv":[10.5,6,11,6.5],"texture":"#paladinmvpunwraped","cullface":"east"},"west":{"uv":[6.5,6.5,8,7],"texture":"#paladinmvpunwraped2","cullface":"east"},"east":{"uv":[6.5,6.5,8,7],"texture":"#paladinmvpunwraped2","cullface":"east"}}},{"from":[17,16,10],"to":[18,17,11],"faces":{"north":{"uv":[10.5,7.5,11,8],"texture":"#paladinmvpunwraped","cullface":"east"},"south":{"uv":[10.5,7.5,11,8],"texture":"#paladinmvpunwraped","cullface":"east"},"west":{"uv":[9,6,9.5,6.5],"texture":"#paladinmvpunwraped2","cullface":"east"},"east":{"uv":[9,6,9.5,6.5],"texture":"#paladinmvpunwraped2","cullface":"east"}}},{"from":[18,16,11],"to":[19,17,13],"faces":{"down":{"uv":[6.5,5.5,7,6.5],"texture":"#paladinmvpunwraped2","cullface":"east"},"north":{"uv":[10,3.5,10.5,4],"texture":"#paladinmvpunwraped","cullface":"east"},"south":{"uv":[9.5,3.5,10,4],"texture":"#paladinmvpunwraped","cullface":"east"},"west":{"uv":[9,6,8,6.5],"texture":"#paladinmvpunwraped2","cullface":"east"},"east":{"uv":[8,6,9,6.5],"texture":"#paladinmvpunwraped2","cullface":"east"}}},{"from":[19,16,13],"to":[20,17,15],"faces":{"down":{"uv":[3.5,11.5,4,12],"texture":"#paladinmvpunwraped2","cullface":"east"},"north":{"uv":[9.5,6,10,6.5],"texture":"#paladinmvpunwraped","cullface":"east"},"south":{"uv":[9.5,6,10,6.5],"texture":"#paladinmvpunwraped","cullface":"east"},"west":{"uv":[7.5,6,8.5,6.5],"texture":"#paladinmvpunwraped2","cullface":"east"},"east":{"uv":[7.5,6,8.5,6.5],"texture":"#paladinmvpunwraped2","cullface":"east"}}},{"from":[20,16,14],"to":[21,17,16],"faces":{"up":{"uv":[1.5,14,2,14.5],"texture":"#paladinmvpunwraped2","cullface":"east"},"north":{"uv":[9.5,6.5,10,7],"texture":"#paladinmvpunwraped","cullface":"east"},"south":{"uv":[9.5,6.5,10,7],"texture":"#paladinmvpunwraped","cullface":"east"},"west":{"uv":[6.5,6,7.5,6.5],"texture":"#paladinmvpunwraped2","cullface":"east"},"east":{"uv":[6.5,6,7.5,6.5],"texture":"#paladinmvpunwraped2","cullface":"east"}}},{"from":[21,16,16],"to":[22,17,17],"faces":{"down":{"uv":[6,6,6.5,6.5],"texture":"#paladinmvpunwraped2","cullface":"east"},"up":{"uv":[6,6,6.5,6.5],"texture":"#paladinmvpunwraped2","cullface":"east"},"north":{"uv":[9.5,6.5,10,7],"texture":"#paladinmvpunwraped","cullface":"east"},"south":{"uv":[9.5,6.5,10,7],"texture":"#paladinmvpunwraped","cullface":"east"},"west":{"uv":[6,6,6.5,6.5],"texture":"#paladinmvpunwraped2","cullface":"east"},"east":{"uv":[6,6,6.5,6.5],"texture":"#paladinmvpunwraped2","cullface":"east"}}},{"from":[17,17,10],"to":[18,18,12],"faces":{"down":{"uv":[6.5,5,7,6],"texture":"#paladinmvpunwraped2","cullface":"east"},"north":{"uv":[10,4.5,10.5,5],"texture":"#paladinmvpunwraped","cullface":"east"},"south":{"uv":[10.5,4.5,11,5],"texture":"#paladinmvpunwraped","cullface":"east"},"west":{"uv":[9.5,5.5,8.5,6],"texture":"#paladinmvpunwraped2","cullface":"east"},"east":{"uv":[8.5,5.5,9.5,6],"texture":"#paladinmvpunwraped2","cullface":"east"}}},{"from":[18,17,11],"to":[19,18,14],"faces":{"down":{"uv":[6,13,6.5,14.5],"texture":"#paladinmvpunwraped2","cullface":"east"},"up":{"uv":[6,13,6.5,14.5],"texture":"#paladinmvpunwraped2","cullface":"east"},"north":{"uv":[10.5,4.5,11,5],"texture":"#paladinmvpunwraped","cullface":"east"},"south":{"uv":[10.5,4.5,11,5],"texture":"#paladinmvpunwraped","cullface":"east"},"west":{"uv":[9,5.5,7.5,6],"texture":"#paladinmvpunwraped2","cullface":"east"},"east":{"uv":[7.5,5.5,9,6],"texture":"#paladinmvpunwraped2","cullface":"east"}}},{"from":[19,17,13],"to":[20,18,16],"faces":{"down":{"uv":[6,13,6.5,14.5],"texture":"#paladinmvpunwraped2","cullface":"east"},"up":{"uv":[6,13,6.5,14.5],"texture":"#paladinmvpunwraped2","cullface":"east"},"north":{"uv":[10,4,10.5,4.5],"texture":"#paladinmvpunwraped","cullface":"east"},"south":{"uv":[10,4,10.5,4.5],"texture":"#paladinmvpunwraped","cullface":"east"},"west":{"uv":[8,5.5,6.5,6],"texture":"#paladinmvpunwraped2","cullface":"east"},"east":{"uv":[6.5,5.5,8,6],"texture":"#paladinmvpunwraped2","cullface":"east"}}},{"from":[20,17,15],"to":[21,18,17],"faces":{"down":{"uv":[3.5,14,4,13],"texture":"#paladinmvpunwraped2","cullface":"east"},"up":{"uv":[3.5,13,4,14],"texture":"#paladinmvpunwraped2","cullface":"east"},"north":{"uv":[10,4,10.5,4.5],"texture":"#paladinmvpunwraped","cullface":"east"},"south":{"uv":[9.5,4,10,4.5],"texture":"#paladinmvpunwraped","cullface":"east"},"west":{"uv":[7,5.5,6,6],"texture":"#paladinmvpunwraped2","cullface":"east"},"east":{"uv":[6,5.5,7,6],"texture":"#paladinmvpunwraped2","cullface":"east"}}},{"from":[21,17,17],"to":[22,18,18],"faces":{"down":{"uv":[6,6,6.5,6.5],"texture":"#paladinmvpunwraped2","cullface":"east"},"up":{"uv":[6,6,6.5,6.5],"texture":"#paladinmvpunwraped2","cullface":"east"},"north":{"uv":[9.5,6,10,6.5],"texture":"#paladinmvpunwraped","cullface":"east"},"south":{"uv":[9.5,6,10,6.5],"texture":"#paladinmvpunwraped","cullface":"east"},"west":{"uv":[5.5,5.5,6,6],"texture":"#paladinmvpunwraped2","cullface":"east"},"east":{"uv":[5.5,5.5,6,6],"texture":"#paladinmvpunwraped2","cullface":"east"}}},{"from":[17,18,9],"to":[18,19,13],"faces":{"down":{"uv":[6,3.5,6.5,4.5],"texture":"#paladinmvpunwraped2","cullface":"east"},"north":{"uv":[9.5,6,10,6.5],"texture":"#paladinmvpunwraped","cullface":"east"},"south":{"uv":[11,6,11.5,6.5],"texture":"#paladinmvpunwraped","cullface":"east"},"west":{"uv":[10,5,8,5.5],"texture":"#paladinmvpunwraped2","cullface":"east"},"east":{"uv":[8,5,10,5.5],"texture":"#paladinmvpunwraped2","cullface":"east"}}},{"from":[18,18,12],"to":[19,19,15],"faces":{"down":{"uv":[6.5,5,7,5.5],"texture":"#paladinmvpunwraped2","cullface":"east"},"north":{"uv":[10,5,10.5,5.5],"texture":"#paladinmvpunwraped","cullface":"east"},"south":{"uv":[10,5,10.5,5.5],"texture":"#paladinmvpunwraped","cullface":"east"},"west":{"uv":[9,5,7.5,5.5],"texture":"#paladinmvpunwraped2","cullface":"east"},"east":{"uv":[7.5,5,9,5.5],"texture":"#paladinmvpunwraped2","cullface":"east"}}},{"from":[19,18,14],"to":[20,19,17],"faces":{"down":{"uv":[7.5,7,8,7.5],"texture":"#paladinmvpunwraped2","cullface":"east"},"north":{"uv":[10.5,6,11,6.5],"texture":"#paladinmvpunwraped","cullface":"east"},"south":{"uv":[10.5,6,11,6.5],"texture":"#paladinmvpunwraped","cullface":"east"},"west":{"uv":[7.5,5,6,5.5],"texture":"#paladinmvpunwraped2","cullface":"east"},"east":{"uv":[6,5,7.5,5.5],"texture":"#paladinmvpunwraped2","cullface":"east"}}},{"from":[20,18,16],"to":[21,19,18],"faces":{"down":{"uv":[7.5,7,8,7.5],"texture":"#paladinmvpunwraped2","cullface":"east"},"up":{"uv":[7.5,7,8,7.5],"texture":"#paladinmvpunwraped2","cullface":"east"},"north":{"uv":[10.5,7.5,11,8],"texture":"#paladinmvpunwraped","cullface":"east"},"south":{"uv":[10.5,7.5,11,8],"texture":"#paladinmvpunwraped","cullface":"east"},"west":{"uv":[5.5,5,6.5,5.5],"texture":"#paladinmvpunwraped2","cullface":"east"},"east":{"uv":[5.5,5,6.5,5.5],"texture":"#paladinmvpunwraped2","cullface":"east"}}},{"from":[21,18,18],"to":[22,19,19],"faces":{"down":{"uv":[6,6,6.5,6.5],"texture":"#paladinmvpunwraped2","cullface":"east"},"up":{"uv":[6,6,6.5,6.5],"texture":"#paladinmvpunwraped2","cullface":"east"},"north":{"uv":[9.5,5.5,10,6],"texture":"#paladinmvpunwraped","cullface":"east"},"south":{"uv":[9.5,5.5,10,6],"texture":"#paladinmvpunwraped","cullface":"east"},"west":{"uv":[5,5,5.5,5.5],"texture":"#paladinmvpunwraped2","cullface":"east"},"east":{"uv":[5,5,5.5,5.5],"texture":"#paladinmvpunwraped2","cullface":"east"}}},{"from":[17,19,9],"to":[18,20,13],"faces":{"north":{"uv":[10.5,5.5,11,6],"texture":"#paladinmvpunwraped","cullface":"east"},"south":{"uv":[10,5.5,10.5,6],"texture":"#paladinmvpunwraped","cullface":"east"},"west":{"uv":[10,4.5,8,5],"texture":"#paladinmvpunwraped2","cullface":"east"},"east":{"uv":[8,4.5,10,5],"texture":"#paladinmvpunwraped2","cullface":"east"}}},{"from":[18,19,12],"to":[19,20,16],"faces":{"down":{"uv":[6.5,5,7,3.5],"texture":"#paladinmvpunwraped2","cullface":"east"},"up":{"uv":[6.5,3.5,7,5],"texture":"#paladinmvpunwraped2","cullface":"east"},"north":{"uv":[10.5,6,11,6.5],"texture":"#paladinmvpunwraped","cullface":"east"},"south":{"uv":[10,6,10.5,6.5],"texture":"#paladinmvpunwraped","cullface":"east"},"west":{"uv":[9,4.5,7,5],"texture":"#paladinmvpunwraped2","cullface":"east"},"east":{"uv":[7,4.5,9,5],"texture":"#paladinmvpunwraped2","cullface":"east"}}},{"from":[19,19,14],"to":[20,20,17],"faces":{"up":{"uv":[4.5,11.5,5,12],"texture":"#paladinmvpunwraped2","cullface":"east"},"north":{"uv":[9.5,4.5,10,5],"texture":"#paladinmvpunwraped","cullface":"east"},"south":{"uv":[9.5,4.5,10,5],"texture":"#paladinmvpunwraped","cullface":"east"},"west":{"uv":[6,4.5,7.5,5],"texture":"#paladinmvpunwraped2","cullface":"east"},"east":{"uv":[6,4.5,7.5,5],"texture":"#paladinmvpunwraped2","cullface":"east"}}},{"from":[20,19,17],"to":[21,20,19],"faces":{"down":{"uv":[6,5.5,6.5,6],"texture":"#paladinmvpunwraped2","cullface":"east"},"up":{"uv":[6,5.5,6.5,6],"texture":"#paladinmvpunwraped2","cullface":"east"},"north":{"uv":[9.5,5,10,5.5],"texture":"#paladinmvpunwraped","cullface":"east"},"south":{"uv":[9.5,5,10,5.5],"texture":"#paladinmvpunwraped","cullface":"east"},"west":{"uv":[5,4.5,6,5],"texture":"#paladinmvpunwraped2","cullface":"east"},"east":{"uv":[5,4.5,6,5],"texture":"#paladinmvpunwraped2","cullface":"east"}}},{"from":[21,19,19],"to":[22,20,20],"faces":{"down":{"uv":[7,6,7.5,6.5],"texture":"#paladinmvpunwraped2","cullface":"east"},"north":{"uv":[9.5,5,10,5.5],"texture":"#paladinmvpunwraped","cullface":"east"},"south":{"uv":[9.5,5,10,5.5],"texture":"#paladinmvpunwraped","cullface":"east"},"west":{"uv":[4.5,4.5,5,5],"texture":"#paladinmvpunwraped2","cullface":"east"},"east":{"uv":[4.5,4.5,5,5],"texture":"#paladinmvpunwraped2","cullface":"east"}}},{"from":[17,20,9],"to":[18,21,13],"faces":{"north":{"uv":[10,3.5,10.5,4],"texture":"#paladinmvpunwraped","cullface":"east"},"south":{"uv":[9.5,3.5,10,4],"texture":"#paladinmvpunwraped","cullface":"east"},"west":{"uv":[10,4,8,4.5],"texture":"#paladinmvpunwraped2","cullface":"east"},"east":{"uv":[8,4,10,4.5],"texture":"#paladinmvpunwraped2","cullface":"east"}}},{"from":[18,20,13],"to":[19,21,16],"faces":{"up":{"uv":[4.5,12.5,5,14],"texture":"#paladinmvpunwraped2","cullface":"east"},"north":{"uv":[9.5,4,10,4.5],"texture":"#paladinmvpunwraped","cullface":"east"},"south":{"uv":[10,4,10.5,4.5],"texture":"#paladinmvpunwraped","cullface":"east"},"west":{"uv":[8.5,4,7,4.5],"texture":"#paladinmvpunwraped2","cullface":"east"},"east":{"uv":[7,4,8.5,4.5],"texture":"#paladinmvpunwraped2","cullface":"east"}}},{"from":[19,20,15],"to":[20,21,18],"faces":{"down":{"uv":[6,5,6.5,3.5],"texture":"#paladinmvpunwraped2","cullface":"east"},"up":{"uv":[6,3.5,6.5,5],"texture":"#paladinmvpunwraped2","cullface":"east"},"north":{"uv":[10,3.5,10.5,4],"texture":"#paladinmvpunwraped","cullface":"east"},"south":{"uv":[9.5,3.5,10,4],"texture":"#paladinmvpunwraped","cullface":"east"},"west":{"uv":[7.5,4,6,4.5],"texture":"#paladinmvpunwraped2","cullface":"east"},"east":{"uv":[6,4,7.5,4.5],"texture":"#paladinmvpunwraped2","cullface":"east"}}},{"from":[20,20,18],"to":[21,22,19],"faces":{"north":{"uv":[11.5,3.5,12,4.5],"texture":"#paladinmvpunwraped","cullface":"east"},"south":{"uv":[11.5,3.5,12,4.5],"texture":"#paladinmvpunwraped","cullface":"east"},"west":{"uv":[5.5,3.5,5,4.5],"texture":"#paladinmvpunwraped2","cullface":"east"},"east":{"uv":[5,3.5,5.5,4.5],"texture":"#paladinmvpunwraped2","cullface":"east"}}},{"from":[21,20,19],"to":[22,21,21],"faces":{"down":{"uv":[6.5,6,7,6.5],"texture":"#paladinmvpunwraped2","cullface":"east"},"up":{"uv":[6.5,6,7,6.5],"texture":"#paladinmvpunwraped2","cullface":"east"},"north":{"uv":[9.5,6.5,10,7],"texture":"#paladinmvpunwraped","cullface":"east"},"south":{"uv":[9.5,6.5,10,7],"texture":"#paladinmvpunwraped","cullface":"east"},"west":{"uv":[4,4,5,4.5],"texture":"#paladinmvpunwraped2","cullface":"east"},"east":{"uv":[4,4,5,4.5],"texture":"#paladinmvpunwraped2","cullface":"east"}}},{"from":[17,21,9],"to":[18,22,14],"faces":{"down":{"uv":[6,4.5,6.5,3.5],"texture":"#paladinmvpunwraped2","cullface":"east"},"up":{"uv":[6,3.5,6.5,4.5],"texture":"#paladinmvpunwraped2","cullface":"east"},"north":{"uv":[10,4,10.5,4.5],"texture":"#paladinmvpunwraped","cullface":"east"},"south":{"uv":[9.5,4,10,4.5],"texture":"#paladinmvpunwraped","cullface":"east"},"west":{"uv":[10,3.5,7.5,4],"texture":"#paladinmvpunwraped2","cullface":"east"},"east":{"uv":[7.5,3.5,10,4],"texture":"#paladinmvpunwraped2","cullface":"east"}}},{"from":[18,21,14],"to":[19,22,16],"faces":{"north":{"uv":[10,4,10.5,4.5],"texture":"#paladinmvpunwraped","cullface":"east"},"south":{"uv":[10,4.5,10.5,5],"texture":"#paladinmvpunwraped","cullface":"east"},"west":{"uv":[8,3.5,7,4],"texture":"#paladinmvpunwraped2","cullface":"east"},"east":{"uv":[7,3.5,8,4],"texture":"#paladinmvpunwraped2","cullface":"east"}}},{"from":[19,21,16],"to":[20,22,18],"faces":{"north":{"uv":[10,4.5,10.5,5],"texture":"#paladinmvpunwraped","cullface":"east"},"south":{"uv":[10,4,10.5,4.5],"texture":"#paladinmvpunwraped","cullface":"east"},"west":{"uv":[7,3.5,6,4],"texture":"#paladinmvpunwraped2","cullface":"east"},"east":{"uv":[6,3.5,7,4],"texture":"#paladinmvpunwraped2","cullface":"east"}}},{"from":[20,21,19],"to":[21,22,20],"faces":{"down":{"uv":[8,5.5,8.5,6],"texture":"#paladinmvpunwraped2","cullface":"east"},"up":{"uv":[8,5.5,8.5,6],"texture":"#paladinmvpunwraped2","cullface":"east"},"south":{"uv":[10,3.5,10.5,4],"texture":"#paladinmvpunwraped","cullface":"east"},"west":{"uv":[4.5,3.5,5,4],"texture":"#paladinmvpunwraped2","cullface":"east"},"east":{"uv":[4.5,3.5,5,4],"texture":"#paladinmvpunwraped2","cullface":"east"}}},{"from":[21,21,20],"to":[22,22,22],"faces":{"down":{"uv":[7.5,6.5,8,5.5],"texture":"#paladinmvpunwraped2","cullface":"east"},"up":{"uv":[7.5,5.5,8,6.5],"texture":"#paladinmvpunwraped2","cullface":"east"},"north":{"uv":[10,4,10.5,4.5],"texture":"#paladinmvpunwraped","cullface":"east"},"south":{"uv":[9.5,4,10,4.5],"texture":"#paladinmvpunwraped","cullface":"east"},"west":{"uv":[4.5,3.5,3.5,4],"texture":"#paladinmvpunwraped2","cullface":"east"},"east":{"uv":[3.5,3.5,4.5,4],"texture":"#paladinmvpunwraped2","cullface":"east"}}},{"from":[-5,16,12],"to":[-4,17,14],"faces":{"north":{"uv":[16,0,16,0],"texture":"#paladinmvpunwraped","cullface":"west"},"south":{"uv":[0,0,0,0],"texture":"#paladinmvpunwraped","cullface":"west"},"west":{"uv":[12,0,14,0],"texture":"#paladinmvpunwraped2","cullface":"west"},"east":{"uv":[2,0,4,0],"texture":"#paladinmvpunwraped2","cullface":"west"}}},{"from":[18,16,12],"to":[19,17,14],"faces":{"north":{"uv":[0,0,0,0],"texture":"#paladinmvpunwraped","cullface":"east"},"south":{"uv":[16,0,16,0],"texture":"#paladinmvpunwraped","cullface":"east"},"west":{"uv":[12,0,14,0],"texture":"#paladinmvpunwraped2","cullface":"east"},"east":{"uv":[2,0,4,0],"texture":"#paladinmvpunwraped2","cullface":"east"}}},{"from":[17,22,10],"to":[18,23,14],"faces":{"north":{"uv":[10,4,10.5,4.5],"texture":"#paladinmvpunwraped","cullface":"east"},"south":{"uv":[10,4,10.5,4.5],"texture":"#paladinmvpunwraped","cullface":"east"},"west":{"uv":[7,14.5,5,15],"texture":"#paladinmvpunwraped2","cullface":"east"},"east":{"uv":[5,14.5,7,15],"texture":"#paladinmvpunwraped2","cullface":"east"}}},{"from":[18,22,12],"to":[19,23,16],"faces":{"down":{"uv":[4,14.5,4.5,12.5],"texture":"#paladinmvpunwraped2","cullface":"east"},"up":{"uv":[4,12.5,4.5,14.5],"texture":"#paladinmvpunwraped2","cullface":"east"},"north":{"uv":[10,4.5,10.5,5],"texture":"#paladinmvpunwraped","cullface":"east"},"south":{"uv":[9.5,4.5,10,5],"texture":"#paladinmvpunwraped","cullface":"east"},"west":{"uv":[6,14.5,4,15],"texture":"#paladinmvpunwraped2","cullface":"east"},"east":{"uv":[4,14.5,6,15],"texture":"#paladinmvpunwraped2","cullface":"east"}}},{"from":[19,22,16],"to":[20,23,18],"faces":{"up":{"uv":[7.5,6.5,8,7],"texture":"#paladinmvpunwraped2","cullface":"east"},"north":{"uv":[10,4.5,10.5,5],"texture":"#paladinmvpunwraped","cullface":"east"},"south":{"uv":[10,4.5,10.5,5],"texture":"#paladinmvpunwraped","cullface":"east"},"west":{"uv":[3,14.5,4,15],"texture":"#paladinmvpunwraped2","cullface":"east"},"east":{"uv":[3,14.5,4,15],"texture":"#paladinmvpunwraped2","cullface":"east"}}},{"from":[20,22,18],"to":[21,23,19],"faces":{"up":{"uv":[2.5,14.5,3,15],"texture":"#paladinmvpunwraped2","cullface":"east"},"north":{"uv":[10,5.5,10.5,6],"texture":"#paladinmvpunwraped","cullface":"east"},"south":{"uv":[10,5.5,10.5,6],"texture":"#paladinmvpunwraped","cullface":"east"},"west":{"uv":[2.5,14.5,3,15],"texture":"#paladinmvpunwraped2","cullface":"east"},"east":{"uv":[2.5,14.5,3,15],"texture":"#paladinmvpunwraped2","cullface":"east"}}},{"from":[17,23,10],"to":[18,24,14],"faces":{"up":{"uv":[3,13,3.5,12],"texture":"#paladinmvpunwraped2","cullface":"east"},"north":{"uv":[10,4,10.5,4.5],"texture":"#paladinmvpunwraped","cullface":"east"},"south":{"uv":[10,4.5,10.5,5],"texture":"#paladinmvpunwraped","cullface":"east"},"west":{"uv":[7,14,5,14.5],"texture":"#paladinmvpunwraped2","cullface":"east"},"east":{"uv":[5,14,7,14.5],"texture":"#paladinmvpunwraped2","cullface":"east"}}},{"from":[18,23,13],"to":[19,24,17],"faces":{"down":{"uv":[4,14.5,4.5,12.5],"texture":"#paladinmvpunwraped2","cullface":"east"},"up":{"uv":[4,12.5,4.5,14.5],"texture":"#paladinmvpunwraped2","cullface":"east"},"north":{"uv":[10,5,10.5,5.5],"texture":"#paladinmvpunwraped","cullface":"east"},"south":{"uv":[9.5,5,10,5.5],"texture":"#paladinmvpunwraped","cullface":"east"},"west":{"uv":[5.5,14,3.5,14.5],"texture":"#paladinmvpunwraped2","cullface":"east"},"east":{"uv":[3.5,14,5.5,14.5],"texture":"#paladinmvpunwraped2","cullface":"east"}}},{"from":[19,23,17],"to":[20,24,20],"faces":{"down":{"uv":[6,6,6.5,6.5],"texture":"#paladinmvpunwraped2","cullface":"east"},"up":{"uv":[6,6,6.5,6.5],"texture":"#paladinmvpunwraped2","cullface":"east"},"north":{"uv":[9.5,5.5,10,6],"texture":"#paladinmvpunwraped","cullface":"east"},"south":{"uv":[9.5,5.5,10,6],"texture":"#paladinmvpunwraped","cullface":"east"},"west":{"uv":[2,14,3.5,14.5],"texture":"#paladinmvpunwraped2","cullface":"east"},"east":{"uv":[2,14,3.5,14.5],"texture":"#paladinmvpunwraped2","cullface":"east"}}},{"from":[20,23,20],"to":[21,24,21],"faces":{"down":{"uv":[6,6,6.5,6.5],"texture":"#paladinmvpunwraped2","cullface":"east"},"north":{"uv":[9.5,5.5,10,6],"texture":"#paladinmvpunwraped","cullface":"east"},"south":{"uv":[9.5,5.5,10,6],"texture":"#paladinmvpunwraped","cullface":"east"},"west":{"uv":[1.5,14,2,14.5],"texture":"#paladinmvpunwraped2","cullface":"east"},"east":{"uv":[1.5,14,2,14.5],"texture":"#paladinmvpunwraped2","cullface":"east"}}},{"from":[17,24,11],"to":[18,25,15],"faces":{"down":{"uv":[6.5,5.5,7,6],"texture":"#paladinmvpunwraped2","cullface":"east"},"north":{"uv":[10,4,10.5,4.5],"texture":"#paladinmvpunwraped","cullface":"east"},"south":{"uv":[10,4,10.5,4.5],"texture":"#paladinmvpunwraped","cullface":"east"},"west":{"uv":[6.5,13.5,4.5,14],"texture":"#paladinmvpunwraped2","cullface":"east"},"east":{"uv":[4.5,13.5,6.5,14],"texture":"#paladinmvpunwraped2","cullface":"east"}}},{"from":[18,24,14],"to":[19,25,17],"faces":{"up":{"uv":[5,11.5,5.5,13],"texture":"#paladinmvpunwraped2","cullface":"east"},"north":{"uv":[10,4,10.5,4.5],"texture":"#paladinmvpunwraped","cullface":"east"},"south":{"uv":[9.5,4,10,4.5],"texture":"#paladinmvpunwraped","cullface":"east"},"west":{"uv":[5,13.5,3.5,14],"texture":"#paladinmvpunwraped2","cullface":"east"},"east":{"uv":[3.5,13.5,5,14],"texture":"#paladinmvpunwraped2","cullface":"east"}}},{"from":[19,24,18],"to":[20,25,21],"faces":{"down":{"uv":[8.5,6.5,9,7],"texture":"#paladinmvpunwraped2","cullface":"east"},"south":{"uv":[9.5,5,10,5.5],"texture":"#paladinmvpunwraped","cullface":"east"},"west":{"uv":[1.5,13.5,3,14],"texture":"#paladinmvpunwraped2","cullface":"east"},"east":{"uv":[1.5,13.5,3,14],"texture":"#paladinmvpunwraped2","cullface":"east"}}},{"from":[20,24,20],"to":[21,25,22],"faces":{"down":{"uv":[6,6,6.5,6.5],"texture":"#paladinmvpunwraped2","cullface":"east"},"up":{"uv":[6,6,6.5,6.5],"texture":"#paladinmvpunwraped2","cullface":"east"},"north":{"uv":[9.5,6.5,10,7],"texture":"#paladinmvpunwraped","cullface":"east"},"south":{"uv":[9.5,6.5,10,7],"texture":"#paladinmvpunwraped","cullface":"east"},"west":{"uv":[1,13.5,2,14],"rotation":90,"texture":"#paladinmvpunwraped2","cullface":"east"},"east":{"uv":[1,13.5,2,14],"texture":"#paladinmvpunwraped2","cullface":"east"}}},{"from":[17,25,11],"to":[18,26,16],"faces":{"down":{"uv":[6,5.5,6.5,3.5],"texture":"#paladinmvpunwraped2","cullface":"east"},"up":{"uv":[6,3.5,6.5,5.5],"texture":"#paladinmvpunwraped2","cullface":"east"},"north":{"uv":[10,4,10.5,4.5],"texture":"#paladinmvpunwraped","cullface":"east"},"south":{"uv":[10,4.5,10.5,5],"texture":"#paladinmvpunwraped","cullface":"east"},"west":{"uv":[6.5,13,4.5,13.5],"texture":"#paladinmvpunwraped2","cullface":"east"},"east":{"uv":[4.5,13,6.5,13.5],"texture":"#paladinmvpunwraped2","cullface":"east"}}},{"from":[18,25,16],"to":[19,26,19],"faces":{"down":{"uv":[4.5,15,5,13.5],"texture":"#paladinmvpunwraped2","cullface":"east"},"north":{"uv":[10,4,10.5,4.5],"texture":"#paladinmvpunwraped","cullface":"east"},"south":{"uv":[9.5,4,10,4.5],"texture":"#paladinmvpunwraped","cullface":"east"},"west":{"uv":[4.5,13,3,13.5],"texture":"#paladinmvpunwraped2","cullface":"east"},"east":{"uv":[3,13,4.5,13.5],"texture":"#paladinmvpunwraped2","cullface":"east"}}},{"from":[19,25,18],"to":[20,26,21],"faces":{"north":{"uv":[9.5,4.5,10,5],"texture":"#paladinmvpunwraped","cullface":"east"},"south":{"uv":[9.5,4.5,10,5],"texture":"#paladinmvpunwraped","cullface":"east"},"west":{"uv":[1.5,13,3,13.5],"texture":"#paladinmvpunwraped2","cullface":"east"},"east":{"uv":[1.5,13,3,13.5],"texture":"#paladinmvpunwraped2","cullface":"east"}}},{"from":[20,25,21],"to":[21,26,23],"faces":{"down":{"uv":[6,6,6.5,6.5],"texture":"#paladinmvpunwraped2","cullface":"east"},"up":{"uv":[6,6,6.5,6.5],"texture":"#paladinmvpunwraped2","cullface":"east"},"north":{"uv":[9.5,5.5,10,6],"texture":"#paladinmvpunwraped","cullface":"east"},"south":{"uv":[9.5,5.5,10,6],"texture":"#paladinmvpunwraped","cullface":"east"},"west":{"uv":[0.5,13,1.5,13.5],"texture":"#paladinmvpunwraped2","cullface":"east"},"east":{"uv":[0.5,13,1.5,13.5],"texture":"#paladinmvpunwraped2","cullface":"east"}}},{"from":[19,24,17],"to":[20,25,18],"faces":{"up":{"uv":[16,16,16,16],"texture":"#paladinmvpunwraped2","cullface":"east"},"north":{"uv":[0,0,0,0],"texture":"#paladinmvpunwraped","cullface":"east"},"west":{"uv":[16,0,16,0],"texture":"#paladinmvpunwraped2","cullface":"east"},"east":{"uv":[0,0,0,0],"texture":"#paladinmvpunwraped2","cullface":"east"}}},{"from":[17,26,12],"to":[18,27,16],"faces":{"north":{"uv":[10.5,5.5,11,6],"texture":"#paladinmvpunwraped","cullface":"east"},"south":{"uv":[10,5.5,10.5,6],"texture":"#paladinmvpunwraped","cullface":"east"},"west":{"uv":[6,12.5,4,13],"texture":"#paladinmvpunwraped2","cullface":"east"},"east":{"uv":[4,12.5,6,13],"texture":"#paladinmvpunwraped2","cullface":"east"}}},{"from":[18,26,15],"to":[19,27,19],"faces":{"down":{"uv":[3,13,3.5,12],"texture":"#paladinmvpunwraped2","cullface":"east"},"up":{"uv":[3,12,3.5,13],"texture":"#paladinmvpunwraped2","cullface":"east"},"north":{"uv":[10,5.5,10.5,6],"texture":"#paladinmvpunwraped","cullface":"east"},"south":{"uv":[10.5,5.5,11,6],"texture":"#paladinmvpunwraped","cullface":"east"},"west":{"uv":[4.5,12.5,2.5,13],"texture":"#paladinmvpunwraped2","cullface":"east"},"east":{"uv":[2.5,12.5,4.5,13],"texture":"#paladinmvpunwraped2","cullface":"east"}}},{"from":[19,26,17],"to":[20,27,21],"faces":{"down":{"uv":[9,6.5,9.5,7],"texture":"#paladinmvpunwraped2","cullface":"east"},"up":{"uv":[9,6.5,9.5,7],"texture":"#paladinmvpunwraped2","cullface":"east"},"north":{"uv":[10.5,5.5,11,6],"texture":"#paladinmvpunwraped","cullface":"east"},"south":{"uv":[10.5,5.5,11,6],"texture":"#paladinmvpunwraped","cullface":"east"},"west":{"uv":[1.5,12.5,3.5,13],"texture":"#paladinmvpunwraped2","cullface":"east"},"east":{"uv":[1.5,12.5,3.5,13],"texture":"#paladinmvpunwraped2","cullface":"east"}}},{"from":[17,27,12],"to":[18,28,17],"faces":{"down":{"uv":[7.5,5,8,6],"texture":"#paladinmvpunwraped2","cullface":"east"},"up":{"uv":[7.5,6,8,5],"texture":"#paladinmvpunwraped2","cullface":"east"},"north":{"uv":[10,4,10.5,4.5],"texture":"#paladinmvpunwraped","cullface":"east"},"south":{"uv":[10,4.5,10.5,5],"texture":"#paladinmvpunwraped","cullface":"east"},"west":{"uv":[6,12,3.5,12.5],"texture":"#paladinmvpunwraped2","cullface":"east"},"east":{"uv":[3.5,12,6,12.5],"texture":"#paladinmvpunwraped2","cullface":"east"}}},{"from":[18,27,16],"to":[19,28,20],"faces":{"down":{"uv":[7.5,7,8,7.5],"texture":"#paladinmvpunwraped2","cullface":"east"},"up":{"uv":[7.5,7,8,7.5],"texture":"#paladinmvpunwraped2","cullface":"east"},"north":{"uv":[10.5,6,11,6.5],"texture":"#paladinmvpunwraped","cullface":"east"},"south":{"uv":[10.5,6,11,6.5],"texture":"#paladinmvpunwraped","cullface":"east"},"west":{"uv":[2,12,4,12.5],"texture":"#paladinmvpunwraped2","cullface":"east"},"east":{"uv":[2,12,4,12.5],"texture":"#paladinmvpunwraped2","cullface":"east"}}},{"from":[19,27,19],"to":[20,28,21],"faces":{"up":{"uv":[7.5,6.5,8,7],"texture":"#paladinmvpunwraped2","cullface":"east"},"north":{"uv":[10.5,6,11,6.5],"texture":"#paladinmvpunwraped","cullface":"east"},"south":{"uv":[10.5,6,11,6.5],"texture":"#paladinmvpunwraped","cullface":"east"},"west":{"uv":[1.5,12,2.5,12.5],"texture":"#paladinmvpunwraped2","cullface":"east"},"east":{"uv":[1.5,12,2.5,12.5],"texture":"#paladinmvpunwraped2","cullface":"east"}}},{"from":[17,28,13],"to":[18,29,18],"faces":{"down":{"uv":[4.5,13,5,11],"texture":"#paladinmvpunwraped2","cullface":"east"},"up":{"uv":[4.5,11,5,13],"texture":"#paladinmvpunwraped2","cullface":"east"},"north":{"uv":[10,4,10.5,4.5],"texture":"#paladinmvpunwraped","cullface":"east"},"south":{"uv":[9.5,4,10,4.5],"texture":"#paladinmvpunwraped","cullface":"east"},"west":{"uv":[5.5,11.5,3.5,12],"texture":"#paladinmvpunwraped2","cullface":"east"},"east":{"uv":[3.5,11.5,5.5,12],"texture":"#paladinmvpunwraped2","cullface":"east"}}},{"from":[18,28,18],"to":[19,29,22],"faces":{"down":{"uv":[7,6,7.5,6.5],"texture":"#paladinmvpunwraped2","cullface":"east"},"north":{"uv":[9.5,5,10,5.5],"texture":"#paladinmvpunwraped","cullface":"east"},"south":{"uv":[9.5,5,10,5.5],"texture":"#paladinmvpunwraped","cullface":"east"},"west":{"uv":[1,11.5,3,12],"texture":"#paladinmvpunwraped2","cullface":"east"},"east":{"uv":[1,11.5,3,12],"texture":"#paladinmvpunwraped2","cullface":"east"}}},{"from":[17,29,14],"to":[18,30,17],"faces":{"up":{"uv":[4.5,11,5,12.5],"texture":"#paladinmvpunwraped2","cullface":"east"},"north":{"uv":[10,4,10.5,4.5],"texture":"#paladinmvpunwraped","cullface":"east"},"south":{"uv":[9.5,4,10,4.5],"texture":"#paladinmvpunwraped","cullface":"east"},"west":{"uv":[5,11,3.5,11.5],"texture":"#paladinmvpunwraped2","cullface":"east"},"east":{"uv":[3.5,11,5,11.5],"texture":"#paladinmvpunwraped2","cullface":"east"}}},{"from":[18,29,17],"to":[19,30,23],"faces":{"down":{"uv":[0.5,11,1,11.5],"texture":"#paladinmvpunwraped2","cullface":"east"},"up":{"uv":[0.5,11,1,11.5],"texture":"#paladinmvpunwraped2","cullface":"east"},"north":{"uv":[9.5,4.5,10,5],"texture":"#paladinmvpunwraped","cullface":"east"},"south":{"uv":[9.5,4.5,10,5],"texture":"#paladinmvpunwraped","cullface":"east"},"west":{"uv":[0.5,11,3.5,11.5],"texture":"#paladinmvpunwraped2","cullface":"east"},"east":{"uv":[0.5,11,3.5,11.5],"texture":"#paladinmvpunwraped2","cullface":"east"}}},{"from":[18,30,15],"to":[19,31,20],"faces":{"down":{"uv":[4.5,13.5,5,14],"texture":"#paladinmvpunwraped2","cullface":"east"},"up":{"uv":[4.5,13.5,5,14],"texture":"#paladinmvpunwraped2","cullface":"east"},"north":{"uv":[10,4,10.5,4.5],"texture":"#paladinmvpunwraped","cullface":"east"},"south":{"uv":[10,4,10.5,4.5],"texture":"#paladinmvpunwraped","cullface":"east"},"west":{"uv":[2,10.5,4.5,11],"texture":"#paladinmvpunwraped2","cullface":"east"},"east":{"uv":[2,10.5,4.5,11],"texture":"#paladinmvpunwraped2","cullface":"east"}}},{"from":[-4,12,4],"to":[-2,13,12],"faces":{"down":{"uv":[9.5,8.5,10,8],"texture":"#paladinmvpunwraped2","cullface":"west"},"north":{"uv":[14.5,14.5,14,15.5],"texture":"#paladinmvpunwraped","cullface":"west"},"south":{"uv":[14,14.5,14.5,15.5],"texture":"#paladinmvpunwraped","cullface":"west"},"west":{"uv":[11.5,8.5,8.5,9],"texture":"#paladinmvpunwraped2","cullface":"west"}}},{"from":[16,12,4],"to":[18,13,12],"faces":{"down":{"uv":[9.5,8.5,10,8],"texture":"#paladinmvpunwraped2","cullface":"east"},"north":{"uv":[14.5,14.5,14,15.5],"texture":"#paladinmvpunwraped","cullface":"east"},"south":{"uv":[14,14.5,14.5,15.5],"texture":"#paladinmvpunwraped","cullface":"east"},"east":{"uv":[8.5,8.5,11.5,9],"texture":"#paladinmvpunwraped2","cullface":"east"}}},{"from":[9,-1,-3],"to":[10,8,-2],"faces":{"down":{"uv":[3,10.5,3.5,11],"texture":"#texture","cullface":"north"},"up":{"uv":[3,7,3.5,7.5],"texture":"#texture","cullface":"north"},"north":{"uv":[3,7,3.5,11],"texture":"#texture","cullface":"north"},"south":{"uv":[3.5,7,3,11],"texture":"#texture","cullface":"north"},"east":{"uv":[3,7,3.5,11],"texture":"#texture","cullface":"north"}}},{"from":[10,-0.5,-3],"to":[11,8,-2],"faces":{"down":{"uv":[2.5,10.5,3,11],"texture":"#texture","cullface":"north"},"up":{"uv":[2.5,7,3,7.5],"texture":"#texture","cullface":"north"},"north":{"uv":[2.5,7,3,11],"texture":"#texture","cullface":"north"},"south":{"uv":[3,7,2.5,11],"texture":"#texture","cullface":"north"},"east":{"uv":[2.5,7,3,11],"texture":"#texture","cullface":"north"}}},{"from":[11,0,-3],"to":[12,8,-2],"faces":{"down":{"uv":[2,10.5,2.5,11],"texture":"#texture","cullface":"north"},"up":{"uv":[2,7,2.5,7.5],"texture":"#texture","cullface":"north"},"north":{"uv":[2,7,2.5,11],"texture":"#texture","cullface":"north"},"south":{"uv":[2.5,7,2,11],"texture":"#texture","cullface":"north"},"east":{"uv":[2,7,2.5,11],"texture":"#texture","cullface":"north"}}},{"from":[13,1,-2],"to":[14,9,-1],"faces":{"down":{"uv":[1,10,1.5,10.5],"texture":"#texture","cullface":"north"},"north":{"uv":[1,6,1.5,10.5],"texture":"#texture","cullface":"north"},"south":{"uv":[1.5,6,1,10.5],"texture":"#texture","cullface":"north"},"west":{"uv":[1,6,1.5,10.5],"texture":"#texture","cullface":"north"},"east":{"uv":[1,6,1.5,10.5],"texture":"#texture","cullface":"north"}}},{"from":[4,-1,-3],"to":[5,8,-2],"faces":{"down":{"uv":[5.5,10.5,6,11],"texture":"#texture","cullface":"north"},"up":{"uv":[5.5,7,6,7.5],"texture":"#texture","cullface":"north"},"north":{"uv":[5.5,7,6,11],"texture":"#texture","cullface":"north"},"south":{"uv":[6,7,5.5,11],"texture":"#texture","cullface":"north"},"west":{"uv":[5.5,7,6,11],"texture":"#texture","cullface":"north"}}},{"from":[3,-0.5,-3],"to":[4,8,-2],"faces":{"down":{"uv":[6,10.5,6.5,11],"texture":"#texture","cullface":"north"},"up":{"uv":[6,7,6.5,7.5],"texture":"#texture","cullface":"north"},"north":{"uv":[6,7,6.5,11],"texture":"#texture","cullface":"north"},"south":{"uv":[6.5,7,6,11],"texture":"#texture","cullface":"north"},"west":{"uv":[6,7,6.5,11],"texture":"#texture","cullface":"north"}}},{"from":[2,0,-3],"to":[3,8,-2],"faces":{"down":{"uv":[6.5,10.5,7,11],"texture":"#texture","cullface":"north"},"up":{"uv":[6.5,7,7,7.5],"texture":"#texture","cullface":"north"},"north":{"uv":[6.5,7,7,11],"texture":"#texture","cullface":"north"},"south":{"uv":[7,7,6.5,11],"texture":"#texture","cullface":"north"},"west":{"uv":[6.5,7,7,11],"texture":"#texture","cullface":"north"}}},{"from":[0,1,-2],"to":[1,9,-1],"faces":{"down":{"uv":[7.5,10,8,10.5],"texture":"#texture","cullface":"north"},"north":{"uv":[7.5,6.5,8,10.5],"texture":"#texture","cullface":"north"},"south":{"uv":[8,6.5,7.5,10.5],"texture":"#texture","cullface":"north"},"west":{"uv":[7.5,6,8,10.5],"texture":"#texture","cullface":"north"},"east":{"uv":[7,6,7.5,10.5],"texture":"#texture","cullface":"north"}}},{"from":[18,16,11],"to":[19,17,13],"faces":{"down":{"uv":[8,6.5,8.5,5.5],"texture":"#paladinmvpunwraped2","cullface":"east"},"north":{"uv":[14,11,14.5,11.5],"texture":"#paladinmvpunwraped","cullface":"east"},"south":{"uv":[13,10.5,13.5,11],"texture":"#paladinmvpunwraped","cullface":"east"},"west":{"uv":[9,6,8,6.5],"texture":"#paladinmvpunwraped2","cullface":"east"},"east":{"uv":[8,6,9,6.5],"texture":"#paladinmvpunwraped2","cullface":"east"}}},{"from":[19,24,17],"to":[20,25,18],"faces":{"up":{"uv":[3,13.5,3.5,14],"texture":"#paladinmvpunwraped2","cullface":"east"},"north":{"uv":[9.5,6,10,6.5],"texture":"#paladinmvpunwraped","cullface":"east"},"west":{"uv":[3,13.5,3.5,14],"texture":"#paladinmvpunwraped2","cullface":"east"},"east":{"uv":[3,13.5,3.5,14],"texture":"#paladinmvpunwraped2","cullface":"east"}}}],"display":{"thirdperson_righthand":{"rotation":[0,0,0],"translation":[0,0,0],"scale":[0.5,0.5,0.5]},"thirdperson_lefthand":{"rotation":[0,0,0],"translation":[0,0,0],"scale":[0.5,0.5,0.5]},"head":{"rotation":[0,0,0],"translation":[1.3,-1.7,1.7],"scale":[1,1,1]},"ground":{"rotation":[0,0,0],"translation":[0,4.54,0],"scale":[0.7,0.7,0.7]},"fixed":{"rotation":[0,0,0],"translation":[1.13,-2.65,0],"scale":[0.8,0.8,0.8]},"firstperson_righthand":{"rotation":[0,0,0],"translation":[0,0,0],"scale":[0.5,0.5,0.5]},"firstperson_lefthand":{"rotation":[0,0,0],"translation":[0,0,0],"scale":[0.5,0.5,0.5]},"gui":{"rotation":[0,180,0],"translation":[-0.76,-2.08,0],"scale":[0.7,0.7,0.7]}}}