{"__comment":"designedby-withbdcraftcubikpro0.91beta-http://bdcraft.net","textures":{"texture":"items/flower_pot_acacia"},"elements":[{"from":[3,7,1],"to":[13,8,2],"faces":{"down":{"uv":[7,4,2,3.5],"texture":"#texture"},"north":{"uv":[2,3.5,7,4],"texture":"#texture"},"west":{"uv":[6,3.5,6.5,4],"texture":"#texture"},"east":{"uv":[2,3.5,2.5,4],"texture":"#texture"}}},{"from":[5,5,1],"to":[11,6,2],"faces":{"down":{"uv":[6,5,3,4.5],"texture":"#texture"},"up":{"uv":[3,4.5,6,5],"texture":"#texture"},"north":{"uv":[3,4.5,6,5],"texture":"#texture"},"south":{"uv":[3,4.5,6,5],"texture":"#texture"},"west":{"uv":[5.5,4.5,6,5],"texture":"#texture"},"east":{"uv":[3,4.5,3.5,5],"texture":"#texture"}}},{"from":[7,1,0],"to":[9,6,1],"faces":{"north":{"uv":[4,4.5,5,7],"texture":"#texture","cullface":"north"},"south":{"uv":[4,4.5,5,7],"texture":"#texture"},"west":{"uv":[4.5,4.5,5,7],"texture":"#texture"},"east":{"uv":[4,4.5,4.5,7],"texture":"#texture"}}},{"from":[9,8,0],"to":[11,10,1],"faces":{"north":{"uv":[3,2.5,4,3.5],"texture":"#texture","cullface":"north"},"west":{"uv":[3.5,2.5,4,3.5],"texture":"#texture"},"east":{"uv":[3,2.5,3.5,3.5],"texture":"#texture"}}},{"from":[6,7,0],"to":[11,8,1],"faces":{"down":{"uv":[5.5,4,3,3.5],"texture":"#texture"},"up":{"uv":[3,3.5,5.5,4],"texture":"#texture"},"north":{"uv":[3,3.5,5.5,4],"texture":"#texture","cullface":"north"},"west":{"uv":[5,3.5,5.5,4],"texture":"#texture"},"east":{"uv":[3,3.5,3.5,4],"texture":"#texture"}}},{"from":[7,6,0],"to":[10,7,1],"faces":{"north":{"uv":[3.5,4,5,4.5],"texture":"#texture","cullface":"north"},"south":{"uv":[3.5,4,5,4.5],"texture":"#texture"},"west":{"uv":[3.5,4,4,4.5],"texture":"#texture"},"east":{"uv":[4.5,4,5,4.5],"texture":"#texture"}}},{"from":[6,5,0],"to":[10,6,1],"faces":{"down":{"uv":[5.5,5,3.5,4.5],"texture":"#texture"},"up":{"uv":[3.5,4.5,5.5,5],"texture":"#texture"},"north":{"uv":[3.5,4.5,5.5,5],"texture":"#texture","cullface":"north"},"west":{"uv":[5,4.5,5.5,5],"texture":"#texture"},"east":{"uv":[3.5,4.5,4,5],"texture":"#texture"}}},{"from":[4,6,0.5],"to":[12,7,1.5],"faces":{"down":{"uv":[6.5,4.5,2.5,4],"texture":"#texture"},"up":{"uv":[2.5,4,6.5,4.5],"texture":"#texture"},"north":{"uv":[2.5,4,6.5,4.5],"texture":"#texture"},"west":{"uv":[6,4,6.5,4.5],"texture":"#texture"},"east":{"uv":[2.5,4,3,4.5],"texture":"#texture"}}},{"from":[0,6,1.5],"to":[16,7,2.5],"faces":{"down":{"uv":[8.5,4.5,0.5,4],"texture":"#texture"},"up":{"uv":[8.5,4,0.5,4.5],"texture":"#texture"},"north":{"uv":[0.5,4,8.5,4.5],"texture":"#texture"},"west":{"uv":[8,4,8.5,4.5],"texture":"#texture","cullface":"west"},"east":{"uv":[0.5,4,1,4.5],"texture":"#texture","cullface":"east"}}},{"from":[-0.5,6,2.5],"to":[16.5,7,4.5],"faces":{"down":{"uv":[11,16,3,15.5],"texture":"#texture"},"up":{"uv":[0.5,3,8.5,3.5],"texture":"#texture"},"north":{"uv":[0.5,3,8.5,3.5],"texture":"#texture"},"south":{"uv":[0.5,3,8.5,3.5],"texture":"#texture"},"west":{"uv":[8.5,4,9,4.5],"texture":"#texture"},"east":{"uv":[0,4,0.5,4.5],"texture":"#texture"}}},{"from":[0.5,7,2],"to":[15.5,9,5],"faces":{"down":{"uv":[8.5,4,0.5,3],"texture":"#texture"},"up":{"uv":[0.5,3,8.5,4],"texture":"#texture"},"north":{"uv":[5.5,3.5,8,4],"texture":"#texture"},"west":{"uv":[14,8,12.5,7],"texture":"#texture"},"east":{"uv":[12.5,8,14,7],"texture":"#texture"}}},{"from":[0,2,1.5],"to":[3,3,3],"faces":{"down":{"uv":[8.5,6.5,7,6],"texture":"#texture"},"up":{"uv":[8.5,6,7,6.5],"texture":"#texture"},"north":{"uv":[7,6,8.5,6.5],"texture":"#texture"},"south":{"uv":[8.5,6,7,6.5],"texture":"#texture"},"west":{"uv":[13,4,13.5,4.5],"texture":"#texture","cullface":"west"},"east":{"uv":[13.5,5,14,5.5],"texture":"#texture"}}},{"from":[6,-6,-1],"to":[7,-2,0],"faces":{"down":{"uv":[5.5,10,5,10.5],"texture":"#texture","cullface":"north"},"up":{"uv":[5,8.5,5.5,9],"texture":"#texture","cullface":"north"},"north":{"uv":[5,8.5,5.5,10.5],"texture":"#texture","cullface":"north"},"south":{"uv":[5,8.5,5.5,10.5],"texture":"#texture","cullface":"north"},"west":{"uv":[5,8.5,5.5,10.5],"texture":"#texture","cullface":"north"},"east":{"uv":[5,8.5,5.5,10.5],"texture":"#texture","cullface":"north"}}},{"from":[5,-5,0],"to":[6,-1,1],"faces":{"down":{"uv":[6,10,5.5,9.5],"texture":"#texture","cullface":"down"},"north":{"uv":[8,5,8.5,7],"texture":"#texture","cullface":"down"},"south":{"uv":[5,8,5.5,10],"texture":"#texture","cullface":"down"},"west":{"uv":[14.5,3,15,1],"texture":"#texture","cullface":"down"},"east":{"uv":[14.5,3,15,1],"texture":"#texture","cullface":"down"}}},{"from":[4,-4,1],"to":[5,1,2],"faces":{"down":{"uv":[6,9.5,6.5,9],"texture":"#texture","cullface":"down"},"up":{"uv":[6,7,6.5,7.5],"texture":"#texture","cullface":"down"},"north":{"uv":[6,7,6.5,9.5],"texture":"#texture","cullface":"down"},"south":{"uv":[6,7,6.5,9.5],"texture":"#texture","cullface":"down"},"west":{"uv":[6.5,7,6,9.5],"texture":"#texture","cullface":"down"},"east":{"uv":[6,7,6.5,9.5],"texture":"#texture","cullface":"down"}}},{"from":[5,-4,1],"to":[6,-3,4],"faces":{"down":{"uv":[13.5,2.5,13,4],"texture":"#texture","cullface":"down"},"up":{"uv":[13,2.5,13.5,4],"texture":"#texture","cullface":"down"},"south":{"uv":[13,1.5,13.5,2],"texture":"#texture","cullface":"down"},"west":{"uv":[13,1.5,14.5,2],"texture":"#texture","cullface":"down"},"east":{"uv":[13,1.5,14.5,2],"texture":"#texture","cullface":"down"}}},{"from":[7,-2,-1],"to":[9,2,0],"faces":{"down":{"uv":[5,8,4,8.5],"texture":"#texture","cullface":"north"},"up":{"uv":[4,6.5,5,7],"texture":"#texture","cullface":"north"},"north":{"uv":[4,6.5,5,8.5],"texture":"#texture","cullface":"north"},"south":{"uv":[4,6.5,5,8.5],"texture":"#texture","cullface":"north"},"west":{"uv":[4.5,6.5,5,8.5],"texture":"#texture","cullface":"north"},"east":{"uv":[4,6.5,4.5,8.5],"texture":"#texture","cullface":"north"}}},{"from":[3,-3,2],"to":[4,1,3],"faces":{"down":{"uv":[7,9,6.5,8.5],"texture":"#texture","cullface":"down"},"north":{"uv":[6.5,7,7,9],"texture":"#texture","cullface":"down"},"south":{"uv":[6.5,7,7,9],"texture":"#texture","cullface":"down"},"west":{"uv":[6.5,7,7,9],"texture":"#texture","cullface":"down"},"east":{"uv":[6.5,7,7,9],"texture":"#texture","cullface":"down"}}},{"from":[5,-5,2],"to":[6,-4,4],"faces":{"down":{"uv":[15.5,0.5,15,1.5],"texture":"#texture","cullface":"down"},"north":{"uv":[13.5,1,14,1.5],"texture":"#texture","cullface":"down"},"south":{"uv":[13,1,13.5,1.5],"texture":"#texture","cullface":"down"},"west":{"uv":[14,1,13,1.5],"texture":"#texture","cullface":"down"},"east":{"uv":[13,1.5,14,1],"texture":"#texture","cullface":"down"}}},{"from":[4,0,0],"to":[7,1,1],"faces":{"down":{"uv":[6.5,7.5,5,7],"texture":"#texture"},"up":{"uv":[6.5,7,5,7.5],"texture":"#texture"},"north":{"uv":[5,7,6.5,7.5],"texture":"#texture","cullface":"north"},"south":{"uv":[6.5,7,5,7.5],"texture":"#texture"},"west":{"uv":[6,7,6.5,7.5],"texture":"#texture"},"east":{"uv":[5,7,5.5,7.5],"texture":"#texture"}}},{"from":[6,-2,0],"to":[10,1,1],"faces":{"down":{"uv":[5.5,8.5,3.5,8],"texture":"#texture","cullface":"down"},"up":{"uv":[3.5,7,5.5,7.5],"texture":"#texture","cullface":"down"},"north":{"uv":[3.5,7,5.5,8.5],"texture":"#texture","cullface":"down"},"south":{"uv":[3.5,7,5.5,8.5],"texture":"#texture","cullface":"down"},"west":{"uv":[5,7,5.5,8.5],"texture":"#texture","cullface":"down"},"east":{"uv":[3.5,7,4,8.5],"texture":"#texture","cullface":"down"}}},{"from":[5,-1,-0.5],"to":[6,1,1.5],"faces":{"down":{"uv":[7,8,6.5,7],"texture":"#texture","cullface":"north"},"up":{"uv":[6.5,7,7,8],"texture":"#texture","cullface":"north"},"north":{"uv":[5.5,8,6,7],"texture":"#texture","cullface":"north"},"south":{"uv":[5.5,8,6,7],"texture":"#texture","cullface":"north"},"west":{"uv":[15,4,14.5,3],"texture":"#texture","cullface":"north"},"east":{"uv":[14.5,4,15,3],"texture":"#texture","cullface":"north"}}},{"from":[2,0,1],"to":[4,1,2],"faces":{"down":{"uv":[7.5,7.5,6.5,7],"texture":"#texture"},"north":{"uv":[6.5,7,7.5,7.5],"texture":"#texture"},"south":{"uv":[6.5,7,7.5,7.5],"texture":"#texture"},"west":{"uv":[7,7,7.5,7.5],"texture":"#texture"}}},{"from":[1,1,1],"to":[4,2,3],"faces":{"down":{"uv":[10.5,8,9,7.5],"texture":"#texture"},"up":{"uv":[8.5,6,7,6.5],"texture":"#texture"},"north":{"uv":[7,6,8.5,6.5],"texture":"#texture"},"south":{"uv":[6.5,6.5,8,7],"texture":"#texture"},"west":{"uv":[7,6.5,8,7],"texture":"#texture"},"east":{"uv":[5.5,7.5,6.5,8],"texture":"#texture"}}},{"from":[1,0,1.5],"to":[3,1,2.5],"faces":{"down":{"uv":[8,7.5,7,7],"texture":"#texture"},"north":{"uv":[7,7,8,7.5],"texture":"#texture"},"south":{"uv":[7,7,8,7.5],"texture":"#texture"},"west":{"uv":[7.5,7,8,7.5],"texture":"#texture"},"east":{"uv":[7,7,7.5,7.5],"texture":"#texture"}}},{"from":[0,1,2],"to":[1,3,6],"faces":{"down":{"uv":[8.5,4.5,9,6.5],"texture":"#texture"},"up":{"uv":[8.5,4.5,9,6.5],"texture":"#texture"},"north":{"uv":[8,6,8.5,7],"texture":"#texture"},"south":{"uv":[8,5.5,8.5,6.5],"texture":"#texture"},"west":{"uv":[13.5,4.5,11.5,3.5],"texture":"#texture","cullface":"west"},"east":{"uv":[11.5,4.5,13.5,3.5],"texture":"#texture"}}},{"from":[-0.5,3,2.5],"to":[1,4,4],"faces":{"down":{"uv":[8,6.5,7.25,7],"texture":"#texture","cullface":"west"},"up":{"uv":[8,7,7.25,6.5],"texture":"#texture","cullface":"west"},"north":{"uv":[7.75,6,8.5,6.5],"texture":"#texture","cullface":"west"},"south":{"uv":[7.75,6,8.5,6.5],"texture":"#texture","cullface":"west"},"west":{"uv":[8.5,6,7.75,6.5],"texture":"#texture","cullface":"west"},"east":{"uv":[7.75,6,8.5,6.5],"texture":"#texture","cullface":"west"}}},{"from":[0,2,6],"to":[16,7,7],"faces":{"down":{"uv":[11,16,3,15.5],"texture":"#texture"},"north":{"uv":[3,14.5,11,16],"texture":"#texture"},"south":{"uv":[3,14.5,11,16],"texture":"#texture"},"west":{"uv":[11.5,4.5,12,7],"texture":"#texture","cullface":"west"},"east":{"uv":[11.5,4.5,12,7],"texture":"#texture","cullface":"east"}}},{"from":[-0.5,4,4],"to":[16.5,6,5],"faces":{"down":{"uv":[12.5,16,4,15.5],"texture":"#texture"},"up":{"uv":[4,15.5,12.5,16],"texture":"#texture"},"north":{"uv":[4,15,12.5,16],"texture":"#texture"},"south":{"uv":[4,15,12.5,16],"texture":"#texture"},"west":{"uv":[12.5,5,13,6],"texture":"#texture"},"east":{"uv":[12.5,5,13,6],"texture":"#texture"}}},{"from":[0.5,2,7],"to":[15.5,5,9],"faces":{"down":{"uv":[3,16,10.5,15.5],"texture":"#texture"},"south":{"uv":[3,14.5,10.5,16],"texture":"#texture"},"west":{"uv":[11,4,11.5,5.5],"texture":"#texture"},"east":{"uv":[11,4,11.5,5.5],"texture":"#texture"}}},{"from":[0.5,5,6],"to":[15.5,6,12],"faces":{"down":{"uv":[10.5,16,3,15.5],"texture":"#texture"},"up":{"uv":[3,15.5,10.5,16],"texture":"#texture"},"north":{"uv":[10.5,15.5,3,16],"texture":"#texture"},"south":{"uv":[10.5,15.5,3,16],"texture":"#texture"},"west":{"uv":[10.5,6,12,6.5],"texture":"#texture"},"east":{"uv":[10.5,6,12,6.5],"texture":"#texture"}}},{"from":[2,8,1],"to":[14,10,2],"faces":{"down":{"uv":[7.25,3.5,1.5,3],"texture":"#texture"},"up":{"uv":[7.5,2.5,1.5,3],"texture":"#texture"},"north":{"uv":[1.5,2.5,7.5,3.5],"texture":"#texture"},"south":{"uv":[1.5,2.5,7.5,3.5],"texture":"#texture"},"west":{"uv":[7.5,2,8,3],"texture":"#texture"},"east":{"uv":[7,3,7.5,4],"texture":"#texture"}}},{"from":[0,3,3],"to":[1,7,6],"faces":{"up":{"uv":[12.5,5.5,13,4.5],"texture":"#texture"},"north":{"uv":[13,4.5,13.5,6.5],"texture":"#texture"},"west":{"uv":[13,4.5,13.5,6.5],"texture":"#texture","cullface":"west"},"east":{"uv":[13.5,4.5,12,6.5],"texture":"#texture"}}},{"from":[0.5,6,7],"to":[15.5,8,12],"faces":{"up":{"uv":[3,14,10.5,16],"texture":"#texture"},"north":{"uv":[3,15,10.5,16],"texture":"#texture"},"south":{"uv":[3,15,10.5,16],"texture":"#texture"},"west":{"uv":[9,6.5,11.5,7.5],"texture":"#texture"},"east":{"uv":[9,6.5,11.5,7.5],"texture":"#texture"}}},{"from":[0,7,5],"to":[16,9,7],"faces":{"down":{"uv":[9,16,1,15],"texture":"#texture"},"up":{"uv":[1,15,9,16],"texture":"#texture"},"north":{"uv":[1,15,9,16],"texture":"#texture"},"west":{"uv":[4.5,15,5.5,16],"texture":"#texture","cullface":"west"},"east":{"uv":[4.5,15,5.5,16],"texture":"#texture","cullface":"east"}}},{"from":[0,7,7],"to":[16,9,10],"faces":{"down":{"uv":[11,16,3,14.5],"texture":"#texture"},"south":{"uv":[3,15,11,16],"texture":"#texture"},"west":{"uv":[3,15,4.5,16],"texture":"#texture","cullface":"west"},"east":{"uv":[3,15,4.5,16],"texture":"#texture","cullface":"east"}}},{"from":[6,3,0.5],"to":[10,5,1],"faces":{"down":{"uv":[5.5,6,3.5,5.5],"texture":"#texture"},"north":{"uv":[3.5,5,5.5,6],"texture":"#texture"},"south":{"uv":[3.5,5,5.5,6],"texture":"#texture"},"west":{"uv":[5,5,5.5,6],"texture":"#texture"},"east":{"uv":[3.5,5,4,6],"texture":"#texture"}}},{"from":[0.5,9,2],"to":[15.5,10,3],"faces":{"up":{"uv":[1,1,8.5,1.5],"texture":"#texture"},"north":{"uv":[1,1,8.5,1.5],"texture":"#texture"},"west":{"uv":[13.5,8,14,8.5],"texture":"#texture"},"east":{"uv":[13.5,8,14,8.5],"texture":"#texture"}}},{"from":[0,9,3],"to":[16,10,6],"faces":{"down":{"uv":[8.5,2.5,0.5,1.5],"texture":"#texture"},"up":{"uv":[0.5,2,8.5,1.25],"texture":"#texture"},"north":{"uv":[1,1,8.5,1.5],"texture":"#texture"},"west":{"uv":[12.5,8,11,8.5],"texture":"#texture","cullface":"west"},"east":{"uv":[11.5,8,13,8.5],"texture":"#texture","cullface":"east"}}},{"from":[15,3,3],"to":[16,7,6],"faces":{"up":{"uv":[12.5,5.5,13,4.5],"texture":"#texture"},"north":{"uv":[13,4.5,13.5,6.5],"texture":"#texture"},"west":{"uv":[12,4.5,13.5,6.5],"texture":"#texture"},"east":{"uv":[13,4.5,13.5,6.5],"texture":"#texture","cullface":"east"}}},{"from":[15,1,2],"to":[16,3,6],"faces":{"down":{"uv":[11.5,4,13.5,3.5],"rotation":90,"texture":"#texture"},"up":{"uv":[11,4,11.5,6],"texture":"#texture"},"north":{"uv":[13,4.5,13.5,3.5],"texture":"#texture"},"south":{"uv":[13,3.5,13.5,4.5],"texture":"#texture"},"west":{"uv":[13.5,3.5,11.5,4.5],"texture":"#texture"},"east":{"uv":[11.5,4.5,13.5,3.5],"texture":"#texture","cullface":"east"}}},{"from":[13,0,1.5],"to":[15,1,2.5],"faces":{"down":{"uv":[2,7.5,1,7],"texture":"#texture"},"north":{"uv":[1,7,2,7.5],"texture":"#texture"},"south":{"uv":[1,7,2,7.5],"texture":"#texture"},"west":{"uv":[1.5,7,2,7.5],"texture":"#texture"},"east":{"uv":[1,7,1.5,7.5],"texture":"#texture"}}},{"from":[12,1,1],"to":[15,2,3],"faces":{"down":{"uv":[5,16,3.5,15],"texture":"#texture"},"up":{"uv":[5,15,3.5,16],"texture":"#texture"},"north":{"uv":[1,6.5,2.5,7],"texture":"#texture"},"south":{"uv":[1,6.5,2.5,7],"texture":"#texture"},"west":{"uv":[1,14.5,2,15],"texture":"#texture"},"east":{"uv":[12,14.5,13,15],"texture":"#texture"}}},{"from":[12,0,1],"to":[14,1,2],"faces":{"down":{"uv":[2.5,7.5,1.5,7],"texture":"#texture"},"north":{"uv":[1.5,7,2.5,7.5],"texture":"#texture"},"south":{"uv":[1.5,7,2.5,7.5],"texture":"#texture"},"east":{"uv":[1.5,7,2,7.5],"texture":"#texture"}}},{"from":[12,-3,2],"to":[13,1,3],"faces":{"down":{"uv":[2.5,9,2,8.5],"texture":"#texture","cullface":"down"},"north":{"uv":[2,7,2.5,9],"texture":"#texture","cullface":"down"},"south":{"uv":[2,7,2.5,9],"texture":"#texture","cullface":"down"},"west":{"uv":[2,7,2.5,9],"texture":"#texture","cullface":"down"},"east":{"uv":[6.5,7,7,9],"texture":"#texture","cullface":"down"}}},{"from":[9,0,0],"to":[12,1,1],"faces":{"down":{"uv":[4,7.5,2.5,7],"texture":"#texture"},"up":{"uv":[4,7,2.5,7.5],"texture":"#texture"},"north":{"uv":[2.5,7,4,7.5],"texture":"#texture","cullface":"north"},"south":{"uv":[4,7,2.5,7.5],"texture":"#texture"},"west":{"uv":[3.5,7,4,7.5],"texture":"#texture"},"east":{"uv":[2.5,7,3,7.5],"texture":"#texture"}}},{"from":[11,-4,1],"to":[12,1,2],"faces":{"down":{"uv":[3,9.5,2.5,9],"texture":"#texture","cullface":"down"},"up":{"uv":[2.5,7,3,7.5],"texture":"#texture","cullface":"down"},"north":{"uv":[2.5,7,3,9.5],"texture":"#texture","cullface":"down"},"south":{"uv":[2.5,7,3,9.5],"texture":"#texture","cullface":"down"},"west":{"uv":[2.5,7,3,9.5],"texture":"#texture","cullface":"down"},"east":{"uv":[2.5,7,3,9.5],"texture":"#texture","cullface":"down"}}},{"from":[10,-1,-0.5],"to":[11,1,1.5],"faces":{"down":{"uv":[3.5,8.5,3,7.5],"texture":"#texture","cullface":"north"},"up":{"uv":[2.5,7,3,8],"texture":"#texture","cullface":"north"},"north":{"uv":[3,7,3.5,8],"texture":"#texture","cullface":"north"},"south":{"uv":[3,7,3.5,8],"texture":"#texture","cullface":"north"},"west":{"uv":[3,7,3.5,8],"texture":"#texture","cullface":"north"},"east":{"uv":[3,7,3.5,8],"texture":"#texture","cullface":"north"}}},{"from":[9,-6,-1],"to":[10,-2,0],"faces":{"down":{"uv":[4,10,3.5,10.5],"texture":"#texture","cullface":"north"},"up":{"uv":[3.5,8.5,4,9],"texture":"#texture","cullface":"north"},"north":{"uv":[3.5,8.5,4,10.5],"texture":"#texture","cullface":"north"},"south":{"uv":[3.5,8.5,4,10.5],"texture":"#texture","cullface":"north"},"west":{"uv":[3.5,8.5,4,10.5],"texture":"#texture","cullface":"north"},"east":{"uv":[3.5,8.5,4,10.5],"texture":"#texture","cullface":"north"}}},{"from":[10,-5,0],"to":[11,-1,1],"faces":{"down":{"uv":[3.5,10,3,9.5],"texture":"#texture","cullface":"down"},"north":{"uv":[3,8,3.5,10],"texture":"#texture","cullface":"down"},"south":{"uv":[3,8,3.5,10],"texture":"#texture","cullface":"down"},"west":{"uv":[3,8,3.5,10],"texture":"#texture","cullface":"down"},"east":{"uv":[3,8,3.5,10],"texture":"#texture","cullface":"down"}}},{"from":[13,2,1.5],"to":[16,3,3],"faces":{"down":{"uv":[2,6.5,0.5,6],"texture":"#texture"},"up":{"uv":[2,6,0.5,6.5],"texture":"#texture"},"north":{"uv":[0.5,6.5,2,6],"texture":"#texture"},"south":{"uv":[0.5,6,2,6.5],"texture":"#texture"},"west":{"uv":[1.5,6,2,6.5],"texture":"#texture"},"east":{"uv":[0.5,6,1,6.5],"texture":"#texture","cullface":"east"}}},{"from":[0.5,1,6],"to":[15.5,2,8],"faces":{"down":{"uv":[3,16,10.5,15.5],"texture":"#texture"},"up":{"uv":[3,15.5,10.5,16],"texture":"#texture"},"north":{"uv":[10.5,15,3,15.5],"texture":"#texture"},"south":{"uv":[3,15,10.5,15.5],"texture":"#texture"},"west":{"uv":[3,15.5,3.5,16],"texture":"#texture"},"east":{"uv":[4,15.5,4.5,16],"texture":"#texture"}}},{"from":[7,2,-0.5],"to":[9,3,0.5],"faces":{"down":{"uv":[5,7,4,6.5],"texture":"#texture","cullface":"north"},"up":{"uv":[5,6,4,6.5],"texture":"#texture","cullface":"north"},"north":{"uv":[4,6,5,6.5],"texture":"#texture","cullface":"north"},"south":{"uv":[4,6,5,6.5],"texture":"#texture","cullface":"north"},"west":{"uv":[4.75,6,5,6.5],"texture":"#texture","cullface":"north"},"east":{"uv":[4,6,4.25,6.5],"texture":"#texture","cullface":"north"}}},{"from":[5.5,14,3],"to":[10.5,15,4],"faces":{"up":{"uv":[3.5,0.5,6,1],"texture":"#texture","cullface":"up"},"north":{"uv":[3.5,0.5,6,1],"texture":"#texture"},"west":{"uv":[5.5,0.5,6,1],"texture":"#texture"},"east":{"uv":[3.5,0.5,4,1],"texture":"#texture"}}},{"from":[2,12,3],"to":[14,13,4],"faces":{"up":{"uv":[7.5,1.5,1.5,2],"texture":"#texture"},"north":{"uv":[1.5,1.5,7.5,2],"texture":"#texture"},"west":{"uv":[13.5,10,14,10.5],"texture":"#texture"},"east":{"uv":[13,9.5,13.5,10],"texture":"#texture"}}},{"from":[3.5,13,3],"to":[12.5,14,4],"faces":{"up":{"uv":[6.5,1,2,1.5],"texture":"#texture"},"north":{"uv":[2,1,6.5,1.5],"texture":"#texture"},"west":{"uv":[6.5,1,7,1.5],"texture":"#texture"},"east":{"uv":[2,1,2.5,1.5],"texture":"#texture"}}},{"from":[1,10,2.5],"to":[15,11,4],"faces":{"down":{"uv":[8,2,0.5,1.5],"texture":"#texture"},"up":{"uv":[8,1.5,0.5,2],"texture":"#texture"},"north":{"uv":[0.5,1.5,8,2],"texture":"#texture"},"west":{"uv":[6.75,1,7.5,1.5],"texture":"#texture"},"east":{"uv":[13,8,13.75,8.5],"texture":"#texture"}}},{"from":[0.5,12,7],"to":[15.5,13,9],"faces":{"down":{"uv":[8,1.5,0.5,0.5],"texture":"#texture"},"up":{"uv":[8,0.5,0.5,1.5],"texture":"#texture"},"north":{"uv":[0.5,0.5,8,1],"texture":"#texture"},"west":{"uv":[7.5,1,8.5,1.5],"texture":"#texture"},"east":{"uv":[11.75,7.5,12.75,8],"texture":"#texture"}}},{"from":[1,12,4],"to":[15,13,7],"faces":{"down":{"uv":[8,3,1,1.5],"texture":"#texture"},"up":{"uv":[8,1.5,1,3],"texture":"#texture"},"north":{"uv":[1,2.5,8,3],"texture":"#texture"},"west":{"uv":[6.5,1.5,8,2],"texture":"#texture"},"east":{"uv":[11.5,9,13,9.5],"texture":"#texture"}}},{"from":[4,15,5],"to":[12,16,7],"faces":{"up":{"uv":[7.5,0.5,3.5,1.5],"texture":"#texture","cullface":"up"},"north":{"uv":[3,1,7,1.5],"texture":"#texture","cullface":"up"},"west":{"uv":[6,0.5,7,1],"texture":"#texture","cullface":"up"},"east":{"uv":[5.25,1,6.25,1.5],"texture":"#texture","cullface":"up"}}},{"from":[3,14,5],"to":[13,15,7],"faces":{"down":{"uv":[7,1,2,0.5],"texture":"#texture"},"up":{"uv":[7,0.5,2,1],"texture":"#texture","cullface":"up"},"north":{"uv":[2,0.5,7,1],"texture":"#texture"},"west":{"uv":[6,1.25,7,1.75],"texture":"#texture"},"east":{"uv":[2.5,0.5,3.5,1],"texture":"#texture"}}},{"from":[2.5,14,10],"to":[13.5,15,12],"faces":{"up":{"uv":[7,0.5,1,1.5],"texture":"#texture","cullface":"up"},"south":{"uv":[7,0.5,1,1],"texture":"#texture"},"west":{"uv":[6,0.5,7.5,1],"texture":"#texture"},"east":{"uv":[1,1,2.25,1.5],"texture":"#texture"}}},{"from":[2,14,7],"to":[14,15,10],"faces":{"down":{"uv":[5.5,1.5,1,0.5],"texture":"#texture"},"up":{"uv":[5.5,0.5,1,1.5],"texture":"#texture","cullface":"up"},"north":{"uv":[1,1,5.5,1.5],"texture":"#texture"},"south":{"uv":[5.5,1,1,1.5],"texture":"#texture"},"west":{"uv":[5,0.5,6,1],"texture":"#texture"},"east":{"uv":[1,0.5,2,1],"texture":"#texture"}}},{"from":[2.5,13,4],"to":[13.5,14,6],"faces":{"up":{"uv":[7,0.5,1.5,1.5],"texture":"#texture"},"north":{"uv":[1.5,0.5,7,1],"texture":"#texture"},"west":{"uv":[6,1,7,1.5],"texture":"#texture"},"east":{"uv":[1.5,1,2.5,1.5],"texture":"#texture"}}},{"from":[2,10,2],"to":[14,12,3],"faces":{"up":{"uv":[7.5,1.5,1.5,2],"texture":"#texture"},"north":{"uv":[1.5,1.5,7.5,2.5],"texture":"#texture"},"south":{"uv":[1.5,1.5,7.5,2.5],"texture":"#texture"},"west":{"uv":[6,2,6.5,3],"texture":"#texture"},"east":{"uv":[1,1.5,1.5,2.5],"texture":"#texture"}}},{"from":[1,13,8],"to":[15,14,10],"faces":{"down":{"uv":[6.5,4,1,3],"texture":"#texture"},"up":{"uv":[6.5,3,1,4],"texture":"#texture"},"north":{"uv":[0.5,0.5,8,1],"texture":"#texture"},"south":{"uv":[8.5,0.5,0.5,1],"texture":"#texture"},"west":{"uv":[7.5,1,8.5,1.5],"texture":"#texture"},"east":{"uv":[12.5,7.5,13.5,8],"texture":"#texture"}}},{"from":[1.5,13,6],"to":[14.5,14,8],"faces":{"down":{"uv":[6,1.5,1,0.5],"texture":"#texture"},"up":{"uv":[6.5,0.5,1,1.5],"texture":"#texture"},"north":{"uv":[1,0.5,6,1],"texture":"#texture"},"west":{"uv":[6,1,7,1.5],"texture":"#texture"},"east":{"uv":[9.5,10.5,10.5,11],"texture":"#texture"}}},{"from":[0.5,11,5],"to":[15.5,12,8],"faces":{"down":{"uv":[8,1.5,0.25,0.5],"texture":"#texture"},"up":{"uv":[8,0.5,0.5,1.5],"texture":"#texture"},"north":{"uv":[0.5,1,8,1.5],"texture":"#texture"},"west":{"uv":[1.5,2.5,3,3],"texture":"#texture"},"east":{"uv":[1,4,2.5,4.5],"texture":"#texture"}}},{"from":[1.5,13,10],"to":[14.5,14,12],"faces":{"down":{"uv":[2.5,1.5,0.5,0.5],"texture":"#texture"},"up":{"uv":[2.5,0.5,0.5,1.5],"texture":"#texture"},"south":{"uv":[8,0.5,0.5,1],"texture":"#texture"},"west":{"uv":[1.5,2.5,2.5,3],"texture":"#texture"},"east":{"uv":[1.5,4,2.5,4.5],"texture":"#texture"}}},{"from":[3,12,2],"to":[13,13,3],"faces":{"up":{"uv":[7,1.5,2,2],"texture":"#texture"},"north":{"uv":[2,1.5,7,2],"texture":"#texture"},"west":{"uv":[6.5,1.5,7,2],"texture":"#texture"},"east":{"uv":[2,1.5,2.5,2],"texture":"#texture"}}},{"from":[8,10,0],"to":[11,11,1],"faces":{"down":{"uv":[4.5,2.5,3,2],"texture":"#texture"},"up":{"uv":[3,2,4.5,2.5],"texture":"#texture"},"north":{"uv":[3,2,4.5,2.5],"texture":"#texture","cullface":"north"},"west":{"uv":[4,2,4.5,2.5],"texture":"#texture"},"east":{"uv":[3,2.5,3.5,3],"texture":"#texture"}}},{"from":[0,10,5],"to":[16,11,7],"faces":{"down":{"uv":[8.5,1.5,0.5,0.5],"texture":"#texture"},"up":{"uv":[8.5,0.5,0.5,1.5],"texture":"#texture"},"north":{"uv":[0.5,1,8.5,1.5],"texture":"#texture"},"west":{"uv":[7,3.5,8,4],"texture":"#texture","cullface":"west"},"east":{"uv":[1.5,4,2.5,4.5],"texture":"#texture","cullface":"east"}}},{"from":[4,13,14],"to":[12,14,15],"faces":{"up":{"uv":[6.25,0.5,2.25,1],"texture":"#texture"},"south":{"uv":[6.25,0.5,2.25,1],"texture":"#texture"},"west":{"uv":[6.25,1,6.75,1.5],"texture":"#texture"},"east":{"uv":[1,1,1.5,1.5],"texture":"#texture"}}},{"from":[4.5,12,15],"to":[11.5,13,16],"faces":{"up":{"uv":[5.75,0.5,2.25,1],"texture":"#texture"},"south":{"uv":[5.75,0.5,2.25,1],"texture":"#texture","cullface":"south"},"west":{"uv":[5.5,0.5,6,1],"texture":"#texture"},"east":{"uv":[2,0.5,2.5,1],"texture":"#texture"}}},{"from":[3,10,1],"to":[13,11,2],"faces":{"up":{"uv":[7,2,2,2.5],"texture":"#texture"},"north":{"uv":[2,2,7,2.5],"texture":"#texture"},"west":{"uv":[7,1.5,7.5,2],"texture":"#texture"},"east":{"uv":[2,1.5,2.5,2],"texture":"#texture"}}},{"from":[2,13,12],"to":[14,14,13],"faces":{"up":{"uv":[3.5,1,0.5,1.5],"texture":"#texture"},"south":{"uv":[4.5,0.5,0.5,1],"texture":"#texture"},"west":{"uv":[5,0.5,5.5,1],"texture":"#texture"},"east":{"uv":[0.5,0.5,1,1],"texture":"#texture"}}},{"from":[2.5,13,13],"to":[13.5,14,14],"faces":{"up":{"uv":[4,0.5,0.5,1],"texture":"#texture"},"south":{"uv":[4,0.5,0.5,1],"texture":"#texture"},"west":{"uv":[7,1,7.5,1.5],"texture":"#texture"},"east":{"uv":[0.5,1,1,1.5],"texture":"#texture"}}},{"from":[4.5,12,1],"to":[11.5,13,2],"faces":{"up":{"uv":[2.5,1,6,1.5],"texture":"#texture"},"north":{"uv":[2.5,1,6,1.5],"texture":"#texture"},"west":{"uv":[4.5,1,5,1.5],"texture":"#texture"},"east":{"uv":[5,1,5.5,1.5],"texture":"#texture"}}},{"from":[4,11,1],"to":[12,12,2],"faces":{"up":{"uv":[6.5,1.5,2.5,2],"texture":"#texture"},"north":{"uv":[2.5,1.5,6.5,2],"texture":"#texture"},"west":{"uv":[2.5,1,3,1.5],"texture":"#texture"},"east":{"uv":[2,1,2.5,1.5],"texture":"#texture"}}},{"from":[3,12,14],"to":[13,13,15],"faces":{"up":{"uv":[3.5,1,0.5,1.5],"texture":"#texture"},"south":{"uv":[3.5,1,0.5,1.5],"texture":"#texture"},"west":{"uv":[5.5,0.5,6,1],"texture":"#texture"},"east":{"uv":[0.5,0.5,1,1],"texture":"#texture"}}},{"from":[0,12,9],"to":[16,13,11],"faces":{"up":{"uv":[2.5,0.5,0.5,1.5],"texture":"#texture"},"north":{"uv":[1,3,8,3.5],"texture":"#texture"},"south":{"uv":[8,3,1,3.5],"texture":"#texture"},"west":{"uv":[0.5,1.5,1.5,2],"texture":"#texture","cullface":"west"},"east":{"uv":[0.5,4,1.5,4.5],"texture":"#texture","cullface":"east"}}},{"from":[0.5,11,13],"to":[15.5,12,14],"faces":{"up":{"uv":[3.5,4,0.5,4.5],"texture":"#texture"},"south":{"uv":[3.5,4,0.5,4.5],"texture":"#texture"},"west":{"uv":[11.5,7,12,7.5],"texture":"#texture"},"east":{"uv":[11.5,7,12,7.5],"texture":"#texture"}}},{"from":[0.5,12,11],"to":[15.5,13,12],"faces":{"up":{"uv":[8,3.5,1,4],"texture":"#texture"},"south":{"uv":[8,3,1,3.5],"texture":"#texture"},"west":{"uv":[7.5,3,8,3.5],"texture":"#texture"},"east":{"uv":[2,3.5,2.5,4],"texture":"#texture"}}},{"from":[1.5,10,14],"to":[14.5,12,15],"faces":{"down":{"uv":[12,7,9,6.5],"texture":"#texture"},"up":{"uv":[3.5,0.5,0.5,1],"texture":"#texture"},"north":{"uv":[0.5,0.5,3.5,1],"texture":"#texture"},"south":{"uv":[8.5,4,7.5,5],"rotation":270,"texture":"#texture"},"west":{"uv":[1.5,3.5,2,4.5],"texture":"#texture"},"east":{"uv":[0.5,4,1,5],"texture":"#texture"}}},{"from":[-0.5,10,7],"to":[16.5,11,12],"faces":{"down":{"uv":[8.5,5.5,0,4],"texture":"#texture"},"up":{"uv":[8.5,4,0,5.5],"texture":"#texture"},"north":{"uv":[0,4,8.5,4.5],"texture":"#texture"},"south":{"uv":[8.5,4,0,4.5],"texture":"#texture"},"west":{"uv":[1,4,3.5,4.5],"texture":"#texture"},"east":{"uv":[9,6.5,11,7],"texture":"#texture"}}},{"from":[-0.5,9,6],"to":[16.5,10,11],"faces":{"down":{"uv":[8.5,3.25,0.5,4.5],"texture":"#texture"},"up":{"uv":[8.5,4.5,0.5,3.25],"texture":"#texture"},"north":{"uv":[0.5,4,8.5,4.5],"texture":"#texture"},"south":{"uv":[0.5,3.5,8.5,4],"texture":"#texture"},"west":{"uv":[12,8,9.5,8.5],"texture":"#texture"},"east":{"uv":[9.5,8,12,8.5],"texture":"#texture"}}},{"from":[1,11,3],"to":[15,12,5],"faces":{"down":{"uv":[7.5,2,0.5,1.5],"texture":"#texture"},"up":{"uv":[7.5,1.5,0.5,2],"texture":"#texture"},"north":{"uv":[0.5,1.5,7.5,2],"texture":"#texture"},"west":{"uv":[5.5,1,6.5,1.5],"texture":"#texture"},"east":{"uv":[1,1,2,1.5],"texture":"#texture"}}},{"from":[0,8,10],"to":[16,11,12],"faces":{"down":{"uv":[13,7,9,6.5],"texture":"#texture"},"up":{"uv":[9,6.5,13,7],"texture":"#texture"},"north":{"uv":[9,6.5,13,7],"texture":"#texture"},"west":{"uv":[9,6.5,11,8],"texture":"#texture","cullface":"west"},"east":{"uv":[9,6.5,11,8],"texture":"#texture","cullface":"east"}}},{"from":[4,14,4],"to":[12,15,5],"faces":{"up":{"uv":[2.5,1,6.5,1.5],"texture":"#texture","cullface":"up"},"north":{"uv":[2.5,1,6.5,1.5],"texture":"#texture"},"west":{"uv":[7,1,7.5,1.5],"texture":"#texture"},"east":{"uv":[5,1,5.5,1.5],"texture":"#texture"}}},{"from":[6,11,0.5],"to":[10,12,1],"faces":{"down":{"uv":[5.5,2,3.5,1.5],"texture":"#texture"},"up":{"uv":[5.5,1.5,3.5,2],"texture":"#texture"},"north":{"uv":[3.5,1.5,5.5,2],"texture":"#texture"},"west":{"uv":[5.25,1.5,5.5,2],"texture":"#texture"},"east":{"uv":[3.5,1.5,3.75,2],"texture":"#texture"}}},{"from":[6,0.5,-0.5],"to":[10,1.5,0.5],"faces":{"down":{"uv":[15,4.5,13,4],"texture":"#texture","cullface":"north"},"up":{"uv":[15,4,13,4.5],"texture":"#texture","cullface":"north"},"north":{"uv":[13,4,15,4.5],"texture":"#texture","cullface":"north"},"south":{"uv":[15,4,13,4.5],"texture":"#texture","cullface":"north"},"west":{"uv":[14.5,4,15,4.5],"texture":"#texture","cullface":"north"},"east":{"uv":[13,4,13.5,4.5],"texture":"#texture","cullface":"north"}}},{"from":[5,15,4],"to":[11,16,5],"faces":{"up":{"uv":[3.5,0.5,6.5,1],"texture":"#texture","cullface":"up"},"north":{"uv":[3.5,0.5,6.5,1],"texture":"#texture","cullface":"up"},"west":{"uv":[5.5,0.5,6,1],"texture":"#texture","cullface":"up"},"east":{"uv":[6.5,0.5,7,1],"texture":"#texture","cullface":"up"}}},{"from":[0,7,1.5],"to":[1,8,2.5],"faces":{"up":{"uv":[12.5,7,13,7.5],"texture":"#texture"},"north":{"uv":[12.5,7,13,7.5],"texture":"#texture"},"south":{"uv":[12.5,7,13,7.5],"texture":"#texture"},"west":{"uv":[12.5,7,13,7.5],"texture":"#texture","cullface":"west"},"east":{"uv":[12.5,7,13,7.5],"texture":"#texture"}}},{"from":[0.5,10,4],"to":[15.5,11,5],"faces":{"up":{"uv":[8.5,0.5,0.5,1],"texture":"#texture"},"north":{"uv":[0.5,0.5,8.5,1],"texture":"#texture"},"west":{"uv":[7.5,1,8,1.5],"texture":"#texture"},"east":{"uv":[11.5,7,12,7.5],"texture":"#texture"}}},{"from":[10,-4,1],"to":[11,-3,4],"faces":{"down":{"uv":[13.5,2.5,13,4],"texture":"#texture","cullface":"down"},"up":{"uv":[13,2.5,13.5,4],"texture":"#texture","cullface":"down"},"south":{"uv":[13,1.5,13.5,2],"texture":"#texture","cullface":"down"},"west":{"uv":[13,1.5,14.5,2],"texture":"#texture","cullface":"down"},"east":{"uv":[13,1.5,14.5,2],"texture":"#texture","cullface":"down"}}},{"from":[10,-5,2],"to":[11,-4,4],"faces":{"down":{"uv":[15.5,0.5,15,1.5],"texture":"#texture","cullface":"down"},"north":{"uv":[13.5,1,14,1.5],"texture":"#texture","cullface":"down"},"south":{"uv":[13,1,13.5,1.5],"texture":"#texture","cullface":"down"},"west":{"uv":[14,1,13,1.5],"texture":"#texture","cullface":"down"},"east":{"uv":[13,1.5,14,1],"texture":"#texture","cullface":"down"}}},{"from":[15,3,2.5],"to":[16.5,4,4],"faces":{"down":{"uv":[8,6.5,7.25,7],"texture":"#texture","cullface":"east"},"up":{"uv":[8,7,7.25,6.5],"texture":"#texture","cullface":"east"},"north":{"uv":[7.75,6,8.5,6.5],"texture":"#texture","cullface":"east"},"south":{"uv":[7.75,6,8.5,6.5],"texture":"#texture","cullface":"east"},"west":{"uv":[8.5,6,7.75,6.5],"texture":"#texture","cullface":"east"},"east":{"uv":[7.75,6,8.5,6.5],"texture":"#texture","cullface":"east"}}},{"from":[5.5,13,2],"to":[10.5,14,3],"faces":{"up":{"uv":[3.5,0.5,6,1],"texture":"#texture"},"north":{"uv":[3.5,0.5,6,1],"texture":"#texture"},"west":{"uv":[5.5,0.5,6,1],"texture":"#texture"},"east":{"uv":[3.5,0.5,4,1],"texture":"#texture"}}},{"from":[3,15,7],"to":[13,16,10],"faces":{"up":{"uv":[7.5,1,2.5,1.5],"texture":"#texture","cullface":"up"},"north":{"uv":[2.5,1,7.5,1.5],"texture":"#texture","cullface":"up"},"south":{"uv":[2.5,1,7.5,1.5],"texture":"#texture","cullface":"up"},"west":{"uv":[6,0.5,7,1],"texture":"#texture","cullface":"up"},"east":{"uv":[5.25,1,6.25,1.5],"texture":"#texture","cullface":"up"}}},{"from":[15,7,1.5],"to":[16,8,2.5],"faces":{"up":{"uv":[12.5,6.5,13,7],"texture":"#texture"},"north":{"uv":[12.5,6.5,13,7],"texture":"#texture"},"south":{"uv":[12.5,6.5,13,7],"texture":"#texture"},"west":{"uv":[12.5,6.5,13,7],"texture":"#texture"},"east":{"uv":[12.5,6.5,13,7],"texture":"#texture","cullface":"east"}}},{"from":[-0.5,11,8],"to":[16.5,12,11],"faces":{"up":{"uv":[1,3,8.5,4],"texture":"#texture"},"north":{"uv":[9,4,0.5,4.5],"texture":"#texture"},"south":{"uv":[0.5,4,9,4.5],"texture":"#texture"},"west":{"uv":[11.5,7,13,7.5],"texture":"#texture"},"east":{"uv":[9,6.5,10.5,7],"texture":"#texture"}}},{"from":[1.5,12,13],"to":[14.5,13,14],"faces":{"up":{"uv":[3.5,0.5,0.5,1],"texture":"#texture"},"south":{"uv":[3.5,0.5,0.5,1],"texture":"#texture"},"west":{"uv":[7.5,1,8,1.5],"texture":"#texture"},"east":{"uv":[0.5,1,1,1.5],"texture":"#texture"}}},{"from":[0,11,11],"to":[16,12,13],"faces":{"down":{"uv":[8.5,4,1,3],"texture":"#texture"},"up":{"uv":[1,3,8.5,4],"texture":"#texture"},"south":{"uv":[1,3,8.5,3.5],"texture":"#texture"},"west":{"uv":[11.5,7,12.5,7.5],"texture":"#texture","cullface":"west"},"east":{"uv":[9,6.5,10,7],"texture":"#texture","cullface":"east"}}},{"from":[1,12,12],"to":[15,13,13],"faces":{"up":{"uv":[3.5,0.5,0.5,1],"texture":"#texture"},"south":{"uv":[3.5,0.5,0.5,1],"texture":"#texture"},"west":{"uv":[1,0.5,1.5,1],"texture":"#texture"},"east":{"uv":[0.5,0.5,1,1],"texture":"#texture"}}},{"from":[0,8,12],"to":[16,11,13],"faces":{"down":{"uv":[13,7,9,6.5],"texture":"#texture"},"south":{"uv":[9,6.5,13,7],"texture":"#texture"},"west":{"uv":[9,6.5,11,8],"texture":"#texture","cullface":"west"},"east":{"uv":[9,6.5,11,8],"texture":"#texture","cullface":"east"}}},{"from":[0,9,13],"to":[16,11,14],"faces":{"down":{"uv":[13,7,9,6.5],"texture":"#texture"},"up":{"uv":[9,6.5,13,7],"texture":"#texture"},"south":{"uv":[9,6.5,13,7],"texture":"#texture"},"west":{"uv":[9,6.5,11,8],"texture":"#texture","cullface":"west"},"east":{"uv":[9,6.5,11,8],"texture":"#texture","cullface":"east"}}},{"from":[3.5,11,15],"to":[12.5,12,16],"faces":{"down":{"uv":[5,1,0.5,0.5],"texture":"#texture"},"up":{"uv":[5,0.5,0.5,1],"texture":"#texture"},"south":{"uv":[5,0.5,0.5,1],"texture":"#texture","cullface":"south"},"west":{"uv":[5.5,0.5,6,1],"texture":"#texture"},"east":{"uv":[0.5,1,1,1.5],"texture":"#texture"}}},{"from":[3.5,15,10],"to":[12.5,16,12],"faces":{"up":{"uv":[7.5,1.5,3,1],"texture":"#texture","cullface":"up"},"south":{"uv":[7.5,1,3,1.5],"texture":"#texture","cullface":"up"},"west":{"uv":[5.5,0.5,6.5,1],"texture":"#texture","cullface":"up"},"east":{"uv":[3.5,0.5,4.5,1],"texture":"#texture","cullface":"up"}}},{"from":[3.5,14,12],"to":[12.5,15,14],"faces":{"down":{"uv":[7,1,2.5,0.5],"texture":"#texture"},"up":{"uv":[7,1.5,2.5,0.5],"texture":"#texture","cullface":"up"},"south":{"uv":[7,0.5,2.5,1],"texture":"#texture"},"west":{"uv":[5.5,0.5,6.5,1],"texture":"#texture"},"east":{"uv":[2.5,0.5,3.5,1],"texture":"#texture"}}}],"display":{"thirdperson_righthand":{"rotation":[0,0,0],"translation":[0,0,0],"scale":[0.5,0.5,0.5]},"thirdperson_lefthand":{"rotation":[0,0,0],"translation":[0,0,0],"scale":[0.5,0.5,0.5]},"head":{"rotation":[0,0,0],"translation":[0,3.21,0],"scale":[1.1,1.1,1.1]},"ground":{"rotation":[0,0,0],"translation":[0,4.54,0],"scale":[0.7,0.7,0.7]},"fixed":{"rotation":[0,0,0],"translation":[0,2.65,0],"scale":[0.8,0.8,0.8]},"firstperson_righthand":{"rotation":[0,0,0],"translation":[0,0,0],"scale":[0.5,0.5,0.5]},"firstperson_lefthand":{"rotation":[0,0,0],"translation":[0,0,0],"scale":[0.5,0.5,0.5]},"gui":{"rotation":[0,180,0],"translation":[0,2.08,0],"scale":[0.7,0.7,0.7]}}}