{"__comment":"designedbyroddanwithbdcraftcubikpro0.87beta-http://bdcraft.net","textures":{"texture":"items/red_carpetunwrap1","paladinnormalunwraped3":"items/palnormalunwrap3","paladinnormalunwraped4":"items/palnormalunwrap4","paladinnormalunwraped2":"items/palnormalunwrap2"},"elements":[{"from":[2,2,-3],"to":[6,11,-2],"faces":{"down":{"uv":[5,10.5,7,11],"texture":"#texture","cullface":"north"},"up":{"uv":[5,6.5,7,7],"texture":"#texture","cullface":"north"},"north":{"uv":[5,6.5,7,11],"texture":"#texture","cullface":"north"},"south":{"uv":[7,6.5,5,11],"texture":"#texture","cullface":"north"},"west":{"uv":[6.5,6.5,7,11],"texture":"#texture","cullface":"north"},"east":{"uv":[5,6.5,5.5,11],"texture":"#texture","cullface":"north"}}},{"from":[0,3,-2],"to":[2,12,-1],"faces":{"down":{"uv":[7,10,8,10.5],"texture":"#texture","cullface":"north"},"up":{"uv":[7,6,8,6.5],"texture":"#texture","cullface":"north"},"north":{"uv":[7,6,8,10.5],"texture":"#texture","cullface":"north"},"south":{"uv":[8,6,7,10.5],"texture":"#texture","cullface":"north"},"west":{"uv":[7.5,6,8,10.5],"texture":"#texture","cullface":"north"},"east":{"uv":[7,6,7.5,10.5],"texture":"#texture","cullface":"north"}}},{"from":[-1,4,-1],"to":[0,14,1],"faces":{"down":{"uv":[8,9.5,8.5,10],"texture":"#texture","cullface":"west"},"up":{"uv":[8,6,8.5,6.5],"texture":"#texture","cullface":"west"},"north":{"uv":[8.5,6,8,10],"texture":"#texture","cullface":"west"},"south":{"uv":[8,6,8.5,10],"texture":"#texture","cullface":"west"},"west":{"uv":[8,6,8.5,10],"texture":"#texture","cullface":"west"},"east":{"uv":[8,6,8.5,10],"texture":"#texture","cullface":"west"}}},{"from":[-2,5,0],"to":[-1,16,1],"faces":{"down":{"uv":[8.5,9,9,9.5],"texture":"#texture","cullface":"west"},"north":{"uv":[8.5,4.5,9,9.5],"texture":"#texture","cullface":"west"},"south":{"uv":[9,4.5,8.5,9.5],"texture":"#texture","cullface":"west"},"west":{"uv":[8.5,4.5,9,9.5],"texture":"#texture","cullface":"west"},"east":{"uv":[8.5,4.5,9,9.5],"texture":"#texture","cullface":"west"}}},{"from":[8,2,-3],"to":[12,11,-2],"faces":{"down":{"uv":[2,10.5,4,11],"texture":"#texture","cullface":"north"},"up":{"uv":[2,6.5,4,7],"texture":"#texture","cullface":"north"},"north":{"uv":[2,6.5,4,11],"texture":"#texture","cullface":"north"},"south":{"uv":[4,6.5,2,11],"texture":"#texture","cullface":"north"},"west":{"uv":[3.5,6.5,4,11],"texture":"#texture","cullface":"north"},"east":{"uv":[2,6.5,2.5,11],"texture":"#texture","cullface":"north"}}},{"from":[12,3,-2],"to":[14,12,-1],"faces":{"down":{"uv":[1,10,2,10.5],"texture":"#texture","cullface":"north"},"up":{"uv":[1,6,2,6.5],"texture":"#texture","cullface":"north"},"north":{"uv":[1,6,2,10.5],"texture":"#texture","cullface":"north"},"south":{"uv":[2,6,1,10.5],"texture":"#texture","cullface":"north"},"west":{"uv":[1,6,1.5,10.5],"texture":"#texture","cullface":"north"},"east":{"uv":[1,6,1.5,10.5],"texture":"#texture","cullface":"north"}}},{"from":[14,4,-1],"to":[15,14,1],"faces":{"down":{"uv":[0.5,9.5,1,10],"texture":"#texture","cullface":"north"},"up":{"uv":[0.5,6,1,6.5],"texture":"#texture","cullface":"north"},"north":{"uv":[0.5,6,1,10],"texture":"#texture","cullface":"north"},"south":{"uv":[1,6,0.5,10],"texture":"#texture","cullface":"north"},"west":{"uv":[0.5,6,1,10],"texture":"#texture","cullface":"north"},"east":{"uv":[0.5,6,1,10],"texture":"#texture","cullface":"north"}}},{"from":[15,5,0],"to":[16,16,1],"faces":{"down":{"uv":[0,9,0.5,9.5],"texture":"#texture"},"north":{"uv":[0,4.5,0.5,9.5],"texture":"#texture","cullface":"north"},"south":{"uv":[0.5,4.5,0,9.5],"texture":"#texture"},"west":{"uv":[0,4.5,0.5,9.5],"texture":"#texture"},"east":{"uv":[0,4.5,0.5,9.5],"texture":"#texture","cullface":"east"}}},{"from":[-1,21,0],"to":[15,23,14.5],"faces":{"down":{"uv":[5.5,3.5,11.5,4],"texture":"#paladinnormalunwraped3","cullface":"west"},"north":{"uv":[5.5,3,11,4],"texture":"#paladinnormalunwraped3","cullface":"west"},"west":{"uv":[11.5,3,5.5,4],"texture":"#paladinnormalunwraped3","cullface":"west"},"east":{"uv":[5.5,3,11.5,4],"texture":"#paladinnormalunwraped3","cullface":"west"}}},{"from":[-1,23,0],"to":[15,24,15.5],"faces":{"down":{"uv":[4,3,12,13],"texture":"#paladinnormalunwraped4","cullface":"west"},"up":{"uv":[4,13,12,3],"texture":"#paladinnormalunwraped4","cullface":"west"},"north":{"uv":[12,11.5,4,12],"texture":"#paladinnormalunwraped4","cullface":"west"},"south":{"uv":[4,3.5,12,4],"texture":"#paladinnormalunwraped4","cullface":"west"},"west":{"uv":[10.5,2.5,4.5,3],"texture":"#paladinnormalunwraped4","cullface":"west"},"east":{"uv":[4.5,2.5,10.5,3],"texture":"#paladinnormalunwraped4","cullface":"west"}}},{"from":[2,15,-3],"to":[12,23,0.5],"faces":{"down":{"uv":[1.5,3,6.5,4],"texture":"#texture","cullface":"north"},"up":{"uv":[1.5,3.5,7.5,5],"texture":"#texture","cullface":"north"},"north":{"uv":[2,0.5,7,4.5],"texture":"#texture","cullface":"north"},"south":{"uv":[7,0.5,2,4.5],"texture":"#texture","cullface":"north"},"west":{"uv":[6,0.5,7.5,4.5],"texture":"#texture","cullface":"north"},"east":{"uv":[1.5,0.5,3,4.5],"texture":"#texture","cullface":"north"}}},{"from":[0,14,-2],"to":[2,23,1],"faces":{"down":{"uv":[2.5,2.5,4.5,3.5],"texture":"#texture","cullface":"north"},"up":{"uv":[6,0.5,8,1.5],"texture":"#texture","cullface":"north"},"north":{"uv":[7,0.5,8,5],"texture":"#texture","cullface":"north"},"south":{"uv":[8,0.5,7,5],"texture":"#texture","cullface":"north"},"west":{"uv":[8,0.5,7,5],"texture":"#texture","cullface":"north"},"east":{"uv":[8,0.5,7,5],"texture":"#texture","cullface":"north"}}},{"from":[12,14,-2],"to":[14,23,1],"faces":{"down":{"uv":[2,3,4,4],"texture":"#texture","cullface":"north"},"up":{"uv":[0.5,0.5,2.5,1.5],"texture":"#texture","cullface":"north"},"north":{"uv":[1,0.5,2,5],"texture":"#texture","cullface":"north"},"south":{"uv":[2,0.5,1,5],"texture":"#texture","cullface":"north"},"west":{"uv":[2,0.5,1,5],"texture":"#texture","cullface":"north"},"east":{"uv":[2,0.5,1,5],"texture":"#texture","cullface":"north"}}},{"from":[2,23,-1],"to":[12,24,0],"faces":{"up":{"uv":[2.5,0,6.5,0.5],"texture":"#texture","cullface":"north"},"north":{"uv":[6.5,0,2.5,0.5],"texture":"#texture","cullface":"north"},"west":{"uv":[2.5,0,3,0.5],"texture":"#texture","cullface":"north"},"east":{"uv":[6,0,6.5,0.5],"texture":"#texture","cullface":"north"}}},{"from":[4,23,-2],"to":[10,24,-1],"faces":{"up":{"uv":[1.5,0,7.5,0.5],"texture":"#texture","cullface":"north"},"north":{"uv":[5.5,0,3.5,0.5],"texture":"#texture","cullface":"north"},"west":{"uv":[3,0,3.5,0.5],"texture":"#texture","cullface":"north"},"east":{"uv":[5,0,5.5,0.5],"texture":"#texture","cullface":"north"}}},{"from":[-1,14,-0.5],"to":[0,23,0.5],"faces":{"up":{"uv":[8,0.5,8.5,1],"texture":"#texture","cullface":"west"},"north":{"uv":[8.5,0.5,8,5],"texture":"#texture","cullface":"west"},"south":{"uv":[8,0.5,8.5,5],"texture":"#texture","cullface":"west"},"west":{"uv":[8,0.5,8.5,2.5],"texture":"#texture","cullface":"west"}}},{"from":[14,14,-1],"to":[15,23,0],"faces":{"up":{"uv":[0.5,0.5,1,1],"texture":"#texture","cullface":"north"},"north":{"uv":[1,0.5,0.5,5],"texture":"#texture","cullface":"north"},"south":{"uv":[0.5,0.5,1,5],"texture":"#texture","cullface":"north"},"east":{"uv":[0.5,3,1,5],"texture":"#texture","cullface":"north"}}},{"from":[-2,6,4],"to":[16,14.5,9],"faces":{"down":{"uv":[6.5,12,9,12.5],"texture":"#paladinnormalunwraped3"},"west":{"uv":[8.5,7,6,12.5],"texture":"#paladinnormalunwraped3"},"east":{"uv":[6,7,8.5,12.5],"texture":"#paladinnormalunwraped3","cullface":"east"}}},{"from":[-2,14.5,2],"to":[16,23,14.5],"faces":{"down":{"uv":[4.5,7.5,8,8],"texture":"#paladinnormalunwraped3","cullface":"up"},"up":{"uv":[7.5,4,11,4.5],"texture":"#paladinnormalunwraped3","cullface":"up"},"north":{"uv":[8,4,8.5,7],"texture":"#paladinnormalunwraped3","cullface":"up"},"south":{"uv":[8,4,8.5,7],"texture":"#paladinnormalunwraped3","cullface":"up"},"west":{"uv":[11,3,5.5,7.5],"texture":"#paladinnormalunwraped3","cullface":"up"},"east":{"uv":[5.5,3,11,7.5],"texture":"#paladinnormalunwraped3","cullface":"up"}}},{"from":[-2,14.5,1],"to":[16,16,2],"faces":{"north":{"uv":[6,3,6.5,4.5],"texture":"#paladinnormalunwraped3"},"west":{"uv":[10.5,6,11,7],"texture":"#paladinnormalunwraped3"},"east":{"uv":[10.5,6,11,7],"texture":"#paladinnormalunwraped3","cullface":"east"}}},{"from":[0,10,14.5],"to":[14,21,16.5],"faces":{"down":{"uv":[4,8,11.5,8.5],"texture":"#paladinnormalunwraped2","cullface":"south"},"up":{"uv":[4,4,11.5,4.5],"texture":"#paladinnormalunwraped2","cullface":"south"},"north":{"uv":[4,4,12,8.5],"texture":"#paladinnormalunwraped2","cullface":"south"},"south":{"uv":[4,4,12,8.5],"texture":"#paladinnormalunwraped2","cullface":"south"},"west":{"uv":[4,8.5,4.5,4],"texture":"#paladinnormalunwraped2","cullface":"south"},"east":{"uv":[4,8.5,4.5,4],"texture":"#paladinnormalunwraped2","cullface":"south"}}},{"from":[-2,16,0],"to":[16,22,2],"faces":{"down":{"uv":[9,1,0,3.5],"texture":"#texture","cullface":"up"},"up":{"uv":[0,1,9,3.5],"texture":"#texture","cullface":"up"},"north":{"uv":[0,1,9,3.5],"texture":"#texture","cullface":"up"},"west":{"uv":[10,3.5,11,6],"texture":"#paladinnormalunwraped3","cullface":"up"},"east":{"uv":[10,3.5,11,6],"texture":"#paladinnormalunwraped3","cullface":"up"}}},{"from":[-2,22,1],"to":[16,23,2],"faces":{"up":{"uv":[0,0.5,9,1],"texture":"#texture","cullface":"up"},"north":{"uv":[0,0.5,9,1],"texture":"#texture","cullface":"up"},"west":{"uv":[0,0.5,0.5,1],"texture":"#texture","cullface":"up"},"east":{"uv":[8.5,0.5,9,1],"texture":"#texture","cullface":"up"}}},{"from":[-2,5,1],"to":[16,14.5,4],"faces":{"down":{"uv":[8.5,12,10,12.5],"texture":"#paladinnormalunwraped3"},"up":{"uv":[8.5,7,10,7.5],"texture":"#paladinnormalunwraped3"},"north":{"uv":[9.5,7,10,12.5],"texture":"#paladinnormalunwraped3"},"south":{"uv":[9.5,7,10,12.5],"texture":"#paladinnormalunwraped3"},"west":{"uv":[10.5,7,8.5,12.5],"texture":"#paladinnormalunwraped3"},"east":{"uv":[8.5,7,10.5,12.5],"texture":"#paladinnormalunwraped3","cullface":"east"}}},{"from":[-2,5,9],"to":[16,14.5,14],"faces":{"down":{"uv":[6,12,9,12.5],"texture":"#paladinnormalunwraped3"},"north":{"uv":[6,7,6.5,12.5],"texture":"#paladinnormalunwraped3"},"south":{"uv":[7.5,7,8,12.5],"texture":"#paladinnormalunwraped3"},"west":{"uv":[8.5,7,6,12.5],"texture":"#paladinnormalunwraped3"},"east":{"uv":[6,7,8.5,12.5],"texture":"#paladinnormalunwraped3","cullface":"east"}}},{"from":[5,2,-4],"to":[6,11,-3],"faces":{"down":{"uv":[5,10.5,5.5,11],"texture":"#texture","cullface":"north"},"up":{"uv":[5,6.5,5.5,7],"texture":"#texture","cullface":"north"},"north":{"uv":[5,6.5,5.5,11],"texture":"#texture","cullface":"north"},"west":{"uv":[5,6.5,5.5,11],"texture":"#texture","cullface":"north"},"east":{"uv":[5,6.5,5.5,11],"texture":"#texture","cullface":"north"}}},{"from":[2,10,-4],"to":[5,11,-3],"faces":{"down":{"uv":[5.5,6.5,7,7],"texture":"#texture","cullface":"north"},"up":{"uv":[7,6.5,5.5,7],"texture":"#texture","cullface":"north"},"north":{"uv":[5.5,6.5,7,7],"texture":"#texture","cullface":"north"},"west":{"uv":[5,6.5,5.5,7],"texture":"#texture","cullface":"north"}}},{"from":[8,2,-4],"to":[9,11,-3],"faces":{"down":{"uv":[3.5,10.5,4,11],"texture":"#texture","cullface":"north"},"up":{"uv":[3.5,6.5,4,7],"texture":"#texture","cullface":"north"},"north":{"uv":[3.5,6.5,4,11],"texture":"#texture","cullface":"north"},"west":{"uv":[3.5,6.5,4,11],"texture":"#texture","cullface":"north"},"east":{"uv":[3.5,6.5,4,11],"texture":"#texture","cullface":"north"}}},{"from":[9,10,-4],"to":[12,11,-3],"faces":{"down":{"uv":[2,6.5,4,7],"texture":"#texture","cullface":"north"},"up":{"uv":[2,6.5,4,7],"texture":"#texture","cullface":"north"},"north":{"uv":[2,6.5,4,7],"texture":"#texture","cullface":"north"},"east":{"uv":[3.5,6.5,4,7],"texture":"#texture","cullface":"north"}}},{"from":[1,11,-3],"to":[2,12,-2],"faces":{"down":{"uv":[7,6,7.5,6.5],"texture":"#texture","cullface":"north"},"up":{"uv":[7,6,7.5,6.5],"texture":"#texture","cullface":"north"},"north":{"uv":[7,6,7.5,6.5],"texture":"#texture","cullface":"north"},"west":{"uv":[7,6,7.5,6.5],"texture":"#texture","cullface":"north"},"east":{"uv":[7,6,7.5,6.5],"texture":"#texture","cullface":"north"}}},{"from":[12,11,-3],"to":[13,12,-2],"faces":{"down":{"uv":[1.5,6,2,6.5],"texture":"#texture","cullface":"north"},"up":{"uv":[1.5,6,2,6.5],"texture":"#texture","cullface":"north"},"north":{"uv":[1.5,6,2,6.5],"texture":"#texture","cullface":"north"},"west":{"uv":[1.5,6,2,6.5],"texture":"#texture","cullface":"north"},"east":{"uv":[1.5,6,2,6.5],"texture":"#texture","cullface":"north"}}},{"from":[0,12,-2],"to":[1,14,-1],"faces":{"north":{"uv":[7.5,5,8,6],"texture":"#texture","cullface":"north"},"south":{"uv":[8,5,7.5,6],"texture":"#texture","cullface":"north"},"west":{"uv":[7.5,5,8,6],"texture":"#texture","cullface":"north"},"east":{"uv":[7.5,5,8,6],"texture":"#texture","cullface":"north"}}},{"from":[13,12,-2],"to":[14,14,-1],"faces":{"north":{"uv":[1,5,1.5,6],"texture":"#texture","cullface":"north"},"south":{"uv":[1.5,5,1,6],"texture":"#texture","cullface":"north"},"west":{"uv":[1,5,1.5,6],"texture":"#texture","cullface":"north"},"east":{"uv":[1,5,1.5,6],"texture":"#texture","cullface":"north"}}},{"from":[1,14,-3],"to":[2,15,-2],"faces":{"down":{"uv":[6.5,4.5,7.5,5],"texture":"#texture","cullface":"north"},"up":{"uv":[6.5,4.5,7.5,5],"texture":"#texture","cullface":"north"},"north":{"uv":[6.5,4.5,7.5,5],"texture":"#texture","cullface":"north"},"west":{"uv":[6.5,4.5,7,5],"texture":"#texture","cullface":"north"},"east":{"uv":[7,4.5,7.5,5],"texture":"#texture","cullface":"north"}}},{"from":[12,14,-3],"to":[13,15,-2],"faces":{"down":{"uv":[2.5,4.5,1.5,5],"texture":"#texture","cullface":"north"},"up":{"uv":[1.5,4.5,2.5,5],"texture":"#texture","cullface":"north"},"north":{"uv":[1.5,4.5,2.5,5],"texture":"#texture","cullface":"north"},"west":{"uv":[1.5,4.5,2,5],"texture":"#texture","cullface":"north"},"east":{"uv":[2,4.5,2.5,5],"texture":"#texture","cullface":"north"}}},{"from":[-1,5,14],"to":[15,14.5,15],"faces":{"down":{"uv":[4,11.5,12,12],"texture":"#paladinnormalunwraped2","cullface":"west"},"up":{"uv":[4,8.5,12,9],"texture":"#paladinnormalunwraped2","cullface":"west"},"south":{"uv":[4,8.5,12,12],"texture":"#paladinnormalunwraped2","cullface":"west"},"west":{"uv":[4,8.5,4.5,12],"texture":"#paladinnormalunwraped2","cullface":"west"},"east":{"uv":[11,8.5,11.5,12],"texture":"#paladinnormalunwraped2","cullface":"west"}}},{"from":[2,14,-4],"to":[12,15,-3],"faces":{"down":{"uv":[7.5,4.5,1.5,5],"texture":"#texture","cullface":"north"},"up":{"uv":[1.5,4.5,7.5,5],"texture":"#texture","cullface":"north"},"north":{"uv":[1.5,4.5,7.5,5],"texture":"#texture","cullface":"north"},"south":{"uv":[7.5,4.5,1.5,5],"texture":"#texture","cullface":"north"},"west":{"uv":[7,4.5,7.5,5],"texture":"#texture","cullface":"north"},"east":{"uv":[1.5,4.5,2,5],"texture":"#texture","cullface":"north"}}},{"from":[0.5,21,15],"to":[13.5,23,16.5],"faces":{"up":{"uv":[3.5,3,8.5,3.5],"texture":"#paladinnormalunwraped2","cullface":"south"},"north":{"uv":[4.5,3,11.5,4],"texture":"#paladinnormalunwraped2","cullface":"south"},"south":{"uv":[4.5,3,11.5,4],"texture":"#paladinnormalunwraped2","cullface":"south"},"west":{"uv":[4.5,3,5,4],"texture":"#paladinnormalunwraped2","cullface":"south"},"east":{"uv":[11,3,11.5,4],"texture":"#paladinnormalunwraped2","cullface":"south"}}},{"from":[1,6,15],"to":[13,14,16],"faces":{"down":{"uv":[5,11,11,11.5],"texture":"#paladinnormalunwraped2"},"up":{"uv":[5,8.5,11,9],"texture":"#paladinnormalunwraped2"},"south":{"uv":[5,8.5,11,11.5],"texture":"#paladinnormalunwraped2","cullface":"south"},"west":{"uv":[5,8.5,5.5,11.5],"texture":"#paladinnormalunwraped2"},"east":{"uv":[10.5,8.5,11,11.5],"texture":"#paladinnormalunwraped2"}}},{"from":[0,14.5,14.5],"to":[14,16,16],"faces":{"down":{"uv":[16,16,2,14.5],"texture":"#paladinnormalunwraped2"},"up":{"uv":[0,14.5,14,16],"texture":"#paladinnormalunwraped2","cullface":"up"},"south":{"uv":[0,0,14,1.5],"texture":"#paladinnormalunwraped2","cullface":"south"},"west":{"uv":[14.5,0,16,1.5],"texture":"#paladinnormalunwraped2","cullface":"west"},"east":{"uv":[0,0,1.5,1.5],"texture":"#paladinnormalunwraped2"}}},{"from":[-1,14.5,14.5],"to":[15,23,15.5],"faces":{"down":{"uv":[4,6,12,6.5],"texture":"#paladinnormalunwraped2","cullface":"west"},"south":{"uv":[4,3,12,6.5],"texture":"#paladinnormalunwraped2","cullface":"west"},"west":{"uv":[4,3,4.5,6.5],"texture":"#paladinnormalunwraped2","cullface":"west"},"east":{"uv":[11.5,3,12,6.5],"texture":"#paladinnormalunwraped2","cullface":"west"}}},{"from":[2.5,7.5,15.5],"to":[11.5,10,16.5],"faces":{"down":{"uv":[6,10.5,10,11],"texture":"#paladinnormalunwraped2","cullface":"south"},"north":{"uv":[5.5,9.5,10.5,11],"texture":"#paladinnormalunwraped2","cullface":"south"},"south":{"uv":[5.5,9.5,10.5,11],"texture":"#paladinnormalunwraped2","cullface":"south"},"west":{"uv":[5.5,10,6,11.5],"texture":"#paladinnormalunwraped2","cullface":"south"},"east":{"uv":[10,10,10.5,11.5],"texture":"#paladinnormalunwraped2","cullface":"south"}}}],"display":{"thirdperson_righthand":{"rotation":[0,0,0],"translation":[0,0,0],"scale":[0.5,0.5,0.5]},"thirdperson_lefthand":{"rotation":[0,0,0],"translation":[0,0,0],"scale":[0.5,0.5,0.5]},"head":{"rotation":[0,0,0],"translation":[1.3,-5.1,2.46],"scale":[1,1,1]},"ground":{"rotation":[0,0,0],"translation":[0,4.54,0],"scale":[0.7,0.7,0.7]},"fixed":{"rotation":[0,0,0],"translation":[1.13,-2.65,0],"scale":[0.8,0.8,0.8]},"firstperson_righthand":{"rotation":[0,0,0],"translation":[0,0,0],"scale":[0.5,0.5,0.5]},"firstperson_lefthand":{"rotation":[0,0,0],"translation":[0,0,0],"scale":[0.5,0.5,0.5]},"gui":{"rotation":[0,180,0],"translation":[-0.76,-3.59,0],"scale":[0.7,0.7,0.7]}}}