{"__comment":"designedbyhypixelminecraftserverwithbdcraftcubikpro0.87beta-http://bdcraft.net","textures":{"texture":"items/cooked_rabbitunwrap"},"elements":[{"from":[7.5,23.5,8],"to":[8.5,24,8.5],"faces":{"up":{"uv":[8.5,0,9.5,0.5],"texture":"#texture","cullface":"up"},"north":{"uv":[9.5,0,8.5,0.5],"texture":"#texture","cullface":"up"},"south":{"uv":[8.5,0,9.5,0.5],"texture":"#texture","cullface":"up"},"west":{"uv":[8.5,0,9,0.5],"texture":"#texture","cullface":"up"},"east":{"uv":[9,0,9.5,0.5],"texture":"#texture","cullface":"up"}}},{"from":[7,22.5,8],"to":[9,23.5,8.5],"faces":{"up":{"uv":[10.5,3.5,12.5,4],"texture":"#texture","cullface":"up"},"north":{"uv":[12.5,3.5,10.5,4],"texture":"#texture","cullface":"up"},"south":{"uv":[10.5,3.5,12.5,4],"texture":"#texture","cullface":"up"},"west":{"uv":[10.5,3.5,11,4],"texture":"#texture","cullface":"up"},"east":{"uv":[12,3.5,12.5,4],"texture":"#texture","cullface":"up"}}},{"from":[6.5,21.5,7.75],"to":[9.5,22.5,8.75],"faces":{"up":{"uv":[8.5,0,11.5,0.5],"texture":"#texture","cullface":"up"},"north":{"uv":[11.5,0,8.5,1],"texture":"#texture","cullface":"up"},"south":{"uv":[8.5,0,11.5,1],"texture":"#texture","cullface":"up"},"west":{"uv":[8.5,0,9,1],"texture":"#texture","cullface":"up"},"east":{"uv":[11,0,11.5,1],"texture":"#texture","cullface":"up"}}},{"from":[6,20.5,7.25],"to":[10,21.5,9.25],"faces":{"down":{"uv":[12,3,8,1],"texture":"#texture","cullface":"up"},"up":{"uv":[8,1,12,3],"texture":"#texture","cullface":"up"},"north":{"uv":[12,1,8,2],"texture":"#texture","cullface":"up"},"south":{"uv":[8,1,12,2],"texture":"#texture","cullface":"up"},"west":{"uv":[9,6,11,7],"texture":"#texture","cullface":"up"},"east":{"uv":[11,6.5,9,7.5],"texture":"#texture","cullface":"up"}}},{"from":[6,18.5,8.75],"to":[10,20.5,9.75],"faces":{"down":{"uv":[12,3,8,2],"texture":"#texture","cullface":"up"},"up":{"uv":[8,3,12,2],"texture":"#texture","cullface":"up"},"north":{"uv":[8,2,12,4],"texture":"#texture","cullface":"up"},"south":{"uv":[8,2,12,4],"texture":"#texture","cullface":"up"},"west":{"uv":[8,4.5,9,2.5],"texture":"#texture","cullface":"up"},"east":{"uv":[11.5,2.5,12.5,4.5],"texture":"#texture","cullface":"up"}}},{"from":[5.5,20,7.25],"to":[6.5,21,9.25],"faces":{"down":{"uv":[9,5.5,8,3.5],"texture":"#texture","cullface":"up"},"up":{"uv":[8,3.5,9,5.5],"texture":"#texture","cullface":"up"},"north":{"uv":[8.5,1.5,7.5,2.5],"texture":"#texture","cullface":"up"},"south":{"uv":[7.5,1.5,8.5,2.5],"texture":"#texture","cullface":"up"},"west":{"uv":[7,1.5,9,2.5],"texture":"#texture","cullface":"up"},"east":{"uv":[7,1.5,9,2.5],"texture":"#texture","cullface":"up"}}},{"from":[4,20,7.75],"to":[5.5,21,8.75],"faces":{"down":{"uv":[14,2.5,12.5,1.5],"texture":"#texture","cullface":"up"},"up":{"uv":[6,1.5,7.5,2.5],"texture":"#texture","cullface":"up"},"north":{"uv":[7.5,1.5,6,2.5],"texture":"#texture","cullface":"up"},"south":{"uv":[6,1.5,7.5,2.5],"texture":"#texture","cullface":"up"},"west":{"uv":[7,1.5,6,2.5],"texture":"#texture","cullface":"up"}}},{"from":[3.5,21,8],"to":[5,21.5,8.5],"faces":{"down":{"uv":[7,1.5,5.5,1],"texture":"#texture","cullface":"up"},"up":{"uv":[5.5,1,7,1.5],"texture":"#texture","cullface":"up"},"north":{"uv":[7,1,5.5,1.5],"texture":"#texture","cullface":"up"},"south":{"uv":[5.5,1,7,1.5],"texture":"#texture","cullface":"up"},"west":{"uv":[5.5,1,6,1.5],"texture":"#texture","cullface":"up"},"east":{"uv":[6.5,1,7,1.5],"texture":"#texture","cullface":"up"}}},{"from":[4.5,18.5,7.5],"to":[5.5,20.5,9],"faces":{"up":{"uv":[6.5,2,7.5,3.5],"texture":"#texture","cullface":"up"},"north":{"uv":[7.5,2,6.5,4],"texture":"#texture","cullface":"up"},"south":{"uv":[6.5,2,7.5,4],"texture":"#texture","cullface":"up"},"west":{"uv":[11.5,4,13,6],"texture":"#texture","cullface":"up"},"east":{"uv":[7,5,8.5,7],"texture":"#texture","cullface":"up"}}},{"from":[3.5,14.5,7.75],"to":[4,17,8.75],"faces":{"down":{"uv":[6,8,5.5,7],"texture":"#texture","cullface":"up"},"up":{"uv":[5.5,5.5,6,6.5],"texture":"#texture","cullface":"up"},"north":{"uv":[6,5.5,5.5,8],"texture":"#texture","cullface":"up"},"south":{"uv":[5.5,5.5,6,8],"texture":"#texture","cullface":"up"},"west":{"uv":[12.5,5.5,11.5,8],"texture":"#texture","cullface":"up"}}},{"from":[4,13,7.25],"to":[5.5,18.5,9.25],"faces":{"down":{"uv":[7.5,6,6,4],"texture":"#texture","cullface":"up"},"up":{"uv":[6,4,7.5,6],"texture":"#texture","cullface":"up"},"north":{"uv":[7.5,4,6,9.5],"texture":"#texture","cullface":"up"},"south":{"uv":[6,4,7.5,9.5],"texture":"#texture","cullface":"up"},"west":{"uv":[6.5,3,8.5,8.5],"texture":"#texture","cullface":"up"},"east":{"uv":[10,4.5,12,10],"texture":"#texture","cullface":"up"}}},{"from":[2.5,15,8],"to":[3.5,16.5,8.5],"faces":{"down":{"uv":[5.5,7.5,4.5,7],"texture":"#texture","cullface":"up"},"up":{"uv":[4.5,6,5.5,6.5],"texture":"#texture","cullface":"up"},"north":{"uv":[5.5,6,4.5,7.5],"texture":"#texture","cullface":"up"},"south":{"uv":[4.5,6,5.5,7.5],"texture":"#texture","cullface":"up"},"west":{"uv":[4.5,6,5,7.5],"texture":"#texture","cullface":"up"}}},{"from":[2,15.5,8],"to":[2.5,16,8.5],"faces":{"down":{"uv":[4.5,7,4,6.5],"texture":"#texture"},"up":{"uv":[4,6.5,4.5,7],"texture":"#texture","cullface":"up"},"north":{"uv":[4,6.5,4.5,7],"texture":"#texture"},"south":{"uv":[4,6.5,4.5,7],"texture":"#texture"},"west":{"uv":[4,6.5,4.5,7],"texture":"#texture"}}},{"from":[5.5,15.5,8.75],"to":[6,19,9.75],"faces":{"up":{"uv":[7.5,3,8,4],"texture":"#texture","cullface":"up"},"north":{"uv":[7.5,3.5,8,7],"texture":"#texture","cullface":"up"},"south":{"uv":[7.5,3.5,8,7],"texture":"#texture","cullface":"up"},"west":{"uv":[7.5,3.5,8,7],"texture":"#texture","cullface":"up"},"east":{"uv":[7.5,3.5,8,7],"texture":"#texture","cullface":"up"}}},{"from":[5.5,12.5,8.75],"to":[6,15.5,9.75],"faces":{"down":{"uv":[8,10,7.5,9],"texture":"#texture"},"north":{"uv":[7.5,7,8,10],"texture":"#texture"},"south":{"uv":[7.5,7,8,10],"texture":"#texture"},"west":{"uv":[7.5,7,8.5,10],"texture":"#texture"}}},{"from":[4.5,11,7.5],"to":[5.5,13,9],"faces":{"down":{"uv":[7.5,10.5,6.5,9],"texture":"#texture"},"north":{"uv":[6.5,9.5,7.5,11.5],"texture":"#texture"},"south":{"uv":[6.5,9.5,7.5,11.5],"texture":"#texture"},"west":{"uv":[6.5,9.5,7,11.5],"texture":"#texture"},"east":{"uv":[6.5,9.5,7,11.5],"texture":"#texture"}}},{"from":[5,11.5,7.25],"to":[6,13,9.25],"faces":{"down":{"uv":[11,12,10,10],"texture":"#texture"},"up":{"uv":[7.5,8.5,8.5,10.5],"texture":"#texture"},"north":{"uv":[8,9.5,7,11],"texture":"#texture"},"south":{"uv":[7,9.5,8,11],"texture":"#texture"},"west":{"uv":[7,8.5,9,10],"texture":"#texture"},"east":{"uv":[7,8.5,9,10],"texture":"#texture"}}},{"from":[6.5,17,9.25],"to":[9.5,19,10.25],"faces":{"down":{"uv":[11.5,5.5,8.5,4.5],"texture":"#texture","cullface":"up"},"up":{"uv":[8.5,3,11.5,4],"texture":"#texture","cullface":"up"},"north":{"uv":[8.5,3.5,11.5,5.5],"texture":"#texture","cullface":"up"},"south":{"uv":[8.5,3.5,11.5,5.5],"texture":"#texture","cullface":"up"},"west":{"uv":[8,3.5,9,5.5],"texture":"#texture","cullface":"up"},"east":{"uv":[11.5,2.5,12.5,4.5],"texture":"#texture","cullface":"up"}}},{"from":[6,16,8.75],"to":[6.5,19,9.75],"faces":{"down":{"uv":[8.5,7,8,6],"texture":"#texture","cullface":"up"},"up":{"uv":[8,4,8.5,5],"texture":"#texture","cullface":"up"},"north":{"uv":[8,4,8.5,7],"texture":"#texture","cullface":"up"},"south":{"uv":[8,4,8.5,7],"texture":"#texture","cullface":"up"},"east":{"uv":[7.5,4,8.5,7],"texture":"#texture","cullface":"up"}}},{"from":[6.5,12.5,9.25],"to":[9.5,14,10.25],"faces":{"down":{"uv":[11.5,10.5,8.5,9.5],"texture":"#texture"},"up":{"uv":[8.5,9.5,11.5,10.5],"texture":"#texture"},"north":{"uv":[8.5,8.5,11.5,10],"texture":"#texture"},"south":{"uv":[8.5,8.5,11.5,10],"texture":"#texture"},"west":{"uv":[8,8.5,9,10],"texture":"#texture"},"east":{"uv":[11,8.5,12,10],"texture":"#texture"}}},{"from":[6,12.5,8.75],"to":[6.5,15.5,9.75],"faces":{"down":{"uv":[8.5,10.5,8,9.5],"texture":"#texture"},"up":{"uv":[8,7,8.5,8],"texture":"#texture"},"north":{"uv":[8,7,8.5,10],"texture":"#texture"},"south":{"uv":[8,7,8.5,10],"texture":"#texture"},"east":{"uv":[7.5,7,8.5,10],"texture":"#texture"}}},{"from":[6,11,8.75],"to":[10,13,9.75],"faces":{"down":{"uv":[12,12,8,11],"texture":"#texture"},"up":{"uv":[8,11,12,12],"texture":"#texture"},"north":{"uv":[12,10,8,12],"texture":"#texture"},"south":{"uv":[8,10,12,12],"texture":"#texture"},"west":{"uv":[7.5,9,8.5,11],"texture":"#texture"},"east":{"uv":[11,10,12,12],"texture":"#texture"}}},{"from":[6.5,14,10.25],"to":[9.5,17,10.75],"faces":{"down":{"uv":[11.5,8.5,8.5,8],"texture":"#texture","cullface":"up"},"up":{"uv":[8.5,5.5,11.5,6],"texture":"#texture","cullface":"up"},"north":{"uv":[8.5,5.5,11.5,8.5],"texture":"#texture","cullface":"up"},"south":{"uv":[8.5,5.5,11.5,8.5],"texture":"#texture","cullface":"up"},"west":{"uv":[8.5,5.5,9,8.5],"texture":"#texture","cullface":"up"},"east":{"uv":[11,5.5,11.5,8.5],"texture":"#texture","cullface":"up"}}},{"from":[6,14,9.25],"to":[6.5,17.5,10.25],"faces":{"down":{"uv":[8,8.5,7.5,7.5],"texture":"#texture","cullface":"up"},"up":{"uv":[8,6,8.5,7],"texture":"#texture","cullface":"up"},"north":{"uv":[8,5,8.5,8.5],"texture":"#texture","cullface":"up"},"south":{"uv":[8,5,8.5,8.5],"texture":"#texture","cullface":"up"},"west":{"uv":[7.5,5,8.5,8.5],"texture":"#texture","cullface":"up"},"east":{"uv":[7.5,5,8.5,8.5],"texture":"#texture","cullface":"up"}}},{"from":[7.5,15,11.25],"to":[8.5,16,11.75],"faces":{"down":{"uv":[10.5,7.5,9.5,7],"texture":"#texture"},"up":{"uv":[9.5,6.5,10.5,7],"texture":"#texture","cullface":"up"},"south":{"uv":[9.5,6.5,10.5,7.5],"texture":"#texture"},"west":{"uv":[9.5,6.5,10,7.5],"texture":"#texture"},"east":{"uv":[10,6.5,10.5,7.5],"texture":"#texture"}}},{"from":[5.5,9.5,7.5],"to":[6.5,11.5,9],"faces":{"down":{"uv":[10,13,9,11.5],"texture":"#texture"},"up":{"uv":[9.5,11.5,10.5,13],"texture":"#texture"},"north":{"uv":[8.5,11,7.5,13],"texture":"#texture"},"south":{"uv":[7.5,11,8.5,13],"texture":"#texture"},"west":{"uv":[10,10.5,11.5,12.5],"texture":"#texture"},"east":{"uv":[10,10.5,11.5,12.5],"texture":"#texture"}}},{"from":[5,18.5,7.25],"to":[6,20,9.25],"faces":{"down":{"uv":[13,8,12,6],"texture":"#texture","cullface":"up"},"up":{"uv":[12,6,13,8],"texture":"#texture","cullface":"up"},"north":{"uv":[8,2.5,7,4],"texture":"#texture","cullface":"up"},"south":{"uv":[7,2.5,8,4],"texture":"#texture","cullface":"up"},"west":{"uv":[9,10.5,11,9],"texture":"#texture","cullface":"up"},"east":{"uv":[9,2.5,11,4],"texture":"#texture","cullface":"up"}}},{"from":[4,10.5,7.75],"to":[5.5,11.5,8.75],"faces":{"down":{"uv":[7.5,12,6,11],"texture":"#texture"},"up":{"uv":[6,11,7.5,12],"texture":"#texture"},"north":{"uv":[7.5,11,6,12],"texture":"#texture"},"south":{"uv":[6,11,7.5,12],"texture":"#texture"},"west":{"uv":[6,6,7,7],"texture":"#texture"}}},{"from":[3.5,10,8],"to":[5,10.5,8.5],"faces":{"down":{"uv":[7,12.5,5.5,12],"texture":"#texture"},"up":{"uv":[5.5,12,7,12.5],"texture":"#texture"},"north":{"uv":[7,12,5.5,12.5],"texture":"#texture"},"south":{"uv":[5.5,12,7,12.5],"texture":"#texture"},"west":{"uv":[5.5,12,6,12.5],"texture":"#texture"},"east":{"uv":[6.5,12,7,12.5],"texture":"#texture"}}},{"from":[9.5,14,9.25],"to":[10,17.5,10.25],"faces":{"down":{"uv":[12,8.5,11.5,7.5],"texture":"#texture","cullface":"up"},"up":{"uv":[11.5,5.5,12,6.5],"texture":"#texture","cullface":"up"},"north":{"uv":[11.5,5,12,8.5],"texture":"#texture","cullface":"up"},"south":{"uv":[11.5,5,12,8.5],"texture":"#texture","cullface":"up"},"west":{"uv":[11.5,5,12.5,8.5],"texture":"#texture","cullface":"up"},"east":{"uv":[11.5,5,12.5,8.5],"texture":"#texture","cullface":"up"}}},{"from":[9.5,15.5,8.75],"to":[10,18.5,9.75],"faces":{"north":{"uv":[11.5,4.5,12,7],"texture":"#texture","cullface":"up"},"south":{"uv":[11.5,4.5,12,7],"texture":"#texture","cullface":"up"},"west":{"uv":[11.5,5,12.5,7.5],"texture":"#texture","cullface":"up"}}},{"from":[10,15.5,8.75],"to":[10.5,19,9.75],"faces":{"up":{"uv":[12,4,12.5,5],"texture":"#texture","cullface":"up"},"north":{"uv":[12,3.5,12.5,7],"texture":"#texture","cullface":"up"},"south":{"uv":[12,3.5,12.5,7],"texture":"#texture","cullface":"up"},"west":{"uv":[12,3.5,13,6.5],"texture":"#texture","cullface":"up"},"east":{"uv":[12,3.5,13,6.5],"texture":"#texture","cullface":"up"}}},{"from":[10,12,8.75],"to":[10.5,15.5,9.75],"faces":{"down":{"uv":[13.5,10.5,13,9.5],"texture":"#texture"},"north":{"uv":[12,7,12.5,10.5],"texture":"#texture"},"south":{"uv":[12,7,12.5,10.5],"texture":"#texture"},"west":{"uv":[12,7,13,10.5],"texture":"#texture"},"east":{"uv":[12,7,13,10.5],"texture":"#texture"}}},{"from":[9.5,12.5,8.75],"to":[10,15.5,9.75],"faces":{"down":{"uv":[12.5,10,12,9],"texture":"#texture"},"north":{"uv":[11.5,7,12,10],"texture":"#texture"},"south":{"uv":[11.5,7,12,10],"texture":"#texture"},"west":{"uv":[12,6.5,13,9.5],"texture":"#texture"}}},{"from":[9.5,20,7.25],"to":[10.5,21,9.25],"faces":{"down":{"uv":[9,6,8,4],"texture":"#texture","cullface":"up"},"up":{"uv":[9,6,8,4],"texture":"#texture","cullface":"up"},"north":{"uv":[12.5,1.5,11.5,2.5],"texture":"#texture","cullface":"up"},"south":{"uv":[11.5,1.5,12.5,2.5],"texture":"#texture","cullface":"up"},"west":{"uv":[11.5,1.5,13.5,2.5],"texture":"#texture","cullface":"up"},"east":{"uv":[12,1.5,13,2.5],"texture":"#texture","cullface":"up"}}},{"from":[10.5,20,7.75],"to":[12,21,8.75],"faces":{"down":{"uv":[14,2.5,12.5,1.5],"texture":"#texture","cullface":"up"},"up":{"uv":[14,1.5,12.5,2.5],"texture":"#texture","cullface":"up"},"north":{"uv":[12.5,1.5,14,2.5],"texture":"#texture","cullface":"up"},"south":{"uv":[14,1.5,12.5,2.5],"texture":"#texture","cullface":"up"},"east":{"uv":[12,2.5,13,3.5],"texture":"#texture","cullface":"up"}}},{"from":[11,21,8],"to":[12.5,21.5,8.5],"faces":{"down":{"uv":[14.5,1.5,13,1],"texture":"#texture","cullface":"up"},"up":{"uv":[13,1,14.5,1.5],"texture":"#texture","cullface":"up"},"north":{"uv":[14.5,1,13,1.5],"texture":"#texture","cullface":"up"},"south":{"uv":[13,1,14.5,1.5],"texture":"#texture","cullface":"up"},"west":{"uv":[13,1,13.5,1.5],"texture":"#texture","cullface":"up"},"east":{"uv":[14,1,14.5,1.5],"texture":"#texture","cullface":"up"}}},{"from":[10.5,18.5,7.5],"to":[11.5,20.5,9],"faces":{"up":{"uv":[12.5,5.5,13.5,7],"texture":"#texture","cullface":"up"},"north":{"uv":[13.5,2,12.5,4],"texture":"#texture","cullface":"up"},"south":{"uv":[12.5,2,13.5,4],"texture":"#texture","cullface":"up"},"west":{"uv":[12,2,13.5,4],"texture":"#texture","cullface":"up"},"east":{"uv":[12,2,13.5,4],"texture":"#texture","cullface":"up"}}},{"from":[10,18.5,7.25],"to":[11,20,9.25],"faces":{"down":{"uv":[6,9.25,5,7.25],"texture":"#texture","cullface":"up"},"up":{"uv":[10,7.25,11,9.25],"texture":"#texture","cullface":"up"},"north":{"uv":[13,2.5,12,4],"texture":"#texture","cullface":"up"},"south":{"uv":[12,2.5,13,4],"texture":"#texture","cullface":"up"},"west":{"uv":[12.5,7,14.5,8.5],"texture":"#texture","cullface":"up"},"east":{"uv":[12.5,7,14.5,8.5],"texture":"#texture","cullface":"up"}}},{"from":[10.5,13.5,7.25],"to":[12,18.5,9.25],"faces":{"down":{"uv":[14,9,12.5,7],"texture":"#texture","cullface":"up"},"up":{"uv":[12,6,13.5,8],"texture":"#texture","cullface":"up"},"north":{"uv":[14,4,12.5,9],"texture":"#texture","cullface":"up"},"south":{"uv":[12.5,4,14,9],"texture":"#texture","cullface":"up"},"west":{"uv":[13,4,11,9],"texture":"#texture","cullface":"up"},"east":{"uv":[11,4,13,9],"texture":"#texture","cullface":"up"}}},{"from":[12,14,7.75],"to":[12.5,17,8.75],"faces":{"down":{"uv":[14,5,13.5,4],"texture":"#texture","cullface":"up"},"up":{"uv":[14,5.5,14.5,6.5],"texture":"#texture","cullface":"up"},"north":{"uv":[14,5.5,14.5,8.5],"texture":"#texture","cullface":"up"},"south":{"uv":[14,5.5,14.5,8.5],"texture":"#texture","cullface":"up"},"east":{"uv":[13.5,5.5,14.5,8.5],"texture":"#texture","cullface":"up"}}},{"from":[12.5,15,8],"to":[13.5,16.5,8.5],"faces":{"down":{"uv":[15.5,7.5,14.5,7],"texture":"#texture","cullface":"up"},"up":{"uv":[14.5,6,15.5,6.5],"texture":"#texture","cullface":"up"},"north":{"uv":[15.5,6,14.5,7.5],"texture":"#texture","cullface":"up"},"south":{"uv":[14.5,6,15.5,7.5],"texture":"#texture","cullface":"up"},"east":{"uv":[15,6,15.5,7.5],"texture":"#texture","cullface":"up"}}},{"from":[13.5,15.5,8],"to":[14,16,8.5],"faces":{"down":{"uv":[16,7,15.5,6.5],"texture":"#texture"},"up":{"uv":[15.5,6.5,16,7],"texture":"#texture","cullface":"up"},"north":{"uv":[15.5,6.5,16,7],"texture":"#texture"},"south":{"uv":[15.5,6.5,16,7],"texture":"#texture"},"east":{"uv":[15.5,6.5,16,7],"texture":"#texture"}}},{"from":[10.5,13,7.25],"to":[11.5,13.5,9.25],"faces":{"down":{"uv":[13.5,8,12.5,6],"texture":"#texture"},"north":{"uv":[13.5,9,12.5,9.5],"texture":"#texture"},"south":{"uv":[12.5,9,13.5,9.5],"texture":"#texture"},"west":{"uv":[11,9.5,13,10],"texture":"#texture"},"east":{"uv":[9.5,12,11.5,12.5],"texture":"#texture"}}},{"from":[10.5,11,7.5],"to":[11.5,13,9],"faces":{"down":{"uv":[13,11,12,9.5],"texture":"#texture"},"north":{"uv":[13.5,9.5,12.5,11.5],"texture":"#texture"},"south":{"uv":[12.5,9.5,13.5,11.5],"texture":"#texture"},"west":{"uv":[11.5,9.5,13,11.5],"texture":"#texture"},"east":{"uv":[13,9.5,11.5,11.5],"texture":"#texture"}}},{"from":[10,11.5,7.25],"to":[11,13,9.25],"faces":{"down":{"uv":[12,12,11,10],"texture":"#texture"},"up":{"uv":[11,9.5,12,11.5],"texture":"#texture"},"north":{"uv":[12,9.5,13,11],"texture":"#texture"},"south":{"uv":[12,9.5,13,11],"texture":"#texture"},"west":{"uv":[11,9.5,13,11],"texture":"#texture"},"east":{"uv":[13,9.5,11,11],"texture":"#texture"}}},{"from":[9.5,9.5,7.5],"to":[10.5,11.5,9],"faces":{"down":{"uv":[10.5,13,9.5,11.5],"texture":"#texture"},"up":{"uv":[9.5,11.5,10.5,13],"texture":"#texture"},"north":{"uv":[12.5,11,11.5,13],"texture":"#texture"},"south":{"uv":[11.5,11,12.5,13],"texture":"#texture"},"west":{"uv":[10,10.5,11.5,12.5],"texture":"#texture"},"east":{"uv":[9.5,11,11,13],"texture":"#texture"}}},{"from":[10.5,10.5,7.75],"to":[12,11.5,8.75],"faces":{"down":{"uv":[11,12,9.5,11],"texture":"#texture"},"up":{"uv":[12,10.5,13.5,11],"texture":"#texture"},"north":{"uv":[14,11,12.5,12],"texture":"#texture"},"south":{"uv":[12.5,11,14,12],"texture":"#texture"},"east":{"uv":[7.5,6.5,8.5,7.5],"texture":"#texture"}}},{"from":[11,10,8],"to":[12.5,10.5,8.5],"faces":{"down":{"uv":[14.5,12.5,13,12],"texture":"#texture"},"up":{"uv":[13,12,14.5,12.5],"texture":"#texture"},"north":{"uv":[14.5,12,13,12.5],"texture":"#texture"},"south":{"uv":[13,12,14.5,12.5],"texture":"#texture"},"west":{"uv":[13,12,13.5,12.5],"texture":"#texture"},"east":{"uv":[14,12,14.5,12.5],"texture":"#texture"}}},{"from":[6,18.5,6.75],"to":[10,20.5,7.75],"faces":{"down":{"uv":[12,3.5,8,2.5],"texture":"#texture","cullface":"up"},"up":{"uv":[8,2,12,3],"texture":"#texture","cullface":"up"},"north":{"uv":[12,2,8,4],"texture":"#texture","cullface":"up"},"south":{"uv":[8,2,12,4],"texture":"#texture","cullface":"up"},"west":{"uv":[11.5,4,12,6],"texture":"#texture","cullface":"up"},"east":{"uv":[11.5,2,12,4],"texture":"#texture","cullface":"up"}}},{"from":[6.5,17,6.25],"to":[9.5,19,7.25],"faces":{"down":{"uv":[11.5,5.5,8.5,4.5],"texture":"#texture","cullface":"up"},"up":{"uv":[8.5,3.5,11.5,4.5],"texture":"#texture","cullface":"up"},"north":{"uv":[8.5,3.5,11.5,5.5],"texture":"#texture","cullface":"up"},"south":{"uv":[8.5,3.5,11.5,5.5],"texture":"#texture","cullface":"up"},"west":{"uv":[8.5,3.5,9,5.5],"texture":"#texture","cullface":"up"},"east":{"uv":[11,3.5,11.5,5.5],"texture":"#texture","cullface":"up"}}},{"from":[6,14,6.25],"to":[6.5,17.5,7.25],"faces":{"down":{"uv":[8.5,8,8,7],"texture":"#texture","cullface":"up"},"up":{"uv":[8,5.5,8.5,6.5],"texture":"#texture","cullface":"up"},"north":{"uv":[8,5,8.5,8.5],"texture":"#texture","cullface":"up"},"south":{"uv":[8,5,8.5,8.5],"texture":"#texture","cullface":"up"},"west":{"uv":[7.5,5,8.5,8.5],"texture":"#texture","cullface":"up"},"east":{"uv":[7.5,5,8.5,8.5],"texture":"#texture","cullface":"up"}}},{"from":[5.5,15.5,6.75],"to":[6,19,7.75],"faces":{"up":{"uv":[7.5,3.5,8,4.5],"texture":"#texture","cullface":"up"},"north":{"uv":[7.5,3.5,8,7],"texture":"#texture","cullface":"up"},"south":{"uv":[7.5,3.5,8,7],"texture":"#texture","cullface":"up"},"west":{"uv":[7.5,3.5,8.5,7],"texture":"#texture","cullface":"up"},"east":{"uv":[7.5,3.5,8.5,7],"texture":"#texture","cullface":"up"}}},{"from":[6,16,6.75],"to":[6.5,19,7.75],"faces":{"down":{"uv":[8.5,6.25,8,5.25],"texture":"#texture","cullface":"up"},"up":{"uv":[8,3.5,8.5,4.5],"texture":"#texture","cullface":"up"},"north":{"uv":[8,3.5,8.5,6.5],"texture":"#texture","cullface":"up"},"south":{"uv":[8,3.5,8.5,6.5],"texture":"#texture","cullface":"up"},"east":{"uv":[7.5,3.5,8.5,6.5],"texture":"#texture","cullface":"up"}}},{"from":[5.5,12.5,6.75],"to":[6,15.5,7.75],"faces":{"down":{"uv":[7.5,10,7,9],"texture":"#texture"},"north":{"uv":[7.5,7,8,10],"texture":"#texture"},"south":{"uv":[7.5,7,8,10],"texture":"#texture"},"west":{"uv":[7.5,7,8.5,10],"texture":"#texture"}}},{"from":[10,15.5,6.75],"to":[10.5,19,7.75],"faces":{"up":{"uv":[12,3.5,12.5,4.5],"texture":"#texture","cullface":"up"},"north":{"uv":[12,3.5,12.5,7],"texture":"#texture","cullface":"up"},"south":{"uv":[12,3.5,12.5,7],"texture":"#texture","cullface":"up"},"west":{"uv":[12,5,13,8],"texture":"#texture","cullface":"up"},"east":{"uv":[12,5,13,8],"texture":"#texture","cullface":"up"}}},{"from":[10,12,6.75],"to":[10.5,15.5,7.75],"faces":{"down":{"uv":[13.5,10.5,13,9.5],"texture":"#texture"},"north":{"uv":[12,7,12.5,10.5],"texture":"#texture"},"south":{"uv":[12,7,12.5,10.5],"texture":"#texture"},"west":{"uv":[12,7,13,10.5],"texture":"#texture"},"east":{"uv":[12,7,13,10.5],"texture":"#texture"}}},{"from":[9.5,15,6.75],"to":[10,18.5,7.75],"faces":{"down":{"uv":[12,7,11.5,6],"texture":"#texture","cullface":"up"},"north":{"uv":[11.5,4.5,12,7.5],"texture":"#texture","cullface":"up"},"south":{"uv":[11.5,4,12,7.5],"texture":"#texture","cullface":"up"},"west":{"uv":[11,4,12,7],"texture":"#texture","cullface":"up"},"east":{"uv":[11,4,12,7],"texture":"#texture","cullface":"up"}}},{"from":[9.5,14,6.25],"to":[10,17.5,7.25],"faces":{"down":{"uv":[12,6,11.5,5],"texture":"#texture","cullface":"up"},"up":{"uv":[11.5,5,12,6],"texture":"#texture","cullface":"up"},"north":{"uv":[11.5,5,12,8.5],"texture":"#texture","cullface":"up"},"south":{"uv":[11.5,5,12,8.5],"texture":"#texture","cullface":"up"},"west":{"uv":[11.5,5,12.5,8.5],"texture":"#texture","cullface":"up"},"east":{"uv":[11.5,5,12.5,8.5],"texture":"#texture","cullface":"up"}}},{"from":[6.5,14,5.75],"to":[9.5,17,6.25],"faces":{"down":{"uv":[11.5,8.5,8.5,8],"texture":"#texture","cullface":"up"},"up":{"uv":[8.5,5.5,11.5,6],"texture":"#texture","cullface":"up"},"north":{"uv":[11.5,5.5,8.5,8.5],"texture":"#texture","cullface":"up"},"south":{"uv":[8.5,5.5,11.5,8.5],"texture":"#texture","cullface":"up"},"west":{"uv":[8.5,5.5,9,8.5],"texture":"#texture","cullface":"up"},"east":{"uv":[8.5,5.5,9,8.5],"texture":"#texture","cullface":"up"}}},{"from":[7,14.5,5.25],"to":[9,16.5,5.75],"faces":{"down":{"uv":[11,8,9,7.5],"texture":"#texture","cullface":"up"},"up":{"uv":[9,6,11,6.5],"texture":"#texture","cullface":"up"},"north":{"uv":[11,6,9,8],"texture":"#texture","cullface":"up"},"west":{"uv":[9,6,9.5,8],"texture":"#texture","cullface":"up"},"east":{"uv":[10.5,6,11,8],"texture":"#texture","cullface":"up"}}},{"from":[7.75,15.25,4.25],"to":[8.25,15.75,4.75],"faces":{"down":{"uv":[10.5,7.5,9.5,7],"texture":"#texture"},"up":{"uv":[9.5,6.5,10.5,7],"texture":"#texture"},"north":{"uv":[9.5,6.5,10.5,7.5],"texture":"#texture"},"west":{"uv":[9.5,6.5,10,7.5],"texture":"#texture"},"east":{"uv":[10,6.5,10.5,7.5],"texture":"#texture"}}},{"from":[6.5,12.5,6.25],"to":[9.5,14,7.25],"faces":{"down":{"uv":[11.5,10.5,8.5,9.5],"texture":"#texture"},"up":{"uv":[8.5,8.5,11.5,9.5],"texture":"#texture"},"north":{"uv":[11.5,8.5,8.5,10],"texture":"#texture"},"south":{"uv":[8.5,8.5,11.5,10],"texture":"#texture"},"west":{"uv":[9,8.5,8,10],"texture":"#texture"},"east":{"uv":[10.5,8.5,11.5,10],"texture":"#texture"}}},{"from":[6,11,6.75],"to":[10,13,7.75],"faces":{"down":{"uv":[12,11.5,8,10.5],"texture":"#texture"},"up":{"uv":[8,9.5,12,10.5],"texture":"#texture"},"north":{"uv":[12,9.5,8,12],"texture":"#texture"},"south":{"uv":[8,9.5,12,12],"texture":"#texture"},"west":{"uv":[7.5,8.5,8.5,11],"texture":"#texture"},"east":{"uv":[10.5,9.5,11.5,12],"texture":"#texture"}}},{"from":[6,12.5,6.75],"to":[6.5,15.5,7.75],"faces":{"down":{"uv":[8.5,9,8,8],"texture":"#texture"},"up":{"uv":[7.5,9,8,10],"texture":"#texture"},"north":{"uv":[8,7.5,8.5,10.5],"texture":"#texture"},"south":{"uv":[8,7.5,8.5,10.5],"texture":"#texture"},"east":{"uv":[7.5,7.5,8.5,10.5],"texture":"#texture"}}},{"from":[9.5,12.5,6.75],"to":[10,15.5,7.75],"faces":{"down":{"uv":[12,10,11.5,9],"texture":"#texture"},"up":{"uv":[11.5,7,12,8],"texture":"#texture"},"north":{"uv":[11.5,7,12,10],"texture":"#texture"},"south":{"uv":[11.5,7,12,10],"texture":"#texture"},"west":{"uv":[10.5,9,11.5,12],"texture":"#texture"}}},{"from":[6.5,9.5,7],"to":[9.5,11,9.5],"faces":{"down":{"uv":[9.5,9.5,6.5,7],"texture":"#texture"},"up":{"uv":[6.5,7,9.5,9.5],"texture":"#texture"},"north":{"uv":[9.5,5,6.5,6.5],"texture":"#texture"},"south":{"uv":[6.5,5,9.5,6.5],"texture":"#texture"},"west":{"uv":[7,5,9.5,6.5],"texture":"#texture"},"east":{"uv":[6.5,5,9,6.5],"texture":"#texture"}}},{"from":[6,8,7.5],"to":[10,9.5,9],"faces":{"down":{"uv":[1,3.5,5,2],"texture":"#texture"},"up":{"uv":[1,2,5,3.5],"texture":"#texture"},"north":{"uv":[1,0,5,1.5],"texture":"#texture"},"south":{"uv":[1,0,5,1.5],"texture":"#texture"},"west":{"uv":[1,0,1.5,1.5],"texture":"#texture"},"east":{"uv":[4.5,0,5,1.5],"texture":"#texture"}}},{"from":[6.5,7.5,7.25],"to":[9.5,9.5,9.25],"faces":{"down":{"uv":[5,4.5,2,2.5],"texture":"#texture"},"north":{"uv":[1.5,0,4.5,2],"texture":"#texture"},"south":{"uv":[1.5,0,4.5,2],"texture":"#texture"},"west":{"uv":[2,0,4,2],"texture":"#texture"},"east":{"uv":[2,0,4,2],"texture":"#texture"}}},{"from":[6,5,7.5],"to":[10,7.5,9],"faces":{"down":{"uv":[5,4.5,1,3],"texture":"#texture"},"up":{"uv":[1,3,5,4.5],"texture":"#texture"},"north":{"uv":[1,2,5,4.5],"texture":"#texture"},"south":{"uv":[1,2,5,4.5],"texture":"#texture"},"west":{"uv":[2,2,3.5,4.5],"texture":"#texture"},"east":{"uv":[2.25,2,3.75,4.5],"texture":"#texture"}}},{"from":[5.5,5.5,7],"to":[10.5,7,9.5],"faces":{"down":{"uv":[5.5,4,0.5,3.5],"texture":"#texture"},"up":{"uv":[0.5,2.5,5.5,3.5],"texture":"#texture"},"north":{"uv":[5.5,2.5,0.5,4],"texture":"#texture"},"south":{"uv":[0.5,2.5,5.5,4],"texture":"#texture"},"west":{"uv":[3,2.5,5.5,4],"texture":"#texture"},"east":{"uv":[0.5,2.5,3,4],"texture":"#texture"}}},{"from":[6.5,4.5,7.5],"to":[9.5,5,9],"faces":{"down":{"uv":[4.5,5,1.5,3.5],"texture":"#texture"},"north":{"uv":[1.5,4.5,4.5,5],"texture":"#texture"},"south":{"uv":[1.5,4.5,4.5,5],"texture":"#texture"},"west":{"uv":[2,4.5,3.5,5],"texture":"#texture"},"east":{"uv":[2.5,4.5,4,5],"texture":"#texture"}}},{"from":[7,1,8],"to":[9,4.5,8.5],"faces":{"north":{"uv":[4,5,2,8.5],"texture":"#texture"},"south":{"uv":[2,5,4,8.5],"texture":"#texture"},"west":{"uv":[2,5,2.5,8.5],"texture":"#texture"},"east":{"uv":[3.5,5,4,8.5],"texture":"#texture"}}},{"from":[7,-3,8],"to":[9,1,8.5],"faces":{"north":{"uv":[4,8.5,2,12.5],"texture":"#texture","cullface":"down"},"south":{"uv":[2,8.5,4,12.5],"texture":"#texture","cullface":"down"},"west":{"uv":[2,8.5,2.5,12.5],"texture":"#texture","cullface":"down"},"east":{"uv":[2,8.5,2.5,12.5],"texture":"#texture","cullface":"down"}}},{"from":[6.5,-6.5,7.5],"to":[9.5,-3,9],"faces":{"down":{"uv":[4.5,14,1.5,12.5],"texture":"#texture","cullface":"down"},"up":{"uv":[1.5,12.5,4.5,14],"texture":"#texture","cullface":"down"},"north":{"uv":[4.5,12.5,1.5,16],"texture":"#texture","cullface":"down"},"south":{"uv":[1.5,12.5,4.5,16],"texture":"#texture","cullface":"down"},"west":{"uv":[1.5,12.5,2,16],"texture":"#texture","cullface":"down"},"east":{"uv":[4,12.5,4.5,16],"texture":"#texture","cullface":"down"}}},{"from":[6,-6,7.25],"to":[10,-3.5,9.25],"faces":{"down":{"uv":[5,15.5,1,13.5],"texture":"#texture","cullface":"down"},"up":{"uv":[1,13,5,15],"texture":"#texture","cullface":"down"},"north":{"uv":[5,13,1,15.5],"texture":"#texture","cullface":"down"},"south":{"uv":[1,13,5,15.5],"texture":"#texture","cullface":"down"},"west":{"uv":[1,13,1.5,15.5],"texture":"#texture","cullface":"down"},"east":{"uv":[4.5,13,5,15.5],"texture":"#texture","cullface":"down"}}},{"from":[5.5,-5.5,7],"to":[10.5,-4,9.5],"faces":{"down":{"uv":[5.5,15,0.5,13.5],"texture":"#texture","cullface":"down"},"up":{"uv":[0.5,13.5,5.5,15],"texture":"#texture","cullface":"down"},"north":{"uv":[0.5,13.5,5.5,15],"texture":"#texture","cullface":"down"},"south":{"uv":[0.5,13.5,5.5,15],"texture":"#texture","cullface":"down"},"west":{"uv":[0.5,13.5,1,15],"texture":"#texture","cullface":"down"},"east":{"uv":[5,13.5,5.5,15],"texture":"#texture","cullface":"down"}}},{"from":[5,-5,7.25],"to":[11,-4.5,9.25],"faces":{"down":{"uv":[6,14.5,0,14],"texture":"#texture","cullface":"down"},"up":{"uv":[0,14,6,14.5],"texture":"#texture","cullface":"down"},"north":{"uv":[0,14,6,14.5],"texture":"#texture","cullface":"down"},"south":{"uv":[0,14,6,14.5],"texture":"#texture","cullface":"down"},"west":{"uv":[2,13.5,4,14],"texture":"#texture","cullface":"down"},"east":{"uv":[2,13.5,4,14],"texture":"#texture","cullface":"down"}}},{"from":[7.5,1,7.75],"to":[8.5,4.5,8.75],"faces":{"north":{"uv":[2.5,5,3.5,8.5],"texture":"#texture"},"south":{"uv":[2.5,5,3.5,8.5],"texture":"#texture"},"west":{"uv":[2.5,5,3.5,8.5],"texture":"#texture"},"east":{"uv":[2.5,5,3.5,8.5],"texture":"#texture"}}},{"from":[7.5,-3,7.75],"to":[8.5,1,8.75],"faces":{"north":{"uv":[3.5,8.5,2.5,12.5],"texture":"#texture","cullface":"down"},"south":{"uv":[2.5,8.5,3.5,12.5],"texture":"#texture","cullface":"down"},"west":{"uv":[2.5,8.5,3,12.5],"texture":"#texture","cullface":"down"},"east":{"uv":[3,8.5,3.5,12.5],"texture":"#texture","cullface":"down"}}},{"from":[5,14,8.75],"to":[5.5,17.5,9.75],"faces":{"down":{"uv":[8.5,9,7.5,8],"texture":"#texture","cullface":"up"},"up":{"uv":[7,4.75,8,5.75],"texture":"#texture","cullface":"up"},"north":{"uv":[7.5,5,8,8.5],"texture":"#texture","cullface":"up"},"south":{"uv":[7.5,5,8,8.5],"texture":"#texture","cullface":"up"},"west":{"uv":[7.5,5,8.5,8.5],"texture":"#texture","cullface":"up"},"east":{"uv":[7.5,5,8.5,8.5],"texture":"#texture","cullface":"up"}}},{"from":[7.5,15,4.75],"to":[8.5,16,5.25],"faces":{"down":{"uv":[11,8,9.5,7.5],"texture":"#texture"},"up":{"uv":[9,6,10.5,6.5],"texture":"#texture","cullface":"up"},"north":{"uv":[10.5,6.5,9.5,7.5],"texture":"#texture"},"west":{"uv":[9.5,6.5,10,7.5],"texture":"#texture"},"east":{"uv":[10,6.5,10.5,7.5],"texture":"#texture"}}},{"from":[5,14,6.75],"to":[5.5,17.5,7.75],"faces":{"down":{"uv":[8.5,9,7.5,8],"texture":"#texture","cullface":"up"},"up":{"uv":[7,4.75,8,5.75],"texture":"#texture","cullface":"up"},"north":{"uv":[7.5,5,8,8.5],"texture":"#texture","cullface":"up"},"south":{"uv":[7.5,5,8,8.5],"texture":"#texture","cullface":"up"},"west":{"uv":[6.5,5,7.5,8.5],"texture":"#texture","cullface":"up"},"east":{"uv":[6.5,5,7.5,8.5],"texture":"#texture","cullface":"up"}}},{"from":[4,13,7.25],"to":[5.5,18.5,9.25],"faces":{"down":{"uv":[7.5,6,6,4],"texture":"#texture","cullface":"up"},"up":{"uv":[6,4,7.5,6],"texture":"#texture","cullface":"up"},"north":{"uv":[7.5,4,6,9.5],"texture":"#texture","cullface":"up"},"south":{"uv":[6,4,7.5,9.5],"texture":"#texture","cullface":"up"},"west":{"uv":[6.5,3,8.5,8.5],"texture":"#texture","cullface":"up"},"east":{"uv":[10,4.5,12,10],"texture":"#texture","cullface":"up"}}},{"from":[10.5,14,8.75],"to":[11,17.5,9.75],"faces":{"down":{"uv":[11.5,11.5,10.5,10.5],"texture":"#texture","cullface":"up"},"up":{"uv":[11.5,5.75,12.5,6.75],"texture":"#texture","cullface":"up"},"north":{"uv":[12.5,5,13,8.25],"texture":"#texture","cullface":"up"},"south":{"uv":[12.5,5,13,8.5],"texture":"#texture","cullface":"up"},"west":{"uv":[12.5,5.5,13.5,9],"texture":"#texture","cullface":"up"},"east":{"uv":[12.5,5.5,13.5,9],"texture":"#texture","cullface":"up"}}},{"from":[10.5,14,6.75],"to":[11,17.5,7.75],"faces":{"down":{"uv":[11.5,11.25,10.5,10.25],"texture":"#texture","cullface":"up"},"up":{"uv":[11.5,6,12.5,7],"texture":"#texture","cullface":"up"},"north":{"uv":[12.5,5,13,8.5],"texture":"#texture","cullface":"up"},"south":{"uv":[12.5,5,13,8.25],"texture":"#texture","cullface":"up"},"west":{"uv":[12.5,5.5,13.5,9],"texture":"#texture","cullface":"up"},"east":{"uv":[12.5,5.5,13.5,9],"texture":"#texture","cullface":"up"}}},{"from":[7.75,15.25,11.75],"to":[8.25,15.75,12.25],"faces":{"down":{"uv":[10.5,7.5,9.5,7],"texture":"#texture"},"up":{"uv":[9.5,6.5,10.5,7],"texture":"#texture"},"south":{"uv":[9.5,6.5,10.5,7.5],"texture":"#texture"},"west":{"uv":[9.5,6.5,10,7.5],"texture":"#texture"},"east":{"uv":[10,6.5,10.5,7.5],"texture":"#texture"}}},{"from":[7,14.5,10.75],"to":[9,16.5,11.25],"faces":{"down":{"uv":[11,8,9,7.5],"texture":"#texture","cullface":"up"},"up":{"uv":[9,6,11,6.5],"texture":"#texture","cullface":"up"},"south":{"uv":[9,6,11,8],"texture":"#texture","cullface":"up"},"west":{"uv":[9,6,9.5,8],"texture":"#texture","cullface":"up"},"east":{"uv":[10.5,6,11,8],"texture":"#texture","cullface":"up"}}}],"display":{"thirdperson_righthand":{"rotation":[0,-90,0],"translation":[0.76,13.23,2.46],"scale":[1.9,1.9,1.9]},"thirdperson_lefthand":{"rotation":[0,-90,0],"translation":[0.76,13.23,2.46],"scale":[1.9,1.9,1.9]},"ground":{"rotation":[90,-26,0],"translation":[-0.19,6.43,0.76],"scale":[1,1,1]},"fixed":{"rotation":[0,0,50],"translation":[0.38,1.32,-1.7],"scale":[0.9,0.9,0.9]},"firstperson_righthand":{"rotation":[-4,98,-10],"translation":[1.32,3.97,-1.7],"scale":[1.1,1.1,1.1]},"firstperson_lefthand":{"rotation":[-4,98,-10],"translation":[3.59,3.97,-1.7],"scale":[1.1,1.1,1.1]},"gui":{"rotation":[0,180,45],"translation":[-0.38,-0.38,0],"scale":[0.7,0.7,0.7]}}}