{"__comment":"designedbynoxywithbdcraftcubikpro0.86beta-http://bdcraft.net","textures":{"texture":"items/browndemonsword"},"elements":[{"from":[7.5,0,8],"to":[8.5,4.5,8.5],"faces":{"south":{"uv":[9.5,8.5,10.5,13],"texture":"#texture"},"west":{"uv":[9,8.5,9.5,13],"texture":"#texture"},"east":{"uv":[10.5,8.5,11,13],"texture":"#texture"}}},{"from":[6.5,4.5,7],"to":[9.5,5,8.5],"faces":{"down":{"uv":[15.5,11,12.5,9.5],"texture":"#texture"},"north":{"uv":[8.5,8,11.5,8.5],"texture":"#texture"},"south":{"uv":[8.5,8,11.5,8.5],"texture":"#texture"},"west":{"uv":[10,8,11.5,8.5],"texture":"#texture"},"east":{"uv":[8.5,8,10,8.5],"texture":"#texture"}}},{"from":[5,5,6.5],"to":[11,6,9],"faces":{"down":{"uv":[16,11,10,8.5],"texture":"#texture"},"up":{"uv":[10,9.5,16,12],"texture":"#texture"},"north":{"uv":[7,7,13,8],"texture":"#texture"},"south":{"uv":[7,7,13,8],"texture":"#texture"},"west":{"uv":[10.5,7,13,8],"texture":"#texture"},"east":{"uv":[7,7,9.5,8],"texture":"#texture"}}},{"from":[7,0,7.5],"to":[9,4.5,8],"faces":{"north":{"uv":[9,8.5,11,13],"texture":"#texture"},"south":{"uv":[9,8.5,11,13],"texture":"#texture"},"west":{"uv":[9,8.5,9.5,13],"texture":"#texture"},"east":{"uv":[10.5,8.5,11,13],"texture":"#texture"}}},{"from":[7.5,0,7],"to":[8.5,4.5,7.5],"faces":{"north":{"uv":[9.5,8.5,10.5,13],"texture":"#texture"},"west":{"uv":[9,8.5,9.5,13],"texture":"#texture"},"east":{"uv":[10.5,8.5,11,13],"texture":"#texture"}}},{"from":[6.5,-0.5,7],"to":[9.5,0,8.5],"faces":{"up":{"uv":[12,9.5,15,11],"texture":"#texture","cullface":"down"},"north":{"uv":[8.5,13,11.5,13.5],"texture":"#texture","cullface":"down"},"south":{"uv":[8.5,13,11.5,13.5],"texture":"#texture","cullface":"down"},"west":{"uv":[8.5,13,10,13.5],"texture":"#texture","cullface":"down"},"east":{"uv":[10,13,11.5,13.5],"texture":"#texture","cullface":"down"}}},{"from":[6,-1,7],"to":[10,-0.5,8.5],"faces":{"down":{"uv":[16,10.5,12,9],"texture":"#texture","cullface":"down"},"up":{"uv":[12,8.5,16,10],"texture":"#texture","cullface":"down"},"north":{"uv":[8,13.5,12,14],"texture":"#texture","cullface":"down"},"south":{"uv":[8,13.5,12,14],"texture":"#texture","cullface":"down"},"west":{"uv":[8,13.5,9.5,14],"texture":"#texture","cullface":"down"},"east":{"uv":[10.5,13.5,12,14],"texture":"#texture","cullface":"down"}}},{"from":[4,5.5,6.5],"to":[5,7,9],"faces":{"down":{"uv":[10.5,9,9.5,6.5],"texture":"#texture"},"up":{"uv":[10,6.5,11,9],"texture":"#texture"},"north":{"uv":[14.5,3,15.5,4.5],"texture":"#texture"},"south":{"uv":[14.5,3,15.5,4.5],"texture":"#texture"},"west":{"uv":[8,6.5,10.5,8],"texture":"#texture"},"east":{"uv":[10.5,6.5,13,8],"texture":"#texture"}}},{"from":[11,5.5,6.5],"to":[12,7,9],"faces":{"down":{"uv":[10.5,9,9.5,6.5],"texture":"#texture"},"up":{"uv":[10,6.5,11,9],"texture":"#texture"},"north":{"uv":[13,6,14,7.5],"texture":"#texture"},"south":{"uv":[13,6,14,7.5],"texture":"#texture"},"west":{"uv":[7,6.5,9.5,8],"texture":"#texture"},"east":{"uv":[10.5,6.5,13,8],"texture":"#texture"}}},{"from":[5.5,-3,7],"to":[6.5,-1,8.5],"faces":{"down":{"uv":[8.5,16,7.5,14.5],"texture":"#texture","cullface":"down"},"up":{"uv":[7.5,14.5,8.5,16],"texture":"#texture","cullface":"down"},"north":{"uv":[7.5,14,8.5,16],"texture":"#texture","cullface":"down"},"south":{"uv":[7.5,14,8.5,16],"texture":"#texture","cullface":"down"},"west":{"uv":[8,13.5,9.5,15.5],"texture":"#texture","cullface":"down"},"east":{"uv":[8,13.5,9.5,15.5],"texture":"#texture","cullface":"down"}}},{"from":[9.5,-3,7],"to":[10.5,-1,8.5],"faces":{"down":{"uv":[12.5,15.5,11.5,14],"texture":"#texture","cullface":"down"},"up":{"uv":[11.5,14,12.5,15.5],"texture":"#texture","cullface":"down"},"north":{"uv":[11.5,14,12.5,16],"texture":"#texture","cullface":"down"},"south":{"uv":[11.5,14,12.5,16],"texture":"#texture","cullface":"down"},"west":{"uv":[10.5,13.5,12,15.5],"texture":"#texture","cullface":"down"},"east":{"uv":[10.5,13.5,12,15.5],"texture":"#texture","cullface":"down"}}},{"from":[6.5,-2.5,7.5],"to":[9.5,-1,8],"faces":{"down":{"uv":[11.5,15.5,8.5,15],"texture":"#texture","cullface":"down"},"north":{"uv":[8.5,14,11.5,15.5],"texture":"#texture","cullface":"down"},"south":{"uv":[8.5,14,11.5,15.5],"texture":"#texture","cullface":"down"}}},{"from":[3.5,6,7],"to":[4,7.5,8.5],"faces":{"down":{"uv":[13.5,7.5,13,6],"texture":"#texture"},"up":{"uv":[14,5.5,14.5,7],"texture":"#texture"},"north":{"uv":[14,2.5,14.5,4],"texture":"#texture"},"south":{"uv":[14,2.5,14.5,4],"texture":"#texture"},"west":{"uv":[8,6.5,9.5,8],"texture":"#texture"},"east":{"uv":[8,6.5,9.5,8],"texture":"#texture"}}},{"from":[3,6.5,7],"to":[3.5,8,8.5],"faces":{"down":{"uv":[13.5,7.5,13,6],"texture":"#texture"},"up":{"uv":[14,5.5,14.5,7],"texture":"#texture"},"north":{"uv":[13.5,2,14,3.5],"texture":"#texture"},"south":{"uv":[13.5,2,14,3.5],"texture":"#texture"},"west":{"uv":[8,6.5,9.5,8],"texture":"#texture"},"east":{"uv":[8,6.5,9.5,8],"texture":"#texture"}}},{"from":[2,7.5,7.5],"to":[3,8,8],"faces":{"down":{"uv":[13.5,2.5,12.5,2],"texture":"#texture"},"up":{"uv":[2,7.5,3,8],"texture":"#texture"},"north":{"uv":[12.5,2,13.5,2.5],"texture":"#texture"},"south":{"uv":[12.5,2,13.5,2.5],"texture":"#texture"},"west":{"uv":[12.5,2,13,2.5],"texture":"#texture"}}},{"from":[2.5,7,7.5],"to":[3,7.5,8],"faces":{"down":{"uv":[13.5,3,13,2.5],"texture":"#texture"},"north":{"uv":[13,2.5,13.5,3],"texture":"#texture"},"south":{"uv":[13,2.5,13.5,3],"texture":"#texture"},"west":{"uv":[13,2.5,13.5,3],"texture":"#texture"}}},{"from":[12,6,7],"to":[12.5,7.5,8.5],"faces":{"down":{"uv":[15,6.5,14.5,5],"texture":"#texture"},"up":{"uv":[14.5,5,15,6.5],"texture":"#texture"},"north":{"uv":[14,5.5,14.5,7],"texture":"#texture"},"south":{"uv":[14,5.5,14.5,7],"texture":"#texture"},"west":{"uv":[11,6.5,12.5,8],"texture":"#texture"},"east":{"uv":[10,6.5,11.5,8],"texture":"#texture"}}},{"from":[12.5,6.5,7],"to":[13,8,8.5],"faces":{"down":{"uv":[15,6.5,14.5,5],"texture":"#texture"},"up":{"uv":[14.5,5,15,6.5],"texture":"#texture"},"north":{"uv":[14.5,5,15,6.5],"texture":"#texture"},"south":{"uv":[14.5,5,15,6.5],"texture":"#texture"},"west":{"uv":[11,6.5,12.5,8],"texture":"#texture"},"east":{"uv":[11,6.5,12.5,8],"texture":"#texture"}}},{"from":[13,7,7.5],"to":[13.5,7.5,8],"faces":{"down":{"uv":[15,5.5,15.5,6],"texture":"#texture"},"north":{"uv":[15,5.5,15.5,6],"texture":"#texture"},"south":{"uv":[15,5.5,15.5,6],"texture":"#texture"},"east":{"uv":[15,5.5,15.5,6],"texture":"#texture"}}},{"from":[13,7.5,7.5],"to":[14,8,8],"faces":{"down":{"uv":[16,5.5,15,5],"texture":"#texture"},"up":{"uv":[15,5,16,5.5],"texture":"#texture"},"north":{"uv":[15,5,16,5.5],"texture":"#texture"},"south":{"uv":[15,5,16,5.5],"texture":"#texture"},"east":{"uv":[15.5,5,16,5.5],"texture":"#texture"}}},{"from":[6.5,6.5,7.5],"to":[9.5,21.5,8],"faces":{"north":{"uv":[2,0,5,15],"texture":"#texture","cullface":"up"},"south":{"uv":[2,0,5,15],"texture":"#texture","cullface":"up"},"west":{"uv":[2,0,2.5,15],"texture":"#texture","cullface":"up"},"east":{"uv":[4.5,0,5,15],"texture":"#texture","cullface":"up"}}},{"from":[6,21.5,7.5],"to":[10,23,8],"faces":{"down":{"uv":[12,6.5,8,6],"texture":"#texture","cullface":"up"},"up":{"uv":[8,5,12,5.5],"texture":"#texture","cullface":"up"},"north":{"uv":[8,5,12,6.5],"texture":"#texture","cullface":"up"},"south":{"uv":[8,5,12,6.5],"texture":"#texture","cullface":"up"},"west":{"uv":[8,5,8.5,6.5],"texture":"#texture","cullface":"up"},"east":{"uv":[11.5,5,12,6.5],"texture":"#texture","cullface":"up"}}},{"from":[6.5,23,7.5],"to":[9.5,24.5,8],"faces":{"up":{"uv":[8.5,3.5,11.5,4],"texture":"#texture","cullface":"up"},"north":{"uv":[8.5,3.5,11.5,5],"texture":"#texture","cullface":"up"},"south":{"uv":[8.5,3.5,11.5,5],"texture":"#texture","cullface":"up"},"west":{"uv":[8.5,3.5,9,5],"texture":"#texture","cullface":"up"},"east":{"uv":[11,3.5,11.5,5],"texture":"#texture","cullface":"up"}}},{"from":[7,24.5,7.5],"to":[9,26.5,8],"faces":{"up":{"uv":[9,1.5,11,2],"texture":"#texture","cullface":"up"},"north":{"uv":[9,1.5,11,3.5],"texture":"#texture","cullface":"up"},"south":{"uv":[9,1.5,11,3.5],"texture":"#texture","cullface":"up"},"west":{"uv":[9,1.5,9.5,3.5],"texture":"#texture","cullface":"up"},"east":{"uv":[10.5,1.5,11,3.5],"texture":"#texture","cullface":"up"}}},{"from":[7.5,26.5,7.5],"to":[8.5,27.5,8],"faces":{"up":{"uv":[9.5,0.5,10.5,1],"texture":"#texture","cullface":"up"},"north":{"uv":[9.5,0.5,10.5,1.5],"texture":"#texture","cullface":"up"},"south":{"uv":[9.5,0.5,10.5,1.5],"texture":"#texture","cullface":"up"},"west":{"uv":[9.5,0.5,10,1.5],"texture":"#texture","cullface":"up"},"east":{"uv":[10,0.5,10.5,1.5],"texture":"#texture","cullface":"up"}}},{"from":[6,7.5,7.5],"to":[6.5,16,8],"faces":{"down":{"uv":[1.5,13.5,1,13],"texture":"#texture"},"up":{"uv":[1.5,5.5,2,6],"texture":"#texture","cullface":"up"},"north":{"uv":[1.5,5.5,2,14],"texture":"#texture"},"south":{"uv":[1.5,5.5,2,14],"texture":"#texture"},"west":{"uv":[1.5,5.5,2,14],"texture":"#texture"}}},{"from":[5.5,8,7.5],"to":[6,13.5,8],"faces":{"down":{"uv":[1.5,13.5,1,13],"texture":"#texture"},"up":{"uv":[1,8,1.5,8.5],"texture":"#texture"},"north":{"uv":[1,8,1.5,13.5],"texture":"#texture"},"south":{"uv":[1,8,1.5,13.5],"texture":"#texture"},"west":{"uv":[1,8,1.5,13.5],"texture":"#texture"}}},{"from":[5,8.5,7.5],"to":[5.5,10.5,8],"faces":{"down":{"uv":[1,13,0.5,12.5],"texture":"#texture"},"up":{"uv":[0.5,11,1,11.5],"texture":"#texture"},"north":{"uv":[0.5,11,1,13],"texture":"#texture"},"south":{"uv":[0.5,11,1,13],"texture":"#texture"},"west":{"uv":[0.5,11,1,13],"texture":"#texture"}}},{"from":[4.5,9,7.5],"to":[5,9.5,8],"faces":{"down":{"uv":[0,12,0.5,12.5],"texture":"#texture"},"up":{"uv":[0,12,0.5,12.5],"texture":"#texture"},"north":{"uv":[0,12,0.5,12.5],"texture":"#texture"},"south":{"uv":[0,12,0.5,12.5],"texture":"#texture"},"west":{"uv":[0,12,0.5,12.5],"texture":"#texture"}}},{"from":[9.5,7.5,7.5],"to":[10,16,8],"faces":{"down":{"uv":[5.5,14,5,13.5],"texture":"#texture"},"up":{"uv":[5,5.5,5.5,6],"texture":"#texture","cullface":"up"},"north":{"uv":[5,5.5,5.5,14],"texture":"#texture"},"south":{"uv":[5,5.5,5.5,14],"texture":"#texture"},"east":{"uv":[5,5.5,5.5,14],"texture":"#texture"}}},{"from":[10,8,7.5],"to":[10.5,13.5,8],"faces":{"down":{"uv":[6,13.5,5.5,13],"texture":"#texture"},"up":{"uv":[5.5,8,6,8.5],"texture":"#texture"},"north":{"uv":[5.5,8,6,13.5],"texture":"#texture"},"south":{"uv":[5.5,8,6,13.5],"texture":"#texture"},"east":{"uv":[5.5,8,6,13.5],"texture":"#texture"}}},{"from":[10.5,8.5,7.5],"to":[11,10.5,8],"faces":{"down":{"uv":[6.5,13,6,12.5],"texture":"#texture"},"up":{"uv":[6,11,6.5,11.5],"texture":"#texture"},"north":{"uv":[6,11,6.5,13],"texture":"#texture"},"south":{"uv":[6,11,6.5,13],"texture":"#texture"},"east":{"uv":[6,11,6.5,13],"texture":"#texture"}}},{"from":[11,9,7.5],"to":[11.5,9.5,8],"faces":{"down":{"uv":[6.5,12,7,12.5],"texture":"#texture"},"up":{"uv":[6.5,12,7,12.5],"texture":"#texture"},"north":{"uv":[6.5,12,7,12.5],"texture":"#texture"},"south":{"uv":[6.5,12,7,12.5],"texture":"#texture"},"east":{"uv":[6.5,12,7,12.5],"texture":"#texture"}}},{"from":[5,6,7],"to":[11,6.5,8.5],"faces":{"up":{"uv":[7,6.5,13,8],"texture":"#texture"},"north":{"uv":[7,6.5,13,7],"texture":"#texture"},"south":{"uv":[7,6.5,13,7],"texture":"#texture"}}},{"from":[7.5,6.5,8],"to":[8.5,9,8.5],"faces":{"up":{"uv":[3,12.5,4,13],"texture":"#texture"},"south":{"uv":[3,12.5,4,15],"texture":"#texture"},"west":{"uv":[3,12.5,3.5,15],"texture":"#texture"},"east":{"uv":[3.5,12.5,4,15],"texture":"#texture"}}},{"from":[8.5,8.5,8],"to":[9,12,8.5],"faces":{"down":{"uv":[4.5,13,4,12.5],"texture":"#texture"},"up":{"uv":[4,9.5,4.5,10],"texture":"#texture"},"south":{"uv":[4,9.5,4.5,13],"texture":"#texture"},"west":{"uv":[4,9.5,4.5,13],"texture":"#texture"},"east":{"uv":[4,9.5,4.5,13],"texture":"#texture"}}},{"from":[7,8.5,8],"to":[7.5,12,8.5],"faces":{"down":{"uv":[2.5,12.5,3,13],"texture":"#texture"},"up":{"uv":[2.5,9.5,3,10],"texture":"#texture"},"south":{"uv":[2.5,9.5,3,13],"texture":"#texture"},"west":{"uv":[2.5,9.5,3,13],"texture":"#texture"},"east":{"uv":[2.5,9.5,3,13],"texture":"#texture"}}},{"from":[7.5,10.5,8],"to":[8.5,13,8.5],"faces":{"down":{"uv":[3,10.5,4,11],"texture":"#texture"},"up":{"uv":[3,8.5,4,9],"texture":"#texture"},"south":{"uv":[3,8.5,4,11],"texture":"#texture"},"west":{"uv":[3,8.5,3.5,11],"texture":"#texture"},"east":{"uv":[3.5,8.5,4,11],"texture":"#texture"}}},{"from":[9,9,8],"to":[9.5,10,8.5],"faces":{"down":{"uv":[5,12.5,4.5,12],"texture":"#texture"},"up":{"uv":[4.5,11.5,5,12],"texture":"#texture"},"south":{"uv":[4.5,11.5,5,12.5],"texture":"#texture"},"east":{"uv":[4.5,11.5,5,12.5],"texture":"#texture"}}},{"from":[6.5,9,8],"to":[7,10,8.5],"faces":{"down":{"uv":[2.5,12.5,2,12],"texture":"#texture"},"up":{"uv":[2,11.5,2.5,12],"texture":"#texture"},"south":{"uv":[2,11.5,2.5,12.5],"texture":"#texture"},"west":{"uv":[2,11.5,2.5,12.5],"texture":"#texture"}}},{"from":[7.5,10.5,7],"to":[8.5,13,7.5],"faces":{"down":{"uv":[3,10.5,4,11],"texture":"#texture"},"up":{"uv":[3,8.5,4,9],"texture":"#texture"},"north":{"uv":[3,8.5,4,11],"texture":"#texture"},"west":{"uv":[3,8.5,3.5,11],"texture":"#texture"},"east":{"uv":[3.5,8.5,4,11],"texture":"#texture"}}},{"from":[8.5,8.5,7],"to":[9,12,7.5],"faces":{"down":{"uv":[2.5,12.5,3,13],"texture":"#texture"},"up":{"uv":[2.5,9.5,3,10],"texture":"#texture"},"north":{"uv":[2.5,9.5,3,13],"texture":"#texture"},"west":{"uv":[2.5,9.5,3,13],"texture":"#texture"},"east":{"uv":[2.5,9.5,3,13],"texture":"#texture"}}},{"from":[9,9,7],"to":[9.5,10,7.5],"faces":{"down":{"uv":[2.5,12.5,2,12],"texture":"#texture"},"up":{"uv":[2,11.5,2.5,12],"texture":"#texture"},"north":{"uv":[2,11.5,2.5,12.5],"texture":"#texture"},"east":{"uv":[2,11.5,2.5,12.5],"texture":"#texture"}}},{"from":[6.5,9,7],"to":[7,10,7.5],"faces":{"down":{"uv":[5,12.5,4.5,12],"texture":"#texture"},"up":{"uv":[4.5,11.5,5,12],"texture":"#texture"},"north":{"uv":[4.5,11.5,5,12.5],"texture":"#texture"},"west":{"uv":[4.5,11.5,5,12.5],"texture":"#texture"}}},{"from":[7.5,10.5,7],"to":[8.5,13,7.5],"faces":{"down":{"uv":[8.5,7.5,7.5,7],"texture":"#texture"},"up":{"uv":[7.5,7,8.5,7.5],"texture":"#texture"},"north":{"uv":[7.5,3,8.5,5.5],"texture":"#texture"},"west":{"uv":[7,3,7.5,5.5],"texture":"#texture"},"east":{"uv":[8.5,3,9,5.5],"texture":"#texture"}}},{"from":[7,8.5,7],"to":[7.5,12,7.5],"faces":{"down":{"uv":[2.5,12.5,3,13],"texture":"#texture"},"up":{"uv":[2.5,9.5,3,10],"texture":"#texture"},"north":{"uv":[2.5,9.5,3,13],"texture":"#texture"},"west":{"uv":[2.5,9.5,3,13],"texture":"#texture"},"east":{"uv":[2.5,9.5,3,13],"texture":"#texture"}}},{"from":[7.5,10.5,7],"to":[8.5,13,7.5],"faces":{"down":{"uv":[8.5,7.5,7.5,7],"texture":"#texture"},"up":{"uv":[7.5,7,8.5,7.5],"texture":"#texture"},"north":{"uv":[7.5,3,8.5,5.5],"texture":"#texture"},"west":{"uv":[7,3,7.5,5.5],"texture":"#texture"},"east":{"uv":[8.5,3,9,5.5],"texture":"#texture"}}},{"from":[7.5,6.5,7],"to":[8.5,9,7.5],"faces":{"up":{"uv":[3,12.5,4,13],"texture":"#texture"},"north":{"uv":[3,12.5,4,15],"texture":"#texture"},"west":{"uv":[3,12.5,3.5,15],"texture":"#texture"},"east":{"uv":[3.5,12.5,4,15],"texture":"#texture"}}}],"display":{"thirdperson_righthand":{"rotation":[0,90,0],"translation":[0.38,9.07,2.27],"scale":[1.7,1.7,1.7]},"thirdperson_lefthand":{"rotation":[0,90,0],"translation":[0.38,9.07,2.27],"scale":[1.7,1.7,1.7]},"ground":{"rotation":[90,-26,0],"translation":[-0.19,6.43,0.76],"scale":[1,1,1]},"fixed":{"rotation":[0,0,50],"translation":[0.94,-2.08,-0.57],"scale":[0.7,0.7,0.7]},"firstperson_righthand":{"rotation":[7,95,-14],"translation":[0.76,2.83,-1.7],"scale":[1.1,1.1,1.1]},"firstperson_lefthand":{"rotation":[7,95,-14],"translation":[0.76,2.83,-1.7],"scale":[1.1,1.1,1.1]},"gui":{"rotation":[0,180,45],"translation":[-0.57,-0.94,0],"scale":[0.7,0.7,0.7]}}}