{"__comment":"designedbyhypixelminecraftserverwithbdcraftcubikpro0.87beta-http://bdcraft.net","textures":{"texture":"items/chicken_unwrap"},"elements":[{"from":[7,-13,4],"to":[9,-12.5,5],"faces":{"down":{"uv":[3,15.5,5,16],"texture":"#texture","cullface":"down"},"north":{"uv":[3,15.5,5,16],"texture":"#texture","cullface":"down"},"south":{"uv":[3,15.5,5,16],"texture":"#texture","cullface":"down"},"west":{"uv":[3,15.5,4,16],"texture":"#texture","cullface":"down"},"east":{"uv":[3,15.5,4,16],"texture":"#texture","cullface":"down"}}},{"from":[9,-12.5,4],"to":[9.5,-10.5,5],"faces":{"down":{"uv":[5,15,5.5,15.5],"texture":"#texture","cullface":"down"},"up":{"uv":[5,13.5,5.5,14],"texture":"#texture","cullface":"down"},"north":{"uv":[5,13.5,5.5,15.5],"texture":"#texture","cullface":"down"},"south":{"uv":[5,13.5,5.5,15.5],"texture":"#texture","cullface":"down"},"west":{"uv":[5,13.5,5.5,15.5],"texture":"#texture","cullface":"down"},"east":{"uv":[5,13.5,5.5,15.5],"texture":"#texture","cullface":"down"}}},{"from":[6.5,-12.5,4],"to":[7,-11.5,5],"faces":{"down":{"uv":[2.5,15,3,15.5],"texture":"#texture","cullface":"down"},"up":{"uv":[2.5,14.5,3,15],"texture":"#texture","cullface":"down"},"north":{"uv":[2.5,14.5,3,15.5],"texture":"#texture","cullface":"down"},"south":{"uv":[2.5,14.5,3,15.5],"texture":"#texture","cullface":"down"},"west":{"uv":[2.5,14.5,3,15.5],"texture":"#texture","cullface":"down"}}},{"from":[7,-12.5,3.75],"to":[9,-11.5,5.25],"faces":{"down":{"uv":[3,14.5,5,15.5],"texture":"#texture","cullface":"down"},"up":{"uv":[3,14.5,5,15.5],"texture":"#texture","cullface":"down"},"north":{"uv":[5,14.5,3,15.5],"texture":"#texture","cullface":"down"},"south":{"uv":[3,14.5,5,15.5],"texture":"#texture","cullface":"down"},"west":{"uv":[3,14.5,3.5,15.5],"texture":"#texture","cullface":"down"},"east":{"uv":[4.5,14.5,5,15.5],"texture":"#texture","cullface":"down"}}},{"from":[8,-11.5,3.75],"to":[9,-11,5.25],"faces":{"up":{"uv":[4,14,5,14.5],"texture":"#texture","cullface":"down"},"north":{"uv":[4,14,5,14.5],"texture":"#texture","cullface":"down"},"south":{"uv":[4,14,5,14.5],"texture":"#texture","cullface":"down"},"west":{"uv":[4,14,5,14.5],"texture":"#texture","cullface":"down"},"east":{"uv":[4,14,5,14.5],"texture":"#texture","cullface":"down"}}},{"from":[7,-11.5,4],"to":[8,-11,5],"faces":{"up":{"uv":[3,14,4,14.5],"texture":"#texture","cullface":"down"},"north":{"uv":[3,14,4,14.5],"texture":"#texture","cullface":"down"},"south":{"uv":[3,14,4,14.5],"texture":"#texture","cullface":"down"},"west":{"uv":[3,14,4,14.5],"texture":"#texture","cullface":"down"}}},{"from":[8,-11,4],"to":[9,-10.5,5],"faces":{"north":{"uv":[4,13.5,5,14],"texture":"#texture","cullface":"down"},"south":{"uv":[4,13.5,5,14],"texture":"#texture","cullface":"down"},"west":{"uv":[4,13.5,5,14],"texture":"#texture","cullface":"down"}}},{"from":[7,-11,4.25],"to":[8,-10,4.75],"faces":{"north":{"uv":[3,13,4,14],"texture":"#texture","cullface":"down"},"south":{"uv":[3,13,4,14],"texture":"#texture","cullface":"down"},"west":{"uv":[3,13,3.5,14],"texture":"#texture","cullface":"down"},"east":{"uv":[3,13,3.5,14],"texture":"#texture","cullface":"down"}}},{"from":[8,-10.5,3.5],"to":[8.5,-7.5,5.5],"faces":{"down":{"uv":[8,5.5,7.5,3.5],"texture":"#texture","cullface":"down"},"up":{"uv":[4,11.5,4.5,13.5],"texture":"#texture","cullface":"down"},"north":{"uv":[4,10.5,4.5,13.5],"texture":"#texture","cullface":"down"},"south":{"uv":[4,10.5,4.5,13.5],"texture":"#texture","cullface":"down"},"west":{"uv":[4,10.5,4.5,13.5],"texture":"#texture","cullface":"down"},"east":{"uv":[4,10.5,4.5,13.5],"texture":"#texture","cullface":"down"}}},{"from":[7.5,-10,3.5],"to":[8,-8,5.5],"faces":{"down":{"uv":[3.5,11,4,13],"texture":"#texture","cullface":"down"},"north":{"uv":[3.5,11,4,13],"texture":"#texture","cullface":"down"},"south":{"uv":[3.5,11,4,13],"texture":"#texture","cullface":"down"},"west":{"uv":[3.5,11,4,13],"texture":"#texture","cullface":"down"}}},{"from":[7,-10,4],"to":[9,-7.5,5],"faces":{"down":{"uv":[3,10.5,5,11],"texture":"#texture","cullface":"down"},"up":{"uv":[3,10.5,5,11],"texture":"#texture","cullface":"down"},"north":{"uv":[5,10.5,3,13],"texture":"#texture","cullface":"down"},"south":{"uv":[3,10.5,5,13],"texture":"#texture","cullface":"down"},"west":{"uv":[3,10.5,3.5,13],"texture":"#texture","cullface":"down"},"east":{"uv":[4.5,10.5,5,13],"texture":"#texture","cullface":"down"}}},{"from":[8,-10.5,4],"to":[9,-10,5],"faces":{"north":{"uv":[4,13,5,13.5],"texture":"#texture","cullface":"down"},"south":{"uv":[4,13,5,13.5],"texture":"#texture","cullface":"down"},"west":{"uv":[4,13,5,13.5],"texture":"#texture","cullface":"down"},"east":{"uv":[4,13,5,13.5],"texture":"#texture","cullface":"down"}}},{"from":[7,-8,3.5],"to":[8,-3,5.5],"faces":{"down":{"uv":[3,10.5,4,11],"texture":"#texture","cullface":"down"},"up":{"uv":[3,6,4,6.5],"texture":"#texture","cullface":"down"},"north":{"uv":[4,6,3,11],"texture":"#texture","cullface":"down"},"south":{"uv":[3,6,4,11],"texture":"#texture","cullface":"down"},"west":{"uv":[3,6,3.5,11],"texture":"#texture","cullface":"down"},"east":{"uv":[3.5,6,4,11],"texture":"#texture","cullface":"down"}}},{"from":[6.5,-8,4],"to":[8.5,-3,5],"faces":{"down":{"uv":[2.5,10.5,4.5,11],"texture":"#texture","cullface":"down"},"north":{"uv":[2.5,6,4.5,11],"texture":"#texture","cullface":"down"},"south":{"uv":[2.5,6,4.5,11],"texture":"#texture","cullface":"down"},"west":{"uv":[2.5,6,3,11],"texture":"#texture","cullface":"down"},"east":{"uv":[4,6,4.5,11],"texture":"#texture","cullface":"down"}}},{"from":[6,-3,3.75],"to":[10,-2.5,5.25],"faces":{"down":{"uv":[2,5.5,6,6],"texture":"#texture","cullface":"down"},"up":{"uv":[2,5.5,6,6],"texture":"#texture","cullface":"down"},"north":{"uv":[6,5.5,2,6],"texture":"#texture","cullface":"down"},"south":{"uv":[2,5.5,6,6],"texture":"#texture","cullface":"down"},"west":{"uv":[2,5.5,3.5,6],"texture":"#texture","cullface":"down"},"east":{"uv":[4.5,5.5,6,6],"texture":"#texture","cullface":"down"}}},{"from":[5,-2.5,3.75],"to":[6,-2,5.25],"faces":{"down":{"uv":[1,5,2,5.5],"texture":"#texture","cullface":"down"},"up":{"uv":[1,5,2,5.5],"texture":"#texture","cullface":"down"},"north":{"uv":[1,5,2,5.5],"texture":"#texture","cullface":"down"},"south":{"uv":[1,5,2,5.5],"texture":"#texture","cullface":"down"},"west":{"uv":[1,5,2,5.5],"texture":"#texture","cullface":"down"}}},{"from":[4.5,-2,3.75],"to":[5,-1.5,5.25],"faces":{"down":{"uv":[0.5,4.5,1,5],"texture":"#texture","cullface":"down"},"north":{"uv":[0.5,4.5,1,5],"texture":"#texture","cullface":"down"},"south":{"uv":[0.5,4.5,1,5],"texture":"#texture","cullface":"down"},"west":{"uv":[0.5,4.5,1,5],"texture":"#texture","cullface":"down"}}},{"from":[8.5,-2.5,3.75],"to":[10.5,-2,5.25],"faces":{"down":{"uv":[4,5.5,6,6],"texture":"#texture","cullface":"down"},"up":{"uv":[4,5.5,6,6],"texture":"#texture","cullface":"down"},"north":{"uv":[4,5.5,6,6],"texture":"#texture","cullface":"down"},"south":{"uv":[4,5.5,6,6],"texture":"#texture","cullface":"down"},"east":{"uv":[4.25,5.5,5.75,6],"texture":"#texture","cullface":"down"}}},{"from":[7.5,-2,3.75],"to":[10,-1.5,5.25],"faces":{"down":{"uv":[3.5,4.5,6,5],"texture":"#texture","cullface":"down"},"north":{"uv":[3.5,4.5,6,5],"texture":"#texture","cullface":"down"},"south":{"uv":[3.5,4.5,6,5],"texture":"#texture","cullface":"down"},"east":{"uv":[3.5,4.5,5,5],"texture":"#texture","cullface":"down"}}},{"from":[6,-1.5,3.75],"to":[10.5,-1,5.25],"faces":{"down":{"uv":[2,4,6.5,4.5],"texture":"#texture","cullface":"down"},"up":{"uv":[2,4,6.5,4.5],"texture":"#texture","cullface":"down"},"north":{"uv":[2,4,6.5,4.5],"texture":"#texture","cullface":"down"},"south":{"uv":[2,4,6.5,4.5],"texture":"#texture","cullface":"down"},"east":{"uv":[2,4,3.5,4.5],"texture":"#texture","cullface":"down"}}},{"from":[5.5,-1,3.75],"to":[6,-0.5,5.25],"faces":{"north":{"uv":[1.5,3.5,2,4],"texture":"#texture","cullface":"down"},"south":{"uv":[1.5,3.5,2,4],"texture":"#texture","cullface":"down"}}},{"from":[4.5,0,3.75],"to":[5,0.5,5.25],"faces":{"down":{"uv":[0.5,2.5,1,3],"texture":"#texture","cullface":"down"},"north":{"uv":[0.5,2.5,1,3],"texture":"#texture"},"south":{"uv":[0.5,2.5,1,3],"texture":"#texture"},"west":{"uv":[0.5,2.5,1,3],"texture":"#texture"}}},{"from":[4,0.5,3.75],"to":[4.5,1,5.25],"faces":{"down":{"uv":[12,5.25,11.5,3.75],"texture":"#texture"},"up":{"uv":[4,3.75,4.5,5.25],"texture":"#texture"},"north":{"uv":[11.5,15,12,15.5],"texture":"#texture"},"south":{"uv":[4,15,4.5,15.5],"texture":"#texture"},"west":{"uv":[3.75,15,5.25,15.5],"texture":"#texture"}}},{"from":[10,-0.5,3.75],"to":[10.5,0,5.25],"faces":{"up":{"uv":[6,3,6.5,3.5],"texture":"#texture","cullface":"down"},"north":{"uv":[6,3,6.5,3.5],"texture":"#texture","cullface":"down"},"south":{"uv":[6,3,6.5,3.5],"texture":"#texture","cullface":"down"},"east":{"uv":[6,3,6.5,3.5],"texture":"#texture","cullface":"down"}}},{"from":[9,0,3.75],"to":[10,0.5,5.25],"faces":{"up":{"uv":[5,2.5,6,3],"texture":"#texture"},"north":{"uv":[5,2.5,6,3],"texture":"#texture"},"south":{"uv":[5,2.5,6,3],"texture":"#texture"},"east":{"uv":[3.25,15.5,4.75,16],"texture":"#texture"}}},{"from":[6.5,0.5,3.75],"to":[9,1,5.25],"faces":{"up":{"uv":[2.5,2,5,2.5],"texture":"#texture"},"north":{"uv":[2.5,2,5,2.5],"texture":"#texture"},"south":{"uv":[2.5,2,5,2.5],"texture":"#texture"},"east":{"uv":[2.5,2,4,2.5],"texture":"#texture"}}},{"from":[6,-2.5,3.5],"to":[7.5,-1.5,5.5],"faces":{"down":{"uv":[2,5,3.5,5.5],"texture":"#texture","cullface":"down"},"up":{"uv":[2,4.5,3.5,5],"texture":"#texture","cullface":"down"},"north":{"uv":[2,4.5,3.5,5.5],"texture":"#texture","cullface":"down"},"south":{"uv":[2,4.5,3.5,5.5],"texture":"#texture","cullface":"down"},"west":{"uv":[2,4.5,3.5,5.5],"texture":"#texture","cullface":"down"},"east":{"uv":[2,4.5,3.5,5.5],"texture":"#texture","cullface":"down"}}},{"from":[7.5,-2.5,3.5],"to":[8.5,-2,5.5],"faces":{"down":{"uv":[3.5,5,4.5,5.5],"texture":"#texture","cullface":"down"},"up":{"uv":[3.5,5,4.5,5.5],"texture":"#texture","cullface":"down"},"north":{"uv":[3.5,5,4.5,5.5],"texture":"#texture","cullface":"down"},"south":{"uv":[3.5,5,4.5,5.5],"texture":"#texture","cullface":"down"},"east":{"uv":[4,5,4.5,5.5],"texture":"#texture","cullface":"down"}}},{"from":[5,-2,3.5],"to":[5.5,-0.5,5.5],"faces":{"down":{"uv":[1,3.5,1.5,5],"texture":"#texture","cullface":"down"},"up":{"uv":[1,3.5,1.5,5],"texture":"#texture","cullface":"down"},"north":{"uv":[1,3.5,1.5,5],"texture":"#texture","cullface":"down"},"south":{"uv":[1,3.5,1.5,5],"texture":"#texture","cullface":"down"},"west":{"uv":[1,3.5,1.5,5],"texture":"#texture","cullface":"down"},"east":{"uv":[1,3.5,1.5,5],"texture":"#texture","cullface":"down"}}},{"from":[4.5,-1.5,3.5],"to":[5,-1,5.5],"faces":{"down":{"uv":[11.5,5.5,11,3.5],"texture":"#texture","cullface":"down"},"up":{"uv":[4.5,3.5,5,5.5],"texture":"#texture","cullface":"down"},"north":{"uv":[11,16,11.5,16],"texture":"#texture","cullface":"down"},"south":{"uv":[4.5,16,5,16],"texture":"#texture","cullface":"down"},"west":{"uv":[3.5,16,5.5,16],"texture":"#texture","cullface":"down"}}},{"from":[5.5,-2,3.5],"to":[6,-1,5.5],"faces":{"down":{"uv":[3,4.5,3.5,5.5],"texture":"#texture","cullface":"down"},"up":{"uv":[3,4.5,3.5,5.5],"texture":"#texture","cullface":"down"},"north":{"uv":[3,4.5,3.5,5],"texture":"#texture","cullface":"down"},"south":{"uv":[3,4.5,3.5,5],"texture":"#texture","cullface":"down"},"east":{"uv":[3,4.5,3.5,5.5],"texture":"#texture","cullface":"down"}}},{"from":[6,-1,3.5],"to":[9,0.5,5.5],"faces":{"down":{"uv":[5,4,2,3.5],"texture":"#texture","cullface":"down"},"up":{"uv":[2,2.5,5,3],"texture":"#texture","cullface":"down"},"north":{"uv":[5,2.5,2,4],"texture":"#texture","cullface":"down"},"south":{"uv":[2,2.5,5,4],"texture":"#texture","cullface":"down"},"west":{"uv":[2,2.5,2.5,4],"texture":"#texture","cullface":"down"},"east":{"uv":[2,2.5,2.5,4],"texture":"#texture","cullface":"down"}}},{"from":[9,-1,3.5],"to":[10.5,-0.5,5.5],"faces":{"down":{"uv":[5,3.5,6.5,4],"texture":"#texture","cullface":"down"},"up":{"uv":[5,3.5,6.5,4],"texture":"#texture","cullface":"down"},"north":{"uv":[5,3.5,6.5,4],"texture":"#texture","cullface":"down"},"south":{"uv":[5,3.5,6.5,4],"texture":"#texture","cullface":"down"},"east":{"uv":[4.5,3.5,6.5,4],"texture":"#texture","cullface":"down"}}},{"from":[9,-0.5,3.5],"to":[10,0,5.5],"faces":{"up":{"uv":[5,3,6,3.5],"texture":"#texture","cullface":"down"},"north":{"uv":[6,3,5,3.5],"texture":"#texture","cullface":"down"},"south":{"uv":[5,3,6,3.5],"texture":"#texture","cullface":"down"},"east":{"uv":[5.5,3,6,4],"texture":"#texture","cullface":"down"}}},{"from":[5,0,3.5],"to":[6,0.5,5.5],"faces":{"down":{"uv":[1,2.5,2,3],"texture":"#texture","cullface":"down"},"north":{"uv":[1,2.5,2,3],"texture":"#texture"},"south":{"uv":[1,2.5,2,3],"texture":"#texture"},"west":{"uv":[1,2.5,1.5,3],"texture":"#texture"}}},{"from":[5.5,-0.5,3.5],"to":[6,0,5.5],"faces":{"down":{"uv":[1,2.5,1.5,3],"texture":"#texture","cullface":"down"},"north":{"uv":[1,2.5,1.5,3],"texture":"#texture","cullface":"down"},"south":{"uv":[1,2.5,1.5,3],"texture":"#texture","cullface":"down"},"west":{"uv":[1,2.5,1.5,3],"texture":"#texture","cullface":"down"}}},{"from":[4.5,0.5,3.5],"to":[6.5,1.5,5.5],"faces":{"down":{"uv":[0.5,2,2.5,2.5],"texture":"#texture"},"up":{"uv":[0.5,1.5,2.5,2],"texture":"#texture"},"north":{"uv":[2.5,1.5,0.5,2.5],"texture":"#texture"},"south":{"uv":[0.5,1.5,2.5,2.5],"texture":"#texture"},"west":{"uv":[0.5,1.5,2.5,2.5],"texture":"#texture"},"east":{"uv":[0.5,1.5,2.5,2.5],"texture":"#texture"}}},{"from":[5,-0.5,3.75],"to":[5.5,0,5.25],"faces":{"north":{"uv":[1.5,3.5,2,4],"texture":"#texture","cullface":"down"},"south":{"uv":[1.5,3.5,2,4],"texture":"#texture","cullface":"down"},"west":{"uv":[1.5,3.5,2,4],"texture":"#texture","cullface":"down"}}},{"from":[10.5,-1,3.75],"to":[11,-0.5,5.25],"faces":{"down":{"uv":[6,3,6.5,3.5],"texture":"#texture","cullface":"down"},"up":{"uv":[6,3,6.5,3.5],"texture":"#texture","cullface":"down"},"north":{"uv":[6,3,6.5,3.5],"texture":"#texture","cullface":"down"},"south":{"uv":[6,3,6.5,3.5],"texture":"#texture","cullface":"down"},"east":{"uv":[6,3,6.5,3.5],"texture":"#texture","cullface":"down"}}},{"from":[6.375,-4.5,3.75],"to":[7,-3.5,5.25],"faces":{"down":{"uv":[3,8,2.5,7.5],"texture":"#texture","cullface":"down"},"up":{"uv":[2.5,6.5,3,7],"texture":"#texture","cullface":"down"},"north":{"uv":[2.5,6.5,3,7.5],"texture":"#texture","cullface":"down"},"south":{"uv":[2.5,6.5,3,7.5],"texture":"#texture","cullface":"down"},"west":{"uv":[2.5,6.5,3,7.5],"texture":"#texture","cullface":"down"}}},{"from":[6.375,-6,3.75],"to":[7,-5,5.25],"faces":{"down":{"uv":[3,8,2.5,7.5],"texture":"#texture","cullface":"down"},"up":{"uv":[2.5,6.5,3,7],"texture":"#texture","cullface":"down"},"north":{"uv":[2.5,6.5,3,7.5],"texture":"#texture","cullface":"down"},"south":{"uv":[2.5,6.5,3,7.5],"texture":"#texture","cullface":"down"},"west":{"uv":[2.5,6.5,3,7.5],"texture":"#texture","cullface":"down"}}},{"from":[6.375,-8.125,3.75],"to":[7,-7.125,5.25],"faces":{"down":{"uv":[3,8,2.5,7.5],"texture":"#texture","cullface":"down"},"up":{"uv":[2.5,6.5,3,7],"texture":"#texture","cullface":"down"},"north":{"uv":[2.5,6.5,3,7.5],"texture":"#texture","cullface":"down"},"south":{"uv":[2.5,6.5,3,7.5],"texture":"#texture","cullface":"down"},"west":{"uv":[2.5,6.5,3,7.5],"texture":"#texture","cullface":"down"},"east":{"uv":[2.5,6.5,3,7.5],"texture":"#texture","cullface":"down"}}},{"from":[8,-5,3.75],"to":[8.625,-4,5.25],"faces":{"down":{"uv":[3,8,2.5,7.5],"texture":"#texture","cullface":"down"},"up":{"uv":[2.5,6.5,3,7],"texture":"#texture","cullface":"down"},"north":{"uv":[2.5,6.5,3,7.5],"texture":"#texture","cullface":"down"},"south":{"uv":[2.5,6.5,3,7.5],"texture":"#texture","cullface":"down"},"east":{"uv":[2.5,6.5,3,7.5],"texture":"#texture","cullface":"down"}}},{"from":[8,-7,3.75],"to":[8.625,-6,5.25],"faces":{"down":{"uv":[3,8,2.5,7.5],"texture":"#texture","cullface":"down"},"up":{"uv":[2.5,6.5,3,7],"texture":"#texture","cullface":"down"},"north":{"uv":[2.5,6.5,3,7.5],"texture":"#texture","cullface":"down"},"south":{"uv":[2.5,6.5,3,7.5],"texture":"#texture","cullface":"down"},"east":{"uv":[2.5,6.5,3,7.5],"texture":"#texture","cullface":"down"}}},{"from":[8.5,-8.625,3.75],"to":[9.125,-7.5,5.25],"faces":{"down":{"uv":[3,8,2.5,7.5],"texture":"#texture","cullface":"down"},"up":{"uv":[2.5,6.5,3,7],"texture":"#texture","cullface":"down"},"north":{"uv":[2.5,6.5,3,7.5],"texture":"#texture","cullface":"down"},"south":{"uv":[2.5,6.5,3,7.5],"texture":"#texture","cullface":"down"},"east":{"uv":[2.5,6.5,3,7.5],"texture":"#texture","cullface":"down"}}},{"from":[6.875,-10,3.75],"to":[7.5,-9,5.25],"faces":{"down":{"uv":[3,8,2.5,7.5],"texture":"#texture","cullface":"down"},"up":{"uv":[2.5,6.5,3,7],"texture":"#texture","cullface":"down"},"north":{"uv":[2.5,6.5,3,7.5],"texture":"#texture","cullface":"down"},"south":{"uv":[2.5,6.5,3,7.5],"texture":"#texture","cullface":"down"},"west":{"uv":[2.5,6.5,3,7.5],"texture":"#texture","cullface":"down"}}},{"from":[8.5,-10.5,3.75],"to":[9.125,-9.5,5.25],"faces":{"down":{"uv":[3,8,2.5,7.5],"texture":"#texture","cullface":"down"},"up":{"uv":[2.5,6.5,3,7],"texture":"#texture","cullface":"down"},"north":{"uv":[2.5,6.5,3,7.5],"texture":"#texture","cullface":"down"},"south":{"uv":[2.5,6.5,3,7.5],"texture":"#texture","cullface":"down"},"east":{"uv":[2.5,6.5,3,7.5],"texture":"#texture","cullface":"down"}}},{"from":[5,1,4],"to":[9,2,5],"faces":{"down":{"uv":[6,14.5,10,15],"texture":"#texture"},"up":{"uv":[6,14.5,10,15],"texture":"#texture"},"north":{"uv":[10,14.5,6,15.5],"texture":"#texture"},"south":{"uv":[6,14.5,10,15.5],"texture":"#texture"},"west":{"uv":[6,14.5,6.5,15.5],"texture":"#texture"},"east":{"uv":[9.5,14.5,10,15.5],"texture":"#texture"}}},{"from":[5.5,2,4.25],"to":[7,4.5,4.75],"faces":{"up":{"uv":[6.5,12,8,12.5],"texture":"#texture"},"north":{"uv":[8,12,6.5,14.5],"texture":"#texture"},"south":{"uv":[6.5,12,8,14.5],"texture":"#texture"},"west":{"uv":[6.5,12,7,14.5],"texture":"#texture"}}},{"from":[6,4.5,4.25],"to":[7.5,7.5,4.75],"faces":{"up":{"uv":[7,9,8.5,9.5],"texture":"#texture"},"north":{"uv":[7,9,8.5,12],"texture":"#texture"},"south":{"uv":[7,9,8.5,12],"texture":"#texture"},"west":{"uv":[7,9,7.5,12],"texture":"#texture"},"east":{"uv":[8,9,8.5,12],"texture":"#texture"}}},{"from":[6.5,7.5,4.25],"to":[7.5,12,4.75],"faces":{"up":{"uv":[7.5,4.5,9,5],"texture":"#texture"},"north":{"uv":[8.5,4.5,7.5,9],"texture":"#texture"},"south":{"uv":[7.5,4.5,8.5,9],"texture":"#texture"},"west":{"uv":[7.5,4.5,8,9],"texture":"#texture"},"east":{"uv":[8,4.5,8.5,9],"texture":"#texture"}}},{"from":[7,12,4.25],"to":[8.5,15,4.75],"faces":{"down":{"uv":[9.5,4.5,8,4],"texture":"#texture"},"up":{"uv":[8,1.5,9.5,2],"texture":"#texture"},"north":{"uv":[9.5,1.5,8,4.5],"texture":"#texture"},"south":{"uv":[8,1.5,9.5,4.5],"texture":"#texture"},"west":{"uv":[8,1.5,8.5,4.5],"texture":"#texture"},"east":{"uv":[9,1.5,9.5,4.5],"texture":"#texture"}}},{"from":[7.5,15,4.25],"to":[9,16,4.75],"faces":{"down":{"uv":[12.5,16,11,15.5],"texture":"#texture"},"up":{"uv":[11,15,12.5,15.5],"texture":"#texture","cullface":"up"},"north":{"uv":[12.5,15,11,16],"texture":"#texture"},"south":{"uv":[11,15,12.5,16],"texture":"#texture"},"west":{"uv":[11,15,11.5,16],"texture":"#texture"}}},{"from":[8,16,4.25],"to":[9.5,18,4.75],"faces":{"down":{"uv":[13,15,11.5,14.5],"texture":"#texture","cullface":"up"},"up":{"uv":[11.5,13,13,13.5],"texture":"#texture","cullface":"up"},"north":{"uv":[13,13,11.5,15],"texture":"#texture","cullface":"up"},"south":{"uv":[11.5,13,13,15],"texture":"#texture","cullface":"up"},"west":{"uv":[11.5,13,12,15],"texture":"#texture","cullface":"up"},"east":{"uv":[12.5,13,13,15],"texture":"#texture","cullface":"up"}}},{"from":[8.5,18,4.25],"to":[9,19.5,4.75],"faces":{"up":{"uv":[12,11.5,12.5,12],"texture":"#texture","cullface":"up"},"north":{"uv":[12,11.5,12.5,13],"texture":"#texture","cullface":"up"},"south":{"uv":[12,11.5,12.5,13],"texture":"#texture","cullface":"up"},"west":{"uv":[12,11.5,12.5,13],"texture":"#texture","cullface":"up"},"east":{"uv":[12,11.5,12.5,13],"texture":"#texture","cullface":"up"}}},{"from":[12.5,26.5,4.25],"to":[13,27,4.75],"faces":{"up":{"uv":[13,10,13.5,10.5],"texture":"#texture","cullface":"up"},"north":{"uv":[13,10,13.5,10.5],"texture":"#texture","cullface":"up"},"south":{"uv":[13,10,13.5,10.5],"texture":"#texture","cullface":"up"},"west":{"uv":[13,10,13.5,10.5],"texture":"#texture","cullface":"up"}}},{"from":[13,27,4.25],"to":[13.5,27.5,4.75],"faces":{"up":{"uv":[13,10,13.5,10.5],"texture":"#texture","cullface":"up"},"north":{"uv":[13,10,13.5,10.5],"texture":"#texture","cullface":"up"},"south":{"uv":[13,10,13.5,10.5],"texture":"#texture","cullface":"up"},"west":{"uv":[13,10,13.5,10.5],"texture":"#texture","cullface":"up"}}},{"from":[13.5,27.5,4.25],"to":[14.5,28,4.75],"faces":{"down":{"uv":[13,10,13.5,10.5],"texture":"#texture","cullface":"up"},"up":{"uv":[13,10,13.5,10.5],"texture":"#texture","cullface":"up"},"north":{"uv":[13,10,13.5,10.5],"texture":"#texture","cullface":"up"},"south":{"uv":[13,10,13.5,10.5],"texture":"#texture","cullface":"up"},"west":{"uv":[13,10,13.5,10.5],"texture":"#texture","cullface":"up"},"east":{"uv":[13,10,13.5,10.5],"texture":"#texture","cullface":"up"}}},{"from":[14,26.5,4.25],"to":[14.5,27.5,4.75],"faces":{"north":{"uv":[12.5,10,13,11],"texture":"#texture","cullface":"up"},"south":{"uv":[12.5,10,13,11],"texture":"#texture","cullface":"up"},"west":{"uv":[12.5,10,13,10.5],"texture":"#texture","cullface":"up"},"east":{"uv":[12.5,10,13,10.5],"texture":"#texture","cullface":"up"}}},{"from":[6,2,4],"to":[7.5,4.5,5],"faces":{"up":{"uv":[7,12,8.5,13],"texture":"#texture"},"north":{"uv":[8.5,12,7,14.5],"texture":"#texture"},"south":{"uv":[7,12,8.5,14.5],"texture":"#texture"},"west":{"uv":[7,12,7.5,14.5],"texture":"#texture"},"east":{"uv":[8,12,8.5,14.5],"texture":"#texture"}}},{"from":[8.5,2,4],"to":[9,4.5,5],"faces":{"north":{"uv":[9.5,12,10,14.5],"texture":"#texture"},"south":{"uv":[9.5,12,10,14.5],"texture":"#texture"},"west":{"uv":[9.5,12,10,14.5],"texture":"#texture"},"east":{"uv":[9.5,12,10,14.5],"texture":"#texture"}}},{"from":[7.5,2,4],"to":[8.5,2.5,5],"faces":{"up":{"uv":[8.5,12.5,9.5,13],"texture":"#texture"},"north":{"uv":[8.5,12.5,9.5,13],"texture":"#texture"},"south":{"uv":[8.5,12.5,9.5,13],"texture":"#texture"}}},{"from":[7.5,3,4],"to":[8.5,3.5,5],"faces":{"down":{"uv":[8.5,12.5,9.5,13],"texture":"#texture"},"up":{"uv":[8.5,12.5,9.5,13],"texture":"#texture"},"north":{"uv":[8.5,12.5,9.5,13],"texture":"#texture"},"south":{"uv":[8.5,12.5,9.5,13],"texture":"#texture"}}},{"from":[7.5,4,4],"to":[8.5,4.5,5],"faces":{"down":{"uv":[8.5,12.5,9.5,13],"texture":"#texture"},"up":{"uv":[8.5,12.5,9.5,13],"texture":"#texture"},"north":{"uv":[8.5,12.5,9.5,13],"texture":"#texture"},"south":{"uv":[8.5,12.5,9.5,13],"texture":"#texture"}}},{"from":[7,1,3.75],"to":[7.5,6,5.25],"faces":{"up":{"uv":[8,10.5,8.5,12],"texture":"#texture"},"north":{"uv":[8,10.5,8.5,15],"texture":"#texture"},"south":{"uv":[8,10.5,8.5,15],"texture":"#texture"},"west":{"uv":[8,10.5,8.5,15],"texture":"#texture"},"east":{"uv":[8,10.5,8.5,15],"texture":"#texture"}}},{"from":[6.5,4.5,4],"to":[7,7.5,5],"faces":{"up":{"uv":[7.5,9,8,10],"texture":"#texture"},"north":{"uv":[7.5,9,8,12],"texture":"#texture"},"south":{"uv":[7.5,9,8,12],"texture":"#texture"},"west":{"uv":[7.5,9,8,12],"texture":"#texture"},"east":{"uv":[7.5,9,8,12],"texture":"#texture"}}},{"from":[7,4.5,4],"to":[8,6,5],"faces":{"down":{"uv":[8,10.5,9,11.5],"texture":"#texture"},"up":{"uv":[8,10.5,9,11.5],"texture":"#texture"},"north":{"uv":[8,10.5,9,12],"texture":"#texture"},"south":{"uv":[8,10.5,9,12],"texture":"#texture"},"east":{"uv":[8.5,10.5,9,12],"texture":"#texture"}}},{"from":[8,4.5,4],"to":[8.5,5.5,5],"faces":{"north":{"uv":[9,11,9.5,12],"texture":"#texture"},"south":{"uv":[9,11,9.5,12],"texture":"#texture"},"east":{"uv":[8.5,11.5,9.5,12.5],"texture":"#texture"}}},{"from":[8.5,4.5,4],"to":[9,5,5],"faces":{"north":{"uv":[9,11,9.5,11.5],"texture":"#texture"},"south":{"uv":[9,11,9.5,11.5],"texture":"#texture"}}},{"from":[8,5.5,4],"to":[8.5,8.5,5],"faces":{"up":{"uv":[9,8,9.5,8.5],"texture":"#texture"},"north":{"uv":[9,8,9.5,11],"texture":"#texture"},"south":{"uv":[9,8,9.5,11],"texture":"#texture"},"west":{"uv":[9,8,9.5,11],"texture":"#texture"}}},{"from":[9,4.5,4],"to":[9.5,11,5],"faces":{"down":{"uv":[9.5,8.5,10,9],"texture":"#texture"},"north":{"uv":[9.5,5,10,11.5],"texture":"#texture"},"south":{"uv":[9.5,5,10,11.5],"texture":"#texture"},"west":{"uv":[9.5,5,10,11.5],"texture":"#texture"},"east":{"uv":[9.5,5,10,11.5],"texture":"#texture"}}},{"from":[7.5,8.5,4.25],"to":[8,12,4.75],"faces":{"down":{"uv":[9,1.5,9.5,2],"texture":"#texture"},"north":{"uv":[9,1.5,9.5,5],"texture":"#texture"},"south":{"uv":[9,1.5,9.5,5],"texture":"#texture"},"east":{"uv":[9,1.5,9.5,5],"texture":"#texture"}}},{"from":[8,11.5,4.25],"to":[8.5,12,4.75],"faces":{"down":{"uv":[9,1.5,9.5,2],"texture":"#texture"},"north":{"uv":[9,1.5,9.5,5],"texture":"#texture"},"south":{"uv":[9,1.5,9.5,5],"texture":"#texture"},"east":{"uv":[9,1.5,9.5,5],"texture":"#texture"}}},{"from":[8.5,5,4],"to":[9,11.5,5],"faces":{"up":{"uv":[9.5,8.5,10,9],"texture":"#texture"},"north":{"uv":[9.5,5,10,11.5],"texture":"#texture"},"south":{"uv":[9.5,5,10,11.5],"texture":"#texture"},"west":{"uv":[9.5,5,10,11.5],"texture":"#texture"},"east":{"uv":[9.5,5,10,11.5],"texture":"#texture"}}},{"from":[9,13.5,4],"to":[10,14,5],"faces":{"down":{"uv":[13.5,12.5,14.5,13.5],"texture":"#texture"},"north":{"uv":[13.5,12.5,14.5,14.5],"texture":"#texture"},"south":{"uv":[13.5,12.5,14.5,14.5],"texture":"#texture"},"west":{"uv":[13.5,12.5,14.5,14.5],"texture":"#texture"},"east":{"uv":[13.5,12.5,14.5,14.5],"texture":"#texture"}}},{"from":[9,15,3.75],"to":[9.5,16.5,5.25],"faces":{"down":{"uv":[12.5,14.5,13,16],"texture":"#texture","cullface":"up"},"up":{"uv":[12.5,14.5,13,16],"texture":"#texture","cullface":"up"},"north":{"uv":[12.5,14.5,13,16],"texture":"#texture","cullface":"up"},"south":{"uv":[12.5,14.5,13,16],"texture":"#texture","cullface":"up"},"west":{"uv":[12.5,14.5,13,16],"texture":"#texture","cullface":"up"},"east":{"uv":[12.5,14.5,13,16],"texture":"#texture","cullface":"up"}}},{"from":[9.5,16.5,3.75],"to":[10,18.5,5.25],"faces":{"down":{"uv":[13,12.5,13.5,14],"texture":"#texture","cullface":"up"},"up":{"uv":[13,12.5,13.5,14],"texture":"#texture","cullface":"up"},"north":{"uv":[13,12.5,13.5,14.5],"texture":"#texture","cullface":"up"},"south":{"uv":[13,12.5,13.5,14.5],"texture":"#texture","cullface":"up"},"west":{"uv":[13,12.5,13.5,14.5],"texture":"#texture","cullface":"up"},"east":{"uv":[13,12.5,13.5,14.5],"texture":"#texture","cullface":"up"}}},{"from":[10,18.5,3.75],"to":[10.5,20.5,5.25],"faces":{"down":{"uv":[13,12.5,13.5,14],"texture":"#texture","cullface":"up"},"up":{"uv":[13,12.5,13.5,14],"texture":"#texture","cullface":"up"},"north":{"uv":[13,12.5,13.5,14.5],"texture":"#texture","cullface":"up"},"south":{"uv":[13,12.5,13.5,14.5],"texture":"#texture","cullface":"up"},"west":{"uv":[13,12.5,13.5,14.5],"texture":"#texture","cullface":"up"},"east":{"uv":[13,12.5,13.5,14.5],"texture":"#texture","cullface":"up"}}},{"from":[11,21.5,3.75],"to":[11.5,22.5,5.25],"faces":{"down":{"uv":[12.5,14.5,13,16],"texture":"#texture","cullface":"up"},"up":{"uv":[12.5,14.5,13,16],"texture":"#texture","cullface":"up"},"north":{"uv":[12.5,14.5,13,16],"texture":"#texture","cullface":"up"},"south":{"uv":[12.5,14.5,13,16],"texture":"#texture","cullface":"up"},"west":{"uv":[12.5,14.5,13,16],"texture":"#texture","cullface":"up"},"east":{"uv":[12.5,14.5,13,16],"texture":"#texture","cullface":"up"}}},{"from":[10.5,20.5,3.75],"to":[11,21.5,5.25],"faces":{"down":{"uv":[12.5,14.5,13,16],"texture":"#texture","cullface":"up"},"up":{"uv":[12.5,14.5,13,16],"texture":"#texture","cullface":"up"},"north":{"uv":[12.5,14.5,13,16],"texture":"#texture","cullface":"up"},"south":{"uv":[12.5,14.5,13,16],"texture":"#texture","cullface":"up"},"west":{"uv":[12.5,14.5,13,16],"texture":"#texture","cullface":"up"},"east":{"uv":[12.5,14.5,13,16],"texture":"#texture","cullface":"up"}}},{"from":[11.5,22.5,3.75],"to":[12,24,5.25],"faces":{"down":{"uv":[12.5,14.5,13,16],"texture":"#texture","cullface":"up"},"up":{"uv":[12.5,14.5,13,16],"texture":"#texture","cullface":"up"},"north":{"uv":[12.5,14.5,13,16],"texture":"#texture","cullface":"up"},"south":{"uv":[12.5,14.5,13,16],"texture":"#texture","cullface":"up"},"west":{"uv":[12.5,14.5,13,16],"texture":"#texture","cullface":"up"},"east":{"uv":[12.5,14.5,13,16],"texture":"#texture","cullface":"up"}}},{"from":[12,24,3.75],"to":[12.5,24.5,5.25],"faces":{"down":{"uv":[12.5,14.5,13,16],"texture":"#texture","cullface":"up"},"up":{"uv":[12.5,14.5,13,16],"texture":"#texture","cullface":"up"},"north":{"uv":[12.5,14.5,13,16],"texture":"#texture","cullface":"up"},"south":{"uv":[12.5,14.5,13,16],"texture":"#texture","cullface":"up"},"west":{"uv":[12.5,14.5,13,16],"texture":"#texture","cullface":"up"},"east":{"uv":[12.5,14.5,13,16],"texture":"#texture","cullface":"up"}}},{"from":[12.5,24.5,3.75],"to":[13,25.5,5.25],"faces":{"down":{"uv":[12.5,14.5,13,16],"texture":"#texture","cullface":"up"},"up":{"uv":[12.5,14.5,13,16],"texture":"#texture","cullface":"up"},"north":{"uv":[12.5,14.5,13,16],"texture":"#texture","cullface":"up"},"south":{"uv":[12.5,14.5,13,16],"texture":"#texture","cullface":"up"},"west":{"uv":[12.5,14.5,13,16],"texture":"#texture","cullface":"up"},"east":{"uv":[12.5,14.5,13,16],"texture":"#texture","cullface":"up"}}},{"from":[13,25.5,3.75],"to":[13.5,26,5.25],"faces":{"down":{"uv":[12.5,14.5,13,16],"texture":"#texture","cullface":"up"},"up":{"uv":[12.5,14.5,13,16],"texture":"#texture","cullface":"up"},"north":{"uv":[12.5,14.5,13,16],"texture":"#texture","cullface":"up"},"south":{"uv":[12.5,14.5,13,16],"texture":"#texture","cullface":"up"},"west":{"uv":[12.5,14.5,13,16],"texture":"#texture","cullface":"up"},"east":{"uv":[12.5,14.5,13,16],"texture":"#texture","cullface":"up"}}},{"from":[13.5,26,3.75],"to":[14,26.5,5.25],"faces":{"down":{"uv":[12.5,14.5,13,16],"texture":"#texture","cullface":"up"},"up":{"uv":[12.5,14.5,13,16],"texture":"#texture","cullface":"up"},"north":{"uv":[12.5,14.5,13,16],"texture":"#texture","cullface":"up"},"south":{"uv":[12.5,14.5,13,16],"texture":"#texture","cullface":"up"},"west":{"uv":[12.5,14.5,13,16],"texture":"#texture","cullface":"up"},"east":{"uv":[12.5,14.5,13,16],"texture":"#texture","cullface":"up"}}},{"from":[9,11,4],"to":[9.5,13.5,5],"faces":{"north":{"uv":[9,8,9.5,11],"texture":"#texture"},"south":{"uv":[9,8,9.5,11],"texture":"#texture"},"west":{"uv":[9,8,9.5,11],"texture":"#texture"},"east":{"uv":[9,8,9.5,11],"texture":"#texture"}}},{"from":[9,14,4],"to":[10.5,15.5,5],"faces":{"down":{"uv":[13,14.25,14.5,15.25],"texture":"#texture"},"north":{"uv":[14.5,13.5,13,15.5],"texture":"#texture"},"south":{"uv":[13,13.5,14.5,15.5],"texture":"#texture"},"west":{"uv":[14,13.25,14.5,15.25],"texture":"#texture"},"east":{"uv":[14,13.25,14.5,15.25],"texture":"#texture"}}},{"from":[8.5,15.5,4],"to":[11,18,5],"faces":{"down":{"uv":[12,15,14.5,15.5],"texture":"#texture","cullface":"up"},"up":{"uv":[12,13,14.5,13.5],"texture":"#texture","cullface":"up"},"north":{"uv":[14.5,13,12,15.5],"texture":"#texture","cullface":"up"},"south":{"uv":[12,13,14.5,15.5],"texture":"#texture","cullface":"up"},"west":{"uv":[12,13,12.5,15.5],"texture":"#texture","cullface":"up"},"east":{"uv":[14,13,14.5,15.5],"texture":"#texture","cullface":"up"}}},{"from":[9,18,4],"to":[11.5,19,5],"faces":{"down":{"uv":[12.5,12.5,15,13],"texture":"#texture","cullface":"up"},"north":{"uv":[15,12,12.5,13],"texture":"#texture","cullface":"up"},"south":{"uv":[12.5,12,15,13],"texture":"#texture","cullface":"up"},"west":{"uv":[12.5,12,13,13],"texture":"#texture","cullface":"up"},"east":{"uv":[14.5,12,15,13],"texture":"#texture","cullface":"up"}}},{"from":[9,19,4],"to":[12,20,5],"faces":{"down":{"uv":[12.5,11.5,15.25,12],"texture":"#texture","cullface":"up"},"up":{"uv":[12.5,11.5,15.25,12],"texture":"#texture","cullface":"up"},"north":{"uv":[15.5,11,12.5,12],"texture":"#texture","cullface":"up"},"south":{"uv":[12.5,11,15.5,12],"texture":"#texture","cullface":"up"},"west":{"uv":[12.5,11,13,12],"texture":"#texture","cullface":"up"},"east":{"uv":[15,11,15.5,12],"texture":"#texture","cullface":"up"}}},{"from":[9.5,20,4],"to":[12,20.5,5],"faces":{"up":{"uv":[13.5,10,16,10.5],"texture":"#texture","cullface":"up"},"north":{"uv":[16,10,13.5,10.5],"texture":"#texture","cullface":"up"},"south":{"uv":[13.5,10,16,10.5],"texture":"#texture","cullface":"up"},"west":{"uv":[13.5,10,14,10.5],"texture":"#texture","cullface":"up"},"east":{"uv":[15.5,10,16,10.5],"texture":"#texture","cullface":"up"}}},{"from":[10,21.5,4],"to":[12.5,22.5,5],"faces":{"up":{"uv":[11.5,7.5,14,8],"texture":"#texture","cullface":"up"},"north":{"uv":[14,7.5,11.5,8.5],"texture":"#texture","cullface":"up"},"south":{"uv":[11.5,7.5,14,8.5],"texture":"#texture","cullface":"up"},"west":{"uv":[11.5,7.5,12.5,8.5],"texture":"#texture","cullface":"up"},"east":{"uv":[13,7.5,14,8.5],"texture":"#texture","cullface":"up"}}},{"from":[10,20.5,4],"to":[12.5,21.5,5],"faces":{"down":{"uv":[11.5,8.5,14,9],"texture":"#texture","cullface":"up"},"north":{"uv":[14,8.5,11.5,9],"texture":"#texture","cullface":"up"},"south":{"uv":[11.5,8.5,14,9],"texture":"#texture","cullface":"up"},"west":{"uv":[11.5,7.5,12.5,8.5],"texture":"#texture","cullface":"up"},"east":{"uv":[13,7.5,14,8.5],"texture":"#texture","cullface":"up"}}},{"from":[12.5,22,4],"to":[13,22.5,5],"faces":{"down":{"uv":[14,6.75,14.5,7.75],"texture":"#texture","cullface":"up"},"north":{"uv":[14,7.5,14.5,8],"texture":"#texture","cullface":"up"},"south":{"uv":[14,7.5,14.5,8],"texture":"#texture","cullface":"up"},"east":{"uv":[13.5,7.5,14.5,8],"texture":"#texture","cullface":"up"}}},{"from":[10.5,22.5,4],"to":[13.5,23.5,5],"faces":{"down":{"uv":[12,6.5,15,7.5],"texture":"#texture","cullface":"up"},"up":{"uv":[12,6.5,15,7.5],"texture":"#texture","cullface":"up"},"north":{"uv":[15,6.5,12,7.5],"texture":"#texture","cullface":"up"},"south":{"uv":[12,6.5,15,7.5],"texture":"#texture","cullface":"up"},"west":{"uv":[12,6.5,13,7.5],"texture":"#texture","cullface":"up"},"east":{"uv":[14,6.5,15,7.5],"texture":"#texture","cullface":"up"}}},{"from":[11,23.5,4],"to":[13.5,24,5],"faces":{"north":{"uv":[15,6,12.5,6.5],"texture":"#texture","cullface":"up"},"south":{"uv":[12.5,6,15,6.5],"texture":"#texture","cullface":"up"},"west":{"uv":[12,6.5,13,7.5],"texture":"#texture","cullface":"up"},"east":{"uv":[14,6.5,15,7.5],"texture":"#texture","cullface":"up"}}},{"from":[11,24,4],"to":[14,24.5,5],"faces":{"down":{"uv":[12,6.5,15,7.5],"texture":"#texture","cullface":"up"},"up":{"uv":[12,6.5,15,7.5],"texture":"#texture","cullface":"up"},"north":{"uv":[15,6.5,12,7.5],"texture":"#texture","cullface":"up"},"south":{"uv":[12,6.5,15,7.5],"texture":"#texture","cullface":"up"},"west":{"uv":[12,6.5,13,7.5],"texture":"#texture","cullface":"up"},"east":{"uv":[14,6.5,15,7.5],"texture":"#texture","cullface":"up"}}},{"from":[11.5,24.5,4],"to":[14,25.5,5],"faces":{"up":{"uv":[11.5,7.5,14,8],"texture":"#texture","cullface":"up"},"north":{"uv":[14,7.5,11.5,8.5],"texture":"#texture","cullface":"up"},"south":{"uv":[11.5,7.5,14,8.5],"texture":"#texture","cullface":"up"},"west":{"uv":[11.5,7.5,12.5,8.5],"texture":"#texture","cullface":"up"}}},{"from":[12,25.5,4],"to":[14,26,5],"faces":{"up":{"uv":[13.5,4,15.5,4.5],"texture":"#texture","cullface":"up"},"north":{"uv":[13.5,4,15.5,4.5],"texture":"#texture","cullface":"up"},"south":{"uv":[13.5,4,15.5,4.5],"texture":"#texture","cullface":"up"},"west":{"uv":[13.5,4,14.5,4.5],"texture":"#texture","cullface":"up"}}},{"from":[12.5,26,4],"to":[13.5,26.5,5],"faces":{"up":{"uv":[14.5,3,15.5,3.5],"texture":"#texture","cullface":"up"},"north":{"uv":[14.5,3,15.5,3.5],"texture":"#texture","cullface":"up"},"south":{"uv":[14.5,3,15.5,3.5],"texture":"#texture","cullface":"up"},"west":{"uv":[14.5,3,15.5,3.5],"texture":"#texture","cullface":"up"}}},{"from":[13,26.5,4],"to":[14,27,5],"faces":{"down":{"uv":[14.5,3,15.5,3.5],"texture":"#texture","cullface":"up"},"up":{"uv":[14.5,3,15.5,3.5],"texture":"#texture","cullface":"up"},"north":{"uv":[14.5,3,15.5,3.5],"texture":"#texture","cullface":"up"},"south":{"uv":[14.5,3,15.5,3.5],"texture":"#texture","cullface":"up"},"west":{"uv":[14.5,3,15.5,3.5],"texture":"#texture","cullface":"up"},"east":{"uv":[14.5,3,15.5,3.5],"texture":"#texture","cullface":"up"}}},{"from":[13.5,27,4],"to":[14,27.5,5],"faces":{"up":{"uv":[14.5,3,15.5,3.5],"texture":"#texture","cullface":"up"},"north":{"uv":[14.5,3,15.5,3.5],"texture":"#texture","cullface":"up"},"south":{"uv":[14.5,3,15.5,3.5],"texture":"#texture","cullface":"up"},"west":{"uv":[14.5,3,15.5,3.5],"texture":"#texture","cullface":"up"},"east":{"uv":[14.5,3,15.5,3.5],"texture":"#texture","cullface":"up"}}},{"from":[14,24.5,4],"to":[14.5,26.5,5],"faces":{"down":{"uv":[14.5,3,15.5,3.5],"texture":"#texture","cullface":"up"},"up":{"uv":[14.5,3,15.5,3.5],"texture":"#texture","cullface":"up"},"north":{"uv":[14.5,3,15.5,3.5],"texture":"#texture","cullface":"up"},"south":{"uv":[14.5,3,15.5,3.5],"texture":"#texture","cullface":"up"},"west":{"uv":[14.5,3,15.5,3.5],"texture":"#texture","cullface":"up"},"east":{"uv":[14.5,3,15.5,3.5],"texture":"#texture","cullface":"up"}}},{"from":[9.5,20.5,4.25],"to":[10,22.5,4.75],"faces":{"up":{"uv":[11,7.5,11.5,8.5],"texture":"#texture","cullface":"up"},"north":{"uv":[11,7.5,11.5,8.5],"texture":"#texture","cullface":"up"},"south":{"uv":[11,7.5,11.5,8.5],"texture":"#texture","cullface":"up"},"west":{"uv":[11,7.5,11.5,8.5],"texture":"#texture","cullface":"up"},"east":{"uv":[11,7.5,11.5,8.5],"texture":"#texture","cullface":"up"}}},{"from":[9,20,4.25],"to":[9.5,21,4.75],"faces":{"up":{"uv":[11,7.5,11.5,8.5],"texture":"#texture","cullface":"up"},"north":{"uv":[11,7.5,11.5,8.5],"texture":"#texture","cullface":"up"},"south":{"uv":[11,7.5,11.5,8.5],"texture":"#texture","cullface":"up"},"west":{"uv":[11,7.5,11.5,8.5],"texture":"#texture","cullface":"up"},"east":{"uv":[11,7.5,11.5,8.5],"texture":"#texture","cullface":"up"}}},{"from":[10,22.5,4.25],"to":[10.5,23.5,4.75],"faces":{"up":{"uv":[11,7.5,11.5,8.5],"texture":"#texture","cullface":"up"},"north":{"uv":[11,7.5,11.5,8.5],"texture":"#texture","cullface":"up"},"south":{"uv":[11,7.5,11.5,8.5],"texture":"#texture","cullface":"up"},"west":{"uv":[11,7.5,11.5,8.5],"texture":"#texture","cullface":"up"}}},{"from":[10.5,23.5,4.25],"to":[11,24.5,4.75],"faces":{"up":{"uv":[11,7.5,11.5,8.5],"texture":"#texture","cullface":"up"},"north":{"uv":[11,7.5,11.5,8.5],"texture":"#texture","cullface":"up"},"south":{"uv":[11,7.5,11.5,8.5],"texture":"#texture","cullface":"up"},"west":{"uv":[11,7.5,11.5,8.5],"texture":"#texture","cullface":"up"},"east":{"uv":[11,7.5,11.5,8.5],"texture":"#texture","cullface":"up"}}},{"from":[11,24.5,4.25],"to":[11.5,25.5,4.75],"faces":{"up":{"uv":[11,7.5,11.5,8.5],"texture":"#texture","cullface":"up"},"north":{"uv":[11,7.5,11.5,8.5],"texture":"#texture","cullface":"up"},"south":{"uv":[11,7.5,11.5,8.5],"texture":"#texture","cullface":"up"},"west":{"uv":[11,7.5,11.5,8.5],"texture":"#texture","cullface":"up"}}},{"from":[11.5,25.5,4.25],"to":[12,26,4.75],"faces":{"up":{"uv":[11,7.5,11.5,8.5],"texture":"#texture","cullface":"up"},"north":{"uv":[11,7.5,11.5,8.5],"texture":"#texture","cullface":"up"},"south":{"uv":[11,7.5,11.5,8.5],"texture":"#texture","cullface":"up"},"west":{"uv":[11,7.5,11.5,8.5],"texture":"#texture","cullface":"up"}}},{"from":[12,26,4.25],"to":[12.5,26.5,4.75],"faces":{"up":{"uv":[13,10,13.5,10.5],"texture":"#texture","cullface":"up"},"north":{"uv":[13,10,13.5,10.5],"texture":"#texture","cullface":"up"},"south":{"uv":[13,10,13.5,10.5],"texture":"#texture","cullface":"up"},"west":{"uv":[13,10,13.5,10.5],"texture":"#texture","cullface":"up"}}},{"from":[8.5,11.5,4.5],"to":[9,15,4.5625],"faces":{"north":{"uv":[8.5,13,9.5,13.5],"texture":"#texture"},"south":{"uv":[8.5,13,9.5,13.5],"texture":"#texture"}}},{"from":[8,8.5,4.5],"to":[8.5,11.5,4.5625],"faces":{"north":{"uv":[8.5,13,9.5,13.5],"texture":"#texture"},"south":{"uv":[8.5,13,9.5,13.5],"texture":"#texture"}}},{"from":[7.5,6,4.5],"to":[8,8.5,4.5625],"faces":{"north":{"uv":[8.5,13,9.5,13.5],"texture":"#texture"},"south":{"uv":[8.5,13,9.5,13.5],"texture":"#texture"}}},{"from":[7.5,2.5,4.5],"to":[8.5,4,4.5625],"faces":{"north":{"uv":[8.5,13,9.5,13.5],"texture":"#texture"},"south":{"uv":[8.5,13,9.5,13.5],"texture":"#texture"}}},{"from":[5.5,4.5,4.375],"to":[6,7.5,4.625],"faces":{"up":{"uv":[7,9.5,7.375,9.875],"texture":"#texture"},"north":{"uv":[7,9.125,7.5,11.875],"texture":"#texture"},"south":{"uv":[7,9.125,7.5,11.875],"texture":"#texture"},"west":{"uv":[7.125,9.375,7.375,10.375],"texture":"#texture"}}},{"from":[5,2,4.375],"to":[5.5,4.5,4.625],"faces":{"up":{"uv":[7,9.5,7.375,9.875],"texture":"#texture"},"north":{"uv":[7,9.125,7.5,11.875],"texture":"#texture"},"south":{"uv":[7,9.125,7.5,11.875],"texture":"#texture"},"west":{"uv":[7.125,9.375,7.375,10.375],"texture":"#texture"}}},{"from":[7,15,4.375],"to":[7.5,16,4.625],"faces":{"up":{"uv":[8,1.625,8.375,2],"texture":"#texture","cullface":"up"},"north":{"uv":[8,1.5,8.5,4.25],"texture":"#texture"},"south":{"uv":[8,1.5,8.5,4.25],"texture":"#texture"},"west":{"uv":[8.125,1.75,8.375,2.75],"texture":"#texture"}}},{"from":[7.5,16,4.375],"to":[8,18,4.625],"faces":{"up":{"uv":[7,9.5,7.375,9.875],"texture":"#texture","cullface":"up"},"north":{"uv":[7,9.125,7.5,11.875],"texture":"#texture","cullface":"up"},"south":{"uv":[7,9.125,7.5,11.875],"texture":"#texture","cullface":"up"},"west":{"uv":[7.125,9.375,7.375,10.375],"texture":"#texture","cullface":"up"}}},{"from":[8,18,4.375],"to":[8.5,19.5,4.625],"faces":{"up":{"uv":[7,9.5,7.375,9.875],"texture":"#texture","cullface":"up"},"north":{"uv":[7,9.125,7.5,11.875],"texture":"#texture","cullface":"up"},"south":{"uv":[7,9.125,7.5,11.875],"texture":"#texture","cullface":"up"},"west":{"uv":[7.125,9.375,7.375,10.375],"texture":"#texture","cullface":"up"}}},{"from":[8.5,19.5,4.375],"to":[9,21,4.625],"faces":{"up":{"uv":[7,9.5,7.375,9.875],"texture":"#texture","cullface":"up"},"north":{"uv":[7,9.125,7.5,11.875],"texture":"#texture","cullface":"up"},"south":{"uv":[7,9.125,7.5,11.875],"texture":"#texture","cullface":"up"},"west":{"uv":[7.125,9.375,7.375,10.375],"texture":"#texture","cullface":"up"},"east":{"uv":[7.125,9.375,7.375,10.375],"texture":"#texture","cullface":"up"}}},{"from":[9,21,4.375],"to":[9.5,22.5,4.625],"faces":{"up":{"uv":[7,9.5,7.375,9.875],"texture":"#texture","cullface":"up"},"north":{"uv":[7,9.125,7.5,11.875],"texture":"#texture","cullface":"up"},"south":{"uv":[7,9.125,7.5,11.875],"texture":"#texture","cullface":"up"},"west":{"uv":[7.125,9.375,7.375,10.375],"texture":"#texture","cullface":"up"}}},{"from":[9.5,22.5,4.375],"to":[10,23.5,4.625],"faces":{"up":{"uv":[7,9.5,7.375,9.875],"texture":"#texture","cullface":"up"},"north":{"uv":[7,9.125,7.5,11.875],"texture":"#texture","cullface":"up"},"south":{"uv":[7,9.125,7.5,11.875],"texture":"#texture","cullface":"up"},"west":{"uv":[7.125,9.375,7.375,10.375],"texture":"#texture","cullface":"up"}}},{"from":[10,23.5,4.375],"to":[10.5,24.5,4.625],"faces":{"up":{"uv":[7,9.5,7.375,9.875],"texture":"#texture","cullface":"up"},"north":{"uv":[7,9.125,7.5,11.875],"texture":"#texture","cullface":"up"},"south":{"uv":[7,9.125,7.5,11.875],"texture":"#texture","cullface":"up"},"west":{"uv":[7.125,9.375,7.375,10.375],"texture":"#texture","cullface":"up"}}},{"from":[10.5,24.5,4.375],"to":[11,25.5,4.625],"faces":{"up":{"uv":[7,9.5,7.375,9.875],"texture":"#texture","cullface":"up"},"north":{"uv":[7,9.125,7.5,11.875],"texture":"#texture","cullface":"up"},"south":{"uv":[7,9.125,7.5,11.875],"texture":"#texture","cullface":"up"},"west":{"uv":[7.125,9.375,7.375,10.375],"texture":"#texture","cullface":"up"}}},{"from":[11,25.5,4.375],"to":[11.5,26,4.625],"faces":{"up":{"uv":[7,9.5,7.375,9.875],"texture":"#texture","cullface":"up"},"north":{"uv":[7,9.125,7.5,11.875],"texture":"#texture","cullface":"up"},"south":{"uv":[7,9.125,7.5,11.875],"texture":"#texture","cullface":"up"},"west":{"uv":[7.125,9.375,7.375,10.375],"texture":"#texture","cullface":"up"}}},{"from":[11.5,26,4.375],"to":[12,26.5,4.625],"faces":{"up":{"uv":[7,9.5,7.375,9.875],"texture":"#texture","cullface":"up"},"north":{"uv":[7,9.125,7.5,11.875],"texture":"#texture","cullface":"up"},"south":{"uv":[7,9.125,7.5,11.875],"texture":"#texture","cullface":"up"},"west":{"uv":[7.125,9.375,7.375,10.375],"texture":"#texture","cullface":"up"}}},{"from":[12,26.5,4.375],"to":[12.5,27,4.625],"faces":{"up":{"uv":[7,9.5,7.375,9.875],"texture":"#texture","cullface":"up"},"north":{"uv":[7,9.125,7.5,11.875],"texture":"#texture","cullface":"up"},"south":{"uv":[7,9.125,7.5,11.875],"texture":"#texture","cullface":"up"},"west":{"uv":[7.125,9.375,7.375,10.375],"texture":"#texture","cullface":"up"}}},{"from":[12.5,27,4.375],"to":[13,27.5,4.625],"faces":{"up":{"uv":[7,9.5,7.375,9.875],"texture":"#texture","cullface":"up"},"north":{"uv":[7,9.125,7.5,11.875],"texture":"#texture","cullface":"up"},"south":{"uv":[7,9.125,7.5,11.875],"texture":"#texture","cullface":"up"},"west":{"uv":[7.125,9.375,7.375,10.375],"texture":"#texture","cullface":"up"}}},{"from":[13,27.5,4.375],"to":[13.5,28,4.625],"faces":{"up":{"uv":[7,9.5,7.375,9.875],"texture":"#texture","cullface":"up"},"north":{"uv":[7,9.125,7.5,11.875],"texture":"#texture","cullface":"up"},"south":{"uv":[7,9.125,7.5,11.875],"texture":"#texture","cullface":"up"},"west":{"uv":[7.125,9.375,7.375,10.375],"texture":"#texture","cullface":"up"}}},{"from":[6.5,12,4.375],"to":[7,15,4.625],"faces":{"up":{"uv":[8,1.625,8.375,2],"texture":"#texture"},"north":{"uv":[8,1.5,8.5,4.25],"texture":"#texture"},"south":{"uv":[8,1.5,8.5,4.25],"texture":"#texture"},"west":{"uv":[8.125,1.75,8.375,2.75],"texture":"#texture"}}},{"from":[6,7.5,4.375],"to":[6.5,12,4.625],"faces":{"up":{"uv":[8,1.625,8.375,2],"texture":"#texture"},"north":{"uv":[8,1.5,8.5,4.25],"texture":"#texture"},"south":{"uv":[8,1.5,8.5,4.25],"texture":"#texture"},"west":{"uv":[8.125,1.75,8.375,2.75],"texture":"#texture"}}},{"from":[14.5,26.5,4.375],"to":[15,28,4.625],"faces":{"down":{"uv":[7,9.5,7.375,9.875],"texture":"#texture","cullface":"up"},"up":{"uv":[7,9.5,7.375,9.875],"texture":"#texture","cullface":"up"},"north":{"uv":[7,9.125,7.5,11.875],"texture":"#texture","cullface":"up"},"south":{"uv":[7,9.125,7.5,11.875],"texture":"#texture","cullface":"up"},"west":{"uv":[7.125,9.375,7.375,10.375],"texture":"#texture","cullface":"up"},"east":{"uv":[7.125,9.375,7.375,10.375],"texture":"#texture","cullface":"up"}}},{"from":[13.5,28,4.375],"to":[14.625,28.5,4.625],"faces":{"down":{"uv":[7,9.5,7.375,9.875],"texture":"#texture","cullface":"up"},"up":{"uv":[7,9.5,7.375,9.875],"texture":"#texture","cullface":"up"},"north":{"uv":[7,9.125,7.5,11.875],"texture":"#texture","cullface":"up"},"south":{"uv":[7,9.125,7.5,11.875],"texture":"#texture","cullface":"up"},"west":{"uv":[7.125,9.375,7.375,10.375],"texture":"#texture","cullface":"up"},"east":{"uv":[7.125,9.375,7.375,10.375],"texture":"#texture","cullface":"up"}}}],"display":{"thirdperson_righthand":{"rotation":[0,-90,0],"translation":[-4.72,23.24,2.46],"scale":[1.5,1.5,1.5]},"thirdperson_lefthand":{"rotation":[0,90,0],"translation":[5.48,23.24,2.46],"scale":[1.5,1.5,1.5]},"ground":{"rotation":[90,-26,0],"translation":[-0.19,6.43,0.76],"scale":[1,1,1]},"fixed":{"rotation":[0,0,50],"translation":[-0.19,-1.51,1],"scale":[0.7,0.7,0.7]},"firstperson_righthand":{"rotation":[-30,-80,0],"translation":[-2.83,8,0.94],"scale":[0.8,0.8,0.8]},"firstperson_lefthand":{"rotation":[-30,100,0],"translation":[-0.19,8,0.94],"scale":[0.8,0.8,0.8]},"gui":{"rotation":[0,180,45],"translation":[0.7,-0.94,0],"scale":[0.5,0.5,0.5]}}}