{"__comment":"designedbyhypixelminecraftserverwithbdcraftcubikpro0.87beta-http://bdcraft.net","textures":{"texture":"items/cooked_cod_unwrap"},"elements":[{"from":[1.5,19,7.5],"to":[2,19.5,8],"faces":{"up":{"uv":[0,11,0.5,11.5],"texture":"#texture","cullface":"up"},"north":{"uv":[0,11,0.5,11.5],"texture":"#texture","cullface":"up"},"south":{"uv":[0,11,0.5,11.5],"texture":"#texture","cullface":"up"},"west":{"uv":[0,11,0.5,11.5],"texture":"#texture","cullface":"up"}}},{"from":[1,18.5,7.5],"to":[1.5,19,8],"faces":{"up":{"uv":[0,11,0.5,11.5],"texture":"#texture","cullface":"up"},"north":{"uv":[0,11,0.5,11.5],"texture":"#texture","cullface":"up"},"south":{"uv":[0,11,0.5,11.5],"texture":"#texture","cullface":"up"},"west":{"uv":[0,11,0.5,11.5],"texture":"#texture","cullface":"up"}}},{"from":[0.5,18,7.5],"to":[1,18.5,8],"faces":{"up":{"uv":[0,11,0.5,11.5],"texture":"#texture","cullface":"up"},"north":{"uv":[0,11,0.5,11.5],"texture":"#texture","cullface":"up"},"south":{"uv":[0,11,0.5,11.5],"texture":"#texture","cullface":"up"},"west":{"uv":[0,11,0.5,11.5],"texture":"#texture","cullface":"up"}}},{"from":[0,17,7.5],"to":[0.5,18,8],"faces":{"up":{"uv":[0,11,0.5,11.5],"texture":"#texture","cullface":"up"},"north":{"uv":[0,10,0.5,11],"texture":"#texture","cullface":"up"},"south":{"uv":[0,9,0.5,10],"texture":"#texture","cullface":"up"},"west":{"uv":[0,11,0.5,11.5],"texture":"#texture","cullface":"up"}}},{"from":[-1,11.5,7.5],"to":[-0.5,15.5,8],"faces":{"up":{"uv":[0,11,0.5,11.5],"texture":"#texture","cullface":"west"},"north":{"uv":[0,7.5,0.5,11.5],"texture":"#texture","cullface":"west"},"south":{"uv":[0,7.5,0.5,11.5],"texture":"#texture","cullface":"west"},"west":{"uv":[0,7.5,0.5,11.5],"texture":"#texture","cullface":"west"}}},{"from":[-1,8,7.5],"to":[-0.5,11.5,8],"faces":{"down":{"uv":[0,11.5,0.5,11],"texture":"#texture","cullface":"west"},"north":{"uv":[0,8,0.5,11.5],"texture":"#texture","cullface":"west"},"south":{"uv":[0,8,0.5,11.5],"texture":"#texture","cullface":"west"},"west":{"uv":[0,8,0.5,11.5],"texture":"#texture","cullface":"west"}}},{"from":[-0.5,7,7.5],"to":[0,8,8],"faces":{"down":{"uv":[0,9.5,0.5,9],"texture":"#texture","cullface":"west"},"north":{"uv":[0.5,9,1,10],"texture":"#texture","cullface":"west"},"south":{"uv":[1,8.5,1.5,9.5],"texture":"#texture","cullface":"west"},"west":{"uv":[0.5,8,1,9],"texture":"#texture","cullface":"west"}}},{"from":[0,6.5,7.5],"to":[0.5,7,8],"faces":{"down":{"uv":[0.5,8,0,7.5],"texture":"#texture"},"north":{"uv":[0,9.5,0.5,10],"texture":"#texture"},"south":{"uv":[0,9,0.5,9.5],"texture":"#texture"},"west":{"uv":[0.5,8.5,1,9],"texture":"#texture","cullface":"west"}}},{"from":[0.5,5.5,7.5],"to":[1,6.5,8],"faces":{"down":{"uv":[1.5,10.5,1,10],"texture":"#texture"},"north":{"uv":[1,10.5,1.5,11.5],"texture":"#texture"},"south":{"uv":[0.5,9.5,1,10.5],"texture":"#texture"},"west":{"uv":[0.5,9.5,1,10.5],"texture":"#texture"},"east":{"uv":[0.5,9.5,1,10.5],"texture":"#texture"}}},{"from":[1,5,7.5],"to":[1.5,5.5,8],"faces":{"down":{"uv":[1,9.5,0.5,9],"texture":"#texture"},"north":{"uv":[1,10,1.5,10.5],"texture":"#texture"},"south":{"uv":[1,10.5,1.5,11],"texture":"#texture"},"west":{"uv":[0.5,10,1,10.5],"texture":"#texture"}}},{"from":[2,4.5,7.5],"to":[3.5,5,8],"faces":{"down":{"uv":[2.5,9.5,1,9],"texture":"#texture"},"up":{"uv":[1,8.5,2.5,9],"texture":"#texture"},"north":{"uv":[1,8.5,2.5,9],"texture":"#texture"},"south":{"uv":[1,8.5,2.5,9],"texture":"#texture"},"west":{"uv":[1,8.5,1.5,9],"texture":"#texture"},"east":{"uv":[2.5,9,3,9.5],"texture":"#texture"}}},{"from":[2.5,4,7.5],"to":[3,4.5,8],"faces":{"down":{"uv":[0.5,10.5,0,10],"texture":"#texture"},"north":{"uv":[1,10,1.5,10.5],"texture":"#texture"},"south":{"uv":[1,10.5,1.5,11],"texture":"#texture"},"west":{"uv":[1,10,1.5,10.5],"texture":"#texture"}}},{"from":[3,3.5,7.5],"to":[3.5,4,8],"faces":{"down":{"uv":[1.5,10.5,1,10],"texture":"#texture"},"north":{"uv":[1,9,1.5,9.5],"texture":"#texture"},"south":{"uv":[0.5,10,1,10.5],"texture":"#texture"},"west":{"uv":[1,8,1.5,8.5],"texture":"#texture"},"east":{"uv":[1.5,9.5,2,10],"texture":"#texture"}}},{"from":[2,19,7.25],"to":[2.5,19.5,8.25],"faces":{"down":{"uv":[2,8.5,1.5,7.5],"texture":"#texture","cullface":"up"},"up":{"uv":[1.5,7.5,2,8.5],"texture":"#texture","cullface":"up"},"north":{"uv":[1.5,7.5,2,8],"texture":"#texture","cullface":"up"},"south":{"uv":[0.5,0,1,0.5],"texture":"#texture","cullface":"up"},"west":{"uv":[1,7.5,2,8],"texture":"#texture","cullface":"up"},"east":{"uv":[1,7.5,2,8],"texture":"#texture","cullface":"up"}}},{"from":[1.5,18.5,7.25],"to":[2,19,8.25],"faces":{"down":{"uv":[2,8.5,1.5,7.5],"texture":"#texture","cullface":"up"},"up":{"uv":[1.5,8,2,9],"texture":"#texture","cullface":"up"},"north":{"uv":[1.5,7.5,2,8],"texture":"#texture","cullface":"up"},"south":{"uv":[1,8,1.5,8.5],"texture":"#texture","cullface":"up"},"west":{"uv":[0.5,8,1.5,8.5],"texture":"#texture","cullface":"up"},"east":{"uv":[1,8,2,8.5],"texture":"#texture","cullface":"up"}}},{"from":[1,18,7.25],"to":[1.5,18.5,8.25],"faces":{"up":{"uv":[1,7.5,1.5,8.5],"texture":"#texture","cullface":"up"},"north":{"uv":[0.5,9.5,1,10],"texture":"#texture","cullface":"up"},"south":{"uv":[1,8,1.5,8.5],"texture":"#texture","cullface":"up"},"west":{"uv":[1,9.5,2,10],"texture":"#texture","cullface":"up"},"east":{"uv":[0.5,10,1.5,10.5],"texture":"#texture","cullface":"up"}}},{"from":[0.5,17,7.25],"to":[1,18,8.25],"faces":{"up":{"uv":[0.5,8,1,9],"texture":"#texture","cullface":"up"},"north":{"uv":[1,8.5,1.5,9.5],"texture":"#texture","cullface":"up"},"south":{"uv":[0.5,9,1,10],"texture":"#texture","cullface":"up"},"west":{"uv":[0.5,9,1.5,10],"texture":"#texture","cullface":"up"}}},{"from":[0,7,7.25],"to":[0.5,8,8.25],"faces":{"down":{"uv":[1,9,0.5,8],"texture":"#texture"},"north":{"uv":[1,9.5,1.5,10.5],"texture":"#texture"},"south":{"uv":[0,8,0.5,9],"texture":"#texture"},"west":{"uv":[0.5,9,1.5,10],"texture":"#texture","cullface":"west"}}},{"from":[0,15.5,7.25],"to":[0.5,17,8.25],"faces":{"up":{"uv":[0.5,8.5,1,9.5],"texture":"#texture","cullface":"up"},"north":{"uv":[1,8,1.5,9.5],"texture":"#texture","cullface":"up"},"south":{"uv":[1,9,1.5,10.5],"texture":"#texture","cullface":"up"},"west":{"uv":[0.5,8,1.5,9.5],"texture":"#texture","cullface":"up"}}},{"from":[0.5,6.5,7.25],"to":[1,7,8.25],"faces":{"down":{"uv":[1,10.5,0.5,9.5],"texture":"#texture"},"north":{"uv":[1,9.5,1.5,10],"texture":"#texture"},"south":{"uv":[0.5,9,1,9.5],"texture":"#texture"},"west":{"uv":[0.5,10.5,1.5,11],"texture":"#texture"}}},{"from":[3,4,7.25],"to":[3.5,4.5,8.25],"faces":{"down":{"uv":[1.5,9.5,1,8.5],"texture":"#texture"},"up":{"uv":[0,9,0.5,10],"texture":"#texture"},"north":{"uv":[1.5,10,2,10.5],"texture":"#texture"},"south":{"uv":[1.5,11,2,11.5],"texture":"#texture"},"west":{"uv":[0.5,9.5,1.5,10],"texture":"#texture"},"east":{"uv":[0,9.5,1,10],"texture":"#texture"}}},{"from":[1.5,5,7.25],"to":[2,5.5,8.25],"faces":{"down":{"uv":[1,10,0.5,9],"texture":"#texture"},"north":{"uv":[1,10,1.5,10.5],"texture":"#texture"},"south":{"uv":[1.5,10.5,2,11],"texture":"#texture"},"west":{"uv":[1,10,2,10.5],"texture":"#texture"}}},{"from":[1,5.5,7.25],"to":[2,6,8.25],"faces":{"down":{"uv":[1.5,9.5,0.5,8.5],"texture":"#texture"},"up":{"uv":[0.5,8,1.5,9],"texture":"#texture"},"north":{"uv":[0,9.5,1,10],"texture":"#texture"},"south":{"uv":[1,10,2,10.5],"texture":"#texture"},"west":{"uv":[1,8.5,2,9],"texture":"#texture"}}},{"from":[1,6,7.25],"to":[1.5,6.5,8.25],"faces":{"north":{"uv":[1,9.5,1.5,10],"texture":"#texture"},"south":{"uv":[1,9.5,1.5,10],"texture":"#texture"},"west":{"uv":[0.5,10,1.5,10.5],"texture":"#texture"}}},{"from":[1,17,7],"to":[1.5,18,8.5],"faces":{"down":{"uv":[1.5,11,1,9.5],"texture":"#texture","cullface":"up"},"up":{"uv":[0.5,9,1,10.5],"texture":"#texture","cullface":"up"},"north":{"uv":[1,8.5,1.5,9.5],"texture":"#texture","cullface":"up"},"south":{"uv":[1,8.5,1.5,9.5],"texture":"#texture","cullface":"up"},"west":{"uv":[0,9,1.5,10],"texture":"#texture","cullface":"up"},"east":{"uv":[0.5,9,2,10],"texture":"#texture","cullface":"up"}}},{"from":[0.5,15.5,7],"to":[1,17,8.5],"faces":{"down":{"uv":[1.5,10,1,8.5],"texture":"#texture","cullface":"up"},"up":{"uv":[0.5,7.5,1,9],"texture":"#texture","cullface":"up"},"north":{"uv":[0.5,8,1,9.5],"texture":"#texture","cullface":"up"},"south":{"uv":[0.5,8.5,1,10],"texture":"#texture","cullface":"up"},"west":{"uv":[0,8,1.5,9.5],"texture":"#texture","cullface":"up"},"east":{"uv":[0.5,7.5,2,9],"texture":"#texture","cullface":"up"}}},{"from":[0.5,7,7],"to":[1,8,8.5],"faces":{"down":{"uv":[1.5,10.5,1,9],"texture":"#texture"},"north":{"uv":[1,9.5,1.5,10.5],"texture":"#texture"},"south":{"uv":[0.5,8,1,9],"texture":"#texture"},"west":{"uv":[0,9.5,1.5,10.5],"texture":"#texture"}}},{"from":[1,6.5,7],"to":[1.5,7,8.5],"faces":{"down":{"uv":[1.5,10,1,8.5],"texture":"#texture"},"north":{"uv":[1,9,1.5,9.5],"texture":"#texture"},"south":{"uv":[1,9,1.5,9.5],"texture":"#texture"},"west":{"uv":[0,9.5,1.5,10],"texture":"#texture"}}},{"from":[1.5,5.5,7],"to":[2,6.5,8.5],"faces":{"down":{"uv":[2,10,1.5,8.5],"texture":"#texture"},"north":{"uv":[1,9,1.5,10],"texture":"#texture"},"south":{"uv":[1.5,9.5,2,10.5],"texture":"#texture"},"west":{"uv":[0,9.5,1.5,10.5],"texture":"#texture"},"east":{"uv":[0,9,1.5,10],"texture":"#texture"}}},{"from":[2.5,4.5,7.25],"to":[3,5.5,8.25],"faces":{"down":{"uv":[1.5,9.5,1,8.5],"texture":"#texture"},"up":{"uv":[1,8.5,1.5,9.5],"texture":"#texture"},"north":{"uv":[0.5,8.5,1,9.5],"texture":"#texture"},"south":{"uv":[0.5,8.5,1,9.5],"texture":"#texture"},"west":{"uv":[0.5,9.5,1.5,10.5],"texture":"#texture"},"east":{"uv":[0,8,1,9],"texture":"#texture"}}},{"from":[2,5,7],"to":[2.5,5.5,8.5],"faces":{"down":{"uv":[1.5,10,1,8.5],"texture":"#texture"},"north":{"uv":[1,8.5,1.5,9],"texture":"#texture"},"south":{"uv":[1,9.5,1.5,10],"texture":"#texture"},"west":{"uv":[0,11,1.5,11.5],"texture":"#texture"},"east":{"uv":[0.5,10,2,10.5],"texture":"#texture"}}},{"from":[1.5,9.5,7],"to":[2,10,8.5],"faces":{"down":{"uv":[2.5,10,2,8.5],"texture":"#texture"},"north":{"uv":[2.5,9.5,3,10],"texture":"#texture"},"south":{"uv":[2.5,8,3,8.5],"texture":"#texture"},"east":{"uv":[2,9,3.5,9.5],"texture":"#texture"}}},{"from":[2,10,7],"to":[2.5,10.5,8.5],"faces":{"down":{"uv":[3,10,2.5,8.5],"texture":"#texture"},"north":{"uv":[2.5,9,3,9.5],"texture":"#texture"},"south":{"uv":[3,9,3.5,9.5],"texture":"#texture"},"east":{"uv":[2,9,3.5,9.5],"texture":"#texture"}}},{"from":[3,10.5,7.25],"to":[3.5,11,8.25],"faces":{"down":{"uv":[7,9.5,6.5,8.5],"texture":"#texture"},"north":{"uv":[2.5,6,3,6.5],"texture":"#texture"},"south":{"uv":[2.5,6,3,6.5],"texture":"#texture"},"east":{"uv":[2.5,6,3.5,6.5],"texture":"#texture"}}},{"from":[4,11,7.25],"to":[6,14,8.25],"faces":{"down":{"uv":[8,10.5,6,9.5],"texture":"#texture"},"up":{"uv":[6,8.5,8,9.5],"texture":"#texture"},"north":{"uv":[5.5,3,3.5,6],"texture":"#texture"},"south":{"uv":[3.5,3,5.5,6],"texture":"#texture"},"east":{"uv":[6.5,7.5,7.5,10.5],"texture":"#texture"}}},{"from":[2,11,7],"to":[3.5,12.5,8.5],"faces":{"down":{"uv":[2.5,11,2,9],"texture":"#texture"},"up":{"uv":[3,8.5,3.5,10.5],"texture":"#texture"},"north":{"uv":[2,3,2.5,6],"texture":"#texture"},"south":{"uv":[2,3,2.5,6],"texture":"#texture"},"west":{"uv":[2,8,4,11],"texture":"#texture"}}},{"from":[3,12.5,7],"to":[3.5,15,8.5],"faces":{"north":{"uv":[2.75,7,3.25,11],"texture":"#texture"},"south":{"uv":[2.75,7,3.25,11],"texture":"#texture"},"west":{"uv":[4,7.5,5.5,11.5],"texture":"#texture"},"east":{"uv":[4.5,7.5,6,11.5],"texture":"#texture"}}},{"from":[3.5,16,7.25],"to":[5,16.5,8.25],"faces":{"down":{"uv":[2,10,0.5,9],"texture":"#texture","cullface":"up"},"up":{"uv":[3,0.5,4.5,1],"texture":"#texture","cullface":"up"},"north":{"uv":[4.5,0.5,3,1],"texture":"#texture","cullface":"up"},"south":{"uv":[3,0.5,4.5,1],"texture":"#texture","cullface":"up"},"east":{"uv":[2.5,0.5,3.5,1],"texture":"#texture","cullface":"up"}}},{"from":[4,16,7],"to":[6.5,16.5,8.5],"faces":{"down":{"uv":[8,2.5,6.5,1],"texture":"#texture","cullface":"up"},"up":{"uv":[6.5,1,8,2.5],"texture":"#texture","cullface":"up"},"north":{"uv":[4,0.5,6,1],"texture":"#texture","cullface":"up"},"south":{"uv":[4,0.5,6,1],"texture":"#texture","cullface":"up"},"west":{"uv":[4,0.5,5.5,1],"texture":"#texture","cullface":"up"},"east":{"uv":[4,0.5,5.5,1],"texture":"#texture","cullface":"up"}}},{"from":[-0.5,15.5,7.5],"to":[0,17,8],"faces":{"up":{"uv":[0.5,9,1,9.5],"texture":"#texture","cullface":"west"},"north":{"uv":[0,8.5,0.5,10],"texture":"#texture","cullface":"west"},"south":{"uv":[0,8,0.5,9.5],"texture":"#texture","cullface":"west"},"west":{"uv":[1,8.5,1.5,10],"texture":"#texture","cullface":"west"}}},{"from":[10.5,14,7],"to":[11.5,16,8.5],"faces":{"down":{"uv":[11,1.5,10,1],"texture":"#texture"},"up":{"uv":[10,1,11,1.5],"texture":"#texture","cullface":"up"},"north":{"uv":[11,1,10,3],"texture":"#texture"},"south":{"uv":[10,1,11,3],"texture":"#texture"},"west":{"uv":[8.5,1,8,3],"texture":"#texture"}}},{"from":[12.5,19,7.5],"to":[13.5,19.5,8],"faces":{"down":{"uv":[1,8.5,0.5,8],"texture":"#texture","cullface":"up"},"up":{"uv":[1.5,8.5,2,9],"texture":"#texture","cullface":"up"},"north":{"uv":[1,9,1.5,9.5],"texture":"#texture","cullface":"up"},"south":{"uv":[0,9,0.5,9.5],"texture":"#texture","cullface":"up"},"west":{"uv":[1,8.5,1.5,9],"texture":"#texture","cullface":"up"},"east":{"uv":[1,9,1.5,9.5],"texture":"#texture","cullface":"up"}}},{"from":[13.5,18.5,7.5],"to":[14,19,8],"faces":{"up":{"uv":[1,9,1.5,9.5],"texture":"#texture","cullface":"up"},"north":{"uv":[1,9,1.5,9.5],"texture":"#texture","cullface":"up"},"south":{"uv":[0.5,9.5,1,10],"texture":"#texture","cullface":"up"},"east":{"uv":[1,9.5,1.5,10],"texture":"#texture","cullface":"up"}}},{"from":[14,17.5,7.5],"to":[14.5,18.5,8],"faces":{"up":{"uv":[0.5,9,1,9.5],"texture":"#texture","cullface":"up"},"north":{"uv":[1,8.5,1.5,9.5],"texture":"#texture","cullface":"up"},"south":{"uv":[1,8.5,1.5,9.5],"texture":"#texture","cullface":"up"},"east":{"uv":[1,8.5,1.5,9.5],"texture":"#texture","cullface":"up"}}},{"from":[14,17,7.5],"to":[15,17.5,8],"faces":{"down":{"uv":[1,9,0.5,8.5],"texture":"#texture","cullface":"up"},"up":{"uv":[1,9,1.5,9.5],"texture":"#texture","cullface":"up"},"north":{"uv":[1,8,2,8.5],"texture":"#texture","cullface":"up"},"south":{"uv":[0.5,9,1.5,9.5],"texture":"#texture","cullface":"up"},"east":{"uv":[0.5,9.5,1,10],"texture":"#texture","cullface":"up"}}},{"from":[15,16,7.5],"to":[15.5,17,8],"faces":{"up":{"uv":[0.5,8,1,8.5],"texture":"#texture","cullface":"up"},"north":{"uv":[1.5,7.5,2,8.5],"texture":"#texture","cullface":"up"},"south":{"uv":[1,8.5,1.5,9.5],"texture":"#texture","cullface":"up"},"east":{"uv":[1,9.5,1.5,10],"texture":"#texture","cullface":"up"}}},{"from":[10,16,7.25],"to":[11.5,16.5,8.25],"faces":{"down":{"uv":[2,9.5,0.5,8.5],"texture":"#texture","cullface":"up"},"up":{"uv":[9.5,0.5,11,1],"texture":"#texture","cullface":"up"},"north":{"uv":[11,0.5,9.5,1],"texture":"#texture","cullface":"up"},"south":{"uv":[9.5,0.5,11,1],"texture":"#texture","cullface":"up"}}},{"from":[11.5,14,7],"to":[12,16.5,8.5],"faces":{"up":{"uv":[3,8.5,3.5,10],"texture":"#texture","cullface":"up"},"north":{"uv":[11,0.5,11.5,3],"texture":"#texture","cullface":"up"},"south":{"uv":[11,0.5,11.5,3],"texture":"#texture","cullface":"up"},"west":{"uv":[10.5,0.5,12,3],"texture":"#texture","cullface":"up"},"east":{"uv":[12,0.5,10.5,3],"texture":"#texture","cullface":"up"}}},{"from":[15.5,12,7.5],"to":[16,16,8],"faces":{"up":{"uv":[1.5,8,2,8.5],"texture":"#texture","cullface":"up"},"north":{"uv":[0,7,0.5,11.5],"texture":"#texture"},"south":{"uv":[0,7,0.5,11.5],"texture":"#texture"},"east":{"uv":[0,7,0.5,11.5],"texture":"#texture","cullface":"east"}}},{"from":[15.5,8,7.5],"to":[16,12,8],"faces":{"down":{"uv":[0.5,8,0,7.5],"texture":"#texture"},"north":{"uv":[0,7,0.5,11],"texture":"#texture"},"south":{"uv":[0,7,0.5,11],"texture":"#texture"},"east":{"uv":[0,7,0.5,11],"texture":"#texture","cullface":"east"}}},{"from":[15,7,7.5],"to":[15.5,8,8],"faces":{"down":{"uv":[1,8,0.5,7.5],"texture":"#texture"},"north":{"uv":[0.5,8,1,9],"texture":"#texture"},"south":{"uv":[0,8,0.5,9],"texture":"#texture"},"east":{"uv":[1,8.5,1.5,9.5],"texture":"#texture"}}},{"from":[14.5,6,7.5],"to":[15,7,8],"faces":{"down":{"uv":[1.5,8,1,7.5],"texture":"#texture"},"north":{"uv":[1,9,1.5,10],"texture":"#texture"},"south":{"uv":[1.5,8.5,2,9.5],"texture":"#texture"},"east":{"uv":[0.5,8.5,1,9.5],"texture":"#texture"}}},{"from":[14,5.5,7.5],"to":[14.5,6,8],"faces":{"down":{"uv":[2,8,1.5,7.5],"texture":"#texture"},"north":{"uv":[1.5,10,2,10.5],"texture":"#texture"},"south":{"uv":[1,9,1.5,9.5],"texture":"#texture"},"east":{"uv":[1,9,1.5,9.5],"texture":"#texture"}}},{"from":[13.5,5,7.5],"to":[14,5.5,8],"faces":{"down":{"uv":[1,8,0.5,7.5],"texture":"#texture"},"north":{"uv":[0.5,9.5,1,10],"texture":"#texture"},"south":{"uv":[1,9,1.5,9.5],"texture":"#texture"},"east":{"uv":[0.5,9.5,1,10],"texture":"#texture"}}},{"from":[11.5,4.5,7.5],"to":[13,5,8],"faces":{"down":{"uv":[2,10,0.5,9.5],"texture":"#texture"},"up":{"uv":[2.5,10.5,1,11],"texture":"#texture"},"north":{"uv":[1,10,2.5,10.5],"texture":"#texture"},"south":{"uv":[2.5,9.5,1,10],"texture":"#texture"},"west":{"uv":[2.5,10,3,10.5],"texture":"#texture"},"east":{"uv":[1,9.5,1.5,10],"texture":"#texture"}}},{"from":[12,4,7.5],"to":[12.5,4.5,8],"faces":{"down":{"uv":[1.5,9.5,1,9],"texture":"#texture"},"north":{"uv":[0.5,9,1,9.5],"texture":"#texture"},"south":{"uv":[0.5,8.5,1,9],"texture":"#texture"},"east":{"uv":[1,9.5,1.5,10],"texture":"#texture"}}},{"from":[11.5,3.5,7.5],"to":[12,4,8],"faces":{"down":{"uv":[1.5,9,1,8.5],"texture":"#texture"},"north":{"uv":[0,9.5,0.5,10],"texture":"#texture"},"south":{"uv":[0.5,8.5,1,9],"texture":"#texture"},"west":{"uv":[1,9.5,1.5,10],"texture":"#texture"},"east":{"uv":[1,9,1.5,9.5],"texture":"#texture"}}},{"from":[13,18.5,7.25],"to":[13.5,19,8.25],"faces":{"down":{"uv":[1,8.5,0.5,7.5],"texture":"#texture","cullface":"up"},"up":{"uv":[0.5,8.5,1,9.5],"texture":"#texture","cullface":"up"},"north":{"uv":[0.5,8.5,1,9],"texture":"#texture","cullface":"up"},"south":{"uv":[1,8.5,1.5,9],"texture":"#texture","cullface":"up"},"west":{"uv":[0.5,8.5,1.5,9],"texture":"#texture","cullface":"up"},"east":{"uv":[0.5,9,1.5,9.5],"texture":"#texture","cullface":"up"}}},{"from":[13.5,17.5,7.25],"to":[14,18.5,8.25],"faces":{"up":{"uv":[1,8.5,1.5,9.5],"texture":"#texture","cullface":"up"},"north":{"uv":[0.5,9,1,10],"texture":"#texture","cullface":"up"},"south":{"uv":[0,9.5,0.5,10.5],"texture":"#texture","cullface":"up"},"west":{"uv":[0.5,8.5,1.5,9.5],"texture":"#texture","cullface":"up"},"east":{"uv":[0.5,8,1.5,9],"texture":"#texture","cullface":"up"}}},{"from":[14,17,7.25],"to":[14.5,17.5,8.25],"faces":{"up":{"uv":[0,8,0.5,9],"texture":"#texture","cullface":"up"},"north":{"uv":[1,9,1.5,9.5],"texture":"#texture","cullface":"up"},"south":{"uv":[1,8,1.5,8.5],"texture":"#texture","cullface":"up"},"east":{"uv":[1,8,2,8.5],"texture":"#texture","cullface":"up"}}},{"from":[14.5,16,7.25],"to":[15,17,8.25],"faces":{"up":{"uv":[1,10,1.5,11],"texture":"#texture","cullface":"up"},"north":{"uv":[1,8,1.5,9],"texture":"#texture","cullface":"up"},"south":{"uv":[0.5,7.5,1,8.5],"texture":"#texture","cullface":"up"},"east":{"uv":[0.5,8.5,1.5,9.5],"texture":"#texture","cullface":"up"}}},{"from":[14.5,7,7.25],"to":[15,8,8.25],"faces":{"down":{"uv":[1.5,8.25,1,7.25],"texture":"#texture"},"north":{"uv":[1,8,1.5,9],"texture":"#texture"},"south":{"uv":[1,8.5,1.5,9.5],"texture":"#texture"},"east":{"uv":[0.5,7.5,1.5,8.5],"texture":"#texture"}}},{"from":[14,6,7.25],"to":[14.5,7,8.25],"faces":{"down":{"uv":[2,8.25,1.5,7.25],"texture":"#texture"},"north":{"uv":[1.5,9,2,10],"texture":"#texture"},"south":{"uv":[1,8,1.5,9],"texture":"#texture"},"east":{"uv":[0.5,8,1.5,9],"texture":"#texture"}}},{"from":[13,5.5,7.25],"to":[14,6,8.25],"faces":{"down":{"uv":[1.5,9.5,0.5,8.5],"texture":"#texture"},"up":{"uv":[0.5,9,1.5,10],"texture":"#texture"},"north":{"uv":[1,9,2,9.5],"texture":"#texture"},"south":{"uv":[1,9,2,9.5],"texture":"#texture"},"west":{"uv":[1,10,2,10.5],"texture":"#texture"},"east":{"uv":[0,9,1,9.5],"texture":"#texture"}}},{"from":[12.5,5,7.25],"to":[13,5.5,8.25],"faces":{"down":{"uv":[1.5,9,1,8],"texture":"#texture"},"north":{"uv":[1,10,1.5,10.5],"texture":"#texture"},"south":{"uv":[0.5,9,1,9.5],"texture":"#texture"}}},{"from":[12,4.5,7.25],"to":[12.5,5.5,8.25],"faces":{"down":{"uv":[1.5,9,1,8],"texture":"#texture"},"up":{"uv":[1,9,1.5,10],"texture":"#texture"},"north":{"uv":[1,9,1.5,10],"texture":"#texture"},"south":{"uv":[1,9,1.5,10],"texture":"#texture"},"west":{"uv":[0.5,9.5,1.5,10.5],"texture":"#texture"},"east":{"uv":[1,9.5,2,10.5],"texture":"#texture"}}},{"from":[11.5,4,7.25],"to":[12,4.5,8.25],"faces":{"down":{"uv":[1.5,9,1,8],"texture":"#texture"},"up":{"uv":[1,8.5,1.5,9.5],"texture":"#texture"},"north":{"uv":[1,9.5,1.5,10],"texture":"#texture"},"south":{"uv":[1,10,1.5,10.5],"texture":"#texture"},"west":{"uv":[0.5,9.5,1.5,10],"texture":"#texture"},"east":{"uv":[0.5,9,1.5,9.5],"texture":"#texture"}}},{"from":[13,17,7],"to":[14,17.5,8.5],"faces":{"down":{"uv":[14,4.5,13,3],"texture":"#texture","cullface":"up"},"up":{"uv":[13,3.5,14,5],"texture":"#texture","cullface":"up"},"north":{"uv":[13.5,0,12.5,0.5],"texture":"#texture","cullface":"up"},"south":{"uv":[12.5,0,13.5,0.5],"texture":"#texture","cullface":"up"},"west":{"uv":[0.5,8.5,2,9],"texture":"#texture","cullface":"up"},"east":{"uv":[0.5,9,2,9.5],"texture":"#texture","cullface":"up"}}},{"from":[14,16,7],"to":[14.5,17,8.5],"faces":{"down":{"uv":[2,8.5,1.5,7],"texture":"#texture","cullface":"up"},"up":{"uv":[1,8,1.5,9.5],"texture":"#texture","cullface":"up"},"north":{"uv":[1,8.5,1.5,9.5],"texture":"#texture","cullface":"up"},"south":{"uv":[1,8,1.5,9],"texture":"#texture","cullface":"up"},"west":{"uv":[0,8,1.5,9],"texture":"#texture","cullface":"up"},"east":{"uv":[0.5,8,2,9],"texture":"#texture","cullface":"up"}}},{"from":[14.5,8,7.25],"to":[15.5,16,8.25],"faces":{"down":{"uv":[1.5,8.5,1,7],"texture":"#texture"},"up":{"uv":[0.5,7.5,1,9],"texture":"#texture","cullface":"up"},"north":{"uv":[1.5,7,2,11.5],"texture":"#texture"},"south":{"uv":[1.5,7,2,11.5],"texture":"#texture"},"west":{"uv":[0.5,7,2,11.5],"texture":"#texture"},"east":{"uv":[0.5,7,2,11.5],"texture":"#texture"}}},{"from":[14,7,7],"to":[14.5,8,8.5],"faces":{"down":{"uv":[2,8.5,1.5,7],"texture":"#texture"},"north":{"uv":[1.5,8,2,9],"texture":"#texture"},"south":{"uv":[0.5,8,1,9],"texture":"#texture"},"west":{"uv":[0.5,8,2,9],"texture":"#texture"},"east":{"uv":[0,8.5,1.5,9.5],"texture":"#texture"}}},{"from":[12.5,5.5,7],"to":[13.5,6,8.5],"faces":{"down":{"uv":[1.5,9,0.5,7.5],"texture":"#texture"},"up":{"uv":[0.5,8,1.5,9.5],"texture":"#texture"},"north":{"uv":[0,5,1,5.5],"texture":"#texture"},"south":{"uv":[0,5,1,5.5],"texture":"#texture"},"west":{"uv":[0.5,9,2,9.5],"texture":"#texture"},"east":{"uv":[0.5,8.5,2,9],"texture":"#texture"}}},{"from":[12.5,5,7],"to":[13,5.5,8.5],"faces":{"down":{"uv":[0.5,11.5,0,10],"texture":"#texture"},"north":{"uv":[0,11,0.5,11.5],"texture":"#texture"},"south":{"uv":[0,11,0.5,11.5],"texture":"#texture"},"west":{"uv":[0,8.5,1.5,9],"texture":"#texture"},"east":{"uv":[0,10,1.5,10.5],"texture":"#texture"}}},{"from":[13,5,7.25],"to":[13.5,5.5,8.25],"faces":{"down":{"uv":[1.5,8.5,1,7.5],"texture":"#texture"},"north":{"uv":[1,10,1.5,10.5],"texture":"#texture"},"south":{"uv":[0.5,8.5,1,9],"texture":"#texture"},"east":{"uv":[0.5,9,1.5,9.5],"texture":"#texture"}}},{"from":[2,5.5,7],"to":[2.5,6,8.5],"faces":{"up":{"uv":[1,8.5,1.5,10],"texture":"#texture"},"north":{"uv":[1,9,1.5,9.5],"texture":"#texture"},"south":{"uv":[0,10,0.5,10.5],"texture":"#texture"},"east":{"uv":[0,9,1.5,9.5],"texture":"#texture"}}},{"from":[1.5,8,7],"to":[2,8.5,8.5],"faces":{"up":{"uv":[2,7,2.5,8.5],"texture":"#texture"},"north":{"uv":[3,9,3.5,9.5],"texture":"#texture"},"south":{"uv":[3,7.5,3.5,8],"texture":"#texture"},"east":{"uv":[2.5,8,4,8.5],"texture":"#texture"}}},{"from":[2,18.5,7.5],"to":[2.5,19,8],"faces":{"down":{"uv":[1.5,8.5,1,8],"texture":"#texture","cullface":"up"},"north":{"uv":[0,0,0.5,0.5],"texture":"#texture","cullface":"up"},"south":{"uv":[0,0,0.5,0.5],"texture":"#texture","cullface":"up"},"east":{"uv":[0.5,7,1,7.5],"texture":"#texture","cullface":"up"}}},{"from":[12.5,18.5,7.5],"to":[13,19,8],"faces":{"down":{"uv":[1,8.5,0.5,8],"texture":"#texture","cullface":"up"},"north":{"uv":[0,8.5,0.5,9],"texture":"#texture","cullface":"up"},"south":{"uv":[0.5,8,1,8.5],"texture":"#texture","cullface":"up"},"west":{"uv":[0.5,8.5,1,9],"texture":"#texture","cullface":"up"}}},{"from":[1.5,17.5,7.25],"to":[2,18,8.25],"faces":{"up":{"uv":[3,7,3.5,8],"texture":"#texture","cullface":"up"},"north":{"uv":[3,8.5,3.5,9],"texture":"#texture","cullface":"up"},"south":{"uv":[2.5,9,3,9.5],"texture":"#texture","cullface":"up"},"east":{"uv":[2,8,3,8.5],"texture":"#texture","cullface":"up"}}},{"from":[2,17,7],"to":[2.5,17.5,8.5],"faces":{"down":{"uv":[3.5,9.5,3,8],"texture":"#texture","cullface":"up"},"up":{"uv":[2,7,2.5,8.5],"texture":"#texture","cullface":"up"},"north":{"uv":[1.5,0,2,0.5],"texture":"#texture","cullface":"up"},"south":{"uv":[1.5,0,2,0.5],"texture":"#texture","cullface":"up"},"west":{"uv":[1.5,0,3,0.5],"texture":"#texture","cullface":"up"},"east":{"uv":[1.5,0,3,0.5],"texture":"#texture","cullface":"up"}}},{"from":[3,16,7.25],"to":[3.5,17,8.25],"faces":{"up":{"uv":[3,7.25,3.5,8.25],"texture":"#texture","cullface":"up"},"north":{"uv":[2.5,0,3,0.5],"texture":"#texture","cullface":"up"},"south":{"uv":[2.5,0,3,0.5],"texture":"#texture","cullface":"up"},"east":{"uv":[2,0,3,0.5],"texture":"#texture","cullface":"up"}}},{"from":[1.5,18,7.5],"to":[2,18.5,8],"faces":{"north":{"uv":[0.5,0,1,0.5],"texture":"#texture","cullface":"up"},"south":{"uv":[0.5,0,1,0.5],"texture":"#texture","cullface":"up"},"east":{"uv":[0.5,0,1,0.5],"texture":"#texture","cullface":"up"}}},{"from":[1.5,7,7],"to":[2,7.5,8.5],"faces":{"north":{"uv":[0.5,5.5,1,6],"texture":"#texture"},"south":{"uv":[0.5,5.5,1,6],"texture":"#texture"},"east":{"uv":[0,10,1.5,10.5],"texture":"#texture"}}},{"from":[2.5,10.5,7],"to":[3,11,8.5],"faces":{"down":{"uv":[2.5,9.5,2,8],"texture":"#texture"},"north":{"uv":[2,6,2.5,6.5],"texture":"#texture"},"south":{"uv":[2,6,2.5,6.5],"texture":"#texture"},"east":{"uv":[1,6,2.5,6.5],"texture":"#texture"}}},{"from":[1.5,8.5,7.25],"to":[2,9.5,8.25],"faces":{"north":{"uv":[2,5.5,2.5,6.5],"texture":"#texture"},"south":{"uv":[2,5.5,2.5,6.5],"texture":"#texture"},"east":{"uv":[2,5,3,6],"texture":"#texture"}}},{"from":[3.5,10.5,7.5],"to":[4,11,8],"faces":{"down":{"uv":[3.5,6.5,3,6],"texture":"#texture"},"north":{"uv":[3,6,3.5,6.5],"texture":"#texture"},"south":{"uv":[3,6,3.5,6.5],"texture":"#texture"},"east":{"uv":[3,6,3.5,6.5],"texture":"#texture"}}},{"from":[2.5,5.5,7.5],"to":[3,6,8],"faces":{"up":{"uv":[2.5,7.5,3,8],"texture":"#texture"},"north":{"uv":[3,10.5,3.5,11],"texture":"#texture"},"south":{"uv":[2.5,10,3,10.5],"texture":"#texture"},"east":{"uv":[3,9.5,3.5,10],"texture":"#texture"}}},{"from":[2,6,7.25],"to":[2.5,7,8.25],"faces":{"up":{"uv":[0.5,3.5,1,4.5],"texture":"#texture"},"north":{"uv":[0.5,4.5,1,5.5],"texture":"#texture"},"south":{"uv":[0.5,4.5,1,5.5],"texture":"#texture"},"west":{"uv":[0.5,4.5,1,5.5],"texture":"#texture"},"east":{"uv":[0.5,4.5,1,5.5],"texture":"#texture"}}},{"from":[2,7,7.5],"to":[2.5,7.5,8],"faces":{"up":{"uv":[0.5,4.5,1,5],"texture":"#texture"},"north":{"uv":[0.5,4.5,1,5],"texture":"#texture"},"south":{"uv":[0.5,4.5,1,5],"texture":"#texture"},"east":{"uv":[0.5,4.5,1,5],"texture":"#texture"}}},{"from":[2.5,10,7.25],"to":[3,10.5,8.25],"faces":{"down":{"uv":[5,9.5,4.5,8.5],"texture":"#texture"},"north":{"uv":[4.5,8.5,5,9],"texture":"#texture"},"south":{"uv":[4.5,8.5,5,9],"texture":"#texture"},"east":{"uv":[4.5,9,5.5,9.5],"texture":"#texture"}}},{"from":[2,9.5,7.25],"to":[2.5,10,8.25],"faces":{"down":{"uv":[5,10,4.5,9],"texture":"#texture"},"north":{"uv":[4.5,8,5,8.5],"texture":"#texture"},"south":{"uv":[5,8,5.5,8.5],"texture":"#texture"},"east":{"uv":[4.5,9,5.5,9.5],"texture":"#texture"}}},{"from":[12,5.5,7.5],"to":[12.5,6,8],"faces":{"up":{"uv":[2.5,8.5,3,9],"texture":"#texture"},"north":{"uv":[3,10,3.5,10.5],"texture":"#texture"},"south":{"uv":[3,9,3.5,9.5],"texture":"#texture"},"west":{"uv":[3,10,3.5,10.5],"texture":"#texture"}}},{"from":[12.5,6,7.25],"to":[13,7,8.25],"faces":{"up":{"uv":[3,8.5,3.5,9.5],"texture":"#texture"},"north":{"uv":[0.5,4.5,1,5.5],"texture":"#texture"},"south":{"uv":[0.5,4.5,1,5.5],"texture":"#texture"},"west":{"uv":[0.5,4.5,1,5.5],"texture":"#texture"}}},{"from":[12.5,7,7.5],"to":[13,7.5,8],"faces":{"up":{"uv":[2.5,9,3,9.5],"texture":"#texture"},"north":{"uv":[3,8.5,3.5,9],"texture":"#texture"},"south":{"uv":[3,9.5,3.5,10],"texture":"#texture"},"west":{"uv":[2.5,10,3,10.5],"texture":"#texture"}}},{"from":[13,8.5,7.25],"to":[13.5,9.5,8.25],"faces":{"north":{"uv":[2.5,8,3,9],"texture":"#texture"},"south":{"uv":[3,8,3.5,9],"texture":"#texture"},"west":{"uv":[2.5,7.5,3.5,8.5],"texture":"#texture"}}},{"from":[12.5,9.5,7.25],"to":[13,10,8.25],"faces":{"down":{"uv":[5,9.5,4.5,8.5],"texture":"#texture"},"north":{"uv":[5,9.5,5.5,10],"texture":"#texture"},"south":{"uv":[5,8,5.5,8.5],"texture":"#texture"},"west":{"uv":[4.5,9,5.5,9.5],"texture":"#texture"}}},{"from":[13,9.5,7],"to":[13.5,10,8.5],"faces":{"down":{"uv":[3,9.5,2.5,8],"texture":"#texture"},"north":{"uv":[12.5,6,13,6.5],"texture":"#texture"},"south":{"uv":[12.5,6,13,6.5],"texture":"#texture"},"west":{"uv":[11.5,6,13,6.5],"texture":"#texture"}}},{"from":[12,10,7.25],"to":[12.5,10.5,8.25],"faces":{"down":{"uv":[5.5,9,5,8],"texture":"#texture"},"north":{"uv":[5.5,9.5,6,10],"texture":"#texture"},"south":{"uv":[5,8.5,5.5,9],"texture":"#texture"},"west":{"uv":[4.5,8.5,5.5,9],"texture":"#texture"}}},{"from":[12.5,10,7],"to":[13,10.5,8.5],"faces":{"down":{"uv":[3.5,9,3,7.5],"texture":"#texture"},"north":{"uv":[2.5,9,3,9.5],"texture":"#texture"},"south":{"uv":[3,8.5,3.5,9],"texture":"#texture"},"west":{"uv":[2.5,8.5,4,9],"texture":"#texture"}}},{"from":[11.5,10.5,7.25],"to":[12,11,8.25],"faces":{"down":{"uv":[7.5,9.5,7,8.5],"texture":"#texture"},"north":{"uv":[10,5.5,10.5,6],"texture":"#texture"},"south":{"uv":[11,6,11.5,6.5],"texture":"#texture"},"west":{"uv":[10.5,6,11.5,6.5],"texture":"#texture"}}},{"from":[12,10.5,7],"to":[12.5,11,8.5],"faces":{"down":{"uv":[12,6.5,11.5,5],"texture":"#texture"},"north":{"uv":[11.5,6,12,6.5],"texture":"#texture"},"south":{"uv":[11.5,6,12,6.5],"texture":"#texture"},"west":{"uv":[11.5,6,13,6.5],"texture":"#texture"}}},{"from":[11,10.5,7.5],"to":[11.5,11,8],"faces":{"down":{"uv":[11,6.5,10.5,6],"texture":"#texture"},"north":{"uv":[10.5,6,11,6.5],"texture":"#texture"},"south":{"uv":[10.5,6,11,6.5],"texture":"#texture"},"west":{"uv":[10.5,6,11,6.5],"texture":"#texture"}}},{"from":[9,11,7.25],"to":[11,14,8.25],"faces":{"down":{"uv":[8,8.5,6,7.5],"texture":"#texture"},"up":{"uv":[2,1.5,5,2.5],"texture":"#texture"},"north":{"uv":[10.5,3,8.5,6],"texture":"#texture"},"south":{"uv":[8.5,3,10.5,6],"texture":"#texture"},"west":{"uv":[6,3,7,6],"texture":"#texture"}}},{"from":[13,18,7.5],"to":[13.5,18.5,8],"faces":{"north":{"uv":[13,0,13.5,0.5],"texture":"#texture","cullface":"up"},"south":{"uv":[13,0,13.5,0.5],"texture":"#texture","cullface":"up"},"west":{"uv":[13,0,13.5,0.5],"texture":"#texture","cullface":"up"}}},{"from":[11.5,16.5,7.25],"to":[12,17,8.25],"faces":{"up":{"uv":[11.5,0,12,1],"texture":"#texture","cullface":"up"},"north":{"uv":[11,0,11.5,0.5],"texture":"#texture","cullface":"up"},"south":{"uv":[11,0,11.5,0.5],"texture":"#texture","cullface":"up"},"west":{"uv":[11,0,12,0.5],"texture":"#texture","cullface":"up"},"east":{"uv":[11,0,12,0.5],"texture":"#texture","cullface":"up"}}},{"from":[12.5,17,7.25],"to":[13,17.5,8.25],"faces":{"up":{"uv":[12.5,0,13,1],"texture":"#texture","cullface":"up"},"north":{"uv":[12.5,0,13,0.5],"texture":"#texture","cullface":"up"},"south":{"uv":[12.5,0,13,0.5],"texture":"#texture","cullface":"up"},"west":{"uv":[12,0,13,0.5],"texture":"#texture","cullface":"up"}}},{"from":[12,16.25,7.5],"to":[12.5,17.5,8],"faces":{"down":{"uv":[12.5,0.5,12,0],"texture":"#texture","cullface":"up"},"up":{"uv":[12,0,12.5,0.5],"texture":"#texture","cullface":"up"},"north":{"uv":[12,0,12.5,0.5],"texture":"#texture","cullface":"up"},"south":{"uv":[12,0,12.5,0.5],"texture":"#texture","cullface":"up"},"west":{"uv":[12,0,12.5,0.5],"texture":"#texture","cullface":"up"},"east":{"uv":[12,0,12.5,0.5],"texture":"#texture","cullface":"up"}}},{"from":[13,17.5,7.25],"to":[13.5,18,8.25],"faces":{"up":{"uv":[13,0.5,13.5,1.5],"texture":"#texture","cullface":"up"},"north":{"uv":[12.5,0,13,0.5],"texture":"#texture","cullface":"up"},"south":{"uv":[12.5,0,13,0.5],"texture":"#texture","cullface":"up"},"west":{"uv":[11.5,0,12.5,0.5],"texture":"#texture","cullface":"up"}}},{"from":[3.5,11,7],"to":[4,14.5,8.5],"faces":{"down":{"uv":[3.5,10,3,8.5],"texture":"#texture"},"north":{"uv":[3,2.5,3.5,6],"texture":"#texture"},"south":{"uv":[3,2.5,3.5,6],"texture":"#texture"},"west":{"uv":[4,7.5,5.5,11.5],"texture":"#texture"},"east":{"uv":[4.5,7.5,6,11.5],"texture":"#texture"}}},{"from":[4,11.5,7],"to":[4.5,14.5,8.5],"faces":{"down":{"uv":[3.5,10,3,8.5],"texture":"#texture"},"north":{"uv":[3.5,2.5,4,5.5],"texture":"#texture"},"south":{"uv":[3.5,2.5,4,5.5],"texture":"#texture"},"east":{"uv":[4.5,7.5,6,11.5],"texture":"#texture"}}},{"from":[11,11,7],"to":[11.5,14,8.5],"faces":{"down":{"uv":[3.5,10,3,8.5],"texture":"#texture"},"north":{"uv":[10.5,3,11,6],"texture":"#texture"},"south":{"uv":[10.5,3,11,6],"texture":"#texture"},"west":{"uv":[4,7.5,5.5,11.5],"texture":"#texture"},"east":{"uv":[4.5,7.5,6,11.5],"texture":"#texture"}}},{"from":[11.5,12.5,7],"to":[12,14,8.5],"faces":{"north":{"uv":[11,3,11.5,4.5],"texture":"#texture"},"south":{"uv":[11,3,11.5,4.5],"texture":"#texture"},"east":{"uv":[4.5,7.5,6,11.5],"texture":"#texture"}}},{"from":[10.5,11.5,7],"to":[11,14,8.5],"faces":{"down":{"uv":[3.5,10,3,8.5],"texture":"#texture"},"north":{"uv":[10,3,10.5,5.5],"texture":"#texture"},"south":{"uv":[10,3,10.5,5.5],"texture":"#texture"},"west":{"uv":[4,7.5,5.5,11.5],"texture":"#texture"}}},{"from":[6.5,16,7.25],"to":[10,16.5,8.25],"faces":{"down":{"uv":[9.5,1,6,0.5],"texture":"#texture","cullface":"up"},"up":{"uv":[6,0.5,9.5,1],"texture":"#texture","cullface":"up"},"north":{"uv":[9.5,0.5,6,1],"texture":"#texture","cullface":"up"},"south":{"uv":[6,0.5,9.5,1],"texture":"#texture","cullface":"up"}}},{"from":[3.5,15.5,7],"to":[4,16,8.5],"faces":{"up":{"uv":[7.25,1,7.75,2.5],"texture":"#texture","cullface":"up"},"north":{"uv":[3,1,3.5,1.5],"texture":"#texture"},"south":{"uv":[3,1,3.5,1.5],"texture":"#texture"}}},{"from":[4,15.5,6.75],"to":[5.5,16,8.75],"faces":{"up":{"uv":[3.5,1,5,1.5],"texture":"#texture","cullface":"up"},"north":{"uv":[3.5,1,5,1.5],"texture":"#texture"},"south":{"uv":[3.5,1,5,1.5],"texture":"#texture"},"west":{"uv":[3.5,1,5,1.5],"texture":"#texture"},"east":{"uv":[3.5,1,5,1.5],"texture":"#texture"}}},{"from":[5.5,15.5,7],"to":[8.5,16,8.5],"faces":{"down":{"uv":[5,1.5,8,1],"texture":"#texture"},"up":{"uv":[5,1,8,1.5],"texture":"#texture","cullface":"up"},"north":{"uv":[8,1,5,1.5],"texture":"#texture"},"south":{"uv":[5,1,8,1.5],"texture":"#texture"}}},{"from":[10.5,15.5,6.75],"to":[11,16,8.75],"faces":{"up":{"uv":[10,1,10.5,2.5],"texture":"#texture","cullface":"up"},"north":{"uv":[10,1,10.5,1.5],"texture":"#texture"},"south":{"uv":[10,1,10.5,1.5],"texture":"#texture"},"west":{"uv":[3.5,1,5,1.5],"texture":"#texture"},"east":{"uv":[3.5,1,5,1.5],"texture":"#texture"}}},{"from":[10,15.5,7],"to":[10.5,16,8.5],"faces":{"up":{"uv":[9.5,1,10,1.5],"texture":"#texture","cullface":"up"},"north":{"uv":[10,1,9.5,1.5],"texture":"#texture"},"south":{"uv":[9.5,1,10,1.5],"texture":"#texture"}}},{"from":[3,15.5,6.75],"to":[3.5,16,8.75],"faces":{"up":{"uv":[2.5,1,3,1.5],"texture":"#texture","cullface":"up"},"north":{"uv":[2.5,1,3,1.5],"texture":"#texture"},"south":{"uv":[2.5,1,3,1.5],"texture":"#texture"},"west":{"uv":[2.5,1,3,1.5],"texture":"#texture"},"east":{"uv":[2.5,1,3,1.5],"texture":"#texture"}}},{"from":[6,15,6.75],"to":[9,15.5,8.75],"faces":{"down":{"uv":[8.5,2,5.5,1.5],"texture":"#texture"},"up":{"uv":[5.5,1.5,8.5,2],"texture":"#texture"},"north":{"uv":[5.5,1.5,8.5,2],"texture":"#texture"},"south":{"uv":[5.5,1.5,8.5,2],"texture":"#texture"}}},{"from":[8.5,15.5,6.75],"to":[10,16,8.75],"faces":{"down":{"uv":[9.5,1.5,8,1],"texture":"#texture"},"up":{"uv":[8,1,9.5,1.5],"texture":"#texture","cullface":"up"},"north":{"uv":[8,1,9.5,1.5],"texture":"#texture"},"south":{"uv":[8,1,9.5,1.5],"texture":"#texture"},"west":{"uv":[8,1,9.5,1.5],"texture":"#texture"},"east":{"uv":[8,1,9.5,1.5],"texture":"#texture"}}},{"from":[9,15,6.5],"to":[9.5,15.5,9],"faces":{"down":{"uv":[9,2,8.5,1.5],"texture":"#texture"},"up":{"uv":[8.5,1.5,9,2],"texture":"#texture"},"north":{"uv":[8.5,1.5,9,2],"texture":"#texture"},"south":{"uv":[8.5,1.5,9,2],"texture":"#texture"},"west":{"uv":[8.5,1.5,9,2],"texture":"#texture"},"east":{"uv":[8.5,1.5,9,2],"texture":"#texture"}}},{"from":[11.5,15.5,6.75],"to":[12,16,8.75],"faces":{"up":{"uv":[11,1,11.5,1.5],"texture":"#texture","cullface":"up"},"north":{"uv":[11,1,11.5,1.5],"texture":"#texture"},"south":{"uv":[11,1,11.5,1.5],"texture":"#texture"},"west":{"uv":[11,1,11.5,1.5],"texture":"#texture"},"east":{"uv":[11,1,11.5,1.5],"texture":"#texture"}}},{"from":[10,15,6.5],"to":[12.5,15.5,9],"faces":{"down":{"uv":[12,2,9.5,1.5],"texture":"#texture"},"up":{"uv":[9.5,1.5,12,2],"texture":"#texture"},"north":{"uv":[12,1.5,9.5,2],"texture":"#texture"},"south":{"uv":[9.5,1.5,12,2],"texture":"#texture"},"west":{"uv":[9.5,1.5,12,2],"texture":"#texture"},"east":{"uv":[9.5,1.5,12,2],"texture":"#texture"}}},{"from":[9.5,15,6.75],"to":[10,15.5,8.75],"faces":{"north":{"uv":[9,1.5,9.5,2],"texture":"#texture"},"south":{"uv":[9,1.5,9.5,2],"texture":"#texture"}}},{"from":[7,14.5,6.75],"to":[9.5,15,8.75],"faces":{"down":{"uv":[9,2.5,6.5,2],"texture":"#texture"},"up":{"uv":[6.5,2,9,2.5],"texture":"#texture"},"north":{"uv":[6.5,2,9,2.5],"texture":"#texture"},"south":{"uv":[6.5,2,9,2.5],"texture":"#texture"}}},{"from":[9,14,6.5],"to":[10.5,14.5,9],"faces":{"down":{"uv":[10,3,8.5,2.5],"texture":"#texture"},"up":{"uv":[8.5,2.5,10,3],"texture":"#texture"},"north":{"uv":[10,2.5,8.5,3],"texture":"#texture"},"south":{"uv":[8.5,2.5,10,3],"texture":"#texture"},"west":{"uv":[8.5,2.5,10,3],"texture":"#texture"},"east":{"uv":[8.5,2.5,10,3],"texture":"#texture"}}},{"from":[8.5,13.5,6.75],"to":[10,14,8.75],"faces":{"down":{"uv":[9.5,3.5,8,3],"texture":"#texture"},"up":{"uv":[8,3,9.5,3.5],"texture":"#texture"},"north":{"uv":[9.5,3,8,3.5],"texture":"#texture"},"south":{"uv":[8,3,9.5,3.5],"texture":"#texture"},"west":{"uv":[8,3,8.5,3.5],"texture":"#texture"},"east":{"uv":[8,3,8.5,3.5],"texture":"#texture"}}},{"from":[8.5,13,7],"to":[9.5,13.5,8.5],"faces":{"down":{"uv":[9.5,3.5,8,3],"texture":"#texture"},"north":{"uv":[9,3.5,8,4],"texture":"#texture"},"south":{"uv":[8,3.5,9,4],"texture":"#texture"},"east":{"uv":[8.5,3.5,9,4],"texture":"#texture"}}},{"from":[5.5,13,7],"to":[8,13.5,8.5],"faces":{"down":{"uv":[7.5,4,5,3.5],"texture":"#texture"},"north":{"uv":[7.5,3.5,5,4],"texture":"#texture"},"south":{"uv":[5,3.5,7.5,4],"texture":"#texture"},"west":{"uv":[6,3.5,7.5,4],"texture":"#texture"}}},{"from":[5,13.5,6.75],"to":[8,14,8.75],"faces":{"down":{"uv":[4.5,3.5,7.5,3],"texture":"#texture"},"up":{"uv":[4.5,3,7.5,3.5],"texture":"#texture"},"north":{"uv":[7.5,3,4.5,3.5],"texture":"#texture"},"south":{"uv":[4.5,3,7.5,3.5],"texture":"#texture"},"west":{"uv":[5.5,3,7.5,3.5],"texture":"#texture"},"east":{"uv":[5.5,3,7.5,3.5],"texture":"#texture"}}},{"from":[6,10.5,7],"to":[9,13,8.5],"faces":{"down":{"uv":[6,6,5.5,5.5],"texture":"#texture"},"up":{"uv":[5.5,5,6,5.5],"texture":"#texture"},"north":{"uv":[8.5,4,5.5,6.5],"texture":"#texture"},"south":{"uv":[5.5,4,8.5,6.5],"texture":"#texture"},"west":{"uv":[5.5,6,6,6.5],"texture":"#texture"},"east":{"uv":[5.5,6,6,6.5],"texture":"#texture"}}},{"from":[6,13,6.75],"to":[8,13.5,8.75],"faces":{"down":{"uv":[7.5,4,6,3.5],"texture":"#texture"},"north":{"uv":[7.5,3.5,5.5,4],"texture":"#texture"},"south":{"uv":[5.5,3.5,7.5,4],"texture":"#texture"},"west":{"uv":[6,3.5,7.5,4],"texture":"#texture"},"east":{"uv":[6,3.5,7.5,4],"texture":"#texture"}}},{"from":[8.5,13,6.75],"to":[9,13.5,8.75],"faces":{"down":{"uv":[8,4,8.5,3.5],"texture":"#texture"},"north":{"uv":[8,3.5,8.5,4],"texture":"#texture"},"south":{"uv":[8,3.5,8.5,4],"texture":"#texture"},"west":{"uv":[8,3.5,8.5,4],"texture":"#texture"},"east":{"uv":[8,3.5,8.5,4],"texture":"#texture"}}},{"from":[5.5,13.5,6.5],"to":[7.5,14,9],"faces":{"down":{"uv":[5,3,4.5,2.5],"texture":"#texture"},"up":{"uv":[4.5,2.5,5,3],"texture":"#texture"},"north":{"uv":[6.5,2.5,4.5,3],"texture":"#texture"},"south":{"uv":[4.5,2.5,6.5,3],"texture":"#texture"},"west":{"uv":[4,2.5,4.5,3],"texture":"#texture"},"east":{"uv":[6.5,2.5,7,3],"texture":"#texture"}}},{"from":[9.5,14,6.25],"to":[10,14.5,9.25],"faces":{"down":{"uv":[9.5,3,9,2.5],"texture":"#texture"},"up":{"uv":[9,2.5,9.5,3],"texture":"#texture"},"north":{"uv":[9,2.5,9.5,3],"texture":"#texture"},"south":{"uv":[9,2.5,9.5,3],"texture":"#texture"},"west":{"uv":[9,2.5,9.5,3],"texture":"#texture"},"east":{"uv":[9,2.5,9.5,3],"texture":"#texture"}}},{"from":[9,13.5,6.5],"to":[9.5,14,9],"faces":{"down":{"uv":[9,3.5,8.5,3],"texture":"#texture"},"north":{"uv":[8.5,3,9,3.5],"texture":"#texture"},"south":{"uv":[8.5,3,9,3.5],"texture":"#texture"},"west":{"uv":[8.5,3,9,3.5],"texture":"#texture"},"east":{"uv":[8.5,3,9,3.5],"texture":"#texture"}}},{"from":[7,11,6.75],"to":[8,12.5,8.75],"faces":{"down":{"uv":[6,6.5,5.5,6],"texture":"#texture"},"up":{"uv":[5.5,6,6,6.5],"texture":"#texture"},"north":{"uv":[8,4,6,6],"texture":"#texture"},"south":{"uv":[6,4,8,6],"texture":"#texture"},"west":{"uv":[5.5,6,6,6.5],"texture":"#texture"},"east":{"uv":[5.5,6,6,6.5],"texture":"#texture"}}},{"from":[7.5,14,6.75],"to":[9,14.5,8.75],"faces":{"down":{"uv":[8.5,3,7,2.5],"texture":"#texture"},"north":{"uv":[7,2.5,8.5,3],"texture":"#texture"},"south":{"uv":[7,2.5,8.5,3],"texture":"#texture"}}},{"from":[8,13,7],"to":[8.5,14,8.5],"faces":{"north":{"uv":[7.5,3,8,4],"texture":"#texture"},"south":{"uv":[7.5,3,8,4],"texture":"#texture"},"west":{"uv":[7.5,3,8,4],"texture":"#texture"},"east":{"uv":[7.5,3,8,4],"texture":"#texture"}}},{"from":[6,14,6.5],"to":[7.5,14.5,9],"faces":{"up":{"uv":[8.5,1.5,9,2],"texture":"#texture"},"north":{"uv":[8.5,1.5,9,2],"texture":"#texture"},"south":{"uv":[8.5,1.5,9,2],"texture":"#texture"},"west":{"uv":[8.5,1.5,9,2],"texture":"#texture"},"east":{"uv":[8.5,1.5,9,2],"texture":"#texture"}}},{"from":[9.5,14.5,6.5],"to":[10,15,9],"faces":{"up":{"uv":[8.5,1.5,9,2],"texture":"#texture"},"north":{"uv":[9,2,9.5,2.5],"texture":"#texture"},"south":{"uv":[9,2,9.5,2.5],"texture":"#texture"},"west":{"uv":[8.5,1.5,9,2],"texture":"#texture"},"east":{"uv":[8.5,1.5,9,2],"texture":"#texture"}}},{"from":[6.5,13,6.5],"to":[7,13.5,9],"faces":{"down":{"uv":[6.5,4.5,6,4],"texture":"#texture"},"north":{"uv":[7,3.5,6.5,4],"texture":"#texture"},"south":{"uv":[6,3.5,6.5,4],"texture":"#texture"},"west":{"uv":[8.5,1.5,9,2],"texture":"#texture"}}},{"from":[7,12.5,6.5],"to":[7.5,13.5,9],"faces":{"down":{"uv":[6.5,4.5,6,4],"texture":"#texture"},"north":{"uv":[7,3.5,6.5,4.5],"texture":"#texture"},"south":{"uv":[6.5,3.5,7,4.5],"texture":"#texture"},"west":{"uv":[8.5,1.5,9,2],"texture":"#texture"},"east":{"uv":[8.5,1.5,9,2],"texture":"#texture"}}},{"from":[6.5,5.5,7.5],"to":[8.5,10.5,8],"faces":{"north":{"uv":[16,0,14,5],"texture":"#texture"},"south":{"uv":[14,0,16,5],"texture":"#texture"},"west":{"uv":[14,0,14.5,5],"texture":"#texture"},"east":{"uv":[15.5,0,16,5],"texture":"#texture"}}},{"from":[6.5,-4.5,7.5],"to":[8.5,0.5,8],"faces":{"north":{"uv":[16,6,14,11],"texture":"#texture","cullface":"down"},"south":{"uv":[14,6,16,11],"texture":"#texture","cullface":"down"},"west":{"uv":[14,5.5,14.5,10.5],"texture":"#texture","cullface":"down"},"east":{"uv":[15.5,5.5,16,10.5],"texture":"#texture","cullface":"down"}}},{"from":[6.5,-6.5,7.5],"to":[8.5,-4.5,8],"faces":{"north":{"uv":[16,10.5,14,12.5],"texture":"#texture","cullface":"down"},"south":{"uv":[14,10.5,16,12.5],"texture":"#texture","cullface":"down"},"west":{"uv":[14,10.5,14.5,12.5],"texture":"#texture","cullface":"down"},"east":{"uv":[15.5,10.5,16,12.5],"texture":"#texture","cullface":"down"}}},{"from":[7,10,7.25],"to":[8,10.5,8.25],"faces":{"north":{"uv":[15.5,0,14.5,0.5],"texture":"#texture"},"south":{"uv":[14.5,0,15.5,0.5],"texture":"#texture"},"west":{"uv":[15.5,2,14.5,2.5],"texture":"#texture"},"east":{"uv":[14,2,15,2.5],"texture":"#texture"}}},{"from":[6.5,9,7.25],"to":[8,10,8.25],"faces":{"down":{"uv":[15.5,3.5,14,2.5],"texture":"#texture"},"up":{"uv":[14,2,15.5,3],"texture":"#texture"},"north":{"uv":[15.5,0.5,14,1.5],"texture":"#texture"},"south":{"uv":[14,0.5,15.5,1.5],"texture":"#texture"},"west":{"uv":[14.5,0.5,15.5,1.5],"texture":"#texture"},"east":{"uv":[14.5,0.5,15.5,1.5],"texture":"#texture"}}},{"from":[6.5,7,7.25],"to":[8,8.5,8.25],"faces":{"down":{"uv":[15.5,3.5,14.5,2],"texture":"#texture"},"up":{"uv":[14.5,2,15.5,3.5],"texture":"#texture"},"north":{"uv":[15.5,2,14,3.5],"texture":"#texture"},"south":{"uv":[14,2,15.5,3.5],"texture":"#texture"},"west":{"uv":[15.5,2,14.5,3.5],"texture":"#texture"},"east":{"uv":[14.5,2,15.5,3.5],"texture":"#texture"}}},{"from":[7,1,7.25],"to":[8,1.5,8.25],"faces":{"north":{"uv":[15.5,3.5,14.5,4],"texture":"#texture"},"south":{"uv":[14.5,3.5,15.5,4],"texture":"#texture"},"west":{"uv":[14.5,3,15.5,3.5],"texture":"#texture"},"east":{"uv":[14.5,3,15.5,3.5],"texture":"#texture"}}},{"from":[7,4.5,7.25],"to":[8,6,8.25],"faces":{"up":{"uv":[14.5,0.5,15.5,1.5],"texture":"#texture"},"north":{"uv":[15.5,2,14.5,3.5],"texture":"#texture"},"south":{"uv":[14.5,2,15.5,3.5],"texture":"#texture"},"west":{"uv":[15.5,2,14.75,3.5],"texture":"#texture"},"east":{"uv":[14.5,2,15.5,3.5],"texture":"#texture"}}},{"from":[6.5,0.5,7.5],"to":[8.5,5.5,8],"faces":{"north":{"uv":[16,5.5,14,10.5],"texture":"#texture"},"south":{"uv":[14,5.5,16,10.5],"texture":"#texture"},"west":{"uv":[14,5.5,14.5,10.5],"texture":"#texture"},"east":{"uv":[15.5,5.5,16,10.5],"texture":"#texture"}}},{"from":[7,-0.5,7.25],"to":[7.5,0.5,8.25],"faces":{"north":{"uv":[14.5,6,15,7],"texture":"#texture","cullface":"down"},"south":{"uv":[14.5,6,15,7],"texture":"#texture","cullface":"down"},"west":{"uv":[14.5,10.5,15.5,11.5],"texture":"#texture","cullface":"down"},"east":{"uv":[14.5,11,15.5,12],"texture":"#texture","cullface":"down"}}},{"from":[7,-2.5,7.25],"to":[8,-0.5,8.25],"faces":{"down":{"uv":[15.5,1.5,14.5,0],"texture":"#texture","cullface":"down"},"up":{"uv":[14.5,0,15.5,1.5],"texture":"#texture","cullface":"down"},"north":{"uv":[15.5,7,14.5,9],"texture":"#texture","cullface":"down"},"south":{"uv":[14.5,7,15.5,9],"texture":"#texture","cullface":"down"},"west":{"uv":[15.5,2,14.5,3.5],"texture":"#texture","cullface":"down"},"east":{"uv":[14.5,2,15.5,3.5],"texture":"#texture","cullface":"down"}}},{"from":[7,-4,7.25],"to":[7.5,-2.5,8.25],"faces":{"down":{"uv":[15,7,14.5,6],"texture":"#texture","cullface":"down"},"north":{"uv":[14.5,9,15,10.5],"texture":"#texture","cullface":"down"},"south":{"uv":[14.5,9,15,10.5],"texture":"#texture","cullface":"down"},"west":{"uv":[14.5,10.5,15.5,11.5],"texture":"#texture","cullface":"down"},"east":{"uv":[14.5,11,15.5,12],"texture":"#texture","cullface":"down"}}},{"from":[6,-7,7.5],"to":[9,-6.5,8],"faces":{"up":{"uv":[9.5,7,12.5,7.5],"texture":"#texture","cullface":"down"},"north":{"uv":[12.5,7,9.5,7.5],"texture":"#texture","cullface":"down"},"south":{"uv":[9.5,7,12.5,7.5],"texture":"#texture","cullface":"down"},"west":{"uv":[9.5,7,10.5,7.5],"texture":"#texture","cullface":"down"},"east":{"uv":[11.5,7,12.5,7.5],"texture":"#texture","cullface":"down"}}},{"from":[6,-7.5,7.25],"to":[9,-7,8.25],"faces":{"up":{"uv":[9.5,7,12.5,8],"texture":"#texture","cullface":"down"},"north":{"uv":[12.5,7,9.5,7.5],"texture":"#texture","cullface":"down"},"south":{"uv":[9.5,7,12.5,7.5],"texture":"#texture","cullface":"down"},"west":{"uv":[9.5,7,10.5,7.5],"texture":"#texture","cullface":"down"},"east":{"uv":[11.5,7,12.5,7.5],"texture":"#texture","cullface":"down"}}},{"from":[6.5,-7,7.25],"to":[8.5,-6.5,8.25],"faces":{"up":{"uv":[10,7,12,8],"texture":"#texture","cullface":"down"},"north":{"uv":[12,7,10,7.5],"texture":"#texture","cullface":"down"},"south":{"uv":[10,7,12,7.5],"texture":"#texture","cullface":"down"},"west":{"uv":[9.5,7,10.5,7.5],"texture":"#texture","cullface":"down"},"east":{"uv":[11.5,7,12.5,7.5],"texture":"#texture","cullface":"down"}}},{"from":[6.5,-7.5,7],"to":[8.5,-7,8.5],"faces":{"up":{"uv":[10,7,12,8],"texture":"#texture","cullface":"down"},"north":{"uv":[12,7.5,10,8],"texture":"#texture","cullface":"down"},"south":{"uv":[10,7.5,12,8],"texture":"#texture","cullface":"down"},"west":{"uv":[10,8,11.5,8.5],"texture":"#texture","cullface":"down"},"east":{"uv":[11,7.5,12.5,8],"texture":"#texture","cullface":"down"}}},{"from":[5.5,-8,7.5],"to":[9.5,-7.5,8],"faces":{"up":{"uv":[9,8,13,8.5],"texture":"#texture","cullface":"down"},"north":{"uv":[13,8,9,8.5],"texture":"#texture","cullface":"down"},"south":{"uv":[9,8,13,8.5],"texture":"#texture","cullface":"down"},"west":{"uv":[9,8,9.5,8.5],"texture":"#texture","cullface":"down"},"east":{"uv":[12,8,12.5,8.5],"texture":"#texture","cullface":"down"}}},{"from":[6,-8,7],"to":[9,-7.5,8.5],"faces":{"up":{"uv":[9.5,7,12.5,8],"texture":"#texture","cullface":"down"},"north":{"uv":[12.5,8,9.5,8.5],"texture":"#texture","cullface":"down"},"south":{"uv":[9.5,8,12.5,8.5],"texture":"#texture","cullface":"down"},"west":{"uv":[9.75,9,11.25,9.5],"texture":"#texture","cullface":"down"},"east":{"uv":[11,7.5,12.5,8],"texture":"#texture","cullface":"down"}}},{"from":[6.5,-8,6.75],"to":[8.5,-7.5,8.75],"faces":{"down":{"uv":[12,8,10,7],"texture":"#texture","cullface":"down"},"up":{"uv":[10,7,12,8],"texture":"#texture","cullface":"down"},"north":{"uv":[12,8,10,8.5],"texture":"#texture","cullface":"down"},"south":{"uv":[10,8,12,8.5],"texture":"#texture","cullface":"down"},"west":{"uv":[9,9,11,9.5],"texture":"#texture","cullface":"down"},"east":{"uv":[10.5,7.5,12.5,8],"texture":"#texture","cullface":"down"}}},{"from":[5.5,-8.5,7],"to":[9.5,-8,8.5],"faces":{"down":{"uv":[13,9,9,8.5],"texture":"#texture","cullface":"down"},"up":{"uv":[9,8,13,8.5],"texture":"#texture","cullface":"down"},"north":{"uv":[13,8.5,9,9],"texture":"#texture","cullface":"down"},"south":{"uv":[9,8.5,13,9],"texture":"#texture","cullface":"down"},"west":{"uv":[9,9,10.25,9.5],"texture":"#texture","cullface":"down"},"east":{"uv":[11.75,8.5,13,9],"texture":"#texture","cullface":"down"}}},{"from":[7.5,-8.5,6.5],"to":[9,-8,9],"faces":{"down":{"uv":[12.5,9.5,11,8.5],"texture":"#texture","cullface":"down"},"up":{"uv":[11,8.5,12.5,9.5],"texture":"#texture","cullface":"down"},"north":{"uv":[12.5,8.5,11,9],"texture":"#texture","cullface":"down"},"south":{"uv":[11,8.5,12.5,9],"texture":"#texture","cullface":"down"},"west":{"uv":[10.5,9,13,9.5],"texture":"#texture","cullface":"down"},"east":{"uv":[10.5,9,13,9.5],"texture":"#texture","cullface":"down"}}},{"from":[6,-8.5,6.5],"to":[6.5,-8,9],"faces":{"down":{"uv":[12.5,9.5,11,8.5],"texture":"#texture","cullface":"down"},"up":{"uv":[11,8.5,12.5,9.5],"texture":"#texture","cullface":"down"},"north":{"uv":[10,8.5,9.5,9],"texture":"#texture","cullface":"down"},"south":{"uv":[9.5,8.5,10,9],"texture":"#texture","cullface":"down"},"west":{"uv":[10.5,9,13,9.5],"texture":"#texture","cullface":"down"},"east":{"uv":[10.5,9,13,9.5],"texture":"#texture","cullface":"down"}}},{"from":[6.5,-8.5,6.75],"to":[7.5,-8,8.75],"faces":{"north":{"uv":[11,8.5,10,9],"texture":"#texture","cullface":"down"},"south":{"uv":[10,8.5,11,9],"texture":"#texture","cullface":"down"}}},{"from":[5.5,-9,7.5],"to":[9.5,-8.5,8],"faces":{"down":{"uv":[13,9.5,9,9],"texture":"#texture","cullface":"down"},"north":{"uv":[13,9,9,9.5],"texture":"#texture","cullface":"down"},"south":{"uv":[9,9,13,9.5],"texture":"#texture","cullface":"down"},"west":{"uv":[9,8,9.5,8.5],"texture":"#texture","cullface":"down"},"east":{"uv":[12.5,9,13,9.5],"texture":"#texture","cullface":"down"}}},{"from":[6,-9,7],"to":[9,-8.5,8.5],"faces":{"down":{"uv":[12,10,10,9],"texture":"#texture","cullface":"down"},"north":{"uv":[12.5,9,9.5,9.5],"texture":"#texture","cullface":"down"},"south":{"uv":[9.25,9,12.25,9.5],"texture":"#texture","cullface":"down"},"west":{"uv":[9,9,10.5,9.5],"texture":"#texture","cullface":"down"},"east":{"uv":[11.5,9,13,9.5],"texture":"#texture","cullface":"down"}}},{"from":[6.5,-9,6.75],"to":[8.5,-8.5,8.75],"faces":{"down":{"uv":[12,10,10,9],"texture":"#texture","cullface":"down"},"up":{"uv":[10,9,12,10],"texture":"#texture","cullface":"down"},"north":{"uv":[12.5,9,9.5,9.5],"texture":"#texture","cullface":"down"},"south":{"uv":[9.5,9,12.5,9.5],"texture":"#texture","cullface":"down"},"west":{"uv":[10.5,9,13,9.5],"texture":"#texture","cullface":"down"},"east":{"uv":[10.5,9,13,9.5],"texture":"#texture","cullface":"down"}}},{"from":[6.5,-9.5,7.5],"to":[8.5,-9,8],"faces":{"down":{"uv":[12,10,10,9.5],"texture":"#texture","cullface":"down"},"north":{"uv":[12,9.5,10,10],"texture":"#texture","cullface":"down"},"south":{"uv":[10,9.5,12,10],"texture":"#texture","cullface":"down"},"west":{"uv":[10,9.5,10.5,10],"texture":"#texture","cullface":"down"},"east":{"uv":[11.5,9.5,12,10],"texture":"#texture","cullface":"down"}}},{"from":[7,-9.5,7],"to":[8,-9,8.5],"faces":{"down":{"uv":[8,10,7,11.5],"texture":"#texture","cullface":"down"},"north":{"uv":[11.5,9.5,10.5,10],"texture":"#texture","cullface":"down"},"south":{"uv":[10.5,9.5,11.5,10],"texture":"#texture","cullface":"down"},"west":{"uv":[10,9.5,11.5,10],"texture":"#texture","cullface":"down"},"east":{"uv":[10.5,9.5,12,10],"texture":"#texture","cullface":"down"}}},{"from":[7,3,7.25],"to":[8,4.5,8.25],"faces":{"north":{"uv":[15.5,2,14.5,3.5],"texture":"#texture"},"south":{"uv":[14.5,2,15.5,3.5],"texture":"#texture"},"west":{"uv":[15.5,2,14.75,3.5],"texture":"#texture"},"east":{"uv":[14.5,2,15.5,3.5],"texture":"#texture"}}},{"from":[7,1.5,7.25],"to":[8,3,8.25],"faces":{"north":{"uv":[15.5,2,14.5,3.5],"texture":"#texture"},"south":{"uv":[14.5,2,15.5,3.5],"texture":"#texture"},"west":{"uv":[15.5,2,14.75,3.5],"texture":"#texture"},"east":{"uv":[14.5,2,15.5,3.5],"texture":"#texture"}}},{"from":[7,0.5,7.25],"to":[8,1,8.25],"faces":{"down":{"uv":[15.5,1.5,14.5,0.5],"texture":"#texture"},"north":{"uv":[15.5,3.5,14.5,4],"texture":"#texture"},"south":{"uv":[14.5,3.5,15.5,4],"texture":"#texture"},"west":{"uv":[14.5,3,15.5,3.5],"texture":"#texture"},"east":{"uv":[14.5,3,15.5,3.5],"texture":"#texture"}}},{"from":[-0.5,8,7.25],"to":[0.5,15.5,8.25],"faces":{"down":{"uv":[1.5,8.5,1,7],"texture":"#texture","cullface":"west"},"up":{"uv":[0.5,7.5,1,9],"texture":"#texture","cullface":"west"},"north":{"uv":[1.5,7,2,11.5],"texture":"#texture","cullface":"west"},"south":{"uv":[1.5,7,2,11.5],"texture":"#texture","cullface":"west"},"west":{"uv":[0.5,7,2,11.5],"texture":"#texture","cullface":"west"},"east":{"uv":[0.5,7,2,11.5],"texture":"#texture","cullface":"west"}}},{"from":[13.5,16,7.25],"to":[14,17,8.25],"faces":{"north":{"uv":[1.5,7,2,11.5],"texture":"#texture","cullface":"up"},"south":{"uv":[1.5,7,2,11.5],"texture":"#texture","cullface":"up"},"west":{"uv":[0.5,7,2,11.5],"texture":"#texture","cullface":"up"}}},{"from":[0.5,11.5,7.25],"to":[2,15.5,8.25],"faces":{"down":{"uv":[1.5,8.5,1,7],"texture":"#texture"},"up":{"uv":[0.5,7.5,1,9],"texture":"#texture"},"north":{"uv":[1.5,7,2,11.5],"texture":"#texture"},"south":{"uv":[1.5,7,2,11.5],"texture":"#texture"},"east":{"uv":[0.5,7,2,11.5],"texture":"#texture"}}},{"from":[1,15.5,7.25],"to":[1.5,16,8.25],"faces":{"north":{"uv":[1.5,7,2,11.5],"texture":"#texture"},"south":{"uv":[1.5,7,2,11.5],"texture":"#texture"}}},{"from":[2,13.75,7.25],"to":[3,17,8.25],"faces":{"up":{"uv":[0.5,7.5,1,9],"texture":"#texture","cullface":"up"},"north":{"uv":[1.5,7,2,11.5],"texture":"#texture","cullface":"up"},"south":{"uv":[1.5,7,2,11.5],"texture":"#texture","cullface":"up"},"west":{"uv":[0.5,7,2,11.5],"texture":"#texture","cullface":"up"},"east":{"uv":[0.5,7,2,11.5],"texture":"#texture","cullface":"up"}}},{"from":[2,12.5,7],"to":[3,13.75,8.5],"faces":{"up":{"uv":[3,8.5,3.5,10.5],"texture":"#texture"},"north":{"uv":[2,3,2.5,6],"texture":"#texture"},"south":{"uv":[2,3,2.5,6],"texture":"#texture"},"west":{"uv":[2,8,4,11],"texture":"#texture"}}},{"from":[0.5,8,7],"to":[1.5,11.5,8.5],"faces":{"down":{"uv":[2.5,11,2,9],"texture":"#texture"},"up":{"uv":[3,8.5,3.5,10.5],"texture":"#texture"},"north":{"uv":[2,3,2.5,6],"texture":"#texture"},"south":{"uv":[2,3,2.5,6],"texture":"#texture"},"west":{"uv":[2,8,4,11],"texture":"#texture"},"east":{"uv":[2,8,4,11],"texture":"#texture"}}},{"from":[1.5,10,7],"to":[2,11.5,8.5],"faces":{"north":{"uv":[2,3,2.5,6],"texture":"#texture"},"south":{"uv":[2,3,2.5,6],"texture":"#texture"},"east":{"uv":[2,8,4,11],"texture":"#texture"}}},{"from":[2,10.5,7],"to":[2.5,11,8.5],"faces":{"north":{"uv":[2,3,2.5,6],"texture":"#texture"},"south":{"uv":[2,3,2.5,6],"texture":"#texture"}}},{"from":[1.5,6.5,7],"to":[2,7,8.5],"faces":{"north":{"uv":[2,3,2.5,6],"texture":"#texture"},"south":{"uv":[2,3,2.5,6],"texture":"#texture"},"east":{"uv":[2,8,4,11],"texture":"#texture"}}},{"from":[1,7,7],"to":[1.5,8,8.5],"faces":{"north":{"uv":[2,3,2.5,6],"texture":"#texture"},"south":{"uv":[2,3,2.5,6],"texture":"#texture"},"east":{"uv":[2,8,4,11],"texture":"#texture"}}},{"from":[3.5,14.5,6.75],"to":[7,15,8.75],"faces":{"down":{"uv":[2,2,5.5,1.5],"texture":"#texture"},"up":{"uv":[2,1.5,5.5,2],"texture":"#texture"},"north":{"uv":[5.5,1.5,2,2],"texture":"#texture"},"south":{"uv":[2,1.5,5.5,2],"texture":"#texture"},"west":{"uv":[2,1.5,3.5,2],"texture":"#texture"}}},{"from":[4.5,14,6.75],"to":[6,14.5,8.75],"faces":{"down":{"uv":[2,2,5.5,1.5],"texture":"#texture"},"north":{"uv":[5.5,1.5,2,2],"texture":"#texture"},"south":{"uv":[2,1.5,5.5,2],"texture":"#texture"},"west":{"uv":[2,1.5,3.5,2],"texture":"#texture"}}},{"from":[3.5,15,6.75],"to":[6,15.5,8.75],"faces":{"up":{"uv":[2,1.5,5.5,2],"texture":"#texture"},"north":{"uv":[5.5,1.5,2,2],"texture":"#texture"},"south":{"uv":[2,1.5,5.5,2],"texture":"#texture"},"west":{"uv":[2,1.5,3.5,2],"texture":"#texture"}}},{"from":[10,14.5,6.75],"to":[10.5,15,8.75],"faces":{"north":{"uv":[5.5,1.5,2,2],"texture":"#texture"},"south":{"uv":[2,1.5,5.5,2],"texture":"#texture"},"east":{"uv":[4.5,1.5,5.5,2],"texture":"#texture"}}},{"from":[1.25,11.5,7],"to":[2,12.25,8.5],"faces":{"down":{"uv":[2.5,11,2,9],"texture":"#texture"},"up":{"uv":[3,8.5,3.5,10.5],"texture":"#texture"},"north":{"uv":[2,3,2.5,6],"texture":"#texture"},"south":{"uv":[2,3,2.5,6],"texture":"#texture"},"west":{"uv":[2,8,4,11],"texture":"#texture"}}},{"from":[1,16,7.25],"to":[1.5,17,8.25],"faces":{"north":{"uv":[1.5,7,2,11.5],"texture":"#texture","cullface":"up"},"south":{"uv":[1.5,7,2,11.5],"texture":"#texture","cullface":"up"}}},{"from":[1.5,15.5,7.25],"to":[2,17.5,8.25],"faces":{"north":{"uv":[1.5,7,2,11.5],"texture":"#texture","cullface":"up"},"south":{"uv":[1.5,7,2,11.5],"texture":"#texture","cullface":"up"},"west":{"uv":[0.5,7,2,11.5],"texture":"#texture","cullface":"up"},"east":{"uv":[0.5,7,2,11.5],"texture":"#texture","cullface":"up"}}},{"from":[1.5,7.5,7],"to":[2,8,8.5],"faces":{"north":{"uv":[2,3,2.5,6],"texture":"#texture"},"south":{"uv":[2,3,2.5,6],"texture":"#texture"},"east":{"uv":[2,8,4,11],"texture":"#texture"}}},{"from":[12,12.5,7.25],"to":[14.5,16,8.25],"faces":{"down":{"uv":[1.5,8.5,1,7],"texture":"#texture"},"up":{"uv":[0.5,7.5,1,9],"texture":"#texture","cullface":"up"},"north":{"uv":[1.5,7,2,11.5],"texture":"#texture"},"south":{"uv":[1.5,7,2,11.5],"texture":"#texture"},"west":{"uv":[0.5,7,2,11.5],"texture":"#texture"}}},{"from":[11.5,11,7.25],"to":[12.75,12.5,8.25],"faces":{"down":{"uv":[1.5,8.5,1,7],"texture":"#texture"},"up":{"uv":[0.5,7.5,1,9],"texture":"#texture"},"north":{"uv":[1.5,7,2,11.5],"texture":"#texture"},"south":{"uv":[1.5,7,2,11.5],"texture":"#texture"},"east":{"uv":[0.5,7,2,11.5],"texture":"#texture"}}},{"from":[14,12,7.25],"to":[14.5,12.5,8.25],"faces":{"north":{"uv":[1.5,7,2,11.5],"texture":"#texture"},"south":{"uv":[1.5,7,2,11.5],"texture":"#texture"}}},{"from":[12,16,7.25],"to":[13.5,16.5,8.25],"faces":{"up":{"uv":[0.5,7.5,1,9],"texture":"#texture","cullface":"up"},"north":{"uv":[1.5,7,2,11.5],"texture":"#texture","cullface":"up"},"south":{"uv":[1.5,7,2,11.5],"texture":"#texture","cullface":"up"}}},{"from":[12.5,16.5,7.25],"to":[13.5,17,8.25],"faces":{"up":{"uv":[0.5,7.5,1,9],"texture":"#texture","cullface":"up"},"north":{"uv":[1.5,7,2,11.5],"texture":"#texture","cullface":"up"},"south":{"uv":[1.5,7,2,11.5],"texture":"#texture","cullface":"up"},"west":{"uv":[0.5,7,2,11.5],"texture":"#texture","cullface":"up"}}},{"from":[13,10,7.25],"to":[13.5,11,8.25],"faces":{"up":{"uv":[0.5,7.5,1,9],"texture":"#texture"},"north":{"uv":[1.5,7,2,11.5],"texture":"#texture"},"south":{"uv":[1.5,7,2,11.5],"texture":"#texture"},"west":{"uv":[0.5,7,2,11.5],"texture":"#texture"}}},{"from":[13.5,8.5,7.25],"to":[14,10.5,8.25],"faces":{"north":{"uv":[1.5,7,2,11.5],"texture":"#texture"},"south":{"uv":[1.5,7,2,11.5],"texture":"#texture"},"west":{"uv":[0.5,7,2,11.5],"texture":"#texture"}}},{"from":[2.5,15,6.5],"to":[5,15.5,9],"faces":{"down":{"uv":[12,2,9.5,1.5],"texture":"#texture"},"up":{"uv":[9.5,1.5,12,2],"texture":"#texture"},"north":{"uv":[12,1.5,9.5,2],"texture":"#texture"},"south":{"uv":[9.5,1.5,12,2],"texture":"#texture"},"west":{"uv":[9.5,1.5,12,2],"texture":"#texture"},"east":{"uv":[9.5,1.5,12,2],"texture":"#texture"}}},{"from":[13.5,6,7.25],"to":[14,8.5,8.25],"faces":{"north":{"uv":[1.5,7,2,11.5],"texture":"#texture"},"south":{"uv":[1.5,7,2,11.5],"texture":"#texture"},"east":{"uv":[0.5,7,2,11.5],"texture":"#texture"}}},{"from":[13,6,7],"to":[13.5,8.5,8.5],"faces":{"up":{"uv":[1,8,1.5,10],"texture":"#texture"},"north":{"uv":[1.5,7,2,11.5],"texture":"#texture"},"south":{"uv":[1.5,7,2,11.5],"texture":"#texture"},"west":{"uv":[0,7,2,11.5],"texture":"#texture"},"east":{"uv":[0,7,2,11.5],"texture":"#texture"}}},{"from":[12.5,10.5,7.25],"to":[14,12.75,8.25],"faces":{"down":{"uv":[1.5,8.5,1,7],"texture":"#texture"},"up":{"uv":[0.5,7.5,1,9],"texture":"#texture"},"north":{"uv":[1.5,7,2,11.5],"texture":"#texture"},"south":{"uv":[1.5,7,2,11.5],"texture":"#texture"},"west":{"uv":[0.5,7,2,11.5],"texture":"#texture"},"east":{"uv":[0.5,7,2,11.5],"texture":"#texture"}}},{"from":[14,8,7.25],"to":[14.5,12,8.25],"faces":{"north":{"uv":[1.5,7,2,11.5],"texture":"#texture"},"south":{"uv":[1.5,7,2,11.5],"texture":"#texture"},"west":{"uv":[0.5,7,2,11.5],"texture":"#texture"}}},{"from":[12,12.5,7],"to":[13,13.75,8.5],"faces":{"up":{"uv":[3,8.5,3.5,10.5],"texture":"#texture"},"north":{"uv":[2,3,2.5,6],"texture":"#texture"},"south":{"uv":[2,3,2.5,6],"texture":"#texture"},"east":{"uv":[2,8,4,11],"texture":"#texture"}}},{"from":[11.5,11,7],"to":[13,12.5,8.5],"faces":{"down":{"uv":[2.5,11,2,9],"texture":"#texture"},"up":{"uv":[3,8.5,3.5,10.5],"texture":"#texture"},"north":{"uv":[2,3,2.5,6],"texture":"#texture"},"south":{"uv":[2,3,2.5,6],"texture":"#texture"},"east":{"uv":[2,8,4,11],"texture":"#texture"}}},{"from":[13,11.5,7],"to":[13.75,12.25,8.5],"faces":{"down":{"uv":[2.5,11,2,9],"texture":"#texture"},"up":{"uv":[3,8.5,3.5,10.5],"texture":"#texture"},"north":{"uv":[2,3,2.5,6],"texture":"#texture"},"south":{"uv":[2,3,2.5,6],"texture":"#texture"},"east":{"uv":[2,8,4,11],"texture":"#texture"}}},{"from":[13,10,7],"to":[13.5,11.5,8.5],"faces":{"north":{"uv":[2,3,2.5,6],"texture":"#texture"},"south":{"uv":[2,3,2.5,6],"texture":"#texture"},"west":{"uv":[2,8,4,11],"texture":"#texture"}}},{"from":[13.5,8,7],"to":[14.5,11.5,8.5],"faces":{"down":{"uv":[2.5,11,2,9],"texture":"#texture"},"up":{"uv":[3,8.5,3.5,10.5],"texture":"#texture"},"north":{"uv":[2,3,2.5,6],"texture":"#texture"},"south":{"uv":[2,3,2.5,6],"texture":"#texture"},"west":{"uv":[2,8,4,11],"texture":"#texture"},"east":{"uv":[2,8,4,11],"texture":"#texture"}}},{"from":[12.5,10.5,7],"to":[13,11,8.5],"faces":{"north":{"uv":[2,3,2.5,6],"texture":"#texture"},"south":{"uv":[2,3,2.5,6],"texture":"#texture"}}}],"display":{"thirdperson_righthand":{"rotation":[0,-90,0],"translation":[-0.76,20.98,3.59],"scale":[1.9,1.9,3]},"thirdperson_lefthand":{"rotation":[0,-90,0],"translation":[0.94,21.92,3.02],"scale":[1.9,1.9,1.9]},"ground":{"rotation":[90,-26,0],"translation":[-0.19,6.43,0.76],"scale":[1,1,1]},"fixed":{"rotation":[0,0,50],"translation":[0.38,1.32,-1.7],"scale":[0.9,0.9,0.9]},"firstperson_righthand":{"rotation":[-4,98,-10],"translation":[1.32,3.97,-1.7],"scale":[1.2,1.5,1.5]},"firstperson_lefthand":{"rotation":[-4,98,-10],"translation":[1.7,3.97,-1.7],"scale":[1.2,1.5,1.5]},"gui":{"rotation":[0,180,45],"translation":[-0.38,-0.38,0],"scale":[0.7,0.7,0.7]}}}