{"textures":{"particle":"items/wooden_axe_ref","texture":"items/wooden_axe_ref"},"elements":[{"from":[7,2.5,7.5],"to":[9,7,8],"faces":{"north":{"uv":[10,2,12,6.5],"texture":"#texture"},"south":{"uv":[10,1.75,12,6.25],"texture":"#texture"},"west":{"uv":[10,2,10.5,6.5],"texture":"#texture"},"east":{"uv":[11.5,2,12,6.5],"texture":"#texture"}}},{"from":[7.5,2.5,7],"to":[8.5,7,8.5],"faces":{"north":{"uv":[10.5,2,11.5,6.5],"texture":"#texture"},"south":{"uv":[10.5,2,11.5,6.5],"texture":"#texture"},"west":{"uv":[10.5,2,12,6.5],"texture":"#texture"},"east":{"uv":[10.5,2,12,6.5],"texture":"#texture"}}},{"from":[7,2,7],"to":[9,2.5,8.5],"faces":{"up":{"uv":[10,6.5,12,8],"texture":"#texture"},"north":{"uv":[10,6.5,12,7],"texture":"#texture"},"south":{"uv":[10,6.5,12,7],"texture":"#texture"},"west":{"uv":[10,8.5,11.5,9],"texture":"#texture"},"east":{"uv":[10,8.5,11.5,9],"texture":"#texture"}}},{"from":[6.5,0.5,6.5],"to":[9.5,2,9],"faces":{"down":{"uv":[9,13.5,12,16],"texture":"#texture"},"up":{"uv":[9,13.5,12,16],"texture":"#texture"},"north":{"uv":[9.5,7,12.5,8.5],"texture":"#texture"},"south":{"uv":[9.5,7,12.5,8.5],"texture":"#texture"},"west":{"uv":[9,13,11.5,14.5],"texture":"#texture"},"east":{"uv":[11.5,13,14,14.5],"texture":"#texture"}}},{"from":[7,0,7],"to":[9,0.5,8.5],"faces":{"down":{"uv":[9.5,7,11.5,8.5],"texture":"#texture","cullface":"down"},"north":{"uv":[10,8.5,12,9],"texture":"#texture"},"south":{"uv":[10,8.5,12,9],"texture":"#texture"},"west":{"uv":[10,8.5,11.5,9],"texture":"#texture"},"east":{"uv":[10,8.5,11.5,9],"texture":"#texture"}}},{"from":[6,7.5,6.5],"to":[10,8.5,9],"faces":{"down":{"uv":[14,16,10,13.5],"texture":"#texture"},"up":{"uv":[9,13.5,13,16],"texture":"#texture"},"north":{"uv":[9,0.5,13,1.5],"texture":"#texture"},"south":{"uv":[9,0.5,13,1.5],"texture":"#texture"},"west":{"uv":[12,0.5,14.5,1.5],"texture":"#texture"},"east":{"uv":[7.5,0.5,10,1.5],"texture":"#texture"}}},{"from":[5.5,7,7],"to":[10.5,7.5,8.5],"faces":{"down":{"uv":[9,13.5,14,15],"texture":"#texture"},"up":{"uv":[9,13.5,14,15],"texture":"#texture"},"north":{"uv":[8.5,1.5,13.5,2],"texture":"#texture"},"south":{"uv":[8.5,1.5,13.5,2],"texture":"#texture"},"west":{"uv":[10,1.5,11.5,2],"texture":"#texture"},"east":{"uv":[10,1.5,11.5,2],"texture":"#texture"}}},{"from":[4,7.5,7],"to":[6,8.5,8.5],"faces":{"down":{"uv":[14,15,12,13.5],"texture":"#texture"},"up":{"uv":[11,14,13,15.5],"texture":"#texture"},"north":{"uv":[12,0.5,14,1.5],"texture":"#texture"},"south":{"uv":[13,0.5,15,1.5],"texture":"#texture"},"west":{"uv":[13.5,0.5,15,1.5],"texture":"#texture"}}},{"from":[10,7.5,7],"to":[12,8.5,8.5],"faces":{"down":{"uv":[11,15,9,13.5],"texture":"#texture"},"up":{"uv":[11.5,13.5,13.5,15],"texture":"#texture"},"north":{"uv":[7,0.5,9,1.5],"texture":"#texture"},"south":{"uv":[7,0.5,9,1.5],"texture":"#texture"},"east":{"uv":[7,0.5,8.5,1.5],"texture":"#texture"}}},{"from":[3,8,7.5],"to":[4.5,9,8],"faces":{"down":{"uv":[14,0.5,15.5,1],"texture":"#texture"},"up":{"uv":[14,0.5,15.5,1],"texture":"#texture"},"north":{"uv":[14,0,15.5,1],"texture":"#texture"},"south":{"uv":[14,0,15.5,1],"texture":"#texture"},"west":{"uv":[15,0,15.5,1],"texture":"#texture"},"east":{"uv":[15,0,15.5,1],"texture":"#texture"}}},{"from":[11.5,8,7.5],"to":[13,9,8],"faces":{"down":{"uv":[6,0.5,7.5,1],"texture":"#texture"},"up":{"uv":[6,0.5,7.5,1],"texture":"#texture"},"north":{"uv":[6,0,7.5,1],"texture":"#texture"},"south":{"uv":[6,0,7.5,1],"texture":"#texture"},"west":{"uv":[6,0,6.5,1],"texture":"#texture"},"east":{"uv":[6,0,6.5,1],"texture":"#texture"}}},{"from":[6.5,8.5,7.5],"to":[9.5,20,8],"faces":{"up":{"uv":[0,0,3,0.5],"texture":"#texture","cullface":"up"},"north":{"uv":[0,0,3,11.5],"texture":"#texture","cullface":"up"},"south":{"uv":[0,0,3,11.5],"texture":"#texture","cullface":"up"},"west":{"uv":[0,0,0.5,11.5],"texture":"#texture","cullface":"up"},"east":{"uv":[2.5,0,3,11.5],"texture":"#texture","cullface":"up"}}},{"from":[7,20,7.5],"to":[9,26.5,8],"faces":{"up":{"uv":[3.5,0,5.5,0.5],"texture":"#texture","cullface":"up"},"north":{"uv":[3.5,0,5.5,6.5],"texture":"#texture","cullface":"up"},"south":{"uv":[3.5,0,5.5,6.5],"texture":"#texture","cullface":"up"},"west":{"uv":[3.5,0,4,6.5],"texture":"#texture","cullface":"up"},"east":{"uv":[5,0,5.5,6.5],"texture":"#texture","cullface":"up"}}},{"from":[7.5,26.5,7.5],"to":[8.5,28.5,8],"faces":{"up":{"uv":[6,4.5,7,5],"texture":"#texture","cullface":"up"},"north":{"uv":[6,4.5,7,6.5],"texture":"#texture","cullface":"up"},"south":{"uv":[6,4.5,7,6.5],"texture":"#texture","cullface":"up"},"west":{"uv":[6,4.5,6.5,6.5],"texture":"#texture","cullface":"up"},"east":{"uv":[6.5,4.5,7,6.5],"texture":"#texture","cullface":"up"}}},{"from":[7,8.5,7],"to":[9,19,8.5],"faces":{"up":{"uv":[0.5,1,2.5,2.5],"texture":"#texture","cullface":"up"},"north":{"uv":[0.5,1,2.5,11.5],"texture":"#texture","cullface":"up"},"south":{"uv":[0.5,1,2.5,11.5],"texture":"#texture","cullface":"up"},"west":{"uv":[0,1,1.5,11.5],"texture":"#texture","cullface":"up"},"east":{"uv":[1.5,1,3,11.5],"texture":"#texture","cullface":"up"}}},{"from":[7.5,19,7],"to":[8.5,25.5,8.5],"faces":{"up":{"uv":[3.5,0,4.5,1.5],"texture":"#texture","cullface":"up"},"north":{"uv":[3.5,0,4.5,6.5],"texture":"#texture","cullface":"up"},"south":{"uv":[4.5,0,5.5,6.5],"texture":"#texture","cullface":"up"},"west":{"uv":[3.5,0,5,6.5],"texture":"#texture","cullface":"up"},"east":{"uv":[4,0,5.5,6.5],"texture":"#texture","cullface":"up"}}},{"from":[7.75,25.5,7.25],"to":[8.25,26.5,8.25],"faces":{"up":{"uv":[6.25,5.5,6.75,6.5],"texture":"#texture","cullface":"up"},"north":{"uv":[6.25,6,6.75,6.5],"texture":"#texture","cullface":"up"},"south":{"uv":[6.25,6,6.75,6.5],"texture":"#texture","cullface":"up"},"west":{"uv":[6,6,7,6.5],"texture":"#texture","cullface":"up"},"east":{"uv":[6,6,7,6.5],"texture":"#texture","cullface":"up"}}},{"from":[7.75,28.5,7.5],"to":[8.25,29.5,8],"faces":{"up":{"uv":[6,6,6.5,6.5],"texture":"#texture","cullface":"up"},"north":{"uv":[6.25,5.25,6.75,6.25],"texture":"#texture","cullface":"up"},"south":{"uv":[6.25,5.25,6.75,6.25],"texture":"#texture","cullface":"up"},"west":{"uv":[6.25,5,6.75,6],"texture":"#texture","cullface":"up"},"east":{"uv":[6.25,5,6.75,6],"texture":"#texture","cullface":"up"}}}],"display":{"thirdperson_righthand":{"rotation":[0,90,0],"translation":[0,4.72,0],"scale":[2,2,1.5]},"thirdperson_lefthand":{"rotation":[0,90,0],"translation":[0,4.72,0],"scale":[2,2,1.5]},"ground":{"rotation":[90,0,0],"translation":[0,0,0],"scale":[1,1,1]},"fixed":{"rotation":[0,0,45],"translation":[3.4,-3.97,0],"scale":[1,1,1]},"firstperson_righthand":{"rotation":[-4,98,-10],"translation":[2.27,-0.76,-1.7],"scale":[1.2,1.5,1.5]},"firstperson_lefthand":{"rotation":[-4,98,-10],"translation":[2.27,-0.76,-1.7],"scale":[1.2,1.5,1.5]},"gui":{"rotation":[0,0,-45],"translation":[-3.02,-3.02,-2.83],"scale":[0.7,0.7,0.7]}}}