{"__comment":"designedbyroddanwithbdcraftcubikpro0.90beta-http://bdcraft.net","textures":{"texture":"items/handle_upwrap","baseofblade":"items/bladebaseunwrap","topofblade":"items/bladetopunwrap"},"elements":[{"from":[6,0.5,8],"to":[7.5,6.5,9],"faces":{"north":{"uv":[7,5.5,8.5,11.5],"texture":"#texture"},"south":{"uv":[9,5.5,7.5,11.5],"texture":"#texture"},"west":{"uv":[8,5.5,9,11.5],"texture":"#texture"},"east":{"uv":[7,5.5,8,11.5],"texture":"#texture"}}},{"from":[6.5,0.5,7.5],"to":[7,6.5,9.5],"faces":{"north":{"uv":[8.5,5.5,9,11.5],"texture":"#texture"},"south":{"uv":[7,5.5,7.5,11.5],"texture":"#texture"},"west":{"uv":[7,5,9,11],"texture":"#texture"},"east":{"uv":[7,5,9,11],"texture":"#texture"}}},{"from":[5.5,0,7.5],"to":[8,0.5,9.5],"faces":{"down":{"uv":[9.5,12,7,11.5],"texture":"#texture","cullface":"down"},"up":{"uv":[6.5,11.5,9,12],"texture":"#texture"},"north":{"uv":[7,11.5,9.5,12],"texture":"#texture"},"south":{"uv":[6.5,11.5,9,12],"texture":"#texture"},"west":{"uv":[7,11.5,9,12],"texture":"#texture"},"east":{"uv":[7,11.5,9,12],"texture":"#texture"}}},{"from":[5.75,-2,7.25],"to":[7.75,-1,7.75],"faces":{"down":{"uv":[8.25,12.25,9.75,12.75],"texture":"#texture","cullface":"down"},"up":{"uv":[8.25,12.25,9.75,12.75],"texture":"#texture","cullface":"down"},"north":{"uv":[8.25,12.25,9.5,12.75],"texture":"#texture","cullface":"down"},"west":{"uv":[8.5,13,9,14],"texture":"#texture","cullface":"down"},"east":{"uv":[8.5,13,9,14],"texture":"#texture","cullface":"down"}}},{"from":[6,-3,7.75],"to":[7.5,-2,8.25],"faces":{"down":{"uv":[8,12,9.5,12.5],"texture":"#texture","cullface":"down"},"north":{"uv":[8,12,9.5,13],"texture":"#texture","cullface":"down"},"west":{"uv":[8,13,8.5,14],"texture":"#texture","cullface":"down"},"east":{"uv":[8,13,8.5,14],"texture":"#texture","cullface":"down"}}},{"from":[5.5,6.5,7],"to":[8,7,10],"faces":{"down":{"uv":[7,5,9.5,5.5],"texture":"#texture"},"north":{"uv":[7,5,9.5,5.5],"texture":"#texture"},"south":{"uv":[6.5,5,9,5.5],"texture":"#texture"},"west":{"uv":[6.5,5,9.5,5.5],"texture":"#texture"},"east":{"uv":[9.5,5,6.5,5.5],"texture":"#texture"}}},{"from":[5.5,7,6],"to":[8,7.5,11],"faces":{"down":{"uv":[7,5,9,5.5],"texture":"#texture"},"north":{"uv":[8,4.5,10.5,5],"texture":"#texture"},"south":{"uv":[5.5,4.5,8,5],"texture":"#texture"},"west":{"uv":[5.5,4.5,10.5,5],"texture":"#texture"},"east":{"uv":[10.5,4.5,5.5,5],"texture":"#texture"}}},{"from":[5.5,7.5,5.5],"to":[8,8,11.5],"faces":{"down":{"uv":[6.5,5,9,5.5],"texture":"#texture"},"up":{"uv":[6.5,5,9,5.5],"texture":"#texture"},"north":{"uv":[8.5,4,11,4.5],"texture":"#texture"},"south":{"uv":[5,4,7.5,4.5],"texture":"#texture"},"west":{"uv":[5,4,11,4.5],"texture":"#texture"},"east":{"uv":[11,4,5,4.5],"texture":"#texture"}}},{"from":[5.5,8,4.5],"to":[8,8.5,7.5],"faces":{"down":{"uv":[9.5,3.5,12,4],"texture":"#texture"},"up":{"uv":[9.5,3.5,12,4],"texture":"#texture"},"north":{"uv":[9.5,3.5,12,4],"texture":"#texture"},"south":{"uv":[9,3.5,11.5,4],"texture":"#texture"},"west":{"uv":[12,3.5,9,4],"texture":"#texture"},"east":{"uv":[9,3.5,12,4],"texture":"#texture"}}},{"from":[5.5,7.5,4.5],"to":[8,8,5],"faces":{"down":{"uv":[11.5,4,12,4.5],"texture":"#texture"},"north":{"uv":[11.5,4,12,4.5],"texture":"#texture"},"south":{"uv":[11.5,4,12,4.5],"texture":"#texture"},"west":{"uv":[11.5,4,12,4.5],"texture":"#texture"},"east":{"uv":[11.5,4,12,4.5],"texture":"#texture"}}},{"from":[5.5,7.5,12],"to":[8,8,12.5],"faces":{"down":{"uv":[4,4,4.5,4.5],"texture":"#texture"},"north":{"uv":[4,4,4.5,4.5],"texture":"#texture"},"south":{"uv":[4,4,4.5,4.5],"texture":"#texture"},"west":{"uv":[4,4,4.5,4.5],"texture":"#texture"},"east":{"uv":[4,4,4.5,4.5],"texture":"#texture"}}},{"from":[5.5,8.5,4],"to":[8,9.5,6.5],"faces":{"down":{"uv":[10,2.5,12.5,3.5],"texture":"#texture"},"up":{"uv":[10,2.5,12.5,3.5],"texture":"#texture"},"north":{"uv":[10,2.5,12.5,3.5],"texture":"#texture"},"south":{"uv":[10,2.5,12.5,3.5],"texture":"#texture"},"west":{"uv":[12.5,2.5,10,3.5],"texture":"#texture"},"east":{"uv":[10,2.5,12.5,3.5],"texture":"#texture"}}},{"from":[6.5,-3.5,8.75],"to":[7,-3,9],"faces":{"down":{"uv":[7.5,15.25,8,15.5],"texture":"#texture","cullface":"down"},"south":{"uv":[7.5,15,8,15.5],"texture":"#texture","cullface":"down"},"west":{"uv":[7.5,15,7.75,15.5],"texture":"#texture","cullface":"down"},"east":{"uv":[7.5,15,7.75,15.5],"texture":"#texture","cullface":"down"}}},{"from":[6.25,-2,9.75],"to":[7.25,-1,10],"faces":{"down":{"uv":[7.25,12.75,6.25,12.5],"texture":"#texture","cullface":"down"},"south":{"uv":[6.25,12,7.25,13],"texture":"#texture","cullface":"down"},"west":{"uv":[6.5,13,6.75,14],"texture":"#texture","cullface":"down"},"east":{"uv":[6.5,13,6.75,14],"texture":"#texture","cullface":"down"}}},{"from":[6,-1,10.25],"to":[7.5,0,10.5],"faces":{"down":{"uv":[6,12.5,7.5,12.75],"texture":"#texture","cullface":"down"},"up":{"uv":[6,12,7.5,12.25],"texture":"#texture","cullface":"down"},"south":{"uv":[6,12,7.5,13],"texture":"#texture","cullface":"down"},"west":{"uv":[6,12,6.25,13],"texture":"#texture","cullface":"down"},"east":{"uv":[6,12,6.25,13],"texture":"#texture","cullface":"down"}}},{"from":[6.25,-3,9.25],"to":[7.25,-2,9.5],"faces":{"down":{"uv":[6.5,12.5,7.5,12.75],"texture":"#texture","cullface":"down"},"south":{"uv":[6.5,13,7.5,14],"texture":"#texture","cullface":"down"},"west":{"uv":[6.5,13,6.75,14],"texture":"#texture","cullface":"down"},"east":{"uv":[6.5,13,6.75,14],"texture":"#texture","cullface":"down"}}},{"from":[6.25,-3.5,8.25],"to":[7.25,-3,8.75],"faces":{"down":{"uv":[7.25,12.5,7.75,11.5],"texture":"#texture","cullface":"down"},"north":{"uv":[8.25,12.75,9.25,13.75],"texture":"#texture","cullface":"down"},"south":{"uv":[6.5,12.75,7.5,13.75],"texture":"#texture","cullface":"down"},"west":{"uv":[8.25,14.5,7.75,15.5],"texture":"#texture","cullface":"down"},"east":{"uv":[7.75,14.5,8.25,15.5],"texture":"#texture","cullface":"down"}}},{"from":[6.5,-3.5,8],"to":[7,-3,8.25],"faces":{"down":{"uv":[8,15.25,8.5,15.5],"texture":"#texture","cullface":"down"},"north":{"uv":[8.25,15,8.5,15.5],"texture":"#texture","cullface":"down"},"west":{"uv":[8.25,15,8.5,15.5],"texture":"#texture","cullface":"down"},"east":{"uv":[8.25,15,8.5,15.5],"texture":"#texture","cullface":"down"}}},{"from":[6.25,-3,7.5],"to":[7.25,-2,7.75],"faces":{"down":{"uv":[8,12.75,9,13],"texture":"#texture","cullface":"down"},"north":{"uv":[8,11.75,9,12.75],"texture":"#texture","cullface":"down"},"west":{"uv":[8.75,14,9,15],"texture":"#texture","cullface":"down"},"east":{"uv":[8.75,14,9,15],"texture":"#texture","cullface":"down"}}},{"from":[6.25,-2,7],"to":[7.25,-1,7.25],"faces":{"down":{"uv":[8.5,12.5,9.5,12.75],"texture":"#texture","cullface":"down"},"north":{"uv":[8.25,12,9.25,13],"texture":"#texture","cullface":"down"},"west":{"uv":[9.25,13,9.5,14],"texture":"#texture","cullface":"down"},"east":{"uv":[9.25,13,9.5,14],"texture":"#texture","cullface":"down"}}},{"from":[6,-1,6.5],"to":[7.5,0,6.75],"faces":{"down":{"uv":[8.5,12.25,10,12.5],"texture":"#texture","cullface":"down"},"up":{"uv":[8.5,12.25,10,12.5],"texture":"#texture","cullface":"down"},"north":{"uv":[8.25,12,9.75,13],"texture":"#texture","cullface":"down"},"west":{"uv":[9.75,12,10,13],"texture":"#texture","cullface":"down"},"east":{"uv":[9.75,12,10,13],"texture":"#texture","cullface":"down"}}},{"from":[5.5,9.5,5],"to":[8,10,7.5],"faces":{"down":{"uv":[9,2,11.5,2.5],"texture":"#texture"},"up":{"uv":[9,2,11.5,2.5],"texture":"#texture"},"north":{"uv":[9,2,11.5,2.5],"texture":"#texture"},"south":{"uv":[9,2,11.5,2.5],"texture":"#texture"},"west":{"uv":[11.5,2,9,2.5],"texture":"#texture"},"east":{"uv":[9,2,11.5,2.5],"texture":"#texture"}}},{"from":[5.5,8,9.5],"to":[8,8.5,12.5],"faces":{"down":{"uv":[3.5,3.5,6,4],"texture":"#texture"},"up":{"uv":[3.5,3.5,6,4],"texture":"#texture"},"north":{"uv":[4,3.5,6.5,4],"texture":"#texture"},"south":{"uv":[4.5,3.5,7,4],"texture":"#texture"},"west":{"uv":[7,3.5,4,4],"texture":"#texture"},"east":{"uv":[4,3.5,7,4],"texture":"#texture"}}},{"from":[5.5,8.5,10.5],"to":[8,9.5,13],"faces":{"down":{"uv":[3.5,2.5,6,3.5],"texture":"#texture"},"up":{"uv":[3.5,2.5,6,3.5],"texture":"#texture"},"north":{"uv":[3.5,2.5,6,3.5],"texture":"#texture"},"south":{"uv":[3.5,2.5,6,3.5],"texture":"#texture"},"west":{"uv":[6,2.5,3.5,3.5],"texture":"#texture"},"east":{"uv":[3.5,2.5,6,3.5],"texture":"#texture"}}},{"from":[5.5,9.5,9.5],"to":[8,10,12],"faces":{"down":{"uv":[4.5,2,7,2.5],"texture":"#texture"},"up":{"uv":[4.5,2,7,2.5],"texture":"#texture"},"north":{"uv":[4.5,2,7,2.5],"texture":"#texture"},"south":{"uv":[4.5,2,7,2.5],"texture":"#texture"},"west":{"uv":[7,2,4.5,2.5],"texture":"#texture"},"east":{"uv":[4.5,2,7,2.5],"texture":"#texture"}}},{"from":[6,8.5,6.5],"to":[7.5,9.5,10.5],"faces":{"down":{"uv":[7.5,0.5,8.5,4],"texture":"#texture"},"up":{"uv":[7.5,0.5,8.5,4],"texture":"#texture"},"west":{"uv":[6,2.5,10,3.5],"texture":"#texture"},"east":{"uv":[6,2.5,10,3.5],"texture":"#texture"}}},{"from":[6.25,10,8],"to":[7.25,11.5,9],"faces":{"up":{"uv":[7.5,0.5,8.5,1],"texture":"#texture"},"north":{"uv":[8,0.5,8.5,2],"texture":"#texture"},"south":{"uv":[7.5,0.5,8,2],"texture":"#texture"},"west":{"uv":[8.5,0.5,7.5,2],"texture":"#texture"},"east":{"uv":[7.5,0.5,8.5,2],"texture":"#texture"}}},{"from":[6.5,13,9],"to":[7,13.5,9.5],"faces":{"south":{"uv":[8.5,12,9,12.5],"texture":"#baseofblade"},"west":{"uv":[8.5,12,9,12.5],"texture":"#baseofblade"},"east":{"uv":[8.5,12,9,12.5],"texture":"#baseofblade"}}},{"from":[6.5,13,7.5],"to":[7,13.5,8],"faces":{"north":{"uv":[9,3,9.5,3.5],"texture":"#texture"},"west":{"uv":[7.5,1,8,1.5],"texture":"#texture"},"east":{"uv":[7.5,1,8,1.5],"texture":"#texture"}}},{"from":[6.5,17,9],"to":[7,18,9.5],"faces":{"west":{"uv":[9,2.5,9.5,3.5],"texture":"#texture","cullface":"up"},"east":{"uv":[9,2.5,9.5,3.5],"texture":"#texture","cullface":"up"}}},{"from":[5.5,-1,9.5],"to":[8,0,10.25],"faces":{"down":{"uv":[6,12,8,12.5],"texture":"#texture","cullface":"down"},"up":{"uv":[6,12,8,12.5],"texture":"#texture","cullface":"down"},"south":{"uv":[6,12,8,13],"texture":"#texture","cullface":"down"},"west":{"uv":[6,12,6.75,13],"texture":"#texture","cullface":"down"},"east":{"uv":[6,12,6.75,13],"texture":"#texture","cullface":"down"}}},{"from":[5.75,-2,9.25],"to":[7.75,-1,9.75],"faces":{"down":{"uv":[6,12,8,12.5],"texture":"#texture","cullface":"down"},"up":{"uv":[6,12,8,12.5],"texture":"#texture","cullface":"down"},"south":{"uv":[6,12,8,13],"texture":"#texture","cullface":"down"},"west":{"uv":[6.25,12,6.75,13],"texture":"#texture","cullface":"down"},"east":{"uv":[6.25,12,6.75,13],"texture":"#texture","cullface":"down"}}},{"from":[6,-3,8.75],"to":[7.5,-2,9.25],"faces":{"down":{"uv":[6.25,12.25,7.75,12.75],"texture":"#texture","cullface":"down"},"south":{"uv":[6,12,7.5,13],"texture":"#texture","cullface":"down"},"west":{"uv":[7,14,7.5,15],"texture":"#texture","cullface":"down"},"east":{"uv":[7,14,7.5,15],"texture":"#texture","cullface":"down"}}},{"from":[5.25,-1,8.75],"to":[8.25,0,9.5],"faces":{"down":{"uv":[6,12,8,12.5],"texture":"#texture","cullface":"down"},"up":{"uv":[6,12,8,12.5],"texture":"#texture","cullface":"down"},"south":{"uv":[6,12,7.5,13],"texture":"#texture","cullface":"down"},"west":{"uv":[7,12,7.75,13],"texture":"#texture","cullface":"down"},"east":{"uv":[7,12,7.75,13],"texture":"#texture","cullface":"down"}}},{"from":[5.5,-1,6.75],"to":[8,0,7.5],"faces":{"down":{"uv":[8.25,12.25,9.75,13],"texture":"#texture","cullface":"down"},"up":{"uv":[8.25,12.25,9.75,13],"texture":"#texture","cullface":"down"},"north":{"uv":[8,12,9.25,12.75],"texture":"#texture","cullface":"down"},"west":{"uv":[8.75,12,9.5,13],"texture":"#texture","cullface":"down"},"east":{"uv":[8.75,12,9.5,13],"texture":"#texture","cullface":"down"}}},{"from":[5.25,-1,7.5],"to":[8.25,0,8.25],"faces":{"down":{"uv":[8,12,9.75,12.75],"texture":"#texture","cullface":"down"},"up":{"uv":[8,12,9.75,12.75],"texture":"#texture","cullface":"down"},"north":{"uv":[8,12,9.25,13],"texture":"#texture","cullface":"down"},"west":{"uv":[8,12,8.75,13],"texture":"#texture","cullface":"down"},"east":{"uv":[8,12,8.75,13],"texture":"#texture","cullface":"down"}}},{"from":[5.5,-2,8.75],"to":[8,-1,9.25],"faces":{"down":{"uv":[6.5,12.25,7.5,12.75],"texture":"#texture","cullface":"down"},"south":{"uv":[6.75,12.25,7.5,13.25],"texture":"#texture","cullface":"down"},"west":{"uv":[6.75,12,7.25,13],"texture":"#texture","cullface":"down"},"east":{"uv":[6.75,12,7.25,13],"texture":"#texture","cullface":"down"}}},{"from":[5.5,-2,7.75],"to":[8,-1,8.25],"faces":{"down":{"uv":[8.25,12,9.75,12.5],"texture":"#texture","cullface":"down"},"north":{"uv":[8.25,12.25,9.5,13],"texture":"#texture","cullface":"down"},"west":{"uv":[8,13,8.5,14],"texture":"#texture","cullface":"down"},"east":{"uv":[8,13,8.5,14],"texture":"#texture","cullface":"down"}}},{"from":[5,-1,8.25],"to":[8.5,0,8.75],"faces":{"down":{"uv":[7.25,12.5,7.75,11.5],"texture":"#texture","cullface":"down"},"up":{"uv":[7.25,11.5,7.75,12.5],"texture":"#texture","cullface":"down"},"north":{"uv":[8,12,10,12.75],"texture":"#texture","cullface":"down"},"south":{"uv":[6,12.25,8,13],"texture":"#texture","cullface":"down"},"west":{"uv":[8.25,12,7.75,13],"texture":"#texture","cullface":"down"},"east":{"uv":[7.75,12,8.25,13],"texture":"#texture","cullface":"down"}}},{"from":[5.25,-2,8.25],"to":[8.25,-1,8.75],"faces":{"down":{"uv":[6.75,12.5,7.25,11.5],"texture":"#texture","cullface":"down"},"north":{"uv":[8,12,9,13],"texture":"#texture","cullface":"down"},"south":{"uv":[7,12,8,13],"texture":"#texture","cullface":"down"},"west":{"uv":[8.25,13,7.75,14],"texture":"#texture","cullface":"down"},"east":{"uv":[7.75,13,8.25,14],"texture":"#texture","cullface":"down"}}},{"from":[5.75,-3,8.25],"to":[7.75,-2,8.75],"faces":{"down":{"uv":[7,12.5,7.5,11.5],"texture":"#texture","cullface":"down"},"north":{"uv":[8,12,10,13],"texture":"#texture","cullface":"down"},"south":{"uv":[6,12,8,13],"texture":"#texture","cullface":"down"},"west":{"uv":[8.25,14,7.75,15],"texture":"#texture","cullface":"down"},"east":{"uv":[7.75,14,8.25,15],"texture":"#texture","cullface":"down"}}},{"from":[6,0,9.5],"to":[7.5,0.5,10],"faces":{"up":{"uv":[8,11.5,9.5,12],"texture":"#texture"},"south":{"uv":[8,11.5,9.5,12],"texture":"#texture"},"west":{"uv":[9,11.5,9.5,12],"texture":"#texture"},"east":{"uv":[9,11.5,9.5,12],"texture":"#texture"}}},{"from":[6,0,7],"to":[7.5,0.5,7.5],"faces":{"up":{"uv":[6.5,11.5,8,12],"texture":"#texture"},"north":{"uv":[6.5,11.5,8,12],"texture":"#texture"},"west":{"uv":[6.5,11.5,7,12],"texture":"#texture"},"east":{"uv":[6.5,11.5,7,12],"texture":"#texture"}}},{"from":[6,7.5,12.5],"to":[7.5,8.5,14],"faces":{"down":{"uv":[2,3,3.5,4.5],"texture":"#texture"},"up":{"uv":[2,3,3.5,4.5],"texture":"#texture"},"north":{"uv":[2.5,3.5,4,4.5],"texture":"#texture"},"south":{"uv":[2.5,3.5,4,4.5],"texture":"#texture"},"west":{"uv":[4,3.5,2.5,4.5],"texture":"#texture"},"east":{"uv":[2.5,3.5,4,4.5],"texture":"#texture"}}},{"from":[6,8.5,13],"to":[7.5,9,14.5],"faces":{"down":{"uv":[2,3,3.5,4.5],"texture":"#texture"},"up":{"uv":[2,3,3.5,4.5],"texture":"#texture"},"south":{"uv":[2,3,3.5,3.5],"texture":"#texture"},"west":{"uv":[3.5,3,2,3.5],"texture":"#texture"},"east":{"uv":[2,3,3.5,3.5],"texture":"#texture"}}},{"from":[6.5,8,15],"to":[7,8.5,15.5],"faces":{"down":{"uv":[1,3.5,1.5,4],"texture":"#texture"},"south":{"uv":[1,3.5,1.5,4],"texture":"#texture"},"west":{"uv":[1,3.5,1.5,4],"texture":"#texture"},"east":{"uv":[1,3.5,1.5,4],"texture":"#texture"}}},{"from":[6.5,7.5,14.5],"to":[7,8,15],"faces":{"down":{"uv":[1.5,4,2,4.5],"texture":"#texture"},"south":{"uv":[1.5,4,2,4.5],"texture":"#texture"},"west":{"uv":[1.5,4,2,4.5],"texture":"#texture"},"east":{"uv":[1.5,4,2,4.5],"texture":"#texture"}}},{"from":[6.25,9,13.5],"to":[7.25,9.5,14.5],"faces":{"up":{"uv":[2,2.5,3,3.5],"texture":"#texture"},"north":{"uv":[2,2.5,3,3],"texture":"#texture"},"west":{"uv":[3,2.5,2,3],"texture":"#texture"},"east":{"uv":[2,2.5,3,3],"texture":"#texture"}}},{"from":[6.25,9.5,14],"to":[7.25,10,14.75],"faces":{"down":{"uv":[1.5,2,2.5,2.75],"texture":"#texture"},"up":{"uv":[1.5,2,2.5,2.75],"texture":"#texture"},"north":{"uv":[1.5,2,2.5,2.5],"texture":"#texture"},"west":{"uv":[2.5,2,1.75,2.5],"texture":"#texture"},"east":{"uv":[1.75,2,2.5,2.5],"texture":"#texture"}}},{"from":[6.25,10,14.5],"to":[7.25,10.5,15],"faces":{"down":{"uv":[1.5,1.5,2,2],"texture":"#texture"},"up":{"uv":[1.5,1.5,2,2],"texture":"#texture"},"north":{"uv":[1.5,1.5,2,2],"texture":"#texture"},"south":{"uv":[1.5,1.5,2,2],"texture":"#texture"},"west":{"uv":[1.5,1.5,2,2],"texture":"#texture"},"east":{"uv":[1.5,1.5,2,2],"texture":"#texture"}}},{"from":[6.5,10.5,15.5],"to":[7,11.5,16],"faces":{"up":{"uv":[0.5,0.5,1,1],"texture":"#texture"},"north":{"uv":[0.5,1,1,1.5],"texture":"#texture"},"south":{"uv":[0.5,0.5,1,1],"texture":"#texture","cullface":"south"},"west":{"uv":[1,0.5,0.5,1.5],"texture":"#texture"},"east":{"uv":[0.5,0.5,1,1.5],"texture":"#texture"}}},{"from":[6.25,8.5,14.5],"to":[7.25,9,15.5],"faces":{"down":{"uv":[2.5,3.5,3.5,4],"texture":"#texture"},"up":{"uv":[1,3,2,4],"texture":"#texture"},"south":{"uv":[0.75,2,1.75,2.5],"texture":"#texture"},"west":{"uv":[2,3,1,3.5],"texture":"#texture"},"east":{"uv":[1,3,2,3.5],"texture":"#texture"}}},{"from":[6.5,7,12.5],"to":[7,7.5,14.5],"faces":{"down":{"uv":[1,1,1.5,3],"texture":"#texture"},"up":{"uv":[1,1,1.5,3],"texture":"#texture"},"north":{"uv":[3.5,4.5,4,5],"texture":"#texture"},"south":{"uv":[2,4.5,2.5,5],"texture":"#texture"},"west":{"uv":[4,4.5,2,5],"texture":"#texture"},"east":{"uv":[2,4.5,4,5],"texture":"#texture"}}},{"from":[6.25,7.5,14],"to":[7.25,8.5,14.5],"faces":{"down":{"uv":[2,4,3,4.5],"texture":"#texture"},"south":{"uv":[2,3.5,3,4.5],"texture":"#texture"},"west":{"uv":[2.5,3.5,2,4.5],"texture":"#texture"},"east":{"uv":[2,3.5,2.5,4.5],"texture":"#texture"}}},{"from":[6.25,8,14.5],"to":[7.25,8.5,15],"faces":{"down":{"uv":[1.5,3.5,2,4],"texture":"#texture"},"south":{"uv":[1.5,3.5,2,4],"texture":"#texture"},"west":{"uv":[1.5,3.5,2,4],"texture":"#texture"},"east":{"uv":[1.5,3.5,2,4],"texture":"#texture"}}},{"from":[6.25,9,15.5],"to":[7.25,10,16],"faces":{"down":{"uv":[0.5,2,1.5,2.5],"texture":"#texture"},"up":{"uv":[0.5,2,1.5,2.5],"texture":"#texture"},"north":{"uv":[0.5,2,1,3],"texture":"#texture"},"south":{"uv":[0.5,2,1,3],"texture":"#texture","cullface":"south"},"west":{"uv":[1,2,0.5,3],"texture":"#texture"},"east":{"uv":[0.5,2,1,3],"texture":"#texture"}}},{"from":[6.5,10.25,15],"to":[7,11,15.5],"faces":{"up":{"uv":[1,1,1.5,1.5],"texture":"#texture"},"north":{"uv":[1,1,1.5,1.75],"texture":"#texture"},"south":{"uv":[1,1,1.5,1.75],"texture":"#texture"},"west":{"uv":[1.5,1,1,1.75],"texture":"#texture"},"east":{"uv":[1,1,1.5,1.75],"texture":"#texture"}}},{"from":[6.5,10,15.5],"to":[7,10.5,16],"faces":{"north":{"uv":[0.5,1.5,1,2],"texture":"#texture"},"south":{"uv":[0.5,1.5,1,2],"texture":"#texture","cullface":"south"},"west":{"uv":[0.5,1.5,1,2],"texture":"#texture"},"east":{"uv":[0.5,1.5,1,2],"texture":"#texture"}}},{"from":[6,8.75,14.5],"to":[7.5,9.5,15.25],"faces":{"down":{"uv":[2.5,3.75,3.5,4.5],"texture":"#texture"},"up":{"uv":[1.25,2.5,2.75,3.25],"texture":"#texture"},"north":{"uv":[1.25,2.5,2.75,3.25],"texture":"#texture"},"south":{"uv":[1.25,2.5,1.5,3.25],"texture":"#texture"},"west":{"uv":[2,2.5,1.25,3.25],"texture":"#texture"},"east":{"uv":[1.25,2.5,2,3.25],"texture":"#texture"}}},{"from":[6,9.5,14.75],"to":[7.5,10,15.5],"faces":{"down":{"uv":[0.5,2,2,2.5],"texture":"#texture"},"up":{"uv":[0.5,2,2,2.5],"texture":"#texture"},"north":{"uv":[0.5,2,2,2.5],"texture":"#texture"},"south":{"uv":[0.5,2,2,2.5],"texture":"#texture"},"west":{"uv":[1.75,2,1,2.5],"texture":"#texture"},"east":{"uv":[1,2,1.75,2.5],"texture":"#texture"}}},{"from":[6.25,10,15],"to":[7.25,10.25,15.5],"faces":{"up":{"uv":[0.5,1.75,1.5,2.25],"texture":"#texture"},"south":{"uv":[0.5,2,1.5,2.25],"texture":"#texture"},"west":{"uv":[1,1.75,1.5,2],"texture":"#texture"},"east":{"uv":[1,1.75,1.5,2],"texture":"#texture"}}},{"from":[6.25,9,15.25],"to":[7.25,9.5,15.5],"faces":{"west":{"uv":[1,2.5,1.25,3],"texture":"#texture"},"east":{"uv":[1,2.5,1.25,3],"texture":"#texture"}}},{"from":[6,9,14],"to":[7.5,9.25,14.5],"faces":{"up":{"uv":[1.5,2.5,2,3],"texture":"#texture"},"north":{"uv":[1.5,2.75,2,3],"texture":"#texture"},"west":{"uv":[1.5,2.75,2,3],"texture":"#texture"},"east":{"uv":[1.5,2.75,2,3],"texture":"#texture"}}},{"from":[6.5,11,15],"to":[6.75,11.5,15.5],"faces":{"up":{"uv":[1,0.5,1.25,1],"texture":"#texture"},"north":{"uv":[1,0.5,1.5,1],"texture":"#texture"},"west":{"uv":[1,0.5,1.5,1],"texture":"#texture"},"east":{"uv":[1,0.5,1.5,1],"texture":"#texture"}}},{"from":[6.5,7,2.5],"to":[7,7.5,4.5],"faces":{"down":{"uv":[13.5,3,14,5],"texture":"#texture"},"up":{"uv":[13.5,3,14,5],"texture":"#texture"},"north":{"uv":[13.5,4.5,14,5],"texture":"#texture"},"south":{"uv":[12,4.5,12.5,5],"texture":"#texture"},"west":{"uv":[14,4.5,12,5],"texture":"#texture"},"east":{"uv":[12,4.5,14,5],"texture":"#texture"}}},{"from":[6,7.5,3],"to":[7.5,8.5,4.5],"faces":{"down":{"uv":[12,3.5,13.5,5],"texture":"#texture"},"up":{"uv":[12,3.5,13.5,5],"texture":"#texture"},"north":{"uv":[12,3.5,13.5,4.5],"texture":"#texture"},"south":{"uv":[12,3.5,13.5,4.5],"texture":"#texture"},"west":{"uv":[13.5,3.5,12,4.5],"texture":"#texture"},"east":{"uv":[12,3.5,13.5,4.5],"texture":"#texture"}}},{"from":[6.25,7.5,2.5],"to":[7.25,8.5,3],"faces":{"down":{"uv":[13,4,14,4.5],"texture":"#texture"},"north":{"uv":[13,3.5,14,4.5],"texture":"#texture"},"west":{"uv":[14,3.5,13.5,4.5],"texture":"#texture"},"east":{"uv":[13.5,3.5,14,4.5],"texture":"#texture"}}},{"from":[6,8.5,2.5],"to":[7.5,9,4],"faces":{"down":{"uv":[12.5,3,14,4.5],"texture":"#texture"},"up":{"uv":[12.5,3,14,4.5],"texture":"#texture"},"north":{"uv":[12.5,3.5,14,4],"texture":"#texture"},"west":{"uv":[14,3,12.5,3.5],"texture":"#texture"},"east":{"uv":[12.5,3,14,3.5],"texture":"#texture"}}},{"from":[6.25,8.5,1.5],"to":[7.25,9,2.5],"faces":{"down":{"uv":[13,3.5,13.75,4],"texture":"#texture"},"up":{"uv":[14,3,15,4],"texture":"#texture"},"north":{"uv":[13.25,3.5,14.25,4],"texture":"#texture"},"west":{"uv":[15,3,14,3.5],"texture":"#texture"},"east":{"uv":[14,3,15,3.5],"texture":"#texture"}}},{"from":[6.25,8,2],"to":[7.25,8.5,2.5],"faces":{"down":{"uv":[13.5,3.5,14.5,4],"texture":"#texture"},"north":{"uv":[13.5,3.5,14.5,4],"texture":"#texture"},"west":{"uv":[14,3.5,14.5,4],"texture":"#texture"},"east":{"uv":[14,3.5,14.5,4],"texture":"#texture"}}},{"from":[6.5,7.5,2],"to":[7,8,2.5],"faces":{"down":{"uv":[14,4,14.5,4.5],"texture":"#texture"},"north":{"uv":[14,4,14.5,4.5],"texture":"#texture"},"west":{"uv":[14.5,4,14,4.5],"texture":"#texture"},"east":{"uv":[14,4,14.5,4.5],"texture":"#texture"}}},{"from":[6.5,8,1.5],"to":[7,8.5,2],"faces":{"down":{"uv":[14.5,3.5,15,4],"texture":"#texture"},"north":{"uv":[14.5,3.5,15,4],"texture":"#texture"},"west":{"uv":[14.5,3.5,15,4],"texture":"#texture"},"east":{"uv":[14.5,3.5,15,4],"texture":"#texture"}}},{"from":[6.25,9,2.5],"to":[7.25,9.5,3.5],"faces":{"up":{"uv":[13,2.5,14,3.5],"texture":"#texture"},"south":{"uv":[13,2.5,14,3],"texture":"#texture"},"west":{"uv":[14,2.5,13,3],"texture":"#texture"},"east":{"uv":[13,2.5,14,3],"texture":"#texture"}}},{"from":[6.25,9,15.25],"to":[7.25,9.5,15.5],"faces":{"west":{"uv":[15.25,1.5,15.5,2],"texture":"#texture"},"east":{"uv":[0.5,1.5,0.75,2],"texture":"#texture"}}},{"from":[6.25,9,1],"to":[7.25,10,1.5],"faces":{"down":{"uv":[14.5,1.5,15.5,2],"texture":"#texture"},"up":{"uv":[14.5,1.5,15.5,2],"texture":"#texture"},"north":{"uv":[15,2,15.5,3],"texture":"#texture"},"south":{"uv":[15,2,15.5,3],"texture":"#texture"},"west":{"uv":[15.5,2,15,3],"texture":"#texture"},"east":{"uv":[15,2,15.5,3],"texture":"#texture"}}},{"from":[6.25,9,1.5],"to":[7.25,9.5,1.75],"faces":{"west":{"uv":[14.75,2.5,15,3],"texture":"#texture"},"east":{"uv":[14.75,2.5,15,3],"texture":"#texture"}}},{"from":[6.5,10,1],"to":[7,10.5,1.5],"faces":{"north":{"uv":[15,1.5,15.5,2],"texture":"#texture"},"south":{"uv":[15,1.5,15.5,2],"texture":"#texture"},"west":{"uv":[15,1.5,15.5,2],"texture":"#texture"},"east":{"uv":[15,1.5,15.5,2],"texture":"#texture"}}},{"from":[6.5,10.5,1],"to":[7,11.5,1.5],"faces":{"up":{"uv":[15,0.5,15.5,1],"texture":"#texture"},"north":{"uv":[15,1,15.5,1.5],"texture":"#texture"},"south":{"uv":[15,0.5,15.5,1],"texture":"#texture"},"west":{"uv":[15.5,0.5,15,1.5],"texture":"#texture"},"east":{"uv":[15,0.5,15.5,1.5],"texture":"#texture"}}},{"from":[6.25,9.5,2.25],"to":[7.25,10,3],"faces":{"down":{"uv":[13.5,2,14.5,2.75],"texture":"#texture"},"up":{"uv":[13.5,2,14.5,2.75],"texture":"#texture"},"south":{"uv":[13.5,2,14.5,2.5],"texture":"#texture"},"west":{"uv":[14.25,2,13.5,2.5],"texture":"#texture"},"east":{"uv":[13.5,2,14.25,2.5],"texture":"#texture"}}},{"from":[6.5,10.25,1.5],"to":[7,11,2],"faces":{"up":{"uv":[14.5,1,15,1.5],"texture":"#texture"},"north":{"uv":[14.5,1,15,1.75],"texture":"#texture"},"south":{"uv":[14.5,1,15,1.75],"texture":"#texture"},"west":{"uv":[15,1,14.5,1.75],"texture":"#texture"},"east":{"uv":[14.5,1,15,1.75],"texture":"#texture"}}},{"from":[6.5,11,1.5],"to":[6.75,11.5,2],"faces":{"up":{"uv":[14.5,0.5,15,1],"rotation":180,"texture":"#texture"},"south":{"uv":[14.5,0.5,15,1],"texture":"#texture"},"west":{"uv":[14.5,0.5,15,1],"texture":"#texture"},"east":{"uv":[14.5,0.5,15,1],"texture":"#texture"}}},{"from":[6.25,10,2],"to":[7.25,10.5,2.5],"faces":{"down":{"uv":[14,1.5,14.5,2],"texture":"#texture"},"up":{"uv":[14,1.5,14.5,2],"texture":"#texture"},"north":{"uv":[14,1.5,14.5,2],"texture":"#texture"},"south":{"uv":[14,1.5,14.5,2],"texture":"#texture"},"west":{"uv":[14,1.5,14.5,2],"texture":"#texture"},"east":{"uv":[14,1.5,14.5,2],"texture":"#texture"}}},{"from":[6,9,2.5],"to":[7.5,9.25,3],"faces":{"up":{"uv":[13.5,2.75,14.25,3],"texture":"#texture"},"south":{"uv":[13,2.5,13.5,3],"texture":"#texture"},"west":{"uv":[14,3.25,13.5,3.5],"texture":"#texture"},"east":{"uv":[13.5,3.25,14,3.5],"texture":"#texture"}}},{"from":[6,8.75,1.75],"to":[7.5,9.5,2.5],"faces":{"down":{"uv":[13,3.5,14.5,4],"texture":"#texture"},"up":{"uv":[15,1.5,14.5,2.5],"rotation":180,"texture":"#texture"},"north":{"uv":[12.5,3.5,14,4],"texture":"#texture"},"south":{"uv":[14.75,2.5,13.25,3.25],"texture":"#texture"},"west":{"uv":[14.75,2.5,14,3.25],"texture":"#texture"},"east":{"uv":[14,2.5,14.75,3.25],"texture":"#texture"}}},{"from":[6,9.5,1.5],"to":[7.5,10,2.25],"faces":{"down":{"uv":[12.75,3.5,13.75,4],"texture":"#texture"},"up":{"uv":[15,2.5,14.5,1.75],"texture":"#texture"},"north":{"uv":[13.25,3.5,14,4],"texture":"#texture"},"south":{"uv":[15,2,14.25,2.5],"texture":"#texture"},"west":{"uv":[15,2,14.25,2.5],"texture":"#texture"},"east":{"uv":[14.25,2,15,2.5],"texture":"#texture"}}},{"from":[6.25,10,1.5],"to":[7.25,10.25,2],"faces":{"up":{"uv":[14.25,1.5,15.25,2],"texture":"#texture"},"north":{"uv":[14.25,1.75,15.25,2],"texture":"#texture"},"west":{"uv":[14.5,1.75,15,2],"texture":"#texture"},"east":{"uv":[14.5,1.75,15,2],"texture":"#texture"}}},{"from":[6.5,11.5,5],"to":[7,12.5,6],"faces":{"down":{"uv":[4.5,13.5,5.5,14],"texture":"#baseofblade"},"up":{"uv":[4.5,13,5.5,13.5],"texture":"#baseofblade"},"north":{"uv":[4.5,13,5,14],"texture":"#baseofblade"},"west":{"uv":[4.5,13,5.5,14],"texture":"#baseofblade"},"east":{"uv":[5.5,13,4.5,14],"texture":"#baseofblade"}}},{"from":[6.5,12.5,5.5],"to":[7,13,6],"faces":{"up":{"uv":[5,12.5,5.5,13],"texture":"#baseofblade"},"north":{"uv":[5,12.5,5.5,13],"texture":"#baseofblade"},"west":{"uv":[5,12.5,5.5,13],"texture":"#baseofblade"},"east":{"uv":[5,12.5,5.5,13],"texture":"#baseofblade"}}},{"from":[6.5,13.5,9.5],"to":[7,17,11],"faces":{"down":{"uv":[9.25,11.5,10.5,12],"texture":"#baseofblade","cullface":"up"},"up":{"uv":[9.25,8.5,10.5,9],"texture":"#baseofblade","cullface":"up"},"south":{"uv":[10,8.5,10.5,12],"texture":"#baseofblade","cullface":"up"},"west":{"uv":[9.25,8.5,10.5,12],"texture":"#baseofblade","cullface":"up"},"east":{"uv":[10.5,8.5,9.25,12],"texture":"#baseofblade","cullface":"up"}}},{"from":[6.5,13.5,6],"to":[7,17,7.5],"faces":{"down":{"uv":[5.5,11.5,7.25,12],"texture":"#baseofblade","cullface":"up"},"up":{"uv":[5.5,8.5,7.25,9],"texture":"#baseofblade","cullface":"up"},"north":{"uv":[6.75,8.5,7.25,12],"texture":"#baseofblade","cullface":"up"},"west":{"uv":[5.5,8.5,7.25,12],"texture":"#baseofblade","cullface":"up"},"east":{"uv":[7.25,8.5,5.5,12],"texture":"#baseofblade","cullface":"up"}}},{"from":[6.5,18,9.5],"to":[7,24.5,11],"faces":{"down":{"uv":[9,7,10.5,7.5],"texture":"#baseofblade","cullface":"up"},"up":{"uv":[9,0.5,10.5,1],"texture":"#baseofblade","cullface":"up"},"south":{"uv":[10,0.5,10.5,7.5],"texture":"#baseofblade","cullface":"up"},"west":{"uv":[9,0.5,10.5,7.5],"texture":"#baseofblade","cullface":"up"},"east":{"uv":[10.5,0.5,9,7.5],"texture":"#baseofblade","cullface":"up"}}},{"from":[6.5,18,6],"to":[7,24.5,7.5],"faces":{"down":{"uv":[9.5,8,9,6],"texture":"#baseofblade","cullface":"up"},"up":{"uv":[6.5,6,7,8],"texture":"#baseofblade","cullface":"up"},"north":{"uv":[5.5,0.5,6,7.5],"texture":"#baseofblade","cullface":"up"},"west":{"uv":[5.5,0.5,7,7.5],"texture":"#baseofblade","cullface":"up"},"east":{"uv":[7,0.5,5.5,7.5],"texture":"#baseofblade","cullface":"up"}}},{"from":[6.5,17,9.75],"to":[7,18,11],"faces":{"north":{"uv":[9.25,7.5,9.75,8.5],"texture":"#baseofblade","cullface":"up"},"west":{"uv":[9.25,7.5,10.5,8.5],"texture":"#baseofblade","cullface":"up"},"east":{"uv":[10.5,7.5,9.25,8.5],"texture":"#baseofblade","cullface":"up"}}},{"from":[6.5,17,6],"to":[7,18,7.25],"faces":{"south":{"uv":[6.25,7.5,6.75,8.5],"texture":"#baseofblade","cullface":"up"},"west":{"uv":[5.5,7.5,6.75,8.5],"texture":"#baseofblade","cullface":"up"},"east":{"uv":[6.75,7.5,5.5,8.5],"texture":"#baseofblade","cullface":"up"}}},{"from":[6.5,13,9.75],"to":[7,13.5,11],"faces":{"north":{"uv":[10,12,10.5,12.5],"texture":"#baseofblade"},"south":{"uv":[9.25,12,9.75,12.5],"texture":"#baseofblade"},"west":{"uv":[9.25,12,10.5,12.5],"texture":"#baseofblade"},"east":{"uv":[10.5,12,9.25,12.5],"texture":"#baseofblade"}}},{"from":[6.5,13,6],"to":[7,13.5,7.25],"faces":{"north":{"uv":[6.25,12,6.75,12.5],"texture":"#baseofblade"},"south":{"uv":[5.5,12,6,12.5],"texture":"#baseofblade"},"west":{"uv":[5.5,12,6.75,12.5],"texture":"#baseofblade"},"east":{"uv":[6.75,12,5.5,12.5],"texture":"#baseofblade"}}},{"from":[6,10,9.25],"to":[7.5,11.5,10.25],"faces":{"down":{"uv":[6.25,1,7.25,2],"texture":"#texture"},"north":{"uv":[7,0.5,7.5,1.75],"texture":"#texture"},"south":{"uv":[5.75,0.5,7,1.5],"texture":"#texture"},"west":{"uv":[7.25,0.5,6.25,2],"texture":"#texture"},"east":{"uv":[6.25,0.5,7.25,2],"texture":"#texture"}}},{"from":[6,10,10.25],"to":[7.5,11,10.75],"faces":{"up":{"uv":[5.75,1,6.25,1.5],"texture":"#texture"},"south":{"uv":[5.75,1,6.25,2],"texture":"#texture"},"west":{"uv":[6.25,1,5.75,2],"texture":"#texture"},"east":{"uv":[5.75,1,6.25,2],"texture":"#texture"}}},{"from":[6,10,6.25],"to":[7.5,11,6.75],"faces":{"up":{"uv":[9.75,1,10.25,1.5],"texture":"#texture"},"north":{"uv":[10,1,10.5,2],"texture":"#texture"},"west":{"uv":[10.25,1,9.75,2],"texture":"#texture"},"east":{"uv":[9.75,1,10.25,2],"texture":"#texture"}}},{"from":[6,10,6.75],"to":[7.5,11.5,7.75],"faces":{"down":{"uv":[8.75,1,9.75,2],"texture":"#texture"},"north":{"uv":[9,1,10,2],"texture":"#texture"},"south":{"uv":[8.5,0.5,9,1.5],"texture":"#texture"},"west":{"uv":[9.75,0.5,8.75,2],"texture":"#texture"},"east":{"uv":[8.75,0.5,9.75,2],"texture":"#texture"}}},{"from":[5.75,10,7],"to":[7.75,10.5,8],"faces":{"down":{"uv":[8.5,1.5,9.5,2],"texture":"#texture"},"up":{"uv":[8.5,1.5,9.5,2],"texture":"#texture"},"north":{"uv":[8.5,1.5,9.5,2],"texture":"#texture"},"south":{"uv":[8.5,1.5,9.5,2],"texture":"#texture"},"west":{"uv":[9.5,1.5,8.5,2],"texture":"#texture"},"east":{"uv":[8.5,1.5,9.5,2],"texture":"#texture"}}},{"from":[5.75,10,9],"to":[7.75,10.5,10],"faces":{"down":{"uv":[6.5,1.5,7.5,2],"texture":"#texture"},"up":{"uv":[6.5,1.5,7.5,2],"texture":"#texture"},"north":{"uv":[6.5,1.5,7.5,2],"texture":"#texture"},"south":{"uv":[6.5,1.5,7.5,2],"texture":"#texture"},"west":{"uv":[7.5,1.5,6.5,2],"texture":"#texture"},"east":{"uv":[6.5,1.5,7.5,2],"texture":"#texture"}}},{"from":[6.5,12.5,11],"to":[7,13,11.5],"faces":{"up":{"uv":[10.5,12.5,11,13],"texture":"#baseofblade"},"south":{"uv":[10.5,12.5,11,13],"texture":"#baseofblade"},"west":{"uv":[10.5,12.5,11,13],"texture":"#baseofblade"},"east":{"uv":[10.5,12.5,11,13],"texture":"#baseofblade"}}},{"from":[6.5,11.5,11],"to":[7,12.5,12],"faces":{"down":{"uv":[12.5,7.5,12,8.5],"texture":"#baseofblade"},"up":{"uv":[10.5,4,11,5.5],"texture":"#baseofblade"},"south":{"uv":[12,7,12.5,8],"texture":"#baseofblade"},"west":{"uv":[10.5,13,11.5,14],"texture":"#baseofblade"},"east":{"uv":[11.5,13,10.5,14],"texture":"#baseofblade"}}},{"from":[6.5,14,11],"to":[7,15,12.5],"faces":{"down":{"uv":[10.5,11,12,11.5],"texture":"#baseofblade"},"up":{"uv":[10.5,10.5,12,11],"texture":"#baseofblade"},"south":{"uv":[11.5,10.5,12,11.5],"texture":"#baseofblade"},"west":{"uv":[10.5,10.5,12,11.5],"texture":"#baseofblade"},"east":{"uv":[12,10.5,10.5,11.5],"texture":"#baseofblade"}}},{"from":[6.5,14,4.5],"to":[7,15,6],"faces":{"down":{"uv":[4,11,5.5,11.5],"texture":"#baseofblade"},"up":{"uv":[4,10.5,5.5,11],"texture":"#baseofblade"},"north":{"uv":[4,10.5,4.5,11.5],"texture":"#baseofblade"},"west":{"uv":[4,10.5,5.5,11.5],"texture":"#baseofblade"},"east":{"uv":[5.5,10.5,4,11.5],"texture":"#baseofblade"}}},{"from":[6.5,13.5,4],"to":[7,14,4.5],"faces":{"down":{"uv":[3.5,11.5,4,12],"texture":"#baseofblade"},"up":{"uv":[3.5,11.5,4,12],"texture":"#baseofblade"},"north":{"uv":[3.5,11.5,4,12],"texture":"#baseofblade"},"south":{"uv":[3.5,11.5,4,12],"texture":"#baseofblade"},"west":{"uv":[3.5,11.5,4,12],"texture":"#baseofblade"},"east":{"uv":[4,11.5,3.5,12],"texture":"#baseofblade"}}},{"from":[6.5,15,5],"to":[7,16,6],"faces":{"up":{"uv":[4.5,9.5,5.5,10],"texture":"#baseofblade","cullface":"up"},"north":{"uv":[4.5,9.5,5,10.5],"texture":"#baseofblade"},"west":{"uv":[4.5,9.5,5.5,10.5],"texture":"#baseofblade"},"east":{"uv":[5.5,9.5,4.5,10.5],"texture":"#baseofblade"}}},{"from":[6.5,15,11],"to":[7,16,12],"faces":{"up":{"uv":[10.5,9.5,11.5,10],"texture":"#baseofblade","cullface":"up"},"south":{"uv":[10.5,9.5,11,10.5],"texture":"#baseofblade"},"west":{"uv":[10.5,9.5,11.5,10.5],"texture":"#baseofblade"},"east":{"uv":[11.5,9.5,10.5,10.5],"texture":"#baseofblade"}}},{"from":[6.5,16,11],"to":[7,17,11.5],"faces":{"south":{"uv":[10.5,8.5,11,9.5],"texture":"#baseofblade","cullface":"up"},"west":{"uv":[10.5,8.5,11,9.5],"texture":"#baseofblade","cullface":"up"},"east":{"uv":[11,8.5,10.5,9.5],"texture":"#baseofblade","cullface":"up"}}},{"from":[6.5,16,5.5],"to":[7,17,6],"faces":{"north":{"uv":[5,8.5,5.5,9.5],"texture":"#baseofblade","cullface":"up"},"west":{"uv":[5,8.5,5.5,9.5],"texture":"#baseofblade","cullface":"up"},"east":{"uv":[5.5,8.5,5,9.5],"texture":"#baseofblade","cullface":"up"}}},{"from":[6.5,17,4],"to":[7,18.5,6],"faces":{"down":{"uv":[3.5,8,5.5,8.5],"texture":"#baseofblade","cullface":"up"},"up":{"uv":[3.5,6.5,5.5,7],"texture":"#baseofblade","cullface":"up"},"north":{"uv":[3.5,6.5,4,8.5],"texture":"#baseofblade","cullface":"up"},"south":{"uv":[5,6.5,5.5,8.5],"texture":"#baseofblade","cullface":"up"},"west":{"uv":[3.5,6.5,5.5,8.5],"texture":"#baseofblade","cullface":"up"},"east":{"uv":[5.5,6.5,3.5,8.5],"texture":"#baseofblade","cullface":"up"}}},{"from":[6.5,17,11],"to":[7,18.5,13],"faces":{"down":{"uv":[10.5,8,12.5,8.5],"texture":"#baseofblade","cullface":"up"},"up":{"uv":[10.5,7,12.5,7.5],"texture":"#baseofblade","cullface":"up"},"north":{"uv":[12,7,12.5,8.5],"texture":"#baseofblade","cullface":"up"},"south":{"uv":[10.5,7,11,8.5],"texture":"#baseofblade","cullface":"up"},"west":{"uv":[10.5,7,12.5,8.5],"texture":"#baseofblade","cullface":"up"},"east":{"uv":[12.5,7,10.5,8.5],"texture":"#baseofblade","cullface":"up"}}},{"from":[6.5,18.5,4.5],"to":[7,20,6],"faces":{"up":{"uv":[4,5,5.5,5.5],"texture":"#baseofblade","cullface":"up"},"north":{"uv":[4,5,4.5,6.5],"texture":"#baseofblade","cullface":"up"},"west":{"uv":[4,5,5.5,6.5],"texture":"#baseofblade","cullface":"up"},"east":{"uv":[5.5,5,4,6.5],"texture":"#baseofblade","cullface":"up"}}},{"from":[6.5,18.5,11],"to":[7,20,12.5],"faces":{"up":{"uv":[10.5,5,12,5.5],"texture":"#baseofblade","cullface":"up"},"south":{"uv":[10.5,5,11,6.5],"texture":"#baseofblade","cullface":"up"},"west":{"uv":[10.5,5,12,6.5],"texture":"#baseofblade","cullface":"up"},"east":{"uv":[12,5,10.5,6.5],"texture":"#baseofblade","cullface":"up"}}},{"from":[6.5,20,11],"to":[7,21.5,12],"faces":{"up":{"uv":[10.5,3.5,11.5,4],"texture":"#baseofblade","cullface":"up"},"south":{"uv":[10.5,3.5,11.5,5],"texture":"#baseofblade","cullface":"up"},"west":{"uv":[10.5,3.5,11.5,5],"texture":"#baseofblade","cullface":"up"},"east":{"uv":[11.5,3.5,10.5,5],"texture":"#baseofblade","cullface":"up"}}},{"from":[6.5,20,5],"to":[7,21.5,6],"faces":{"up":{"uv":[4.5,3.5,5,4],"texture":"#baseofblade","cullface":"up"},"north":{"uv":[4.5,3.5,5,5],"texture":"#baseofblade","cullface":"up"},"west":{"uv":[4.5,3.5,5.5,5],"texture":"#baseofblade","cullface":"up"},"east":{"uv":[5.5,3.5,4.5,5],"texture":"#baseofblade","cullface":"up"}}},{"from":[6.5,21.5,5.5],"to":[7,23,6],"faces":{"up":{"uv":[5,2,5.5,2.5],"texture":"#baseofblade","cullface":"up"},"north":{"uv":[5,2,5.5,3.5],"texture":"#baseofblade","cullface":"up"},"west":{"uv":[5,2,5.5,3.5],"texture":"#baseofblade","cullface":"up"},"east":{"uv":[5.5,2,5,3.5],"texture":"#baseofblade","cullface":"up"}}},{"from":[6.5,21.5,11],"to":[7,23,11.5],"faces":{"up":{"uv":[10.5,2,11,2.5],"texture":"#baseofblade","cullface":"up"},"south":{"uv":[10.5,2,11,3.5],"texture":"#baseofblade","cullface":"up"},"west":{"uv":[10.5,2,11,3.5],"texture":"#baseofblade","cullface":"up"},"east":{"uv":[11,2,10.5,3.5],"texture":"#baseofblade","cullface":"up"}}},{"from":[6,27.5,10.5],"to":[7.5,28,11.5],"faces":{"down":{"uv":[10,8,11,8.5],"texture":"#topofblade","cullface":"up"},"north":{"uv":[10,8,11,8.5],"texture":"#topofblade","cullface":"up"},"south":{"uv":[10,8,11,8.5],"texture":"#topofblade","cullface":"up"},"west":{"uv":[10,8,11,8.5],"texture":"#topofblade","cullface":"up"},"east":{"uv":[10,8,11,8.5],"texture":"#topofblade","cullface":"up"}}},{"from":[6,27.5,5.5],"to":[7.5,28,6.5],"faces":{"down":{"uv":[5,8,6,8.5],"texture":"#topofblade","cullface":"up"},"north":{"uv":[5,8,6,8.5],"texture":"#topofblade","cullface":"up"},"south":{"uv":[5,8,6,8.5],"texture":"#topofblade","cullface":"up"},"west":{"uv":[5,8,6,8.5],"texture":"#topofblade","cullface":"up"},"east":{"uv":[6,8,5,8.5],"texture":"#topofblade","cullface":"up"}}},{"from":[6,28,10],"to":[7.5,28.5,11.5],"faces":{"down":{"uv":[9.5,7.5,11,8],"texture":"#topofblade","cullface":"up"},"north":{"uv":[9.5,7.5,11,8],"texture":"#topofblade","cullface":"up"},"south":{"uv":[9.5,7.5,11,8],"texture":"#topofblade","cullface":"up"},"west":{"uv":[9.5,7.5,11,8],"texture":"#topofblade","cullface":"up"},"east":{"uv":[9.5,7.5,11,8],"texture":"#topofblade","cullface":"up"}}},{"from":[6,28,5.5],"to":[7.5,28.5,7],"faces":{"down":{"uv":[5,7.5,6.5,8],"texture":"#topofblade","cullface":"up"},"north":{"uv":[5,7.5,6.5,8],"texture":"#topofblade","cullface":"up"},"south":{"uv":[5,7.5,6.5,8],"texture":"#topofblade","cullface":"up"},"west":{"uv":[5,7.5,6.5,8],"texture":"#topofblade","cullface":"up"},"east":{"uv":[5,7.5,6.5,8],"texture":"#topofblade","cullface":"up"}}},{"from":[6,28.5,5],"to":[7.5,29,7.5],"faces":{"down":{"uv":[4.5,7,7,7.5],"texture":"#topofblade","cullface":"up"},"up":{"uv":[4.5,7,7,7.5],"texture":"#topofblade","cullface":"up"},"north":{"uv":[4.5,7,7,7.5],"texture":"#topofblade","cullface":"up"},"west":{"uv":[4.5,7,7,7.5],"texture":"#topofblade","cullface":"up"},"east":{"uv":[7,7,4.5,7.5],"texture":"#topofblade","cullface":"up"}}},{"from":[6,28.5,9.5],"to":[7.5,29,12],"faces":{"down":{"uv":[9,7,11.5,7.5],"texture":"#topofblade","cullface":"up"},"up":{"uv":[9,7,11.5,7.5],"texture":"#topofblade","cullface":"up"},"south":{"uv":[9,7,11.5,7.5],"texture":"#topofblade","cullface":"up"},"west":{"uv":[9,7,11.5,7.5],"texture":"#topofblade","cullface":"up"},"east":{"uv":[11.5,7,9,7.5],"texture":"#topofblade","cullface":"up"}}},{"from":[6.25,29,5],"to":[7.25,29.5,6.5],"faces":{"up":{"uv":[4.5,6.5,6,7],"texture":"#topofblade","cullface":"up"},"north":{"uv":[4.5,6.5,6,7],"texture":"#topofblade","cullface":"up"},"west":{"uv":[4.5,6.5,6,7],"texture":"#topofblade","cullface":"up"},"east":{"uv":[6,6.5,4.5,7],"texture":"#topofblade","cullface":"up"}}},{"from":[6.25,29.5,5.5],"to":[7.25,30,11.5],"faces":{"down":{"uv":[5.75,5.75,6.75,6.75],"texture":"#topofblade","cullface":"up"},"up":{"uv":[5.75,5.75,6.75,6.75],"texture":"#topofblade","cullface":"up"},"north":{"uv":[10,6,11,6.5],"texture":"#topofblade","cullface":"up"},"south":{"uv":[5,6,6,6.5],"texture":"#topofblade","cullface":"up"},"west":{"uv":[5,6,11,6.5],"texture":"#topofblade","cullface":"up"},"east":{"uv":[11,6,5,6.5],"texture":"#topofblade","cullface":"up"}}},{"from":[6.25,30,5.5],"to":[7.25,30.5,7.5],"faces":{"up":{"uv":[5.5,5.5,6.5,7.5],"texture":"#topofblade","cullface":"up"},"north":{"uv":[6,5.5,7,6],"texture":"#topofblade","cullface":"up"},"south":{"uv":[5,5.5,6,6],"texture":"#topofblade","cullface":"up"},"west":{"uv":[5,5.5,7,6],"texture":"#topofblade","cullface":"up"},"east":{"uv":[7,5.5,5,6],"texture":"#topofblade","cullface":"up"}}},{"from":[6.25,30,9.5],"to":[7.25,30.5,11.5],"faces":{"up":{"uv":[9.5,5.5,10.5,7.5],"texture":"#topofblade","cullface":"up"},"north":{"uv":[10,5.5,11,6],"texture":"#topofblade","cullface":"up"},"south":{"uv":[9,5.5,10,6],"texture":"#topofblade","cullface":"up"},"west":{"uv":[9,5.5,11,6],"texture":"#topofblade","cullface":"up"},"east":{"uv":[11,5.5,9,6],"texture":"#topofblade","cullface":"up"}}},{"from":[6.5,30.5,6],"to":[7,31.5,6.5],"faces":{"up":{"uv":[5.5,4.5,6,5],"texture":"#topofblade","cullface":"up"},"north":{"uv":[5.5,4.5,6,5.5],"texture":"#topofblade","cullface":"up"},"south":{"uv":[5.5,4.5,6,5.5],"texture":"#topofblade","cullface":"up"},"west":{"uv":[5.5,4.5,6,5.5],"texture":"#topofblade","cullface":"up"},"east":{"uv":[6,4.5,5.5,5.5],"texture":"#topofblade","cullface":"up"}}},{"from":[6.5,30.5,10.5],"to":[7,31.5,11],"faces":{"up":{"uv":[10,4.5,10.5,5],"texture":"#topofblade","cullface":"up"},"north":{"uv":[10,4.5,10.5,5.5],"texture":"#topofblade","cullface":"up"},"south":{"uv":[10,4.5,10.5,5.5],"texture":"#topofblade","cullface":"up"},"west":{"uv":[10,4.5,10.5,5.5],"texture":"#topofblade","cullface":"up"},"east":{"uv":[10.5,4.5,10,5.5],"texture":"#topofblade","cullface":"up"}}},{"from":[6.5,31,10],"to":[7,32,10.5],"faces":{"up":{"uv":[9.5,4,10,4.5],"texture":"#topofblade","cullface":"up"},"north":{"uv":[9.5,4,10,5],"texture":"#topofblade","cullface":"up"},"south":{"uv":[9.5,4,10,5],"texture":"#topofblade","cullface":"up"},"west":{"uv":[9.5,4,10,5],"texture":"#topofblade","cullface":"up"},"east":{"uv":[9.5,5,10,4],"texture":"#topofblade","cullface":"up"}}},{"from":[6.5,31,6.5],"to":[7,32,7],"faces":{"up":{"uv":[6,4,6.5,4.5],"texture":"#topofblade","cullface":"up"},"north":{"uv":[6,4,6.5,5],"texture":"#topofblade","cullface":"up"},"south":{"uv":[6,4,6.5,5],"texture":"#topofblade","cullface":"up"},"west":{"uv":[6,4,6.5,5],"texture":"#topofblade","cullface":"up"},"east":{"uv":[6.5,4,6,5],"texture":"#topofblade","cullface":"up"}}},{"from":[6.25,10.875,6.25],"to":[7.25,13.25,7.5],"faces":{"down":{"uv":[5.75,14,6.25,14.5],"texture":"#baseofblade"},"up":{"uv":[5.75,12.25,6.25,12.75],"texture":"#baseofblade"},"north":{"uv":[5.75,12.25,6.25,14.5],"texture":"#baseofblade"},"south":{"uv":[6.5,12.25,7,14.5],"texture":"#baseofblade"},"west":{"uv":[5.75,12.25,7,14.5],"texture":"#baseofblade"},"east":{"uv":[7,12.25,5.75,14.5],"texture":"#baseofblade"}}},{"from":[6.25,11,9.5],"to":[7.25,13.25,10.75],"faces":{"down":{"uv":[9.75,10.5,8.75,9],"texture":"#baseofblade"},"up":{"uv":[6.25,9,7.25,10.5],"texture":"#baseofblade"},"north":{"uv":[9,12.25,9.5,14.5],"texture":"#baseofblade"},"south":{"uv":[10,12.25,10.25,14.5],"texture":"#baseofblade"},"west":{"uv":[9,12.25,10.25,14.5],"texture":"#baseofblade"},"east":{"uv":[10.25,12.25,9,14.5],"texture":"#baseofblade"}}},{"from":[6.25,13.25,9.5],"to":[7.25,24.5,10.25],"faces":{"north":{"uv":[9,0.5,9.5,7.25],"texture":"#baseofblade","cullface":"up"},"south":{"uv":[9,0.5,9.5,7.25],"texture":"#baseofblade","cullface":"up"},"west":{"uv":[9,0.5,9.75,12.25],"texture":"#baseofblade","cullface":"up"},"east":{"uv":[9.75,0.5,9,12.25],"texture":"#baseofblade","cullface":"up"}}},{"from":[6.25,13.25,6.75],"to":[7.25,24.5,7.5],"faces":{"north":{"uv":[6.5,0.5,7,7.25],"texture":"#baseofblade","cullface":"up"},"south":{"uv":[6.5,0.5,7,7.25],"texture":"#baseofblade","cullface":"up"},"west":{"uv":[6.25,0.5,7,12.25],"texture":"#baseofblade","cullface":"up"},"east":{"uv":[7,0.5,6.25,12.25],"texture":"#baseofblade","cullface":"up"}}},{"from":[6.25,30.5,6.5],"to":[7.25,31,7],"faces":{"up":{"uv":[6,5,6.5,5.5],"texture":"#topofblade","cullface":"up"},"north":{"uv":[6,5,6.5,5.5],"texture":"#topofblade","cullface":"up"},"south":{"uv":[6,5,6.5,5.5],"texture":"#topofblade","cullface":"up"},"west":{"uv":[6,5,6.5,5.5],"texture":"#topofblade","cullface":"up"},"east":{"uv":[6.5,5,6,5.5],"texture":"#topofblade","cullface":"up"}}},{"from":[6.25,30.5,10],"to":[7.25,31,10.5],"faces":{"up":{"uv":[9.5,5,10,5.5],"texture":"#topofblade","cullface":"up"},"north":{"uv":[9.5,5,10,5.5],"texture":"#topofblade","cullface":"up"},"south":{"uv":[9.5,5,10,5.5],"texture":"#topofblade","cullface":"up"},"west":{"uv":[9.5,5,10,5.5],"texture":"#topofblade","cullface":"up"},"east":{"uv":[9.5,5,10,5.5],"texture":"#topofblade","cullface":"up"}}},{"from":[6.25,29,10.5],"to":[7.25,29.5,11.5],"faces":{"south":{"uv":[10,6.5,11,7],"texture":"#topofblade","cullface":"up"},"west":{"uv":[10,6.5,11,7],"texture":"#topofblade","cullface":"up"},"east":{"uv":[11,6.5,10,7],"texture":"#topofblade","cullface":"up"}}},{"from":[6,29,6.5],"to":[7.5,29.5,10.5],"faces":{"down":{"uv":[6,6.5,10,7],"texture":"#topofblade","cullface":"up"},"up":{"uv":[6,6.5,10,7],"texture":"#topofblade","cullface":"up"},"north":{"uv":[6,6.5,10,7],"texture":"#topofblade","cullface":"up"},"south":{"uv":[6,6.5,10,7],"texture":"#topofblade","cullface":"up"},"west":{"uv":[6,6.5,10,7],"texture":"#topofblade","cullface":"up"},"east":{"uv":[10,6.5,6,7],"texture":"#topofblade","cullface":"up"}}},{"from":[6.25,28,5],"to":[7.25,28.5,5.5],"faces":{"down":{"uv":[4.75,7.5,5.25,8],"texture":"#topofblade","cullface":"up"},"north":{"uv":[4.5,7.5,5,8],"texture":"#topofblade","cullface":"up"},"west":{"uv":[4.5,7.5,5,8],"texture":"#topofblade","cullface":"up"},"east":{"uv":[4.5,7.5,5,8],"texture":"#topofblade","cullface":"up"}}},{"from":[6.25,28,11.5],"to":[7.25,28.5,12],"faces":{"down":{"uv":[11,7.5,11.5,8],"texture":"#topofblade","cullface":"up"},"south":{"uv":[11,7.5,11.5,8],"texture":"#topofblade","cullface":"up"},"west":{"uv":[11,7.5,11.5,8],"texture":"#topofblade","cullface":"up"},"east":{"uv":[11,7.5,11.5,8],"texture":"#topofblade","cullface":"up"}}},{"from":[6.5,27.5,5],"to":[7,28,5.5],"faces":{"down":{"uv":[4.5,8,5,8.5],"texture":"#topofblade","cullface":"up"},"north":{"uv":[4.5,8,5,8.5],"texture":"#topofblade","cullface":"up"},"west":{"uv":[4.5,8,5,8.5],"texture":"#topofblade","cullface":"up"},"east":{"uv":[4.5,8,5,8.5],"texture":"#topofblade","cullface":"up"}}},{"from":[6.5,27.5,11.5],"to":[7,28,12],"faces":{"down":{"uv":[11,8,11.5,8.5],"texture":"#topofblade","cullface":"up"},"south":{"uv":[11,8,11.5,8.5],"texture":"#topofblade","cullface":"up"},"west":{"uv":[11,8,11.5,8.5],"texture":"#topofblade","cullface":"up"},"east":{"uv":[11,8,11.5,8.5],"texture":"#topofblade","cullface":"up"}}},{"from":[6.25,11,10.5],"to":[7.25,11.25,10.75],"faces":{"up":{"uv":[6.25,10.5,7.25,10.75],"texture":"#baseofblade"},"north":{"uv":[8.75,0,9.75,0],"texture":"#baseofblade"},"south":{"uv":[6.25,0,7.25,0],"texture":"#baseofblade"},"west":{"uv":[10.5,0,10.75,0],"texture":"#baseofblade"},"east":{"uv":[5.25,0,5.5,0],"texture":"#baseofblade"}}},{"from":[6.25,11,6.25],"to":[7.25,11.25,6.5],"faces":{"up":{"uv":[6.25,6.25,7.25,6.5],"texture":"#baseofblade"},"north":{"uv":[8.75,0,9.75,0],"texture":"#baseofblade"},"south":{"uv":[6.25,0,7.25,0],"texture":"#baseofblade"},"west":{"uv":[6.25,0,6.5,0],"texture":"#baseofblade"},"east":{"uv":[9.5,0,9.75,0],"texture":"#baseofblade"}}},{"from":[6.25,19,10.25],"to":[7.25,22.75,11.25],"faces":{"down":{"uv":[9.75,5.5,10.75,6],"texture":"#baseofblade","cullface":"up"},"up":{"uv":[9.75,2.25,10.75,2.75],"texture":"#baseofblade","cullface":"up"},"south":{"uv":[9.75,5.5,10.75,6],"texture":"#baseofblade","cullface":"up"},"west":{"uv":[9.75,2.25,10.75,6],"texture":"#baseofblade","cullface":"up"},"east":{"uv":[10.75,2.25,9.75,6],"texture":"#baseofblade","cullface":"up"}}},{"from":[6.25,17.75,11.25],"to":[7.25,19.75,12],"faces":{"down":{"uv":[10.75,6.5,11.75,7.25],"texture":"#baseofblade","cullface":"up"},"up":{"uv":[10.75,5.25,11.75,6],"texture":"#baseofblade","cullface":"up"},"north":{"uv":[10.75,5.25,11.5,7.25],"texture":"#baseofblade","cullface":"up"},"south":{"uv":[10.75,5.25,11.5,7.25],"texture":"#baseofblade","cullface":"up"},"west":{"uv":[10.75,5.25,11.5,7.25],"texture":"#baseofblade","cullface":"up"},"east":{"uv":[11.5,5.25,10.75,7.25],"texture":"#baseofblade","cullface":"up"}}},{"from":[6.25,17.5,12],"to":[7.25,18.5,12.5],"faces":{"down":{"uv":[11,7,11.5,7.5],"texture":"#baseofblade","cullface":"up"},"up":{"uv":[11,6.5,11.5,7],"texture":"#baseofblade","cullface":"up"},"north":{"uv":[11,6.5,11.5,7.5],"texture":"#baseofblade","cullface":"up"},"south":{"uv":[11,6.5,11.5,7.5],"texture":"#baseofblade","cullface":"up"},"west":{"uv":[11,6.5,11.5,7.5],"texture":"#baseofblade","cullface":"up"},"east":{"uv":[11.5,6.5,11,7.5],"texture":"#baseofblade","cullface":"up"}}},{"from":[6.25,18.25,10.5],"to":[7.25,19,11.25],"faces":{"down":{"uv":[9.75,6.25,10.75,6.75],"texture":"#baseofblade","cullface":"up"},"north":{"uv":[10.25,6,10.75,7],"texture":"#baseofblade","cullface":"up"},"west":{"uv":[10,6,10.75,6.75],"texture":"#baseofblade","cullface":"up"},"east":{"uv":[10.75,6,10,6.75],"texture":"#baseofblade","cullface":"up"}}},{"from":[6.25,18.5,6.5],"to":[7.25,19,6.75],"faces":{"down":{"uv":[9.75,7.5,8.75,6.75],"texture":"#baseofblade","cullface":"up"},"west":{"uv":[6.75,0,7.5,0],"texture":"#baseofblade","cullface":"up"},"east":{"uv":[8.5,0,9.25,0],"texture":"#baseofblade","cullface":"up"}}},{"from":[6.25,18.5,10.25],"to":[7.25,19,10.5],"faces":{"down":{"uv":[9.75,6,10.75,6.75],"texture":"#baseofblade","cullface":"up"},"west":{"uv":[10,6,10.25,6.5],"texture":"#baseofblade","cullface":"up"},"east":{"uv":[10,6,10.25,6.5],"texture":"#baseofblade","cullface":"up"}}},{"from":[6.25,19.75,11.25],"to":[7.25,20.75,11.5],"faces":{"up":{"uv":[10.75,4.25,11,4.75],"texture":"#baseofblade","cullface":"up"},"south":{"uv":[10.75,4.25,11,5.5],"texture":"#baseofblade","cullface":"up"},"west":{"uv":[10.75,4.25,11,5.5],"texture":"#baseofblade","cullface":"up"},"east":{"uv":[11,4.25,10.75,5.5],"texture":"#baseofblade","cullface":"up"}}},{"from":[6.25,22.75,10.25],"to":[7.25,24.75,10.75],"faces":{"up":{"uv":[9.5,0.5,10,1],"texture":"#baseofblade","cullface":"up"},"north":{"uv":[9.5,0.5,10,2.25],"texture":"#baseofblade","cullface":"up"},"south":{"uv":[9.5,0.5,10,2.25],"texture":"#baseofblade","cullface":"up"},"west":{"uv":[9.5,0.5,10,2.25],"texture":"#baseofblade","cullface":"up"},"east":{"uv":[10,0.5,9.5,2.25],"texture":"#baseofblade","cullface":"up"}}},{"from":[6.25,15,10.25],"to":[7.25,17,11],"faces":{"down":{"uv":[10,9.75,11,10.5],"texture":"#baseofblade","cullface":"up"},"up":{"uv":[10,8.5,11,9.25],"texture":"#baseofblade","cullface":"up"},"south":{"uv":[10,8.5,10.75,10.5],"texture":"#baseofblade","cullface":"up"},"west":{"uv":[10,8.5,10.75,10.5],"texture":"#baseofblade","cullface":"up"},"east":{"uv":[10.75,8.5,10,10.5],"texture":"#baseofblade","cullface":"up"}}},{"from":[6.25,14.75,11],"to":[7.25,16,11.5],"faces":{"down":{"uv":[10.5,10.25,11,10.75],"texture":"#baseofblade"},"up":{"uv":[10.5,9.5,11,10],"texture":"#baseofblade","cullface":"up"},"north":{"uv":[10.5,9.5,11,10.75],"texture":"#baseofblade"},"south":{"uv":[10.5,9.5,11,10.75],"texture":"#baseofblade"},"west":{"uv":[10.5,9.5,11,10.75],"texture":"#baseofblade"},"east":{"uv":[11,9.5,10.5,10.75],"texture":"#baseofblade"}}},{"from":[6.25,14.5,11.5],"to":[7.25,15.5,12],"faces":{"down":{"uv":[11,10.5,11.5,11],"texture":"#baseofblade"},"up":{"uv":[11,10,11.5,10.5],"texture":"#baseofblade"},"north":{"uv":[11,10,11.5,11],"texture":"#baseofblade"},"south":{"uv":[11,10,11.5,11],"texture":"#baseofblade"},"west":{"uv":[11,10,11.5,11],"texture":"#baseofblade"},"east":{"uv":[11.5,10,11,11],"texture":"#baseofblade"}}},{"from":[6.25,14.25,12],"to":[7.25,14.75,12.5],"faces":{"down":{"uv":[11.5,10.75,12,11.25],"texture":"#baseofblade"},"up":{"uv":[11.5,10.75,12,11.25],"texture":"#baseofblade"},"north":{"uv":[11.5,10.75,12,11.25],"texture":"#baseofblade"},"south":{"uv":[11.5,10.75,12,11.25],"texture":"#baseofblade"},"west":{"uv":[11.5,10.75,12,11.25],"texture":"#baseofblade"},"east":{"uv":[11.5,10.75,12,11.25],"texture":"#baseofblade"}}},{"from":[6.25,16,11],"to":[7.25,16.5,11.25],"faces":{"up":{"uv":[10.5,8.75,10.75,9],"texture":"#baseofblade","cullface":"up"},"south":{"uv":[10.5,9,10.75,9.5],"texture":"#baseofblade","cullface":"up"},"west":{"uv":[10.5,9,10.75,9.5],"texture":"#baseofblade","cullface":"up"},"east":{"uv":[10.5,9,10.75,9.5],"texture":"#baseofblade","cullface":"up"}}},{"from":[6.625,16.5,3.5],"to":[6.875,18.5,4],"faces":{"down":{"uv":[3,8.5,3.5,9],"texture":"#baseofblade","cullface":"up"},"up":{"uv":[3,6.5,3.5,7],"texture":"#baseofblade","cullface":"up"},"north":{"uv":[3,6.5,3.5,9],"texture":"#baseofblade","cullface":"up"},"south":{"uv":[3,6.5,3.5,9],"texture":"#baseofblade","cullface":"up"},"west":{"uv":[3,6.5,3.5,9],"texture":"#baseofblade","cullface":"up"},"east":{"uv":[3.5,6.5,3,9],"texture":"#baseofblade","cullface":"up"}}},{"from":[6.625,18.5,4],"to":[6.875,20,4.5],"faces":{"up":{"uv":[3.5,5,4,5.5],"texture":"#baseofblade","cullface":"up"},"north":{"uv":[3.5,5,4,6.5],"texture":"#baseofblade","cullface":"up"},"west":{"uv":[3.5,5,4,6.5],"texture":"#baseofblade","cullface":"up"},"east":{"uv":[4,5,3.5,6.5],"texture":"#baseofblade","cullface":"up"}}},{"from":[6.625,20,4.5],"to":[6.875,21.5,5],"faces":{"up":{"uv":[4,3.5,4.5,4],"texture":"#baseofblade","cullface":"up"},"north":{"uv":[4,3.5,4.5,5],"texture":"#baseofblade","cullface":"up"},"west":{"uv":[4,3.5,4.5,5],"texture":"#baseofblade","cullface":"up"},"east":{"uv":[4.5,3.5,4,5],"texture":"#baseofblade","cullface":"up"}}},{"from":[6.625,21.5,5],"to":[6.875,23,5.5],"faces":{"up":{"uv":[4.5,2,5,2.5],"texture":"#baseofblade","cullface":"up"},"north":{"uv":[4.5,2,5,3.5],"texture":"#baseofblade","cullface":"up"},"west":{"uv":[4.5,2,5,3.5],"texture":"#baseofblade","cullface":"up"},"east":{"uv":[5,2,4.5,3.5],"texture":"#baseofblade","cullface":"up"}}},{"from":[6.625,23,5.5],"to":[6.875,24.5,6],"faces":{"up":{"uv":[5,0.5,5.5,1],"texture":"#baseofblade","cullface":"up"},"north":{"uv":[5,0.5,5.5,2],"texture":"#baseofblade","cullface":"up"},"west":{"uv":[5,0.5,5.5,2],"texture":"#baseofblade","cullface":"up"},"east":{"uv":[5.5,0.5,5,2],"texture":"#baseofblade","cullface":"up"}}},{"from":[6.625,15,4.5],"to":[6.875,16,5],"faces":{"up":{"uv":[4,9.5,4.5,10],"texture":"#baseofblade","cullface":"up"},"north":{"uv":[4,9.5,4.5,10.5],"texture":"#baseofblade"},"west":{"uv":[4,9.5,4.5,10.5],"texture":"#baseofblade"},"east":{"uv":[4.5,9.5,4,10.5],"texture":"#baseofblade"}}},{"from":[6.625,14,4],"to":[6.875,15,4.5],"faces":{"up":{"uv":[3.5,10.5,4,11.5],"texture":"#baseofblade"},"north":{"uv":[3.5,10.5,4,11],"texture":"#baseofblade"},"west":{"uv":[3.5,10.5,4,11.5],"texture":"#baseofblade"},"east":{"uv":[4,10.5,3.5,11.5],"texture":"#baseofblade"}}},{"from":[6.625,13.5,3.5],"to":[6.875,14,4],"faces":{"down":{"uv":[3,11.5,3.5,12],"texture":"#baseofblade"},"up":{"uv":[3,11.5,3.5,12],"texture":"#baseofblade"},"north":{"uv":[3,11.5,3.5,12],"texture":"#baseofblade"},"west":{"uv":[3,11.5,3.5,12],"texture":"#baseofblade"},"east":{"uv":[3.5,11.5,3,12],"texture":"#baseofblade"}}},{"from":[6.625,12.5,5],"to":[6.875,13,5.5],"faces":{"up":{"uv":[4.5,12.5,5,13],"texture":"#baseofblade"},"north":{"uv":[4.5,12.5,5,13],"texture":"#baseofblade"},"west":{"uv":[4.5,12.5,5,13],"texture":"#baseofblade"},"east":{"uv":[5,12.5,4.5,13],"texture":"#baseofblade"}}},{"from":[6.625,13,5.5],"to":[6.875,14,6],"faces":{"north":{"uv":[5,11.5,5.5,12.5],"texture":"#baseofblade"},"south":{"uv":[5,11.5,5.5,12.5],"texture":"#baseofblade"},"west":{"uv":[5,11.5,5.5,12.5],"texture":"#baseofblade"},"east":{"uv":[5.5,11.5,5,12.5],"texture":"#baseofblade"}}},{"from":[6.625,11,4.5],"to":[6.875,12.5,5],"faces":{"down":{"uv":[4,14,4.5,14.5],"texture":"#baseofblade"},"up":{"uv":[4,13,4.5,13.5],"texture":"#baseofblade"},"north":{"uv":[4,13,4.5,14.5],"texture":"#baseofblade"},"south":{"uv":[4,13,4.5,14.5],"texture":"#baseofblade"},"west":{"uv":[4,13,4.5,14.5],"texture":"#baseofblade"},"east":{"uv":[4.5,13,4,14.5],"texture":"#baseofblade"}}},{"from":[6.625,16,5],"to":[6.875,17,5.5],"faces":{"north":{"uv":[4.5,8.5,5,9.5],"texture":"#baseofblade","cullface":"up"},"west":{"uv":[4.5,8.5,5,9.5],"texture":"#baseofblade","cullface":"up"},"east":{"uv":[5,8.5,4.5,9.5],"texture":"#baseofblade","cullface":"up"}}},{"from":[6.625,23,11],"to":[6.875,24.5,11.5],"faces":{"up":{"uv":[10.5,0.5,11,1],"texture":"#baseofblade","cullface":"up"},"south":{"uv":[10.5,0.5,11,2],"texture":"#baseofblade","cullface":"up"},"west":{"uv":[10.5,0.5,11,2],"texture":"#baseofblade","cullface":"up"},"east":{"uv":[11,0.5,10.5,2],"texture":"#baseofblade","cullface":"up"}}},{"from":[6.625,21.5,11.5],"to":[6.875,23,12],"faces":{"up":{"uv":[11,2,11.5,2.5],"texture":"#baseofblade","cullface":"up"},"south":{"uv":[11,2,11.5,3.5],"texture":"#baseofblade","cullface":"up"},"west":{"uv":[11,2,11.5,3.5],"texture":"#baseofblade","cullface":"up"},"east":{"uv":[11.5,2,11,3.5],"texture":"#baseofblade","cullface":"up"}}},{"from":[6.625,20,12],"to":[6.875,21.5,12.5],"faces":{"up":{"uv":[11.5,3.5,12,4],"texture":"#baseofblade","cullface":"up"},"south":{"uv":[11.5,3.5,12,5],"texture":"#baseofblade","cullface":"up"},"west":{"uv":[11.5,3.5,12,5],"texture":"#baseofblade","cullface":"up"},"east":{"uv":[11.5,3.5,12,5],"texture":"#baseofblade","cullface":"up"}}},{"from":[6.625,18.5,12.5],"to":[6.875,20,13],"faces":{"up":{"uv":[12,5,12.5,5.5],"texture":"#baseofblade","cullface":"up"},"south":{"uv":[12,5,12.5,6.5],"texture":"#baseofblade","cullface":"up"},"west":{"uv":[12,5,12.5,6.5],"texture":"#baseofblade","cullface":"up"},"east":{"uv":[12.5,5,12,6.5],"texture":"#baseofblade","cullface":"up"}}},{"from":[6.625,16.5,13],"to":[6.875,18.5,13.5],"faces":{"down":{"uv":[12.5,8.5,13,9],"texture":"#baseofblade","cullface":"up"},"up":{"uv":[12.5,6.5,13,7],"texture":"#baseofblade","cullface":"up"},"north":{"uv":[12.5,6.5,13,9],"texture":"#baseofblade","cullface":"up"},"south":{"uv":[12.5,6.5,13,9],"texture":"#baseofblade","cullface":"up"},"west":{"uv":[12.5,6.5,13,9],"texture":"#baseofblade","cullface":"up"},"east":{"uv":[13,6.5,12.5,9],"texture":"#baseofblade","cullface":"up"}}},{"from":[6.625,16,11.5],"to":[6.875,17,12],"faces":{"south":{"uv":[11,8.5,11.5,9.5],"texture":"#baseofblade","cullface":"up"},"west":{"uv":[11,8.5,11.5,9.5],"texture":"#baseofblade","cullface":"up"},"east":{"uv":[11,8.5,11.5,9.5],"texture":"#baseofblade","cullface":"up"}}},{"from":[6.625,15,12],"to":[6.875,16,12.5],"faces":{"up":{"uv":[11.5,9.5,12,10.5],"texture":"#baseofblade","cullface":"up"},"south":{"uv":[11.5,9.5,12,10.5],"texture":"#baseofblade"},"west":{"uv":[11.5,9.5,12,10.5],"texture":"#baseofblade"},"east":{"uv":[12,9.5,11.5,10.5],"texture":"#baseofblade"}}},{"from":[6.625,14,12.5],"to":[6.875,15,13],"faces":{"up":{"uv":[12,10.5,12.5,11.5],"texture":"#baseofblade"},"south":{"uv":[12,10.5,12.5,11.5],"texture":"#baseofblade"},"west":{"uv":[12,10.5,12.5,11.5],"texture":"#baseofblade"},"east":{"uv":[12.5,10.5,12,11.5],"texture":"#baseofblade"}}},{"from":[6.5,13.5,12.5],"to":[7,14,13],"faces":{"down":{"uv":[12,11.5,12.5,12],"texture":"#baseofblade"},"up":{"uv":[12,11.5,12.5,12],"texture":"#baseofblade"},"north":{"uv":[12,11.5,12.5,12],"texture":"#baseofblade"},"south":{"uv":[12,11.5,12.5,12],"texture":"#baseofblade"},"west":{"uv":[12,11.5,12.5,12],"texture":"#baseofblade"},"east":{"uv":[12,11.5,12.5,12],"texture":"#baseofblade"}}},{"from":[6.625,13.5,13],"to":[6.875,14,13.5],"faces":{"down":{"uv":[12.5,11.5,13,12],"texture":"#baseofblade"},"up":{"uv":[12.5,11.5,13,12],"texture":"#baseofblade"},"south":{"uv":[12.5,11.5,13,12],"texture":"#baseofblade"},"west":{"uv":[12.5,11.5,13,12],"texture":"#baseofblade"},"east":{"uv":[12.5,11.5,13,12],"texture":"#baseofblade"}}},{"from":[6.625,13,11],"to":[6.875,14,11.5],"faces":{"north":{"uv":[10.5,11.5,11,12.5],"texture":"#baseofblade"},"south":{"uv":[10.5,11.5,11,12.5],"texture":"#baseofblade"},"west":{"uv":[10.5,11.5,11,12.5],"texture":"#baseofblade"},"east":{"uv":[10.5,11.5,11,12.5],"texture":"#baseofblade"}}},{"from":[6.625,12.5,11.5],"to":[6.875,13,12],"faces":{"up":{"uv":[11,12.5,11.5,13],"texture":"#baseofblade"},"south":{"uv":[11,12.5,11.5,13],"texture":"#baseofblade"},"west":{"uv":[11,12.5,11.5,13],"texture":"#baseofblade"},"east":{"uv":[11,12.5,11.5,13],"texture":"#baseofblade"}}},{"from":[6.625,11,12],"to":[6.875,12.5,12.5],"faces":{"down":{"uv":[11.5,14,12,14.5],"texture":"#baseofblade"},"up":{"uv":[11.5,13,12,13.5],"texture":"#baseofblade"},"north":{"uv":[11.5,13,12,14.5],"texture":"#baseofblade"},"south":{"uv":[11.5,13,12,14.5],"texture":"#baseofblade"},"west":{"uv":[11.5,13,12,14.5],"texture":"#baseofblade"},"east":{"uv":[11.5,13,12,14.5],"texture":"#baseofblade"}}},{"from":[6,18,7.5],"to":[7.5,24.75,8],"faces":{"down":{"uv":[7,0.5,7.5,1],"rotation":180,"texture":"#baseofblade","cullface":"up"},"north":{"uv":[7,0.5,7.5,7.5],"texture":"#baseofblade","cullface":"up"},"south":{"uv":[7,0.5,7.5,7.5],"texture":"#baseofblade","cullface":"up"},"west":{"uv":[7,0.5,7.5,7.5],"texture":"#baseofblade","cullface":"up"},"east":{"uv":[7.5,0.5,7,7.5],"texture":"#baseofblade","cullface":"up"}}},{"from":[6,18,9],"to":[7.5,24.75,9.5],"faces":{"down":{"uv":[8.5,0.5,9,1],"rotation":180,"texture":"#baseofblade","cullface":"up"},"north":{"uv":[8.5,0.5,9,7.5],"texture":"#baseofblade","cullface":"up"},"south":{"uv":[8.5,0.5,9,7.5],"texture":"#baseofblade","cullface":"up"},"west":{"uv":[8.5,0.5,9,7.5],"texture":"#baseofblade","cullface":"up"},"east":{"uv":[9,0.5,8.5,7.5],"texture":"#baseofblade","cullface":"up"}}},{"from":[6,13.5,7.5],"to":[7.5,17,8],"faces":{"down":{"uv":[7,8.5,7.5,9],"rotation":180,"texture":"#baseofblade","cullface":"up"},"up":{"uv":[7,8.5,7.5,9],"rotation":180,"texture":"#baseofblade","cullface":"up"},"north":{"uv":[7,8.5,7.5,12],"texture":"#baseofblade","cullface":"up"},"south":{"uv":[7,8.5,7.5,12],"texture":"#baseofblade","cullface":"up"},"west":{"uv":[7,8.5,7.5,12],"texture":"#baseofblade","cullface":"up"},"east":{"uv":[7.5,8.5,7,12],"texture":"#baseofblade","cullface":"up"}}},{"from":[6,13.5,9],"to":[7.5,17,9.5],"faces":{"down":{"uv":[8.5,8.5,9,9],"rotation":180,"texture":"#baseofblade","cullface":"up"},"up":{"uv":[8.5,8.5,9,9],"rotation":180,"texture":"#baseofblade","cullface":"up"},"north":{"uv":[8.5,8.5,9,12],"texture":"#baseofblade","cullface":"up"},"south":{"uv":[8.5,8.5,9,12],"texture":"#baseofblade","cullface":"up"},"west":{"uv":[8.5,8.5,9,12],"texture":"#baseofblade","cullface":"up"},"east":{"uv":[9,8.5,8.5,12],"texture":"#baseofblade","cullface":"up"}}},{"from":[6,19.5,7],"to":[7.5,24.25,7.5],"faces":{"down":{"uv":[6.5,0.75,7,1.25],"rotation":180,"texture":"#baseofblade","cullface":"up"},"up":{"uv":[6.5,0.75,7,1.25],"rotation":180,"texture":"#baseofblade","cullface":"up"},"north":{"uv":[6.5,1,7,5.5],"texture":"#baseofblade","cullface":"up"},"west":{"uv":[6.5,1,7,5.5],"texture":"#baseofblade","cullface":"up"},"east":{"uv":[7,1,6.5,5.5],"texture":"#baseofblade","cullface":"up"}}},{"from":[6,19.5,9.5],"to":[7.5,24.25,10],"faces":{"down":{"uv":[9,5,9.5,5.5],"rotation":180,"texture":"#baseofblade","cullface":"up"},"up":{"uv":[9,1,9.5,1.5],"rotation":180,"texture":"#baseofblade","cullface":"up"},"south":{"uv":[9,1,9.5,5.5],"texture":"#baseofblade","cullface":"up"},"west":{"uv":[9,1,9.5,5.5],"texture":"#baseofblade","cullface":"up"},"east":{"uv":[9.5,1,9,5.5],"texture":"#baseofblade","cullface":"up"}}},{"from":[6,19,6.5],"to":[7.5,21.75,7],"faces":{"down":{"uv":[6,5.5,6.5,6],"rotation":180,"texture":"#baseofblade","cullface":"up"},"up":{"uv":[6,3.25,6.5,3.75],"rotation":180,"texture":"#baseofblade","cullface":"up"},"north":{"uv":[6,3.25,6.5,6],"texture":"#baseofblade","cullface":"up"},"south":{"uv":[6,3.25,6.5,6],"texture":"#baseofblade","cullface":"up"},"west":{"uv":[6,3.25,6.5,6],"texture":"#baseofblade","cullface":"up"},"east":{"uv":[6.5,3.25,6,6],"texture":"#baseofblade","cullface":"up"}}},{"from":[6,19,10],"to":[7.5,21.75,10.5],"faces":{"down":{"uv":[10,5.5,10.5,6],"rotation":180,"texture":"#baseofblade","cullface":"up"},"up":{"uv":[10,3.25,10.5,3.75],"rotation":180,"texture":"#baseofblade","cullface":"up"},"north":{"uv":[10,3.25,10.5,6],"texture":"#baseofblade","cullface":"up"},"south":{"uv":[10,3.25,10.5,6],"texture":"#baseofblade","cullface":"up"},"west":{"uv":[10,3.25,10.5,6],"texture":"#baseofblade","cullface":"up"},"east":{"uv":[10.5,3.25,10,6],"texture":"#baseofblade","cullface":"up"}}},{"from":[6,19.25,10.5],"to":[7.5,20.25,10.75],"faces":{"down":{"uv":[9.5,7,10.75,7.25],"rotation":180,"texture":"#baseofblade","cullface":"up"},"up":{"uv":[9.75,4.25,11,4.5],"rotation":180,"texture":"#baseofblade","cullface":"up"},"south":{"uv":[10,4.75,10.25,5.75],"texture":"#baseofblade","cullface":"up"},"west":{"uv":[10,4.75,10.25,5.75],"texture":"#baseofblade","cullface":"up"},"east":{"uv":[10.25,4.75,10,5.75],"texture":"#baseofblade","cullface":"up"}}},{"from":[6,19.25,6.25],"to":[7.5,20.25,6.5],"faces":{"down":{"uv":[5.25,5.75,6.5,6],"rotation":180,"texture":"#baseofblade","cullface":"up"},"up":{"uv":[5,4.75,6.25,5],"rotation":180,"texture":"#baseofblade","cullface":"up"},"north":{"uv":[5.75,5,6,5.75],"texture":"#baseofblade","cullface":"up"},"west":{"uv":[5.75,5,6,5.75],"texture":"#baseofblade","cullface":"up"},"east":{"uv":[6,5,5.75,5.75],"texture":"#baseofblade","cullface":"up"}}},{"from":[6,15.75,9.5],"to":[7.5,17,10],"faces":{"down":{"uv":[9,9.25,9.5,9.75],"rotation":180,"texture":"#baseofblade","cullface":"up"},"up":{"uv":[9,8.5,9.5,9],"rotation":180,"texture":"#baseofblade","cullface":"up"},"south":{"uv":[9,8.5,9.5,9.75],"texture":"#baseofblade","cullface":"up"},"west":{"uv":[9,8.5,9.5,9.75],"texture":"#baseofblade","cullface":"up"},"east":{"uv":[9.5,8.5,9,9.75],"texture":"#baseofblade","cullface":"up"}}},{"from":[6,15.5,10],"to":[7.5,16.5,10.25],"faces":{"down":{"uv":[9.5,6.75,10.75,7],"rotation":180,"texture":"#baseofblade","cullface":"up"},"up":{"uv":[9.5,6.75,10.75,7],"rotation":180,"texture":"#baseofblade","cullface":"up"},"north":{"uv":[9.5,9,9.75,9.25],"texture":"#baseofblade","cullface":"up"},"south":{"uv":[9.5,9.75,9.75,10],"texture":"#baseofblade","cullface":"up"},"west":{"uv":[9.5,9,9.75,10],"texture":"#baseofblade","cullface":"up"},"east":{"uv":[9.75,9,9.5,10],"texture":"#baseofblade","cullface":"up"}}},{"from":[6,15.25,10.25],"to":[7.5,16,10.5],"faces":{"down":{"uv":[9.75,7,11,7.25],"rotation":180,"texture":"#baseofblade"},"up":{"uv":[9.75,7,11,7.25],"rotation":180,"texture":"#baseofblade","cullface":"up"},"north":{"uv":[9.75,6.75,11,7.25],"texture":"#baseofblade"},"south":{"uv":[9.75,6.75,11,7.25],"texture":"#baseofblade"},"west":{"uv":[10,9.5,10.25,10.25],"texture":"#baseofblade"},"east":{"uv":[10,9.5,10.25,10.25],"texture":"#baseofblade"}}},{"from":[6,15.75,7],"to":[7.5,17,7.5],"faces":{"down":{"uv":[6.5,9.25,7,9.75],"rotation":180,"texture":"#baseofblade","cullface":"up"},"up":{"uv":[6.5,8.5,7,9],"rotation":180,"texture":"#baseofblade","cullface":"up"},"north":{"uv":[6.5,8.5,7,9.75],"texture":"#baseofblade","cullface":"up"},"west":{"uv":[6.5,8.5,7,9.75],"texture":"#baseofblade","cullface":"up"},"east":{"uv":[7,8.5,6.5,9.75],"texture":"#baseofblade","cullface":"up"}}},{"from":[6,15.5,6.75],"to":[7.5,16.5,7],"faces":{"down":{"uv":[4.75,7,6,7.25],"rotation":180,"texture":"#baseofblade","cullface":"up"},"up":{"uv":[5,9,6.25,9.25],"rotation":180,"texture":"#baseofblade","cullface":"up"},"north":{"uv":[5.5,9,5.75,10],"texture":"#baseofblade","cullface":"up"},"south":{"uv":[5.5,9,5.75,10],"texture":"#baseofblade","cullface":"up"},"west":{"uv":[5.5,9,5.75,10],"texture":"#baseofblade","cullface":"up"},"east":{"uv":[5.5,9,5.75,10],"texture":"#baseofblade","cullface":"up"}}},{"from":[6,15.25,6.5],"to":[7.5,16,6.75],"faces":{"down":{"uv":[7.375,9.5,6.125,9.25],"rotation":180,"texture":"#baseofblade"},"up":{"uv":[8.625,9.25,9.875,9.5],"rotation":180,"texture":"#baseofblade","cullface":"up"},"north":{"uv":[5.75,9.75,6,10],"texture":"#baseofblade"},"south":{"uv":[5.75,9.75,6,10],"texture":"#baseofblade"},"west":{"uv":[5.75,9.5,6,10.25],"texture":"#baseofblade"},"east":{"uv":[6,9.5,5.75,10.25],"texture":"#baseofblade"}}},{"from":[6,9.5,7.5],"to":[7.5,10,9.5],"faces":{"up":{"uv":[7,2,9,2.5],"texture":"#texture"},"west":{"uv":[7,2,9,2.5],"texture":"#texture"},"east":{"uv":[9,2,7,2.5],"texture":"#texture"}}},{"from":[6,8,7.5],"to":[7.5,8.5,9.5],"faces":{"west":{"uv":[7,3.5,9,4],"texture":"#texture"},"east":{"uv":[7,2,9,2.5],"texture":"#texture"}}},{"from":[6,11.5,9.25],"to":[7.5,12.5,10.25],"faces":{"up":{"uv":[9.5,15.5,10,14.5],"texture":"#baseofblade"},"north":{"uv":[8.5,13,9,14],"texture":"#baseofblade"},"south":{"uv":[9.5,13,10,14],"texture":"#baseofblade"},"west":{"uv":[8.75,13,9.75,14],"texture":"#baseofblade"},"east":{"uv":[9.75,13,8.75,14],"texture":"#baseofblade"}}},{"from":[6,11.5,6.75],"to":[7.5,12.5,7.75],"faces":{"up":{"uv":[9.5,15.5,10,14.5],"texture":"#baseofblade"},"north":{"uv":[6,13,6.5,14],"texture":"#baseofblade"},"south":{"uv":[7,13,7.5,14],"texture":"#baseofblade"},"west":{"uv":[6.25,13,7.25,14],"texture":"#baseofblade"},"east":{"uv":[7.25,13,6.25,14],"texture":"#baseofblade"}}},{"from":[6,10.5,9],"to":[7.5,13,9.5],"faces":{"up":{"uv":[8.5,12.5,9,13],"rotation":180,"texture":"#baseofblade"},"north":{"uv":[8.5,12.5,9,15.5],"texture":"#baseofblade"},"south":{"uv":[8.5,12.5,9,15.5],"texture":"#baseofblade"},"west":{"uv":[8.5,12.5,9,15.5],"texture":"#baseofblade"},"east":{"uv":[8.5,12.5,9,15.5],"texture":"#baseofblade"}}},{"from":[6,10.5,7.5],"to":[7.25,13,8],"faces":{"up":{"uv":[7,12.5,7.5,13],"rotation":180,"texture":"#baseofblade"},"north":{"uv":[7,12.5,7.5,15.5],"texture":"#baseofblade"},"south":{"uv":[7,12.5,7.5,15.5],"texture":"#baseofblade"},"west":{"uv":[7,12.5,7.5,15.5],"texture":"#baseofblade"},"east":{"uv":[7,12.5,7.5,15.5],"texture":"#baseofblade"}}},{"from":[6.5,10,6],"to":[7,13,7.5],"faces":{"up":{"uv":[5.5,12.5,7,13],"texture":"#baseofblade"},"north":{"uv":[5.5,12.5,6,15.5],"texture":"#baseofblade"},"south":{"uv":[6.5,12.5,7,15.5],"texture":"#baseofblade"},"west":{"uv":[5.5,12.5,7,15.5],"texture":"#baseofblade"},"east":{"uv":[7,12.5,5.5,15.5],"texture":"#baseofblade"}}},{"from":[6.5,10,9.5],"to":[7,13,11],"faces":{"up":{"uv":[9,12.5,10.5,13],"texture":"#baseofblade"},"north":{"uv":[9,12.5,9.5,15.5],"texture":"#baseofblade"},"south":{"uv":[10,12.5,10.5,15.5],"texture":"#baseofblade"},"west":{"uv":[9,12.5,10.5,15.5],"texture":"#baseofblade"},"east":{"uv":[10.5,12.5,9,15.5],"texture":"#baseofblade"}}},{"from":[6.5,11.5,8],"to":[7,26.5,9],"faces":{"north":{"uv":[7.5,0.5,8,15.5],"texture":"#baseofblade","cullface":"up"},"south":{"uv":[8,0.5,8.5,15.5],"texture":"#baseofblade","cullface":"up"},"west":{"uv":[8.5,0.5,7.5,15.5],"texture":"#baseofblade","cullface":"up"},"east":{"uv":[8.5,0.5,7.5,15.5],"texture":"#baseofblade","cullface":"up"}}},{"from":[6.5,17,7.5],"to":[7,18,8],"faces":{"west":{"uv":[9,2.5,9.5,3.5],"texture":"#texture","cullface":"up"},"east":{"uv":[9,2.5,9.5,3.5],"texture":"#texture","cullface":"up"}}},{"from":[6.25,24.5,9.5],"to":[7.25,28.5,10.25],"faces":{"north":{"uv":[9.5,7.5,10.25,11.5],"texture":"#topofblade","cullface":"up"},"south":{"uv":[9.5,7.5,10.25,11.5],"texture":"#topofblade","cullface":"up"},"west":{"uv":[9,7.5,9.75,11.5],"texture":"#topofblade","cullface":"up"},"east":{"uv":[9.75,7.5,9,11.5],"texture":"#topofblade","cullface":"up"}}},{"from":[6.25,24.5,6.75],"to":[7.25,28.5,7.5],"faces":{"north":{"uv":[6,7.5,6.5,11.5],"texture":"#topofblade","cullface":"up"},"south":{"uv":[6,7.5,6.5,11.5],"texture":"#topofblade","cullface":"up"},"west":{"uv":[6.25,7.5,7,11.5],"texture":"#topofblade","cullface":"up"},"east":{"uv":[7,7.5,6.25,11.5],"texture":"#topofblade","cullface":"up"}}},{"from":[6.5,24.5,6.5],"to":[7,29,7.5],"faces":{"north":{"uv":[5.5,7,6,11.5],"texture":"#topofblade","cullface":"up"},"south":{"uv":[6.5,7,7,11.5],"texture":"#topofblade","cullface":"up"},"west":{"uv":[6,7,7.5,11.5],"texture":"#topofblade","cullface":"up"},"east":{"uv":[7.5,7,6,11.5],"texture":"#topofblade","cullface":"up"}}},{"from":[6.5,24.5,9.5],"to":[7,29,10.5],"faces":{"north":{"uv":[9,7,9.5,11.5],"texture":"#topofblade","cullface":"up"},"south":{"uv":[10,7,10.5,11.5],"texture":"#topofblade","cullface":"up"},"west":{"uv":[9,7,10,11.5],"texture":"#topofblade","cullface":"up"},"east":{"uv":[10,7,9,11.5],"texture":"#topofblade","cullface":"up"}}},{"from":[6,24.75,9],"to":[7.5,29,9.5],"faces":{"north":{"uv":[8.5,7,9,12],"texture":"#topofblade","cullface":"up"},"south":{"uv":[8.5,7,9,12],"texture":"#topofblade","cullface":"up"},"west":{"uv":[8.5,7,9,12],"texture":"#topofblade","cullface":"up"},"east":{"uv":[8.5,7,9,12],"texture":"#topofblade","cullface":"up"}}},{"from":[6,24.75,7.5],"to":[7.5,29,8],"faces":{"north":{"uv":[7,7,7.5,12],"texture":"#topofblade","cullface":"up"},"south":{"uv":[7,7,7.5,12],"texture":"#topofblade","cullface":"up"},"west":{"uv":[7,7,7.5,12],"texture":"#topofblade","cullface":"up"},"east":{"uv":[7.5,7,7,12],"texture":"#topofblade","cullface":"up"}}},{"from":[6.25,22.75,6.25],"to":[7.25,24.75,6.75],"faces":{"up":{"uv":[6,0.5,6.5,1],"texture":"#baseofblade","cullface":"up"},"north":{"uv":[6,0.5,6.5,2.25],"texture":"#baseofblade","cullface":"up"},"south":{"uv":[6,0.5,6.5,2.25],"texture":"#baseofblade","cullface":"up"},"west":{"uv":[6.5,0.5,6,2.25],"texture":"#baseofblade","cullface":"up"},"east":{"uv":[6,0.5,6.5,2.25],"texture":"#baseofblade","cullface":"up"}}},{"from":[6.25,19,5.75],"to":[7.25,22.75,6.75],"faces":{"down":{"uv":[5.25,5.5,6.25,6],"texture":"#baseofblade","cullface":"up"},"up":{"uv":[5.25,2.25,6.25,2.75],"texture":"#baseofblade","cullface":"up"},"north":{"uv":[5.25,2.25,6.25,2.75],"texture":"#baseofblade","cullface":"up"},"west":{"uv":[5.25,2.25,6.25,6],"texture":"#baseofblade","cullface":"up"},"east":{"uv":[6.25,2.25,5.25,6],"texture":"#baseofblade","cullface":"up"}}},{"from":[6.25,17.75,5],"to":[7.25,19.75,5.75],"faces":{"down":{"uv":[4.5,6.5,5.5,7.25],"texture":"#baseofblade","cullface":"up"},"up":{"uv":[4.5,5.25,5.5,6],"texture":"#baseofblade","cullface":"up"},"north":{"uv":[4.5,5.25,5.25,7.25],"texture":"#baseofblade","cullface":"up"},"south":{"uv":[4.5,5.25,5.25,7.25],"texture":"#baseofblade","cullface":"up"},"west":{"uv":[4.5,5.25,5.25,7.25],"texture":"#baseofblade","cullface":"up"},"east":{"uv":[5.25,5.25,4.5,7.25],"texture":"#baseofblade","cullface":"up"}}},{"from":[6.25,18.25,5.75],"to":[7.25,19,6.5],"faces":{"down":{"uv":[5.25,6.25,6.25,6.75],"texture":"#baseofblade","cullface":"up"},"south":{"uv":[5.5,6,6,7],"texture":"#baseofblade","cullface":"up"},"west":{"uv":[5.25,6,6,6.75],"texture":"#baseofblade","cullface":"up"},"east":{"uv":[6,6,5.25,6.75],"texture":"#baseofblade","cullface":"up"}}},{"from":[6.25,17.5,4.5],"to":[7.25,18.5,5],"faces":{"down":{"uv":[4.5,7,5,7.5],"texture":"#baseofblade","cullface":"up"},"up":{"uv":[4.5,6.5,5,7],"texture":"#baseofblade","cullface":"up"},"north":{"uv":[4.5,6.5,5,7.5],"texture":"#baseofblade","cullface":"up"},"south":{"uv":[4.5,6.5,5,7.5],"texture":"#baseofblade","cullface":"up"},"west":{"uv":[4.5,6.5,5,7.5],"texture":"#baseofblade","cullface":"up"},"east":{"uv":[5,6.5,4.5,7.5],"texture":"#baseofblade","cullface":"up"}}},{"from":[6.25,19.75,11.25],"to":[7.25,20.75,11.5],"faces":{"up":{"uv":[10.75,4.25,11,4.75],"texture":"#baseofblade","cullface":"up"},"south":{"uv":[10.75,4.25,11,5.5],"texture":"#baseofblade","cullface":"up"},"west":{"uv":[10.75,4.25,11,5.5],"texture":"#baseofblade","cullface":"up"},"east":{"uv":[11,4.25,10.75,5.5],"texture":"#baseofblade","cullface":"up"}}},{"from":[6.25,19.75,5.5],"to":[7.25,20.75,5.75],"faces":{"up":{"uv":[5,4.25,5.25,4.75],"texture":"#baseofblade","cullface":"up"},"north":{"uv":[5,4.25,5.25,5.5],"texture":"#baseofblade","cullface":"up"},"west":{"uv":[5,4.25,5.25,5.5],"texture":"#baseofblade","cullface":"up"},"east":{"uv":[5.25,4.25,5,5.5],"texture":"#baseofblade","cullface":"up"}}},{"from":[6.25,15,6],"to":[7.25,17,6.75],"faces":{"down":{"uv":[5,9.75,6,10.5],"texture":"#baseofblade","cullface":"up"},"up":{"uv":[5,8.5,6,9.25],"texture":"#baseofblade","cullface":"up"},"north":{"uv":[5.25,8.5,6,10.5],"texture":"#baseofblade","cullface":"up"},"west":{"uv":[5.25,8.5,6,10.5],"texture":"#baseofblade","cullface":"up"},"east":{"uv":[6,8.5,5.25,10.5],"texture":"#baseofblade","cullface":"up"}}},{"from":[6.25,16,5.75],"to":[7.25,16.5,6],"faces":{"up":{"uv":[5.25,9,5.5,9.25],"texture":"#baseofblade","cullface":"up"},"north":{"uv":[5.25,9,5.5,9.5],"texture":"#baseofblade","cullface":"up"},"west":{"uv":[5.25,9,5.5,9.5],"texture":"#baseofblade","cullface":"up"},"east":{"uv":[5.5,9,5.25,9.5],"texture":"#baseofblade","cullface":"up"}}},{"from":[6.25,14.75,5.5],"to":[7.25,16,6],"faces":{"down":{"uv":[5,10.25,5.5,10.75],"texture":"#baseofblade"},"up":{"uv":[5,9.5,5.5,10],"texture":"#baseofblade","cullface":"up"},"north":{"uv":[5,9.5,5.5,10.75],"texture":"#baseofblade"},"south":{"uv":[5,9.5,5.5,10.75],"texture":"#baseofblade"},"west":{"uv":[5,9.5,5.5,10.75],"texture":"#baseofblade"},"east":{"uv":[5.5,9.5,5,10.75],"texture":"#baseofblade"}}},{"from":[6.25,14.5,5],"to":[7.25,15.5,5.5],"faces":{"down":{"uv":[4.5,10.5,5,11],"texture":"#baseofblade"},"up":{"uv":[4.5,10,5,10.5],"texture":"#baseofblade"},"north":{"uv":[4.5,10,5,11],"texture":"#baseofblade"},"south":{"uv":[4.5,10,5,11],"texture":"#baseofblade"},"west":{"uv":[4.5,10,5,11],"texture":"#baseofblade"},"east":{"uv":[5,10,4.5,11],"texture":"#baseofblade"}}},{"from":[6.25,14.25,4.5],"to":[7.25,14.75,5],"faces":{"down":{"uv":[4,11,4.5,11.25],"texture":"#baseofblade"},"up":{"uv":[4,10.75,4.5,11],"texture":"#baseofblade"},"north":{"uv":[4,10.75,4.5,11.25],"texture":"#baseofblade"},"south":{"uv":[4,10.75,4.5,11.25],"texture":"#baseofblade"},"west":{"uv":[4,10.75,4.5,11.25],"texture":"#baseofblade"},"east":{"uv":[4.5,10.75,4,11.25],"texture":"#baseofblade"}}},{"from":[6.625,24.5,6],"to":[6.875,27.5,6.5],"faces":{"north":{"uv":[5.5,8.5,6,11.5],"texture":"#topofblade","cullface":"up"},"west":{"uv":[5.5,8.5,6,11.5],"texture":"#topofblade","cullface":"up"},"east":{"uv":[6,8.5,5.5,11.5],"texture":"#topofblade","cullface":"up"}}},{"from":[6.625,24.5,10.5],"to":[6.875,27.5,11],"faces":{"south":{"uv":[10,8.5,10.5,11.5],"texture":"#topofblade","cullface":"up"},"west":{"uv":[10,8.5,10.5,11.5],"texture":"#topofblade","cullface":"up"},"east":{"uv":[10.5,8.5,10,11.5],"texture":"#topofblade","cullface":"up"}}},{"from":[6.5,26.5,8],"to":[7,29,9],"faces":{"west":{"uv":[7.5,7.5,8.5,12],"texture":"#topofblade","cullface":"up"},"east":{"uv":[7.5,7.5,8.5,12],"texture":"#topofblade","cullface":"up"}}}],"display":{"thirdperson_righthand":{"rotation":[0,0,0],"translation":[2.46,7.75,1.89],"scale":[2,2,1.5]},"thirdperson_lefthand":{"rotation":[0,0,0],"translation":[-2.46,7.75,1.89],"scale":[2,2,1.5]},"ground":{"rotation":[90,0,0],"translation":[0,0,0],"scale":[1,1,1]},"fixed":{"rotation":[90,-45,90],"translation":[4.91,-4.54,0],"scale":[1,1,1]},"firstperson_righthand":{"rotation":[-13,13,0],"translation":[3.21,0,0],"scale":[1,1,1]},"firstperson_lefthand":{"rotation":[-13,13,0],"translation":[3.21,0,0],"scale":[1,1,1]},"gui":{"rotation":[94,40,-91],"translation":[-3.21,-2.08,3.59],"scale":[0.6,0.6,0.6]}}}