{"__comment":"designedbyhypixelminecraftserverwithbdcraftcubikpro0.87beta-http://bdcraft.net","textures":{"texture":"items/potato1"},"elements":[{"from":[15.5,21,4],"to":[16,21.5,4.5],"faces":{"down":{"uv":[16,13,15.5,12.5],"texture":"#texture","cullface":"up"},"up":{"uv":[15.5,12.5,16,13],"texture":"#texture","cullface":"up"},"north":{"uv":[15.5,12.5,16,13],"texture":"#texture","cullface":"up"},"south":{"uv":[15.5,12.5,16,13],"texture":"#texture","cullface":"up"},"east":{"uv":[15.5,12.5,16,13],"texture":"#texture","cullface":"up"}}},{"from":[14.5,21.5,4],"to":[15.5,22,4.5],"faces":{"up":{"uv":[14.5,12,15.5,12.5],"texture":"#texture","cullface":"up"},"north":{"uv":[14.5,12,15.5,12.5],"texture":"#texture","cullface":"up"},"south":{"uv":[14.5,12,15.5,12.5],"texture":"#texture","cullface":"up"},"east":{"uv":[15,12,15.5,12.5],"texture":"#texture","cullface":"up"}}},{"from":[14.5,20.5,4],"to":[15.5,21,4.5],"faces":{"down":{"uv":[15.5,12.5,14.5,12],"texture":"#texture","cullface":"up"},"north":{"uv":[14.5,12,15.5,12.5],"texture":"#texture","cullface":"up"},"south":{"uv":[14.5,12,15.5,12.5],"texture":"#texture","cullface":"up"},"east":{"uv":[15,12,15.5,12.5],"texture":"#texture","cullface":"up"}}},{"from":[14,22,4],"to":[14.5,22.5,4.5],"faces":{"up":{"uv":[14,11.5,14.5,12],"texture":"#texture","cullface":"up"},"north":{"uv":[14,11.5,14.5,12],"texture":"#texture","cullface":"up"},"south":{"uv":[14,11.5,14.5,12],"texture":"#texture","cullface":"up"},"east":{"uv":[14,11.5,14.5,12],"texture":"#texture","cullface":"up"}}},{"from":[13.5,22.5,4],"to":[14,24.5,4.5],"faces":{"up":{"uv":[13.5,9.5,14,10],"texture":"#texture","cullface":"up"},"north":{"uv":[13.5,9.5,14,11.5],"texture":"#texture","cullface":"up"},"south":{"uv":[13.5,9.5,14,11.5],"texture":"#texture","cullface":"up"},"west":{"uv":[13.5,9.5,14,11.5],"texture":"#texture","cullface":"up"},"east":{"uv":[13.5,9.5,14,11.5],"texture":"#texture","cullface":"up"}}},{"from":[13,24,4],"to":[13.5,26,4.5],"faces":{"up":{"uv":[13,8,13.5,8.5],"texture":"#texture","cullface":"up"},"north":{"uv":[13,8,13.5,10],"texture":"#texture","cullface":"up"},"south":{"uv":[13,8,13.5,10],"texture":"#texture","cullface":"up"},"west":{"uv":[13,8,13.5,10],"texture":"#texture","cullface":"up"},"east":{"uv":[13,8,13.5,10],"texture":"#texture","cullface":"up"}}},{"from":[12.5,26.5,4],"to":[13,29,4.5],"faces":{"up":{"uv":[12.5,5,13,5.5],"texture":"#texture","cullface":"up"},"north":{"uv":[12.5,5,13,7.5],"texture":"#texture","cullface":"up"},"south":{"uv":[12.5,5,13,7.5],"texture":"#texture","cullface":"up"},"west":{"uv":[12.5,5,13,7.5],"texture":"#texture","cullface":"up"},"east":{"uv":[12.5,5,13,7.5],"texture":"#texture","cullface":"up"}}},{"from":[12,28.5,4],"to":[12.5,29.5,4.5],"faces":{"up":{"uv":[12,4.5,12.5,5],"texture":"#texture","cullface":"up"},"north":{"uv":[12,4.5,12.5,5.5],"texture":"#texture","cullface":"up"},"south":{"uv":[12,4.5,12.5,5.5],"texture":"#texture","cullface":"up"},"east":{"uv":[12,4.5,12.5,5.5],"texture":"#texture","cullface":"up"}}},{"from":[11.5,29.5,4],"to":[12,30,4.5],"faces":{"up":{"uv":[11.5,4,12,4.5],"texture":"#texture","cullface":"up"},"north":{"uv":[11.5,4,12,4.5],"texture":"#texture","cullface":"up"},"south":{"uv":[11.5,4,12,4.5],"texture":"#texture","cullface":"up"},"east":{"uv":[11.5,4,12,4.5],"texture":"#texture","cullface":"up"}}},{"from":[11,30,4],"to":[11.5,31,4.5],"faces":{"up":{"uv":[11,3,11.5,3.5],"texture":"#texture","cullface":"up"},"north":{"uv":[11,3,11.5,4],"texture":"#texture","cullface":"up"},"south":{"uv":[11,3,11.5,4],"texture":"#texture","cullface":"up"},"east":{"uv":[11,3,11.5,4],"texture":"#texture","cullface":"up"}}},{"from":[10.5,31,4],"to":[11,31.5,4.5],"faces":{"up":{"uv":[10.5,2.5,11,3],"texture":"#texture","cullface":"up"},"north":{"uv":[10.5,2.5,11,3],"texture":"#texture","cullface":"up"},"south":{"uv":[10.5,2.5,11,3],"texture":"#texture","cullface":"up"},"east":{"uv":[10.5,2.5,11,3],"texture":"#texture","cullface":"up"}}},{"from":[10,31.5,4],"to":[10.5,32,4.5],"faces":{"up":{"uv":[10,2,10.5,2.5],"texture":"#texture","cullface":"up"},"north":{"uv":[10,2,10.5,2.5],"texture":"#texture","cullface":"up"},"south":{"uv":[10,2,10.5,2.5],"texture":"#texture","cullface":"up"},"west":{"uv":[10,2,10.5,2.5],"texture":"#texture","cullface":"up"},"east":{"uv":[10,2,10.5,2.5],"texture":"#texture","cullface":"up"}}},{"from":[13.5,20,4],"to":[14.5,20.5,4.5],"faces":{"down":{"uv":[8,14,7,13.5],"texture":"#texture","cullface":"up"},"north":{"uv":[7,13.5,8,14],"texture":"#texture","cullface":"up"},"south":{"uv":[7,13.5,8,14],"texture":"#texture","cullface":"up"},"east":{"uv":[8,13.5,8.5,14],"texture":"#texture","cullface":"up"}}},{"from":[13,18,4],"to":[13.5,20,4.5],"faces":{"down":{"uv":[14,11.5,13.5,11],"texture":"#texture","cullface":"up"},"north":{"uv":[13.5,9.5,14,11.5],"texture":"#texture","cullface":"up"},"south":{"uv":[13.5,9.5,14,11.5],"texture":"#texture","cullface":"up"},"east":{"uv":[13.5,9.5,14,11.5],"texture":"#texture","cullface":"up"}}},{"from":[12.5,15,4],"to":[13,17.5,4.5],"faces":{"down":{"uv":[13,7.5,12.5,7],"texture":"#texture","cullface":"up"},"north":{"uv":[12.5,5,13,7.5],"texture":"#texture","cullface":"up"},"south":{"uv":[12.5,5,13,7.5],"texture":"#texture","cullface":"up"},"west":{"uv":[12.5,5,13,7.5],"texture":"#texture","cullface":"up"},"east":{"uv":[12.5,5,13,7.5],"texture":"#texture","cullface":"up"}}},{"from":[12,14,4],"to":[12.5,15,4.5],"faces":{"down":{"uv":[12.5,5,12,4.5],"texture":"#texture"},"north":{"uv":[11,3,11.5,4],"texture":"#texture"},"south":{"uv":[11,3,11.5,4],"texture":"#texture"},"east":{"uv":[11,3,11.5,4],"texture":"#texture"}}},{"from":[11.5,13.5,4],"to":[12,14,4.5],"faces":{"down":{"uv":[12,4.5,11.5,4],"texture":"#texture"},"north":{"uv":[11.5,4,12,4.5],"texture":"#texture"},"south":{"uv":[11.5,4,12,4.5],"texture":"#texture"},"east":{"uv":[11.5,4,12,4.5],"texture":"#texture"}}},{"from":[11,13,4],"to":[11.5,13.5,4.5],"faces":{"down":{"uv":[12,4.5,11.5,4],"texture":"#texture"},"north":{"uv":[11.5,4,12,4.5],"texture":"#texture"},"south":{"uv":[11.5,4,12,4.5],"texture":"#texture"},"west":{"uv":[11.5,4,12,4.5],"texture":"#texture"},"east":{"uv":[11.5,4,12,4.5],"texture":"#texture"}}},{"from":[14.5,21,3.75],"to":[15.5,21.5,4.75],"faces":{"down":{"uv":[13.5,13,12.5,12],"texture":"#texture","cullface":"up"},"up":{"uv":[12,12,13,13],"texture":"#texture","cullface":"up"},"north":{"uv":[14.5,12.5,15.5,13],"texture":"#texture","cullface":"up"},"south":{"uv":[15.5,12.5,14.5,13],"texture":"#texture","cullface":"up"},"east":{"uv":[14.5,12.5,15.5,13],"texture":"#texture","cullface":"up"}}},{"from":[12.5,20.5,3.75],"to":[14.5,22,4.75],"faces":{"down":{"uv":[14.5,13,12.5,12],"texture":"#texture","cullface":"up"},"up":{"uv":[12.5,12,14.5,13],"texture":"#texture","cullface":"up"},"north":{"uv":[12,11.5,14,13],"texture":"#texture","cullface":"up"},"south":{"uv":[14,11.5,12,13],"texture":"#texture","cullface":"up"},"east":{"uv":[12,11,13,12.5],"texture":"#texture","cullface":"up"}}},{"from":[12.5,22,3.75],"to":[14,22.5,4.75],"faces":{"up":{"uv":[13,12,14.5,13],"texture":"#texture","cullface":"up"},"north":{"uv":[12.5,11.5,14,12],"texture":"#texture","cullface":"up"},"south":{"uv":[14,11.5,12.5,12],"texture":"#texture","cullface":"up"},"east":{"uv":[13,11.5,14,12],"texture":"#texture","cullface":"up"}}},{"from":[12.5,22.5,3.75],"to":[13.5,24,4.75],"faces":{"up":{"uv":[12.5,10,13.5,11],"texture":"#texture","cullface":"up"},"north":{"uv":[13.5,10,12.5,11.5],"texture":"#texture","cullface":"up"},"south":{"uv":[12.5,10,13.5,11.5],"texture":"#texture","cullface":"up"},"west":{"uv":[12.5,10,13.5,11.5],"texture":"#texture","cullface":"up"},"east":{"uv":[12.5,10,13.5,11.5],"texture":"#texture","cullface":"up"}}},{"from":[11.5,20.5,3.75],"to":[12.5,23,4.75],"faces":{"down":{"uv":[12.5,12,11.5,11],"texture":"#texture","cullface":"up"},"up":{"uv":[11.5,11,12.5,12],"texture":"#texture","cullface":"up"},"north":{"uv":[13.5,10.5,12.5,13],"texture":"#texture","cullface":"up"},"south":{"uv":[12.5,10.5,13.5,13],"texture":"#texture","cullface":"up"},"west":{"uv":[12.5,10.5,13.5,13],"texture":"#texture","cullface":"up"},"east":{"uv":[12.5,10.5,13.5,13],"texture":"#texture","cullface":"up"}}},{"from":[12,20,3.75],"to":[13.5,20.5,4.75],"faces":{"down":{"uv":[13.5,13,12,12],"texture":"#texture","cullface":"up"},"up":{"uv":[12,12,13.5,13],"texture":"#texture","cullface":"up"},"north":{"uv":[11.5,11,13,11.5],"texture":"#texture","cullface":"up"},"south":{"uv":[13,11,11.5,11.5],"texture":"#texture","cullface":"up"},"east":{"uv":[11.5,11,12.5,11.5],"texture":"#texture","cullface":"up"}}},{"from":[12.5,17.5,3.75],"to":[13,20,4.75],"faces":{"down":{"uv":[13.5,11,13,10],"texture":"#texture","cullface":"up"},"north":{"uv":[13,10.5,13.5,13],"texture":"#texture","cullface":"up"},"south":{"uv":[13,10.5,13.5,13],"texture":"#texture","cullface":"up"},"west":{"uv":[13.5,10.5,12.5,13],"texture":"#texture","cullface":"up"},"east":{"uv":[12.5,10.5,13.5,13],"texture":"#texture","cullface":"up"}}},{"from":[10.5,22,3.75],"to":[11.5,22.5,4.75],"faces":{"up":{"uv":[10.5,11.5,11.5,12.5],"texture":"#texture","cullface":"up"},"north":{"uv":[11.5,11.5,10.5,12],"texture":"#texture","cullface":"up"},"south":{"uv":[10.5,11.5,11.5,12],"texture":"#texture","cullface":"up"},"west":{"uv":[11.5,11.5,10.5,12],"texture":"#texture","cullface":"up"}}},{"from":[10,21.5,3.75],"to":[11.5,22,4.75],"faces":{"down":{"uv":[12.5,12.5,11,11.5],"texture":"#texture","cullface":"up"},"up":{"uv":[11,11.5,12.5,12.5],"texture":"#texture","cullface":"up"},"north":{"uv":[11.5,12,10,12.5],"texture":"#texture","cullface":"up"},"south":{"uv":[10,12,11.5,12.5],"texture":"#texture","cullface":"up"}}},{"from":[10.5,21,3.75],"to":[11.5,21.5,4.75],"faces":{"down":{"uv":[11.5,11,10.5,10],"texture":"#texture","cullface":"up"},"north":{"uv":[11.5,12.5,10.5,13],"texture":"#texture","cullface":"up"},"south":{"uv":[10.5,12.5,11.5,13],"texture":"#texture","cullface":"up"},"west":{"uv":[10,10,11,10.5],"texture":"#texture","cullface":"up"}}},{"from":[12,15,3.75],"to":[12.5,15.5,4.75],"faces":{"down":{"uv":[11,14.5,10.5,13.5],"texture":"#texture"},"north":{"uv":[10.5,3,11,3.5],"texture":"#texture"},"south":{"uv":[10.5,3,11,3.5],"texture":"#texture"},"east":{"uv":[10.5,13.5,11.5,14],"texture":"#texture"}}},{"from":[11,13.5,3.75],"to":[11.5,14.5,4.75],"faces":{"down":{"uv":[11,14.5,10.5,13.5],"texture":"#texture"},"north":{"uv":[12,10.5,12.5,11.5],"texture":"#texture"},"south":{"uv":[12,10.5,12.5,11.5],"texture":"#texture"},"west":{"uv":[11.5,10.5,12.5,11.5],"texture":"#texture"},"east":{"uv":[11.5,10.5,12.5,11.5],"texture":"#texture"}}},{"from":[12.5,25.5,3.75],"to":[13,26.5,4.75],"faces":{"up":{"uv":[12.5,7.5,13,8.5],"texture":"#texture","cullface":"up"},"north":{"uv":[12.5,7.5,13,8.5],"texture":"#texture","cullface":"up"},"south":{"uv":[12.5,7.5,13,8.5],"texture":"#texture","cullface":"up"},"east":{"uv":[12.5,10,13.5,10.5],"texture":"#texture","cullface":"up"}}},{"from":[12,27,3.75],"to":[12.5,28.5,4.75],"faces":{"up":{"uv":[12,5.5,12.5,6.5],"texture":"#texture","cullface":"up"},"north":{"uv":[12,5.5,12.5,7],"texture":"#texture","cullface":"up"},"south":{"uv":[12,5.5,12.5,7],"texture":"#texture","cullface":"up"},"east":{"uv":[11,13.5,12,15],"texture":"#texture","cullface":"up"}}},{"from":[11.5,28.5,3.75],"to":[12,29.5,4.75],"faces":{"up":{"uv":[12,5.5,12.5,6.5],"texture":"#texture","cullface":"up"},"north":{"uv":[11.5,4.5,12,5.5],"texture":"#texture","cullface":"up"},"south":{"uv":[11.5,4.5,12,5.5],"texture":"#texture","cullface":"up"},"east":{"uv":[11.5,11.5,12.5,10.5],"texture":"#texture","cullface":"up"}}},{"from":[10.5,30,3.75],"to":[11,31,4.75],"faces":{"down":{"uv":[10.5,3.5,11,4.5],"texture":"#texture","cullface":"up"},"up":{"uv":[12,5.5,12.5,6.5],"texture":"#texture","cullface":"up"},"north":{"uv":[10.5,3,11,4],"texture":"#texture","cullface":"up"},"south":{"uv":[10.5,3,11,4],"texture":"#texture","cullface":"up"},"west":{"uv":[11.5,11.5,12.5,10.5],"texture":"#texture","cullface":"up"},"east":{"uv":[11.5,11.5,12.5,10.5],"texture":"#texture","cullface":"up"}}},{"from":[11,29.5,3.75],"to":[11.5,30,4.75],"faces":{"up":{"uv":[11,4,11.5,5],"texture":"#texture","cullface":"up"},"north":{"uv":[11,4,11.5,4.5],"texture":"#texture","cullface":"up"},"south":{"uv":[11,4,11.5,4.5],"texture":"#texture","cullface":"up"},"west":{"uv":[10.5,4,11.5,4.5],"texture":"#texture","cullface":"up"},"east":{"uv":[10.5,4,11.5,4.5],"texture":"#texture","cullface":"up"}}},{"from":[11,28.5,3.5],"to":[11.5,29.5,5],"faces":{"down":{"uv":[11.5,6,11,4.5],"texture":"#texture","cullface":"up"},"up":{"uv":[11,4.5,11.5,6],"texture":"#texture","cullface":"up"},"north":{"uv":[11,4.5,11.5,5.5],"texture":"#texture","cullface":"up"},"south":{"uv":[11,4.5,11.5,5.5],"texture":"#texture","cullface":"up"},"west":{"uv":[11,7,12.5,7.5],"texture":"#texture","cullface":"up"},"east":{"uv":[11,7,12.5,7.5],"texture":"#texture","cullface":"up"}}},{"from":[11.5,27,3.5],"to":[12,28.5,5],"faces":{"down":{"uv":[12,7,11.5,5.5],"texture":"#texture","cullface":"up"},"up":{"uv":[11.5,5.5,12,7],"texture":"#texture","cullface":"up"},"north":{"uv":[11.5,5.5,12,7],"texture":"#texture","cullface":"up"},"south":{"uv":[11.5,5.5,12,7],"texture":"#texture","cullface":"up"},"west":{"uv":[11,7,12.5,8.5],"texture":"#texture","cullface":"up"},"east":{"uv":[11,7,12.5,8.5],"texture":"#texture","cullface":"up"}}},{"from":[12,25.5,3.5],"to":[12.5,27,5],"faces":{"up":{"uv":[12,7,12.5,8.5],"texture":"#texture","cullface":"up"},"north":{"uv":[12,7,12.5,8.5],"texture":"#texture","cullface":"up"},"south":{"uv":[12,7,12.5,8.5],"texture":"#texture","cullface":"up"},"west":{"uv":[11,7,12.5,8.5],"texture":"#texture","cullface":"up"},"east":{"uv":[11,7,12.5,8.5],"texture":"#texture","cullface":"up"}}},{"from":[12,23,3.5],"to":[12.5,25.5,5],"faces":{"down":{"uv":[12.5,8.5,12,7],"texture":"#texture","cullface":"up"},"north":{"uv":[12,8.5,12.5,11],"texture":"#texture","cullface":"up"},"south":{"uv":[12,8.5,12.5,11],"texture":"#texture","cullface":"up"},"west":{"uv":[11,8.5,12.5,11],"texture":"#texture","cullface":"up"},"east":{"uv":[12.5,8.5,11,11],"texture":"#texture","cullface":"up"}}},{"from":[12.5,24,3.5],"to":[13,25.5,5],"faces":{"down":{"uv":[13,10,12.5,8.5],"texture":"#texture","cullface":"up"},"up":{"uv":[12.5,8.5,13,10],"texture":"#texture","cullface":"up"},"north":{"uv":[12.5,8.5,13,10],"texture":"#texture","cullface":"up"},"south":{"uv":[12.5,8.5,13,10],"texture":"#texture","cullface":"up"},"east":{"uv":[11.5,8.5,13,10],"texture":"#texture","cullface":"up"}}},{"from":[11,27.5,3.75],"to":[11.5,28.5,4.75],"faces":{"down":{"uv":[11.5,7.5,11,6.5],"texture":"#texture","cullface":"up"},"north":{"uv":[11,5,11.5,6],"texture":"#texture","cullface":"up"},"south":{"uv":[11,5,11.5,6],"texture":"#texture","cullface":"up"},"west":{"uv":[11,5,12,6],"texture":"#texture","cullface":"up"}}},{"from":[11.5,25.5,3.75],"to":[12,27,4.75],"faces":{"north":{"uv":[11.5,7,12,8.5],"texture":"#texture","cullface":"up"},"south":{"uv":[11.5,7,12,8.5],"texture":"#texture","cullface":"up"},"west":{"uv":[11,7,12,8.5],"texture":"#texture","cullface":"up"}}},{"from":[11.5,24,3.75],"to":[12,25.5,4.75],"faces":{"north":{"uv":[11.5,8.5,12,10],"texture":"#texture","cullface":"up"},"south":{"uv":[11.5,8.5,12,10],"texture":"#texture","cullface":"up"}}},{"from":[11,25.5,4],"to":[11.5,27.5,4.5],"faces":{"north":{"uv":[11,6.5,11.5,8.5],"texture":"#texture","cullface":"up"},"south":{"uv":[11,6.5,11.5,8.5],"texture":"#texture","cullface":"up"},"west":{"uv":[11,6.5,11.5,8.5],"texture":"#texture","cullface":"up"},"east":{"uv":[11,6.5,11.5,8.5],"texture":"#texture","cullface":"up"}}},{"from":[11.5,23,3.5],"to":[12,24,5],"faces":{"down":{"uv":[12,11,11.5,9.5],"texture":"#texture","cullface":"up"},"up":{"uv":[11.5,9.5,12,11],"texture":"#texture","cullface":"up"},"north":{"uv":[11.5,10,12,11],"texture":"#texture","cullface":"up"},"south":{"uv":[11.5,10,12,11],"texture":"#texture","cullface":"up"},"west":{"uv":[11,10,12.5,11],"texture":"#texture","cullface":"up"}}},{"from":[11,22.5,3.5],"to":[11.5,23,5],"faces":{"down":{"uv":[11.5,11.5,11,10],"texture":"#texture","cullface":"up"},"up":{"uv":[11,10,11.5,11.5],"texture":"#texture","cullface":"up"},"north":{"uv":[11,11,11.5,11.5],"texture":"#texture","cullface":"up"},"south":{"uv":[11,11,11.5,11.5],"texture":"#texture","cullface":"up"},"west":{"uv":[11,10.5,12.5,11],"texture":"#texture","cullface":"up"},"east":{"uv":[11,10.5,12.5,11],"texture":"#texture","cullface":"up"}}},{"from":[11,23,3.75],"to":[11.5,25.5,4.75],"faces":{"up":{"uv":[11,10,11.5,11],"texture":"#texture","cullface":"up"},"north":{"uv":[11,8.5,11.5,11],"texture":"#texture","cullface":"up"},"south":{"uv":[11,8.5,11.5,11],"texture":"#texture","cullface":"up"},"west":{"uv":[11,8.5,12,11],"texture":"#texture","cullface":"up"},"east":{"uv":[11,8.5,12,11],"texture":"#texture","cullface":"up"}}},{"from":[10.5,22.5,3.75],"to":[11,24,4.75],"faces":{"up":{"uv":[10.5,10,11,11],"texture":"#texture","cullface":"up"},"north":{"uv":[10.5,10,11,11.5],"texture":"#texture","cullface":"up"},"south":{"uv":[10.5,10,11,11.5],"texture":"#texture","cullface":"up"},"west":{"uv":[11.5,9.5,12.5,11],"texture":"#texture","cullface":"up"},"east":{"uv":[11.5,9.5,12.5,11],"texture":"#texture","cullface":"up"}}},{"from":[10.5,24,4],"to":[11,24.5,4.5],"faces":{"up":{"uv":[10.5,9.5,11,10],"texture":"#texture","cullface":"up"},"north":{"uv":[10.5,9.5,11,10],"texture":"#texture","cullface":"up"},"south":{"uv":[10.5,9.5,11,10],"texture":"#texture","cullface":"up"},"west":{"uv":[10.5,9.5,11,10],"texture":"#texture","cullface":"up"}}},{"from":[10,23.5,3.75],"to":[10.5,24,4.75],"faces":{"down":{"uv":[11,11.5,10.5,10.5],"texture":"#texture","cullface":"up"},"up":{"uv":[10.5,10.5,11,11.5],"texture":"#texture","cullface":"up"},"north":{"uv":[10,10,10.5,10.5],"texture":"#texture","cullface":"up"},"south":{"uv":[10,10,10.5,10.5],"texture":"#texture","cullface":"up"},"west":{"uv":[10,10,11,10.5],"texture":"#texture","cullface":"up"}}},{"from":[9.5,23.5,4],"to":[10,24,4.5],"faces":{"up":{"uv":[6.5,0,7,0.5],"texture":"#texture","cullface":"up"},"north":{"uv":[6.5,0,7,0.5],"texture":"#texture","cullface":"up"},"south":{"uv":[6.5,0,7,0.5],"texture":"#texture","cullface":"up"}}},{"from":[10,22,4],"to":[10.5,23.5,4.5],"faces":{"north":{"uv":[10,10.5,10.5,12],"texture":"#texture","cullface":"up"},"south":{"uv":[10,10.5,10.5,12],"texture":"#texture","cullface":"up"},"east":{"uv":[10,10.5,10.5,12],"texture":"#texture","cullface":"up"}}},{"from":[10,19.5,4],"to":[10.5,21.5,4.5],"faces":{"down":{"uv":[10.5,12,10,11.5],"texture":"#texture","cullface":"up"},"north":{"uv":[15.5,13.5,16,15.5],"texture":"#texture","cullface":"up"},"south":{"uv":[15.5,13.5,16,15.5],"texture":"#texture","cullface":"up"},"west":{"uv":[15.5,13.5,16,15.5],"texture":"#texture","cullface":"up"},"east":{"uv":[15.5,13.5,16,15.5],"texture":"#texture","cullface":"up"}}},{"from":[10.5,19,3.75],"to":[11,21,4.75],"faces":{"down":{"uv":[11,11.5,10.5,10.5],"texture":"#texture","cullface":"up"},"north":{"uv":[14.5,13.5,15,16],"texture":"#texture","cullface":"up"},"south":{"uv":[14.5,13.5,15,16],"texture":"#texture","cullface":"up"},"west":{"uv":[13.5,13.5,14.5,16],"texture":"#texture","cullface":"up"},"east":{"uv":[13.5,13.5,14.5,16],"texture":"#texture","cullface":"up"}}},{"from":[11,20.5,3.5],"to":[11.5,21,5],"faces":{"down":{"uv":[11.5,11.5,11,10],"texture":"#texture","cullface":"up"},"up":{"uv":[11,10,11.5,11.5],"texture":"#texture","cullface":"up"},"north":{"uv":[11,11,11.5,11.5],"texture":"#texture","cullface":"up"},"south":{"uv":[11,11,11.5,11.5],"texture":"#texture","cullface":"up"},"west":{"uv":[11,10.5,12.5,11],"texture":"#texture","cullface":"up"},"east":{"uv":[11,10.5,12.5,11],"texture":"#texture","cullface":"up"}}},{"from":[11.5,20,3.5],"to":[12,20.5,5],"faces":{"down":{"uv":[11.5,11.5,11,10],"texture":"#texture","cullface":"up"},"up":{"uv":[11,10,11.5,11.5],"texture":"#texture","cullface":"up"},"north":{"uv":[11.5,10.5,12,11],"texture":"#texture","cullface":"up"},"south":{"uv":[11.5,10.5,12,11],"texture":"#texture","cullface":"up"},"west":{"uv":[11,10.5,12.5,11],"texture":"#texture","cullface":"up"},"east":{"uv":[11,10.5,12.5,11],"texture":"#texture","cullface":"up"}}},{"from":[12,18,3.5],"to":[12.5,20,5],"faces":{"up":{"uv":[12,9.5,12.5,11],"texture":"#texture","cullface":"up"},"north":{"uv":[12,9,12.5,11],"texture":"#texture","cullface":"up"},"south":{"uv":[12,9,12.5,11],"texture":"#texture","cullface":"up"},"west":{"uv":[11,9,12.5,11],"texture":"#texture","cullface":"up"},"east":{"uv":[11,9,12.5,11],"texture":"#texture","cullface":"up"}}},{"from":[12,15.5,3.5],"to":[12.5,18,5],"faces":{"down":{"uv":[12.5,11,12,9.5],"texture":"#texture","cullface":"up"},"north":{"uv":[11,8.5,11.5,11],"texture":"#texture","cullface":"up"},"south":{"uv":[11,8.5,11.5,11],"texture":"#texture","cullface":"up"},"west":{"uv":[11,8.5,12.5,11],"texture":"#texture","cullface":"up"},"east":{"uv":[11,8.5,12.5,11],"texture":"#texture","cullface":"up"}}},{"from":[11.5,15,3.5],"to":[12,15.5,5],"faces":{"down":{"uv":[12.5,11,12,9.5],"texture":"#texture"},"up":{"uv":[12,9.5,12.5,11],"texture":"#texture"},"north":{"uv":[12.5,8.5,13,9],"texture":"#texture"},"south":{"uv":[12.5,8.5,13,9],"texture":"#texture"},"west":{"uv":[11,10.5,12.5,11],"texture":"#texture"},"east":{"uv":[11,10.5,12.5,11],"texture":"#texture"}}},{"from":[11,14.5,3.5],"to":[11.5,15,5],"faces":{"down":{"uv":[11.5,10,11,8.5],"texture":"#texture"},"up":{"uv":[11,8.5,11.5,10],"texture":"#texture"},"north":{"uv":[12.5,9.5,13,10],"texture":"#texture"},"south":{"uv":[12.5,9.5,13,10],"texture":"#texture"},"west":{"uv":[11,10.5,12.5,11],"texture":"#texture"},"east":{"uv":[11,10.5,12.5,11],"texture":"#texture"}}},{"from":[11.5,15.5,3.75],"to":[12,17.5,4.75],"faces":{"north":{"uv":[12,8.5,12.5,10.5],"texture":"#texture","cullface":"up"},"south":{"uv":[12,8.5,12.5,10.5],"texture":"#texture","cullface":"up"},"west":{"uv":[11,7,12,9],"texture":"#texture","cullface":"up"}}},{"from":[11.5,17.5,3.75],"to":[12,20,4.75],"faces":{"north":{"uv":[12,7,12.5,9.5],"texture":"#texture","cullface":"up"},"south":{"uv":[12,7,12.5,9.5],"texture":"#texture","cullface":"up"},"west":{"uv":[11.5,7,12.5,9.5],"texture":"#texture","cullface":"up"},"east":{"uv":[11.5,7,12.5,9.5],"texture":"#texture","cullface":"up"}}},{"from":[11,18.5,3.75],"to":[11.5,20.5,4.75],"faces":{"down":{"uv":[12,11,11.5,10],"texture":"#texture","cullface":"up"},"north":{"uv":[11.5,9,12,11],"texture":"#texture","cullface":"up"},"south":{"uv":[11.5,9,12,11],"texture":"#texture","cullface":"up"},"west":{"uv":[11,8.5,12,10.5],"texture":"#texture","cullface":"up"},"east":{"uv":[11,8.5,12,10.5],"texture":"#texture","cullface":"up"}}},{"from":[11,15,3.75],"to":[11.5,16,4.75],"faces":{"up":{"uv":[11,10.5,11.5,11.5],"texture":"#texture","cullface":"up"},"north":{"uv":[11,10,11.5,11],"texture":"#texture"},"south":{"uv":[11,10,11.5,11],"texture":"#texture"},"west":{"uv":[11.5,10,12.5,11],"texture":"#texture"},"east":{"uv":[11.5,10,12.5,11],"texture":"#texture"}}},{"from":[11,16,4],"to":[11.5,18.5,4.5],"faces":{"north":{"uv":[11,8.5,11.5,11],"texture":"#texture","cullface":"up"},"south":{"uv":[11,8.5,11.5,11],"texture":"#texture","cullface":"up"},"west":{"uv":[11,8.5,11.5,11],"texture":"#texture","cullface":"up"},"east":{"uv":[11,8.5,11.5,11],"texture":"#texture","cullface":"up"}}},{"from":[9,24,3.75],"to":[9.5,24.5,4.75],"faces":{"up":{"uv":[15,2.5,15.5,3.5],"texture":"#texture","cullface":"up"},"north":{"uv":[15.5,3.5,16,4],"texture":"#texture","cullface":"up"},"south":{"uv":[15.5,3.5,16,4],"texture":"#texture","cullface":"up"},"east":{"uv":[12.5,10,13.5,10.5],"texture":"#texture","cullface":"up"}}},{"from":[8.5,24.5,3.75],"to":[9,25,4.75],"faces":{"up":{"uv":[15,2.5,15.5,3.5],"texture":"#texture","cullface":"up"},"north":{"uv":[15,3,15.5,3.5],"texture":"#texture","cullface":"up"},"south":{"uv":[15,3,15.5,3.5],"texture":"#texture","cullface":"up"},"east":{"uv":[12.5,10,13.5,10.5],"texture":"#texture","cullface":"up"}}},{"from":[8,25.5,3.75],"to":[8.5,26,4.75],"faces":{"up":{"uv":[15,2.5,15.5,3.5],"texture":"#texture","cullface":"up"},"north":{"uv":[14.5,2,15,2.5],"texture":"#texture","cullface":"up"},"south":{"uv":[14.5,2,15,2.5],"texture":"#texture","cullface":"up"},"east":{"uv":[12.5,10,13.5,10.5],"texture":"#texture","cullface":"up"}}},{"from":[8,26,4],"to":[8.5,26.5,4.5],"faces":{"up":{"uv":[14.5,1.5,15,2],"texture":"#texture","cullface":"up"},"north":{"uv":[14.5,1.5,15,2],"texture":"#texture","cullface":"up"},"south":{"uv":[14.5,1.5,15,2],"texture":"#texture","cullface":"up"},"east":{"uv":[14.5,1.5,15,2],"texture":"#texture","cullface":"up"}}},{"from":[7.5,26.5,4],"to":[8,27,4.5],"faces":{"up":{"uv":[14,1,14.5,1.5],"texture":"#texture","cullface":"up"},"north":{"uv":[14,1,14.5,1.5],"texture":"#texture","cullface":"up"},"south":{"uv":[14,1,14.5,1.5],"texture":"#texture","cullface":"up"},"east":{"uv":[14,1,14.5,1.5],"texture":"#texture","cullface":"up"}}},{"from":[6.5,27,4],"to":[7.5,27.5,4.5],"faces":{"down":{"uv":[14,1,13,0.5],"texture":"#texture","cullface":"up"},"up":{"uv":[13,0.5,14,1],"texture":"#texture","cullface":"up"},"north":{"uv":[13,0.5,14,1],"texture":"#texture","cullface":"up"},"south":{"uv":[13,0.5,14,1],"texture":"#texture","cullface":"up"},"east":{"uv":[13.5,0.5,14,1],"texture":"#texture","cullface":"up"}}},{"from":[4,27.5,4],"to":[4.5,28,4.5],"faces":{"up":{"uv":[10.5,0,11,0.5],"texture":"#texture","cullface":"up"},"north":{"uv":[10.5,0,11,0.5],"texture":"#texture","cullface":"up"},"south":{"uv":[10.5,0,11,0.5],"texture":"#texture","cullface":"up"},"west":{"uv":[10.5,0,11,0.5],"texture":"#texture","cullface":"up"}}},{"from":[3,27,4],"to":[3.5,27.5,4.5],"faces":{"up":{"uv":[9.5,0.5,10,1],"texture":"#texture","cullface":"up"},"north":{"uv":[9.5,0.5,10,1],"texture":"#texture","cullface":"up"},"south":{"uv":[9.5,0.5,10,1],"texture":"#texture","cullface":"up"},"west":{"uv":[9.5,0.5,10,1],"texture":"#texture","cullface":"up"}}},{"from":[2.5,26.5,4],"to":[3,27,4.5],"faces":{"up":{"uv":[9,1,9.5,1.5],"texture":"#texture","cullface":"up"},"north":{"uv":[9,1,9.5,1.5],"texture":"#texture","cullface":"up"},"south":{"uv":[9,1,9.5,1.5],"texture":"#texture","cullface":"up"},"west":{"uv":[9,1,9.5,1.5],"texture":"#texture","cullface":"up"}}},{"from":[8,24.5,3.5],"to":[8.5,25.5,5],"faces":{"up":{"uv":[14.5,2.5,15,4],"texture":"#texture","cullface":"up"},"north":{"uv":[14.5,2.5,15,3.5],"texture":"#texture","cullface":"up"},"south":{"uv":[14.5,2.5,15,3.5],"texture":"#texture","cullface":"up"},"west":{"uv":[11,8.5,12.5,9.5],"texture":"#texture","cullface":"up"},"east":{"uv":[11,8.5,12.5,9.5],"texture":"#texture","cullface":"up"}}},{"from":[8,24,3.5],"to":[9,24.5,5],"faces":{"down":{"uv":[12.5,10,11.5,8.5],"texture":"#texture","cullface":"up"},"up":{"uv":[11.5,8.5,12.5,10],"texture":"#texture","cullface":"up"},"north":{"uv":[14.5,3.5,15.5,4],"texture":"#texture","cullface":"up"},"south":{"uv":[14.5,3.5,15.5,4],"texture":"#texture","cullface":"up"},"east":{"uv":[11,8.5,12.5,9],"texture":"#texture","cullface":"up"}}},{"from":[7,25.5,3.5],"to":[7.5,26.5,5],"faces":{"up":{"uv":[13.5,1,14,2.5],"texture":"#texture","cullface":"up"},"north":{"uv":[13.5,1.5,14,2.5],"texture":"#texture","cullface":"up"},"south":{"uv":[13.5,1.5,14,2.5],"texture":"#texture","cullface":"up"},"east":{"uv":[11,8,12.5,9],"texture":"#texture","cullface":"up"}}},{"from":[7.5,25,3.5],"to":[8,26,5],"faces":{"up":{"uv":[11.5,8.5,12,10],"texture":"#texture","cullface":"up"},"north":{"uv":[14,2,14.5,3],"texture":"#texture","cullface":"up"},"south":{"uv":[14,2,14.5,3],"texture":"#texture","cullface":"up"},"west":{"uv":[11,8.5,12.5,9.5],"texture":"#texture","cullface":"up"},"east":{"uv":[11,8.5,12.5,9.5],"texture":"#texture","cullface":"up"}}},{"from":[6.5,26.5,3.5],"to":[7,27,5],"faces":{"up":{"uv":[11.5,7.5,12,9],"texture":"#texture","cullface":"up"},"north":{"uv":[13,1,13.5,1.5],"texture":"#texture","cullface":"up"},"south":{"uv":[13,1,13.5,1.5],"texture":"#texture","cullface":"up"},"east":{"uv":[11,8.5,12.5,9],"texture":"#texture","cullface":"up"}}},{"from":[5.5,27,3.5],"to":[6,27.5,5],"faces":{"up":{"uv":[11,7,11.5,8.5],"texture":"#texture","cullface":"up"},"north":{"uv":[12,0.5,12.5,1],"texture":"#texture","cullface":"up"},"south":{"uv":[12,0.5,12.5,1],"texture":"#texture","cullface":"up"},"east":{"uv":[11,8.5,12.5,9],"texture":"#texture","cullface":"up"}}},{"from":[7.5,24,3.25],"to":[8,25,5.25],"faces":{"down":{"uv":[11.5,7,11,5],"texture":"#texture","cullface":"up"},"up":{"uv":[11,7,11.5,9],"texture":"#texture","cullface":"up"},"north":{"uv":[13.5,2.5,14,3.5],"texture":"#texture","cullface":"up"},"south":{"uv":[13.5,2.5,14,3.5],"texture":"#texture","cullface":"up"},"west":{"uv":[13.5,3,14.5,3.5],"texture":"#texture","cullface":"up"},"east":{"uv":[13.5,3,14.5,3.5],"texture":"#texture","cullface":"up"}}},{"from":[7.5,23,3.5],"to":[8,24,5],"faces":{"down":{"uv":[11.5,8.5,11,7],"texture":"#texture","cullface":"up"},"north":{"uv":[13,3,13.5,4],"texture":"#texture","cullface":"up"},"south":{"uv":[13,3,13.5,4],"texture":"#texture","cullface":"up"},"west":{"uv":[11,8.5,12.5,9],"texture":"#texture","cullface":"up"},"east":{"uv":[11,8.5,12.5,9],"texture":"#texture","cullface":"up"}}},{"from":[7,24.5,3.25],"to":[7.5,25.5,5.25],"faces":{"down":{"uv":[15,15.5,14.5,13.5],"texture":"#texture","cullface":"up"},"up":{"uv":[14.5,13.5,15,15.5],"texture":"#texture","cullface":"up"},"north":{"uv":[13.5,2.5,14,3.5],"texture":"#texture","cullface":"up"},"south":{"uv":[13.5,2.5,14,3.5],"texture":"#texture","cullface":"up"},"west":{"uv":[13.5,13.5,15,14],"texture":"#texture","cullface":"up"},"east":{"uv":[13.5,13.5,15,14],"texture":"#texture","cullface":"up"}}},{"from":[6.5,25.5,3.25],"to":[7,26.5,5.25],"faces":{"down":{"uv":[15,15.5,14.5,13.5],"texture":"#texture","cullface":"up"},"up":{"uv":[14.5,13.5,15,15.5],"texture":"#texture","cullface":"up"},"north":{"uv":[13,1.5,13.5,2.5],"texture":"#texture","cullface":"up"},"south":{"uv":[13,1.5,13.5,2.5],"texture":"#texture","cullface":"up"},"west":{"uv":[13.5,13.5,15,14],"texture":"#texture","cullface":"up"},"east":{"uv":[13.5,13.5,15,14],"texture":"#texture","cullface":"up"}}},{"from":[5.5,26.5,3.25],"to":[6.5,27,5.25],"faces":{"down":{"uv":[15,15.5,14,13.5],"texture":"#texture","cullface":"up"},"up":{"uv":[14,13.5,15,15.5],"texture":"#texture","cullface":"up"},"north":{"uv":[12,1,13,1.5],"texture":"#texture","cullface":"up"},"south":{"uv":[12,1,13,1.5],"texture":"#texture","cullface":"up"},"west":{"uv":[13.5,13.5,15,14],"texture":"#texture","cullface":"up"},"east":{"uv":[13.5,13.5,15,14],"texture":"#texture","cullface":"up"}}},{"from":[4.5,27,3.25],"to":[5.5,27.5,5.25],"faces":{"down":{"uv":[15,15.5,14,13.5],"texture":"#texture","cullface":"up"},"up":{"uv":[14,13.5,15,15.5],"texture":"#texture","cullface":"up"},"north":{"uv":[11,0.5,12,1],"texture":"#texture","cullface":"up"},"south":{"uv":[11,0.5,12,1],"texture":"#texture","cullface":"up"},"west":{"uv":[13.5,13.5,15,14],"texture":"#texture","cullface":"up"},"east":{"uv":[13.5,13.5,15,14],"texture":"#texture","cullface":"up"}}},{"from":[4.5,26.5,3.5],"to":[5.5,27,5],"faces":{"down":{"uv":[12.5,8.5,11.5,7],"texture":"#texture","cullface":"up"},"north":{"uv":[11,1,12,1.5],"texture":"#texture","cullface":"up"},"south":{"uv":[11,1,12,1.5],"texture":"#texture","cullface":"up"},"west":{"uv":[10.5,1,12,1.5],"texture":"#texture","cullface":"up"}}},{"from":[5,26,3.5],"to":[6.5,26.5,5],"faces":{"down":{"uv":[12.5,8.5,11,7],"texture":"#texture","cullface":"up"},"up":{"uv":[11,7,12.5,8.5],"texture":"#texture","cullface":"up"},"north":{"uv":[11.5,1.5,13,2],"texture":"#texture","cullface":"up"},"south":{"uv":[11.5,1.5,13,2],"texture":"#texture","cullface":"up"},"west":{"uv":[11.5,1.5,13,2],"texture":"#texture","cullface":"up"}}},{"from":[6,25.5,3.5],"to":[6.5,26,5],"faces":{"down":{"uv":[12.5,8.5,12,7],"texture":"#texture","cullface":"up"},"north":{"uv":[12.5,2,13,2.5],"texture":"#texture","cullface":"up"},"south":{"uv":[12.5,2,13,2.5],"texture":"#texture","cullface":"up"},"west":{"uv":[11.5,1.5,13,2],"texture":"#texture","cullface":"up"}}},{"from":[6.5,25,3.5],"to":[7,25.5,5],"faces":{"north":{"uv":[13,2.5,13.5,3],"texture":"#texture","cullface":"up"},"south":{"uv":[13,2.5,13.5,3],"texture":"#texture","cullface":"up"},"west":{"uv":[11,7,12.5,7.5],"texture":"#texture","cullface":"up"}}},{"from":[6.5,24.5,3.5],"to":[7,25,5],"faces":{"down":{"uv":[13.5,4,13,2.5],"texture":"#texture","cullface":"up"},"north":{"uv":[13,3,13.5,3.5],"texture":"#texture","cullface":"up"},"south":{"uv":[13,3,13.5,3.5],"texture":"#texture","cullface":"up"},"west":{"uv":[11,8.5,12.5,9],"texture":"#texture","cullface":"up"}}},{"from":[7,23.5,3.5],"to":[7.5,24.5,5],"faces":{"down":{"uv":[12,6.5,11.5,5],"texture":"#texture","cullface":"up"},"north":{"uv":[12,7,12.5,8],"texture":"#texture","cullface":"up"},"south":{"uv":[12,7,12.5,8],"texture":"#texture","cullface":"up"},"west":{"uv":[11,7,12.5,7.5],"texture":"#texture","cullface":"up"},"east":{"uv":[11,7,12.5,7.5],"texture":"#texture","cullface":"up"}}},{"from":[1,24.5,4],"to":[2,25,4.5],"faces":{"down":{"uv":[7.5,3.5,8.5,3],"texture":"#texture","cullface":"up"},"up":{"uv":[7.5,3,8.5,3.5],"texture":"#texture","cullface":"up"},"north":{"uv":[8.5,3,7.5,3.5],"texture":"#texture","cullface":"up"},"south":{"uv":[7.5,3,8.5,3.5],"texture":"#texture","cullface":"up"},"west":{"uv":[7.5,3,8,3.5],"texture":"#texture","cullface":"up"},"east":{"uv":[8,3,8.5,3.5],"texture":"#texture","cullface":"up"}}},{"from":[2,25,3.75],"to":[2.5,26,4.75],"faces":{"down":{"uv":[12,6,11.5,5],"texture":"#texture","cullface":"up"},"up":{"uv":[11,4,11.5,5],"texture":"#texture","cullface":"up"},"north":{"uv":[8.5,2,9,3],"texture":"#texture","cullface":"up"},"south":{"uv":[8.5,2,9,3],"texture":"#texture","cullface":"up"},"west":{"uv":[11.5,11.5,12.5,10.5],"texture":"#texture","cullface":"up"},"east":{"uv":[11.5,11.5,12.5,10.5],"texture":"#texture","cullface":"up"}}},{"from":[2.5,26,3.75],"to":[3,26.5,4.75],"faces":{"down":{"uv":[12,6,11.5,5],"texture":"#texture","cullface":"up"},"up":{"uv":[11.5,5,12,6],"texture":"#texture","cullface":"up"},"north":{"uv":[9,1.5,9.5,2],"texture":"#texture","cullface":"up"},"south":{"uv":[9,1.5,9.5,2],"texture":"#texture","cullface":"up"},"west":{"uv":[11.5,7,12.5,7.5],"texture":"#texture","cullface":"up"}}},{"from":[5.5,25.5,3.75],"to":[6,26,4.75],"faces":{"down":{"uv":[12.5,2.5,12,1.5],"texture":"#texture","cullface":"up"},"north":{"uv":[12,2,12.5,2.5],"texture":"#texture","cullface":"up"},"south":{"uv":[12,2,12.5,2.5],"texture":"#texture","cullface":"up"},"west":{"uv":[12,2,13,2.5],"texture":"#texture","cullface":"up"}}},{"from":[6.5,16,3.75],"to":[7,17,4.75],"faces":{"up":{"uv":[3.5,7,4,8],"texture":"#texture","cullface":"up"},"north":{"uv":[3.5,7,4,8],"texture":"#texture","cullface":"up"},"south":{"uv":[3.5,7,4,8],"texture":"#texture","cullface":"up"},"west":{"uv":[3.5,7,4.5,8],"texture":"#texture","cullface":"up"}}},{"from":[6,24.5,3.75],"to":[6.5,25.5,4.75],"faces":{"down":{"uv":[13,4,12.5,3],"texture":"#texture","cullface":"up"},"north":{"uv":[12.5,2.5,13,3.5],"texture":"#texture","cullface":"up"},"south":{"uv":[12.5,2.5,13,3.5],"texture":"#texture","cullface":"up"},"west":{"uv":[12.5,2.5,13,3.5],"texture":"#texture","cullface":"up"},"east":{"uv":[12.5,2.5,13,3.5],"texture":"#texture","cullface":"up"}}},{"from":[7,21.5,3.75],"to":[7.5,23.5,4.75],"faces":{"down":{"uv":[4.5,2.5,4,1.5],"texture":"#texture","cullface":"up"},"north":{"uv":[4,0.5,4.5,2.5],"texture":"#texture","cullface":"up"},"south":{"uv":[4,0.5,4.5,2.5],"texture":"#texture","cullface":"up"},"west":{"uv":[4,0.5,4.5,2.5],"texture":"#texture","cullface":"up"},"east":{"uv":[4,0.5,4.5,2.5],"texture":"#texture","cullface":"up"}}},{"from":[7.5,22.5,3.75],"to":[8,23,4.75],"faces":{"north":{"uv":[4.5,1,5,1.5],"texture":"#texture","cullface":"up"},"south":{"uv":[4.5,1,5,1.5],"texture":"#texture","cullface":"up"}}},{"from":[9.5,20.5,3.75],"to":[10,23.5,4.75],"faces":{"up":{"uv":[6.5,0.5,7,1.5],"texture":"#texture","cullface":"up"},"north":{"uv":[6.5,0.5,7,3.5],"texture":"#texture","cullface":"up"},"south":{"uv":[6.5,0.5,7,3.5],"texture":"#texture","cullface":"up"},"west":{"uv":[6.5,0.5,7,3.5],"texture":"#texture","cullface":"up"},"east":{"uv":[6.5,0.5,7,3.5],"texture":"#texture","cullface":"up"}}},{"from":[9.5,17.5,3.75],"to":[10,20.5,4.75],"faces":{"down":{"uv":[7,6.5,6.5,5.5],"texture":"#texture","cullface":"up"},"north":{"uv":[6.5,3.5,7,6.5],"texture":"#texture","cullface":"up"},"south":{"uv":[6.5,3.5,7,6.5],"texture":"#texture","cullface":"up"},"west":{"uv":[6.5,3.5,7,6.5],"texture":"#texture","cullface":"up"},"east":{"uv":[6.5,3.5,7,6.5],"texture":"#texture","cullface":"up"}}},{"from":[9,17,3.75],"to":[9.5,17.5,4.75],"faces":{"north":{"uv":[6,6.5,6.5,7],"texture":"#texture","cullface":"up"},"south":{"uv":[6,6.5,6.5,7],"texture":"#texture","cullface":"up"},"east":{"uv":[6,13.5,7,14],"texture":"#texture","cullface":"up"}}},{"from":[8.5,23,3.5],"to":[9.5,23.5,5],"faces":{"down":{"uv":[12.5,12.5,11.5,11],"texture":"#texture","cullface":"up"},"up":{"uv":[11.5,11,12.5,12.5],"texture":"#texture","cullface":"up"},"north":{"uv":[5.5,0.5,6.5,1],"texture":"#texture","cullface":"up"},"south":{"uv":[5.5,0.5,6.5,1],"texture":"#texture","cullface":"up"},"west":{"uv":[11.5,11,13,11.5],"texture":"#texture","cullface":"up"},"east":{"uv":[11.5,11,13,11.5],"texture":"#texture","cullface":"up"}}},{"from":[8,23.5,3.75],"to":[9.5,24,4.75],"faces":{"down":{"uv":[7.5,15,6,14],"texture":"#texture","cullface":"up"},"up":{"uv":[6,13.5,7.5,14.5],"texture":"#texture","cullface":"up"},"north":{"uv":[5,0,6.5,0.5],"texture":"#texture","cullface":"up"},"south":{"uv":[5,0,6.5,0.5],"texture":"#texture","cullface":"up"},"east":{"uv":[5.5,0,6.5,0.5],"texture":"#texture","cullface":"up"}}},{"from":[8,23,3.75],"to":[8.5,23.5,4.75],"faces":{"north":{"uv":[5,0.5,5.5,1],"texture":"#texture","cullface":"up"},"south":{"uv":[5,0.5,5.5,1],"texture":"#texture","cullface":"up"}}},{"from":[9,20,3.5],"to":[9.5,23,5],"faces":{"north":{"uv":[6,1,6.5,4],"texture":"#texture","cullface":"up"},"south":{"uv":[6,1,6.5,4],"texture":"#texture","cullface":"up"},"east":{"uv":[6,1,6.5,4],"texture":"#texture","cullface":"up"}}},{"from":[9,17.5,3.5],"to":[9.5,20,5],"faces":{"down":{"uv":[6.5,6.5,6,5],"texture":"#texture","cullface":"up"},"north":{"uv":[6,4,6.5,6.5],"texture":"#texture","cullface":"up"},"south":{"uv":[6,4,6.5,6.5],"texture":"#texture","cullface":"up"},"east":{"uv":[6,4,6.5,6.5],"texture":"#texture","cullface":"up"}}},{"from":[8,20,3.25],"to":[9,23,5.25],"faces":{"up":{"uv":[5,1,6,3],"texture":"#texture","cullface":"up"},"north":{"uv":[5,1,6,4],"texture":"#texture","cullface":"up"},"south":{"uv":[5,1,6,4],"texture":"#texture","cullface":"up"},"west":{"uv":[5,1,6,4],"texture":"#texture","cullface":"up"},"east":{"uv":[5,1,6,4],"texture":"#texture","cullface":"up"}}},{"from":[9,12.5,4],"to":[9.5,15.5,4.5],"faces":{"north":{"uv":[6,8.5,6.5,11.5],"texture":"#texture"},"south":{"uv":[6,8.5,6.5,11.5],"texture":"#texture"},"west":{"uv":[6,8.5,6.5,11.5],"texture":"#texture"},"east":{"uv":[6,8.5,6.5,11.5],"texture":"#texture"}}},{"from":[8,17,3.25],"to":[9,20,5.25],"faces":{"down":{"uv":[6,7,5,5],"texture":"#texture","cullface":"up"},"north":{"uv":[5,4,6,7],"texture":"#texture","cullface":"up"},"south":{"uv":[5,4,6,7],"texture":"#texture","cullface":"up"},"west":{"uv":[5,3.5,6,6.5],"texture":"#texture","cullface":"up"},"east":{"uv":[5,4,6,7],"texture":"#texture","cullface":"up"}}},{"from":[7,17,3.75],"to":[7.5,19,4.75],"faces":{"up":{"uv":[4,5.5,4.5,6.5],"texture":"#texture","cullface":"up"},"north":{"uv":[4,4,4.5,6],"texture":"#texture","cullface":"up"},"south":{"uv":[4,4,4.5,6],"texture":"#texture","cullface":"up"},"west":{"uv":[4,5,5,7],"texture":"#texture","cullface":"up"}}},{"from":[7.5,14.5,3.75],"to":[8,16,4.75],"faces":{"down":{"uv":[5,8.5,4.5,7.5],"texture":"#texture"},"north":{"uv":[4.5,7,5,8.5],"texture":"#texture"},"south":{"uv":[4.5,7,5,8.5],"texture":"#texture"},"west":{"uv":[4,5.5,5,7],"texture":"#texture"},"east":{"uv":[4,5.5,5,7],"texture":"#texture"}}},{"from":[8,16,3.5],"to":[9.5,17,5],"faces":{"down":{"uv":[6,11.5,4.5,10],"texture":"#texture","cullface":"up"},"up":{"uv":[4.5,10,6,11.5],"texture":"#texture","cullface":"up"},"north":{"uv":[5,7,6.5,8],"texture":"#texture","cullface":"up"},"south":{"uv":[5,7,6.5,8],"texture":"#texture","cullface":"up"},"west":{"uv":[5,7,6.5,8],"texture":"#texture","cullface":"up"},"east":{"uv":[5,7,6.5,8],"texture":"#texture","cullface":"up"}}},{"from":[8,15.5,3.5],"to":[9,16,5],"faces":{"down":{"uv":[6,9.5,5,8],"texture":"#texture"},"north":{"uv":[5,8,6,8.5],"texture":"#texture"},"south":{"uv":[5,8,6,8.5],"texture":"#texture"},"west":{"uv":[5,7.5,6.5,8],"texture":"#texture"},"east":{"uv":[5,7.5,6.5,8],"texture":"#texture"}}},{"from":[9,15.5,3.75],"to":[9.5,16,4.75],"faces":{"down":{"uv":[6.5,8.5,6,8],"texture":"#texture"},"north":{"uv":[6,8,6.5,8.5],"texture":"#texture"},"south":{"uv":[6,8,6.5,8.5],"texture":"#texture"},"east":{"uv":[6,8,6.5,8.5],"texture":"#texture"}}},{"from":[8,12,3.5],"to":[9,13.5,5],"faces":{"up":{"uv":[5,9.5,6,11],"texture":"#texture"},"north":{"uv":[5,10.5,6,12],"texture":"#texture"},"south":{"uv":[5,10.5,6,12],"texture":"#texture"},"west":{"uv":[4.5,10,6,11.5],"texture":"#texture"},"east":{"uv":[4.5,10,6,11.5],"texture":"#texture"}}},{"from":[8,11.5,3.25],"to":[9,12,5.25],"faces":{"down":{"uv":[16,16,15,14],"texture":"#texture"},"up":{"uv":[15,14,16,16],"texture":"#texture"},"north":{"uv":[5,12,6,12.5],"texture":"#texture"},"south":{"uv":[5,12,6,12.5],"texture":"#texture"},"west":{"uv":[4.5,12,6.5,12.5],"texture":"#texture"},"east":{"uv":[4.5,12,6.5,12.5],"texture":"#texture"}}},{"from":[7,16,3.75],"to":[8,17,4.75],"faces":{"down":{"uv":[5,7,4,6],"texture":"#texture","cullface":"up"},"up":{"uv":[4,6,5,7],"texture":"#texture","cullface":"up"},"north":{"uv":[4,6,5,7],"texture":"#texture","cullface":"up"},"south":{"uv":[4,6,5,7],"texture":"#texture","cullface":"up"}}},{"from":[6.5,17,4],"to":[7,18.5,4.5],"faces":{"up":{"uv":[3.5,5.5,4,6],"texture":"#texture","cullface":"up"},"north":{"uv":[3.5,5.5,4,7],"texture":"#texture","cullface":"up"},"south":{"uv":[3.5,5.5,4,7],"texture":"#texture","cullface":"up"},"west":{"uv":[3.5,5.5,4,7],"texture":"#texture","cullface":"up"}}},{"from":[6,16,4],"to":[6.5,17,4.5],"faces":{"up":{"uv":[3,7,3.5,7.5],"texture":"#texture","cullface":"up"},"north":{"uv":[3,7,3.5,8],"texture":"#texture","cullface":"up"},"south":{"uv":[3,7,3.5,8],"texture":"#texture","cullface":"up"},"west":{"uv":[3,7,3.5,8],"texture":"#texture","cullface":"up"}}},{"from":[5.5,15.5,4],"to":[6,16,4.5],"faces":{"up":{"uv":[2.5,8,3,8.5],"texture":"#texture","cullface":"up"},"north":{"uv":[2.5,8,3,8.5],"texture":"#texture"},"south":{"uv":[2.5,8,3,8.5],"texture":"#texture"},"west":{"uv":[2.5,8,3,8.5],"texture":"#texture"}}},{"from":[5,15,4],"to":[5.5,15.5,4.5],"faces":{"up":{"uv":[2,8.5,2.5,9],"texture":"#texture"},"north":{"uv":[2,8.5,2.5,9],"texture":"#texture"},"south":{"uv":[2,8.5,2.5,9],"texture":"#texture"},"west":{"uv":[2,8.5,2.5,9],"texture":"#texture"}}},{"from":[7,16,3.5],"to":[7.5,17,5],"faces":{"down":{"uv":[4,8.5,3.5,7],"texture":"#texture","cullface":"up"},"up":{"uv":[3.5,7,4,8.5],"texture":"#texture","cullface":"up"},"north":{"uv":[4,7,4.5,8],"texture":"#texture","cullface":"up"},"south":{"uv":[4,7,4.5,8],"texture":"#texture","cullface":"up"},"west":{"uv":[12,13.5,13.5,14.5],"texture":"#texture","cullface":"up"},"east":{"uv":[12,13.5,13.5,14.5],"texture":"#texture","cullface":"up"}}},{"from":[7,15.5,3.75],"to":[7.5,16,4.75],"faces":{"down":{"uv":[3,9,2.5,8],"texture":"#texture"},"north":{"uv":[4,8,4.5,8.5],"texture":"#texture"},"south":{"uv":[4,8,4.5,8.5],"texture":"#texture"}}},{"from":[5.5,15,3.75],"to":[6.5,15.5,4.75],"faces":{"down":{"uv":[3,9.5,2,8.5],"texture":"#texture"},"up":{"uv":[2,8.5,3,9.5],"texture":"#texture"},"north":{"uv":[2.5,8.5,3.5,9],"texture":"#texture"},"south":{"uv":[2.5,8.5,3.5,9],"texture":"#texture"},"west":{"uv":[2.5,8.5,3.5,9],"texture":"#texture"},"east":{"uv":[2.5,8.5,3.5,9],"texture":"#texture"}}},{"from":[6.5,15.5,3.5],"to":[7,16,5],"faces":{"down":{"uv":[4,8.5,3.5,7],"texture":"#texture"},"up":{"uv":[3.5,7,4,8.5],"texture":"#texture","cullface":"up"},"north":{"uv":[3.5,8,4,8.5],"texture":"#texture"},"south":{"uv":[3.5,8,4,8.5],"texture":"#texture"},"west":{"uv":[12,13.5,13.5,14],"texture":"#texture"},"east":{"uv":[12,13.5,13.5,14],"texture":"#texture"}}},{"from":[7.5,20,3.5],"to":[8,22.5,5],"faces":{"up":{"uv":[4.5,3,5,4.5],"texture":"#texture","cullface":"up"},"north":{"uv":[4.5,1.5,5,4],"texture":"#texture","cullface":"up"},"south":{"uv":[4.5,1.5,5,4],"texture":"#texture","cullface":"up"},"west":{"uv":[4.5,1.5,5,4],"texture":"#texture","cullface":"up"}}},{"from":[7.5,17,3.5],"to":[8,20,5],"faces":{"down":{"uv":[5,6,4.5,4.5],"texture":"#texture","cullface":"up"},"north":{"uv":[4.5,3,5,6],"texture":"#texture","cullface":"up"},"south":{"uv":[4.5,3,5,6],"texture":"#texture","cullface":"up"},"west":{"uv":[4.5,3,5,6],"texture":"#texture","cullface":"up"}}},{"from":[5,14.5,3.75],"to":[5.5,15,4.75],"faces":{"down":{"uv":[2.5,9.5,2,8.5],"texture":"#texture"},"up":{"uv":[2,8.5,2.5,9.5],"texture":"#texture"},"north":{"uv":[2,9,2.5,9.5],"texture":"#texture"},"south":{"uv":[2,9,2.5,9.5],"texture":"#texture"},"west":{"uv":[2,9,3,9.5],"texture":"#texture"},"east":{"uv":[2,9,3,9.5],"texture":"#texture"}}},{"from":[4.5,14,4],"to":[5,15,4.5],"faces":{"down":{"uv":[2,10,1.5,9.5],"texture":"#texture"},"up":{"uv":[1.5,9,2,9.5],"texture":"#texture"},"north":{"uv":[1.5,9,2,10],"texture":"#texture"},"south":{"uv":[1.5,9,2,10],"texture":"#texture"},"west":{"uv":[1.5,9,2,10],"texture":"#texture"},"east":{"uv":[1.5,9,2,10],"texture":"#texture"}}},{"from":[7.5,11.5,3.5],"to":[8,12,5],"faces":{"down":{"uv":[5,10,4.5,8.5],"texture":"#texture"},"up":{"uv":[4.5,8.5,5,10],"texture":"#texture"},"north":{"uv":[4.5,12,5,12.5],"texture":"#texture"},"south":{"uv":[4.5,12,5,12.5],"texture":"#texture"},"west":{"uv":[4.5,12,6,12.5],"texture":"#texture"}}},{"from":[9,11.5,3.5],"to":[9.5,12,5],"faces":{"down":{"uv":[5,10,4.5,8.5],"texture":"#texture"},"up":{"uv":[4.5,8.5,5,10],"texture":"#texture"},"north":{"uv":[6,12,6.5,12.5],"texture":"#texture"},"south":{"uv":[6,12,6.5,12.5],"texture":"#texture"},"east":{"uv":[5,12,6.5,12.5],"texture":"#texture"}}},{"from":[9,12,3.75],"to":[9.5,12.5,4.75],"faces":{"up":{"uv":[5.5,11,6,12],"texture":"#texture"},"north":{"uv":[6,11.5,6.5,12],"texture":"#texture"},"south":{"uv":[6,11.5,6.5,12],"texture":"#texture"},"east":{"uv":[5.5,11.5,6.5,12],"texture":"#texture"}}},{"from":[7.5,12,3.75],"to":[8,13,4.75],"faces":{"up":{"uv":[4.5,11,5,12],"texture":"#texture"},"north":{"uv":[4.5,11,5,12],"texture":"#texture"},"south":{"uv":[4.5,11,5,12],"texture":"#texture"},"west":{"uv":[4.5,11,5.5,12],"texture":"#texture"}}},{"from":[6.5,22.5,4],"to":[7,23.5,4.5],"faces":{"down":{"uv":[4,1.5,3.5,1],"texture":"#texture","cullface":"up"},"north":{"uv":[3.5,0.5,4,1.5],"texture":"#texture","cullface":"up"},"south":{"uv":[3.5,0.5,4,1.5],"texture":"#texture","cullface":"up"},"west":{"uv":[3.5,0.5,4,1.5],"texture":"#texture","cullface":"up"}}},{"from":[6,23.5,4],"to":[6.5,24.5,4.5],"faces":{"down":{"uv":[3.5,0.5,3,0],"texture":"#texture","cullface":"up"},"north":{"uv":[12.5,3,13,4],"texture":"#texture","cullface":"up"},"south":{"uv":[12.5,3,13,4],"texture":"#texture","cullface":"up"},"west":{"uv":[12.5,3,13,4],"texture":"#texture","cullface":"up"}}},{"from":[7,19,4],"to":[7.5,21.5,4.5],"faces":{"north":{"uv":[4,2.5,4.5,5],"texture":"#texture","cullface":"up"},"south":{"uv":[4,2.5,4.5,5],"texture":"#texture","cullface":"up"},"west":{"uv":[4,2.5,4.5,5],"texture":"#texture","cullface":"up"},"east":{"uv":[4,2.5,4.5,5],"texture":"#texture","cullface":"up"}}},{"from":[2.5,25.5,4],"to":[3.5,26,4.5],"faces":{"down":{"uv":[10,2.5,9,2],"texture":"#texture","cullface":"up"},"up":{"uv":[9,2,10,2.5],"texture":"#texture","cullface":"up"},"north":{"uv":[9,2,10,2.5],"texture":"#texture","cullface":"up"},"south":{"uv":[9,2,10,2.5],"texture":"#texture","cullface":"up"},"east":{"uv":[9.5,2,10,2.5],"texture":"#texture","cullface":"up"}}},{"from":[4.5,26,3.75],"to":[5,26.5,4.75],"faces":{"down":{"uv":[14,3.5,13.5,2.5],"texture":"#texture","cullface":"up"},"north":{"uv":[11,1.5,11.5,2],"texture":"#texture","cullface":"up"},"south":{"uv":[11,1.5,11.5,2],"texture":"#texture","cullface":"up"},"west":{"uv":[10.5,1.5,11.5,2],"texture":"#texture","cullface":"up"}}},{"from":[3.5,26,4],"to":[4.5,26.5,4.5],"faces":{"down":{"uv":[11,2,10,1.5],"texture":"#texture","cullface":"up"},"up":{"uv":[10,1.5,11,2],"texture":"#texture","cullface":"up"},"north":{"uv":[11,1.5,10,2],"texture":"#texture","cullface":"up"},"south":{"uv":[10,1.5,11,2],"texture":"#texture","cullface":"up"}}},{"from":[11.5,14,3.75],"to":[12,15,4.75],"faces":{"down":{"uv":[13,9.5,12.5,8.5],"texture":"#texture"},"north":{"uv":[12,10,12.5,11],"texture":"#texture"},"south":{"uv":[12,10,12.5,11],"texture":"#texture"},"west":{"uv":[12,9,13,10],"texture":"#texture"},"east":{"uv":[12,9,13,10],"texture":"#texture"}}},{"from":[5,25.5,4],"to":[5.5,26,4.5],"faces":{"down":{"uv":[12,2.5,11.5,2],"texture":"#texture","cullface":"up"},"north":{"uv":[11.5,2,12,2.5],"texture":"#texture","cullface":"up"},"south":{"uv":[11.5,2,12,2.5],"texture":"#texture","cullface":"up"},"west":{"uv":[11.5,2,12,2.5],"texture":"#texture","cullface":"up"}}},{"from":[5.5,25,4],"to":[6,25.5,4.5],"faces":{"down":{"uv":[12.5,3,12,2.5],"texture":"#texture","cullface":"up"},"north":{"uv":[12,2.5,12.5,3],"texture":"#texture","cullface":"up"},"south":{"uv":[12,2.5,12.5,3],"texture":"#texture","cullface":"up"},"west":{"uv":[12,2.5,12.5,3],"texture":"#texture","cullface":"up"}}},{"from":[6.5,23.5,3.75],"to":[7,24.5,4.75],"faces":{"down":{"uv":[13.5,4,13,3],"texture":"#texture","cullface":"up"},"north":{"uv":[13,3,13.5,4],"texture":"#texture","cullface":"up"},"south":{"uv":[13,3,13.5,4],"texture":"#texture","cullface":"up"},"west":{"uv":[12.5,2.5,13.5,3],"texture":"#texture","cullface":"up"}}},{"from":[6,15.5,3.75],"to":[6.5,16,4.75],"faces":{"up":{"uv":[3.5,7.5,4,8.5],"texture":"#texture","cullface":"up"},"north":{"uv":[3,8,3.5,8.5],"texture":"#texture"},"south":{"uv":[3,8,3.5,8.5],"texture":"#texture"},"west":{"uv":[3,8,4,8.5],"texture":"#texture"}}},{"from":[6.5,15,4],"to":[7,15.5,4.5],"faces":{"down":{"uv":[4,9,3.5,8.5],"texture":"#texture"},"north":{"uv":[3.5,8.5,4,9],"texture":"#texture"},"south":{"uv":[3.5,8.5,4,9],"texture":"#texture"},"east":{"uv":[3.5,8.5,4,9],"texture":"#texture"}}},{"from":[5.5,14.5,4],"to":[6,15,4.5],"faces":{"down":{"uv":[3,9.5,2.5,9],"texture":"#texture"},"north":{"uv":[2.5,9,3,9.5],"texture":"#texture"},"south":{"uv":[2.5,9,3,9.5],"texture":"#texture"},"east":{"uv":[2.5,9,3,9.5],"texture":"#texture"}}},{"from":[8.5,25,4],"to":[9,25.5,4.5],"faces":{"up":{"uv":[14.5,1.5,15,2],"texture":"#texture","cullface":"up"},"north":{"uv":[14.5,1.5,15,2],"texture":"#texture","cullface":"up"},"south":{"uv":[14.5,1.5,15,2],"texture":"#texture","cullface":"up"},"east":{"uv":[14.5,1.5,15,2],"texture":"#texture","cullface":"up"}}},{"from":[7,25.5,3.5],"to":[7.5,26.5,5],"faces":{"up":{"uv":[13.5,1,14,2.5],"texture":"#texture","cullface":"up"},"north":{"uv":[13.5,1.5,14,2.5],"texture":"#texture","cullface":"up"},"south":{"uv":[13.5,1.5,14,2.5],"texture":"#texture","cullface":"up"},"east":{"uv":[11,7,12.5,8],"texture":"#texture","cullface":"up"}}},{"from":[7.5,26,3.75],"to":[8,26.5,4.75],"faces":{"up":{"uv":[14,1.5,14.5,2.5],"texture":"#texture","cullface":"up"},"north":{"uv":[14,1.5,14.5,2],"texture":"#texture","cullface":"up"},"south":{"uv":[14,1.5,14.5,2],"texture":"#texture","cullface":"up"},"east":{"uv":[13.5,1.5,14.5,2],"texture":"#texture","cullface":"up"}}},{"from":[7,26.5,3.75],"to":[7.5,27,4.75],"faces":{"up":{"uv":[14,1.5,14.5,2.5],"texture":"#texture","cullface":"up"},"north":{"uv":[13.5,1,14,1.5],"texture":"#texture","cullface":"up"},"south":{"uv":[13.5,1,14,1.5],"texture":"#texture","cullface":"up"},"east":{"uv":[13,1,14,1.5],"texture":"#texture","cullface":"up"}}},{"from":[6,27,3.75],"to":[6.5,27.5,4.75],"faces":{"up":{"uv":[12.5,1.5,13,2.5],"texture":"#texture","cullface":"up"},"north":{"uv":[12.5,0.5,13,1],"texture":"#texture","cullface":"up"},"south":{"uv":[12.5,0.5,13,1],"texture":"#texture","cullface":"up"},"east":{"uv":[12,0.5,13,1],"texture":"#texture","cullface":"up"}}},{"from":[3.5,27,3.75],"to":[4,27.5,4.75],"faces":{"up":{"uv":[12,4.5,12.5,5.5],"texture":"#texture","cullface":"up"},"north":{"uv":[10,0.5,10.5,1],"texture":"#texture","cullface":"up"},"south":{"uv":[10,0.5,10.5,1],"texture":"#texture","cullface":"up"},"west":{"uv":[9.5,0.5,10.5,1],"texture":"#texture","cullface":"up"}}},{"from":[3,26.5,3.75],"to":[3.5,27,4.75],"faces":{"up":{"uv":[9.5,1,10,2],"texture":"#texture","cullface":"up"},"north":{"uv":[9,1.5,9.5,2],"texture":"#texture","cullface":"up"},"south":{"uv":[9.5,1,10,1.5],"texture":"#texture","cullface":"up"},"west":{"uv":[9.5,1,10.5,1.5],"texture":"#texture","cullface":"up"}}},{"from":[2,26,4],"to":[2.5,26.5,4.5],"faces":{"up":{"uv":[8.5,1.5,9,2],"texture":"#texture","cullface":"up"},"north":{"uv":[8.5,1.5,9,2],"texture":"#texture","cullface":"up"},"south":{"uv":[8.5,1.5,9,2],"texture":"#texture","cullface":"up"},"west":{"uv":[8.5,1.5,9,2],"texture":"#texture","cullface":"up"}}},{"from":[1.5,25,4],"to":[2,26,4.5],"faces":{"up":{"uv":[8,2,8.5,2.5],"texture":"#texture","cullface":"up"},"north":{"uv":[8,2,8.5,3],"texture":"#texture","cullface":"up"},"south":{"uv":[8,2,8.5,3],"texture":"#texture","cullface":"up"},"west":{"uv":[8,2,8.5,3],"texture":"#texture","cullface":"up"}}},{"from":[7.5,13,4],"to":[8,14.5,4.5],"faces":{"north":{"uv":[4.5,9.5,5,11],"texture":"#texture"},"south":{"uv":[4.5,9.5,5,11],"texture":"#texture"},"west":{"uv":[4.5,9.5,5,11],"texture":"#texture"},"east":{"uv":[4.5,9.5,5,11],"texture":"#texture"}}},{"from":[4.5,27.5,3.75],"to":[6,28,4.75],"faces":{"down":{"uv":[12.5,0.5,11,0],"texture":"#texture","cullface":"up"},"up":{"uv":[11,0,12.5,0.5],"texture":"#texture","cullface":"up"},"north":{"uv":[11,0,12.5,0.5],"texture":"#texture","cullface":"up"},"south":{"uv":[11,0,12.5,0.5],"texture":"#texture","cullface":"up"},"west":{"uv":[11,0,12,0.5],"texture":"#texture","cullface":"up"},"east":{"uv":[11.5,0,12.5,0.5],"texture":"#texture","cullface":"up"}}},{"from":[6,27.5,4],"to":[6.5,28,4.5],"faces":{"up":{"uv":[12.5,0,13,0.5],"texture":"#texture","cullface":"up"},"north":{"uv":[12.5,0,13,0.5],"texture":"#texture","cullface":"up"},"south":{"uv":[12.5,0,13,0.5],"texture":"#texture","cullface":"up"},"east":{"uv":[12.5,0,13,0.5],"texture":"#texture","cullface":"up"}}},{"from":[4,27,3.5],"to":[4.5,27.5,5],"faces":{"down":{"uv":[11,1,10.5,0.5],"texture":"#texture","cullface":"up"},"up":{"uv":[10.5,0.5,11,1],"texture":"#texture","cullface":"up"},"north":{"uv":[10.5,0.5,11,1],"texture":"#texture","cullface":"up"},"south":{"uv":[10.5,0.5,11,1],"texture":"#texture","cullface":"up"},"west":{"uv":[10.5,0.5,12,1],"texture":"#texture","cullface":"up"}}},{"from":[3,26,3.5],"to":[3.5,26.5,5],"faces":{"down":{"uv":[13,3,12.5,1.5],"texture":"#texture","cullface":"up"},"up":{"uv":[12.5,1.5,13,3],"texture":"#texture","cullface":"up"},"north":{"uv":[9.5,1.5,10,2],"texture":"#texture","cullface":"up"},"south":{"uv":[9.5,1.5,10,2],"texture":"#texture","cullface":"up"},"west":{"uv":[9.5,1,11,1.5],"texture":"#texture","cullface":"up"},"east":{"uv":[9.5,1,11,1.5],"texture":"#texture","cullface":"up"}}},{"from":[3.5,26.5,3.5],"to":[4,27,5],"faces":{"down":{"uv":[13,3,12.5,1.5],"texture":"#texture","cullface":"up"},"up":{"uv":[12.5,1.5,13,3],"texture":"#texture","cullface":"up"},"north":{"uv":[10,1,10.5,1.5],"texture":"#texture","cullface":"up"},"south":{"uv":[10,1,10.5,1.5],"texture":"#texture","cullface":"up"},"west":{"uv":[9.5,1,11,1.5],"texture":"#texture","cullface":"up"},"east":{"uv":[9.5,1,11,1.5],"texture":"#texture","cullface":"up"}}},{"from":[4,26.5,3.75],"to":[4.5,27,4.75],"faces":{"down":{"uv":[12,2,11.5,1],"texture":"#texture","cullface":"up"},"north":{"uv":[10.5,1,11,1.5],"texture":"#texture","cullface":"up"},"south":{"uv":[10.5,1,11,1.5],"texture":"#texture","cullface":"up"}}},{"from":[8,14,3.75],"to":[9,15,4.75],"faces":{"down":{"uv":[6,10,5,9],"texture":"#texture"},"up":{"uv":[5,9,6,10],"texture":"#texture"},"north":{"uv":[5,9,6,10],"texture":"#texture"},"south":{"uv":[5,9,6,10],"texture":"#texture"},"west":{"uv":[5,9,6,10],"texture":"#texture"},"east":{"uv":[5,9,6,10],"texture":"#texture"}}},{"from":[8,15,3.5],"to":[8.5,15.5,5],"faces":{"down":{"uv":[5.5,10,5,8.5],"texture":"#texture"},"north":{"uv":[5,8.5,5.5,9],"texture":"#texture"},"south":{"uv":[5,8.5,5.5,9],"texture":"#texture"},"west":{"uv":[5,7.5,6.5,8],"texture":"#texture"},"east":{"uv":[5,7.5,6.5,8],"texture":"#texture"}}},{"from":[8.5,15,3.75],"to":[9,15.5,4.75],"faces":{"north":{"uv":[5.5,8.5,6,9],"texture":"#texture"},"south":{"uv":[5.5,8.5,6,9],"texture":"#texture"},"east":{"uv":[5,8.5,6,9],"texture":"#texture"}}},{"from":[8,13.5,3.75],"to":[8.5,14,4.75],"faces":{"north":{"uv":[5,9.5,5.5,10],"texture":"#texture"},"south":{"uv":[5,10,5.5,10.5],"texture":"#texture"},"west":{"uv":[5,10,6,10.5],"texture":"#texture"}}},{"from":[8.5,13.5,3.5],"to":[9,14,5],"faces":{"up":{"uv":[5.5,10,6,11.5],"texture":"#texture"},"north":{"uv":[5.5,10,6,10.5],"texture":"#texture"},"south":{"uv":[5.5,10,6,10.5],"texture":"#texture"},"west":{"uv":[4.5,10,6,10.5],"texture":"#texture"},"east":{"uv":[4.5,10,6,10.5],"texture":"#texture"}}},{"from":[10,31,3.75],"to":[10.5,31.5,4.75],"faces":{"down":{"uv":[10.5,3.5,10,2.5],"texture":"#texture","cullface":"up"},"up":{"uv":[10,2.5,10.5,3.5],"texture":"#texture","cullface":"up"},"north":{"uv":[10,2.5,10.5,3],"texture":"#texture","cullface":"up"},"south":{"uv":[10,2.5,10.5,3],"texture":"#texture","cullface":"up"},"west":{"uv":[10.5,4,11.5,4.5],"texture":"#texture","cullface":"up"},"east":{"uv":[10.5,4,11.5,4.5],"texture":"#texture","cullface":"up"}}},{"from":[10,30.5,4],"to":[10.5,31,4.5],"faces":{"down":{"uv":[10.5,3.5,10,3],"texture":"#texture","cullface":"up"},"north":{"uv":[10,3,10.5,3.5],"texture":"#texture","cullface":"up"},"south":{"uv":[10,3,10.5,3.5],"texture":"#texture","cullface":"up"},"west":{"uv":[10,3,10.5,3.5],"texture":"#texture","cullface":"up"}}},{"from":[10.5,29,4],"to":[11,30,4.5],"faces":{"down":{"uv":[11,4.5,10.5,4],"texture":"#texture","cullface":"up"},"north":{"uv":[10.5,4,11,5],"texture":"#texture","cullface":"up"},"south":{"uv":[10.5,4,11,5],"texture":"#texture","cullface":"up"},"west":{"uv":[10.5,4,11,5],"texture":"#texture","cullface":"up"},"east":{"uv":[10.5,4,11,5],"texture":"#texture","cullface":"up"}}},{"from":[7.5,6.5,4],"to":[9.5,11.5,4.5],"faces":{"up":{"uv":[7.5,4.5,9.5,5],"texture":"#texture"},"north":{"uv":[9.5,4.5,7.5,9.5],"texture":"#texture"},"south":{"uv":[7.5,4.5,9.5,9.5],"texture":"#texture"},"west":{"uv":[7.5,4.5,8,9.5],"texture":"#texture"},"east":{"uv":[9,4.5,9.5,9.5],"texture":"#texture"}}},{"from":[7.5,1.5,4],"to":[9.5,6.5,4.5],"faces":{"north":{"uv":[9.5,8,7.5,13],"texture":"#texture"},"south":{"uv":[7.5,8,9.5,13],"texture":"#texture"},"west":{"uv":[7.5,8,8,13],"texture":"#texture"},"east":{"uv":[9,8,9.5,13],"texture":"#texture"}}},{"from":[7.5,-3.5,4],"to":[9.5,1.5,4.5],"faces":{"north":{"uv":[7.5,8,9.5,13],"texture":"#texture","cullface":"down"},"south":{"uv":[7.5,8,9.5,13],"texture":"#texture","cullface":"down"},"west":{"uv":[7.5,8,8,13],"texture":"#texture","cullface":"down"},"east":{"uv":[9,8,9.5,13],"texture":"#texture","cullface":"down"}}},{"from":[7.5,-8.5,4],"to":[9.5,-3.5,4.5],"faces":{"north":{"uv":[9.5,8,7.5,13],"texture":"#texture","cullface":"down"},"south":{"uv":[7.5,8,9.5,13],"texture":"#texture","cullface":"down"},"west":{"uv":[7.5,8,8,13],"texture":"#texture","cullface":"down"},"east":{"uv":[9,8,9.5,13],"texture":"#texture","cullface":"down"}}},{"from":[7.5,-11,4],"to":[9.5,-8.5,4.5],"faces":{"north":{"uv":[7.5,6.5,9.5,4.5],"texture":"#texture","cullface":"down"},"south":{"uv":[9.5,6.5,7.5,4.5],"texture":"#texture","cullface":"down"},"west":{"uv":[7.5,6.5,8,4.5],"texture":"#texture","cullface":"down"},"east":{"uv":[9,6.5,9.5,4.5],"texture":"#texture","cullface":"down"}}},{"from":[7.5,-16,4],"to":[9.5,-11,4.5],"faces":{"down":{"uv":[3,6,1,5.5],"texture":"#texture","cullface":"down"},"north":{"uv":[1,1,3,6],"texture":"#texture","cullface":"down"},"south":{"uv":[1,1,3,6],"texture":"#texture","cullface":"down"},"west":{"uv":[1,1,1.5,6],"texture":"#texture","cullface":"down"},"east":{"uv":[2.5,1,3,6],"texture":"#texture","cullface":"down"}}},{"from":[8,11,3.5],"to":[9,11.5,5],"faces":{"down":{"uv":[9,9.5,8,8],"texture":"#texture"},"north":{"uv":[9,4.5,8,5],"texture":"#texture"},"south":{"uv":[8,4.5,9,5],"texture":"#texture"},"west":{"uv":[7.5,4.5,9,5],"texture":"#texture"},"east":{"uv":[8,4.5,9.5,5],"texture":"#texture"}}},{"from":[8,10.5,3.5],"to":[8.5,11,5],"faces":{"down":{"uv":[5,15,4.5,13.5],"texture":"#texture"},"north":{"uv":[8,5,8.5,5.5],"texture":"#texture"},"south":{"uv":[8,5,8.5,5.5],"texture":"#texture"},"west":{"uv":[4.5,13.5,6,14],"texture":"#texture"},"east":{"uv":[4.5,13.5,6,14],"texture":"#texture"}}},{"from":[8,8,3.75],"to":[8.5,10.5,4.75],"faces":{"down":{"uv":[8.5,6.5,8,5.5],"texture":"#texture"},"north":{"uv":[8,5.5,8.5,8],"texture":"#texture"},"south":{"uv":[8,5.5,8.5,8],"texture":"#texture"},"west":{"uv":[8,5.5,8.5,8],"texture":"#texture"},"east":{"uv":[8,5.5,8.5,8],"texture":"#texture"}}},{"from":[8.5,4,3.75],"to":[9,6.5,4.75],"faces":{"up":{"uv":[8,5.5,8.5,6.5],"texture":"#texture"},"north":{"uv":[8,5.5,8.5,8],"texture":"#texture"},"south":{"uv":[8,5.5,8.5,8],"texture":"#texture"},"west":{"uv":[8,5.5,8.5,8],"texture":"#texture"},"east":{"uv":[8,5.5,8.5,8],"texture":"#texture"}}},{"from":[8.5,1,3.75],"to":[9,4,4.75],"faces":{"down":{"uv":[8.5,6.5,8,5.5],"texture":"#texture"},"north":{"uv":[8,5.5,8.5,8],"texture":"#texture"},"south":{"uv":[8,5.5,8.5,8],"texture":"#texture"},"west":{"uv":[0,13.5,1,16],"texture":"#texture"},"east":{"uv":[0,13.5,1,16],"texture":"#texture"}}},{"from":[8,-0.5,3.75],"to":[8.5,2.5,4.75],"faces":{"up":{"uv":[8,5.5,8.5,6.5],"texture":"#texture","cullface":"down"},"north":{"uv":[8,5.5,8.5,8],"texture":"#texture","cullface":"down"},"south":{"uv":[8,5.5,8.5,8],"texture":"#texture","cullface":"down"},"west":{"uv":[0,13.5,1,16],"texture":"#texture","cullface":"down"},"east":{"uv":[0,13.5,1,16],"texture":"#texture","cullface":"down"}}},{"from":[8,-4,3.75],"to":[8.5,-0.5,4.75],"faces":{"down":{"uv":[8.5,6.5,8,5.5],"texture":"#texture","cullface":"down"},"north":{"uv":[8,5.5,8.5,8],"texture":"#texture","cullface":"down"},"south":{"uv":[8,5.5,8.5,8],"texture":"#texture","cullface":"down"},"west":{"uv":[0,13.5,1,16],"texture":"#texture","cullface":"down"},"east":{"uv":[0,13.5,1,16],"texture":"#texture","cullface":"down"}}},{"from":[8.5,-5,3.75],"to":[9,-2.5,4.75],"faces":{"up":{"uv":[8,5.5,8.5,6.5],"texture":"#texture","cullface":"down"},"north":{"uv":[8,5.5,8.5,8],"texture":"#texture","cullface":"down"},"south":{"uv":[8,5.5,8.5,8],"texture":"#texture","cullface":"down"},"west":{"uv":[0,13.5,1,16],"texture":"#texture","cullface":"down"},"east":{"uv":[0,13.5,1,16],"texture":"#texture","cullface":"down"}}},{"from":[8.5,-7.5,3.75],"to":[9,-5,4.75],"faces":{"down":{"uv":[8.5,6.5,8,5.5],"texture":"#texture","cullface":"down"},"north":{"uv":[8,5.5,8.5,8],"texture":"#texture","cullface":"down"},"south":{"uv":[8,5.5,8.5,8],"texture":"#texture","cullface":"down"},"west":{"uv":[0,13.5,1,16],"texture":"#texture","cullface":"down"},"east":{"uv":[0,13.5,1,16],"texture":"#texture","cullface":"down"}}},{"from":[8,-10,3.75],"to":[8.5,-7.5,4.75],"faces":{"down":{"uv":[8.5,6.5,8,5.5],"texture":"#texture","cullface":"down"},"up":{"uv":[8,5.5,8.5,6.5],"texture":"#texture","cullface":"down"},"north":{"uv":[8,5.5,8.5,8],"texture":"#texture","cullface":"down"},"south":{"uv":[8,5.5,8.5,8],"texture":"#texture","cullface":"down"},"west":{"uv":[0,13.5,1,16],"texture":"#texture","cullface":"down"},"east":{"uv":[0,13.5,1,16],"texture":"#texture","cullface":"down"}}},{"from":[8.5,-11,3.75],"to":[9,-10,4.75],"faces":{"up":{"uv":[8,6,8.5,7],"texture":"#texture","cullface":"down"},"north":{"uv":[8,6,8.5,5],"texture":"#texture","cullface":"down"},"south":{"uv":[8,6,8.5,5],"texture":"#texture","cullface":"down"},"west":{"uv":[8,6,8.5,5],"texture":"#texture","cullface":"down"},"east":{"uv":[8,6,8.5,5],"texture":"#texture","cullface":"down"}}},{"from":[8,-11,3.5],"to":[9,-10.5,5],"faces":{"down":{"uv":[9,10.5,8,9],"texture":"#texture","cullface":"down"},"up":{"uv":[8,8,9,9.5],"texture":"#texture","cullface":"down"},"north":{"uv":[9,4.5,8,5],"texture":"#texture","cullface":"down"},"south":{"uv":[8,4.5,9,5],"texture":"#texture","cullface":"down"},"west":{"uv":[4.5,13.5,6,14],"texture":"#texture","cullface":"down"},"east":{"uv":[4.5,13.5,6,14],"texture":"#texture","cullface":"down"}}},{"from":[7.5,6,3.75],"to":[8,8.25,4.25],"faces":{"down":{"uv":[8,8.5,7.5,8],"texture":"#texture"},"up":{"uv":[7.5,8,8,8.5],"texture":"#texture"},"north":{"uv":[7.5,8,8,10.25],"texture":"#texture"},"south":{"uv":[7.5,8,8,10.25],"texture":"#texture"},"west":{"uv":[7.5,8,8,10.25],"texture":"#texture"},"east":{"uv":[7.5,8,8,10.25],"texture":"#texture"}}},{"from":[9,5.5,4.25],"to":[9.5,7.5,4.75],"faces":{"down":{"uv":[9.5,8.5,9,8],"texture":"#texture"},"up":{"uv":[9,8,9.5,8.5],"texture":"#texture"},"north":{"uv":[9,8,9.5,10],"texture":"#texture"},"south":{"uv":[9,8,9.5,10],"texture":"#texture"},"west":{"uv":[9,8,9.5,10],"texture":"#texture"},"east":{"uv":[9,8,9.5,10],"texture":"#texture"}}},{"from":[8.5,9.5,4.25],"to":[9,11,4.75],"faces":{"down":{"uv":[9,5.5,8.5,5],"texture":"#texture"},"north":{"uv":[8.5,5,9,6.5],"texture":"#texture"},"south":{"uv":[8.5,5,9,6.5],"texture":"#texture"},"west":{"uv":[8.5,5,9,6.5],"texture":"#texture"},"east":{"uv":[8.5,5,9,6.5],"texture":"#texture"}}},{"from":[7.5,-0.75,4.25],"to":[8,1.5,4.75],"faces":{"down":{"uv":[8,8.5,7.5,8],"texture":"#texture","cullface":"down"},"up":{"uv":[7.5,8,8,8.5],"texture":"#texture","cullface":"down"},"north":{"uv":[7.5,8,8,9.5],"texture":"#texture","cullface":"down"},"south":{"uv":[7.5,8,8,9.5],"texture":"#texture","cullface":"down"},"west":{"uv":[7.5,8,8,9.5],"texture":"#texture","cullface":"down"},"east":{"uv":[7.5,8,8,9.5],"texture":"#texture","cullface":"down"}}},{"from":[7.5,-2,3.75],"to":[8,0.5,4.25],"faces":{"down":{"uv":[8,6,7.5,5.5],"texture":"#texture","cullface":"down"},"up":{"uv":[7.5,5.5,8,6],"texture":"#texture","cullface":"down"},"north":{"uv":[7.5,8,8,10.5],"texture":"#texture","cullface":"down"},"south":{"uv":[7.5,8,8,10.5],"texture":"#texture","cullface":"down"},"west":{"uv":[7.5,8,8,10.5],"texture":"#texture","cullface":"down"},"east":{"uv":[7.5,8,8,10.5],"texture":"#texture","cullface":"down"}}},{"from":[8,2,4.25],"to":[8.5,4,4.75],"faces":{"down":{"uv":[8.5,8.5,8,8],"texture":"#texture"},"up":{"uv":[8,8,8.5,8.5],"texture":"#texture"},"north":{"uv":[8,9.5,8.5,7.5],"texture":"#texture"},"south":{"uv":[8,9.5,8.5,7.5],"texture":"#texture"},"west":{"uv":[8,8,8.5,10],"texture":"#texture"}}},{"from":[9,-6,3.75],"to":[9.5,-3.5,4.25],"faces":{"down":{"uv":[9.5,8.5,9,8],"texture":"#texture","cullface":"down"},"up":{"uv":[9,8,9.5,8.5],"texture":"#texture","cullface":"down"},"north":{"uv":[9,8,9.5,10.5],"texture":"#texture","cullface":"down"},"south":{"uv":[9,8,9.5,10.5],"texture":"#texture","cullface":"down"},"west":{"uv":[9,5.5,9.5,8],"texture":"#texture","cullface":"down"},"east":{"uv":[9,5.5,9.5,8],"texture":"#texture","cullface":"down"}}},{"from":[7.5,-11,4.25],"to":[8,-9.5,4.75],"faces":{"down":{"uv":[8,6,7.5,5.5],"texture":"#texture","cullface":"down"},"up":{"uv":[7.5,5.5,8,6],"texture":"#texture","cullface":"down"},"north":{"uv":[7.5,6,8,4.5],"texture":"#texture","cullface":"down"},"south":{"uv":[7.5,6,8,4.5],"texture":"#texture","cullface":"down"},"west":{"uv":[7.5,6,8,4.5],"texture":"#texture","cullface":"down"},"east":{"uv":[7.5,6,8,4.5],"texture":"#texture","cullface":"down"}}},{"from":[9,-7,4.25],"to":[9.5,-5,4.75],"faces":{"down":{"uv":[9.5,7,9,6.5],"texture":"#texture","cullface":"down"},"up":{"uv":[9,6,9.5,6.5],"texture":"#texture","cullface":"down"},"north":{"uv":[9,6.5,9.5,8.5],"texture":"#texture","cullface":"down"},"south":{"uv":[9,6.5,9.5,8.5],"texture":"#texture","cullface":"down"},"east":{"uv":[9,5.5,9.5,7.5],"texture":"#texture","cullface":"down"}}},{"from":[8.5,-7.5,3.75],"to":[9,-5,4.75],"faces":{"down":{"uv":[7.5,4.75,7,3.75],"texture":"#texture","cullface":"down"},"north":{"uv":[7,16,7.5,16],"texture":"#texture","cullface":"down"},"south":{"uv":[8.5,16,9,16],"texture":"#texture","cullface":"down"},"west":{"uv":[3.75,16,4.75,16],"texture":"#texture","cullface":"down"},"east":{"uv":[11.25,16,12.25,16],"texture":"#texture","cullface":"down"}}},{"from":[8.5,-8.5,4.25],"to":[9,-6.5,4.75],"faces":{"down":{"uv":[9,6.5,8.5,6],"texture":"#texture","cullface":"down"},"up":{"uv":[8,6.5,8.5,7],"texture":"#texture","cullface":"down"},"north":{"uv":[8,7,8.5,9],"texture":"#texture","cullface":"down"},"south":{"uv":[8,7,8.5,9],"texture":"#texture","cullface":"down"},"west":{"uv":[8,7,8.5,9],"texture":"#texture","cullface":"down"},"east":{"uv":[8,7,8.5,9],"texture":"#texture","cullface":"down"}}},{"from":[9,-11,3.75],"to":[9.5,-10.5,4.25],"faces":{"down":{"uv":[9.5,5,9,4.5],"texture":"#texture","cullface":"down"},"up":{"uv":[9,4.5,9.5,5],"texture":"#texture","cullface":"down"},"north":{"uv":[9,4.5,9.5,5],"texture":"#texture","cullface":"down"},"south":{"uv":[9,4.5,9.5,5],"texture":"#texture","cullface":"down"},"east":{"uv":[9,4.5,9.5,5],"texture":"#texture","cullface":"down"}}},{"from":[7.5,-11,3.75],"to":[8,-10,4.25],"faces":{"down":{"uv":[7.75,5,7.25,4.5],"texture":"#texture","cullface":"down"},"up":{"uv":[7.5,4.5,8,5],"texture":"#texture","cullface":"down"},"north":{"uv":[7.5,5.5,8,4.5],"texture":"#texture","cullface":"down"},"west":{"uv":[7.5,5.5,8,4.5],"texture":"#texture","cullface":"down"},"east":{"uv":[7.5,5.5,8,4.5],"texture":"#texture","cullface":"down"}}},{"from":[8,-12,3.75],"to":[9,-11,4.75],"faces":{"north":{"uv":[1.5,1,2.5,2],"texture":"#texture","cullface":"down"},"south":{"uv":[1.5,1,2.5,2],"texture":"#texture","cullface":"down"},"west":{"uv":[1.5,1,2.5,2],"texture":"#texture","cullface":"down"},"east":{"uv":[1.5,1,2.5,2],"texture":"#texture","cullface":"down"}}},{"from":[8,-13,3.25],"to":[9,-12.5,5.25],"faces":{"down":{"uv":[2.5,3,1.5,2],"texture":"#texture","cullface":"down"},"up":{"uv":[1.5,2,2.5,3],"texture":"#texture","cullface":"down"},"north":{"uv":[1.5,2.5,2.5,3],"texture":"#texture","cullface":"down"},"south":{"uv":[1.5,2.5,2.5,3],"texture":"#texture","cullface":"down"},"west":{"uv":[1.5,2.5,2.5,3],"texture":"#texture","cullface":"down"},"east":{"uv":[1.5,2.5,2.5,3],"texture":"#texture","cullface":"down"}}},{"from":[7.5,-12.5,3.75],"to":[9.5,-12,4.75],"faces":{"up":{"uv":[1,2,3,3],"texture":"#texture","cullface":"down"},"north":{"uv":[1,2,3,2.5],"texture":"#texture","cullface":"down"},"south":{"uv":[1,2,3,2.5],"texture":"#texture","cullface":"down"},"west":{"uv":[1,4,2,4.5],"texture":"#texture","cullface":"down"},"east":{"uv":[2,4,3,4.5],"texture":"#texture","cullface":"down"}}},{"from":[8,-13.5,3.5],"to":[9,-13,5],"faces":{"down":{"uv":[2.5,4,1.5,3],"texture":"#texture","cullface":"down"},"north":{"uv":[1.5,3,2.5,3.5],"texture":"#texture","cullface":"down"},"south":{"uv":[1.5,3,2.5,3.5],"texture":"#texture","cullface":"down"},"west":{"uv":[1.5,3.5,2.5,4],"texture":"#texture","cullface":"down"},"east":{"uv":[1.5,3,2.5,3.5],"texture":"#texture","cullface":"down"}}},{"from":[8,-12.5,3.5],"to":[9,-12,5],"faces":{"up":{"uv":[1.5,2,2.5,3],"texture":"#texture","cullface":"down"},"north":{"uv":[1.5,2,2.5,2.5],"texture":"#texture","cullface":"down"},"south":{"uv":[1.5,2,2.5,2.5],"texture":"#texture","cullface":"down"},"west":{"uv":[1.5,2,2.5,2.5],"texture":"#texture","cullface":"down"},"east":{"uv":[1.5,2,2.5,2.5],"texture":"#texture","cullface":"down"}}},{"from":[7.5,-15,3.5],"to":[9.5,-14.5,5],"faces":{"down":{"uv":[3,5.5,1,4],"texture":"#texture","cullface":"down"},"up":{"uv":[1,4,3,5.5],"texture":"#texture","cullface":"down"},"north":{"uv":[1,4.5,3,5],"texture":"#texture","cullface":"down"},"south":{"uv":[1,4.5,3,5],"texture":"#texture","cullface":"down"},"west":{"uv":[0.5,4.5,2,5],"texture":"#texture","cullface":"down"},"east":{"uv":[2,4.5,3.5,5],"texture":"#texture","cullface":"down"}}},{"from":[7.5,-13.5,3.75],"to":[9.5,-13,4.75],"faces":{"down":{"uv":[3,4,1,3],"texture":"#texture","cullface":"down"},"north":{"uv":[1,3,3,3.5],"texture":"#texture","cullface":"down"},"south":{"uv":[1,3,3,3.5],"texture":"#texture","cullface":"down"},"west":{"uv":[1.5,4,2.5,4.5],"texture":"#texture","cullface":"down"},"east":{"uv":[1.5,4,2.5,4.5],"texture":"#texture","cullface":"down"}}},{"from":[7.5,-14.5,3.75],"to":[9.5,-14,4.75],"faces":{"up":{"uv":[1,4,3,5],"texture":"#texture","cullface":"down"},"north":{"uv":[1,4,3,4.5],"texture":"#texture","cullface":"down"},"south":{"uv":[1,4,3,4.5],"texture":"#texture","cullface":"down"},"west":{"uv":[1,4,2,4.5],"texture":"#texture","cullface":"down"},"east":{"uv":[2,4,3,4.5],"texture":"#texture","cullface":"down"}}},{"from":[7,-15,3.75],"to":[10,-14.5,4.75],"faces":{"down":{"uv":[3.5,5,0.5,4.5],"texture":"#texture","cullface":"down"},"up":{"uv":[0.5,4.5,3.5,5],"texture":"#texture","cullface":"down"},"north":{"uv":[0.5,4.5,3.5,5],"texture":"#texture","cullface":"down"},"south":{"uv":[0.5,4.5,3.5,5],"texture":"#texture","cullface":"down"},"west":{"uv":[0.5,4.5,1.5,5],"texture":"#texture","cullface":"down"},"east":{"uv":[2.5,4.5,3.5,5],"texture":"#texture","cullface":"down"}}},{"from":[8,-14,3.75],"to":[9,-13.5,4.75],"faces":{"north":{"uv":[1.5,3.5,2.5,4],"texture":"#texture","cullface":"down"},"south":{"uv":[1.5,3.5,2.5,4],"texture":"#texture","cullface":"down"},"west":{"uv":[1.5,3.5,2.5,4],"texture":"#texture","cullface":"down"},"east":{"uv":[1.5,3.5,2.5,4],"texture":"#texture","cullface":"down"}}},{"from":[7.5,-15.5,3.75],"to":[9.5,-15,4.75],"faces":{"down":{"uv":[3,6,1,5.5],"texture":"#texture","cullface":"down"},"north":{"uv":[1,5.5,3,6],"texture":"#texture","cullface":"down"},"south":{"uv":[1,5.5,3,6],"texture":"#texture","cullface":"down"},"west":{"uv":[1,5.5,2,6],"texture":"#texture","cullface":"down"},"east":{"uv":[2,5.5,3,6],"texture":"#texture","cullface":"down"}}},{"from":[7,-15.5,4],"to":[10,-15,4.5],"faces":{"down":{"uv":[3.5,5.5,0.5,5],"texture":"#texture","cullface":"down"},"north":{"uv":[0.5,5,3.5,5.5],"texture":"#texture","cullface":"down"},"south":{"uv":[0.5,5,3.5,5.5],"texture":"#texture","cullface":"down"},"west":{"uv":[0.5,5,1,5.5],"texture":"#texture","cullface":"down"},"east":{"uv":[3,5,3.5,5.5],"texture":"#texture","cullface":"down"}}},{"from":[7.5,-13,3.5],"to":[9.5,-12.5,5],"faces":{"down":{"uv":[3,5.5,1,4],"texture":"#texture","cullface":"down"},"up":{"uv":[1,4,3,5.5],"texture":"#texture","cullface":"down"},"north":{"uv":[1,2.5,3,3],"texture":"#texture","cullface":"down"},"south":{"uv":[1,2.5,3,3],"texture":"#texture","cullface":"down"},"west":{"uv":[1,4,2.5,4.5],"texture":"#texture","cullface":"down"},"east":{"uv":[1.5,4,3,4.5],"texture":"#texture","cullface":"down"}}}],"display":{"thirdperson_righthand":{"rotation":[0,90,0],"translation":[7.37,19.64,3.59],"scale":[2.5,2,2]},"thirdperson_lefthand":{"rotation":[0,-90,0],"translation":[-7.37,19.64,3.59],"scale":[2.5,2,2]},"ground":{"rotation":[90,-26,0],"translation":[-0.19,6.43,0.76],"scale":[1,1,1]},"fixed":{"rotation":[0,0,45],"translation":[0.38,1.32,1.51],"scale":[0.9,0.7,0.9]},"firstperson_righthand":{"rotation":[-26,122,4],"translation":[7.75,-3.59,-3.78],"scale":[1.3,1.3,1.3]},"firstperson_lefthand":{"rotation":[-26,-72,4],"translation":[0.94,0,-0.57],"scale":[1.3,1.3,1.3]},"gui":{"rotation":[0,0,-45],"translation":[-0.38,-0.38,0],"scale":[0.6,0.5,0.6]}}}