{"__comment":"designedbyhypixelminecraftserverwithbdcraftcubikpro0.91beta-http://bdcraft.net","textures":{"bread_unwrap1":"items/bread_unwrap1","bread_unwrap2":"items/bread_unwrap2"},"elements":[{"from":[7.25,19,9],"to":[8.75,20,13],"faces":{"down":{"uv":[13,5,9,4.5],"rotation":90,"texture":"#bread_unwrap1"},"west":{"uv":[9,4,13,5],"texture":"#bread_unwrap1"},"east":{"uv":[13,4,9,5],"texture":"#bread_unwrap1"}}},{"from":[7.25,15.5,9],"to":[8.75,19,9.5],"faces":{"down":{"uv":[9.5,8.5,9,8],"texture":"#bread_unwrap1"},"south":{"uv":[9,5,9.5,8.5],"texture":"#bread_unwrap1"},"west":{"uv":[9,5,9.5,8.5],"texture":"#bread_unwrap1"},"east":{"uv":[9.5,5,9,8.5],"texture":"#bread_unwrap1"}}},{"from":[7.25,8.5,13],"to":[8.75,21,14],"faces":{"down":{"uv":[14,15.5,13,15],"rotation":90,"texture":"#bread_unwrap1"},"up":{"uv":[13,3,14,3.5],"rotation":90,"texture":"#bread_unwrap1"},"north":{"uv":[13.5,3,13,15.5],"texture":"#bread_unwrap1"},"south":{"uv":[13.5,3,14,15.5],"texture":"#bread_unwrap1"},"west":{"uv":[13,3,14,15.5],"texture":"#bread_unwrap1"},"east":{"uv":[14,3,13,15.5],"texture":"#bread_unwrap1"}}},{"from":[7.25,15,12.5],"to":[8.75,16,13],"faces":{"down":{"uv":[13,9,12.5,8.5],"texture":"#bread_unwrap1"},"up":{"uv":[12.5,8,13,8.5],"texture":"#bread_unwrap1"},"north":{"uv":[13,8,12.5,9],"texture":"#bread_unwrap1"},"west":{"uv":[12.5,8,13,9],"texture":"#bread_unwrap1"},"east":{"uv":[13,8,12.5,9],"texture":"#bread_unwrap1"}}},{"from":[7.25,15.5,10],"to":[8.75,16,12.5],"faces":{"down":{"uv":[12.5,8.5,10,8],"rotation":90,"texture":"#bread_unwrap1"},"up":{"uv":[10,8,12.5,8.5],"rotation":90,"texture":"#bread_unwrap1"},"north":{"uv":[10.5,8,10,8.5],"texture":"#bread_unwrap1"},"west":{"uv":[10,8,12.5,8.5],"texture":"#bread_unwrap1"},"east":{"uv":[12.5,8,10,8.5],"texture":"#bread_unwrap1"}}},{"from":[7.25,16,10],"to":[8.75,18.5,10.5],"faces":{"up":{"uv":[10,5.5,10.5,6],"texture":"#bread_unwrap1"},"north":{"uv":[10.5,5.5,10,8],"texture":"#bread_unwrap1"},"south":{"uv":[10,5.5,10.5,8],"texture":"#bread_unwrap1"},"west":{"uv":[10,5.5,10.5,8],"texture":"#bread_unwrap1"},"east":{"uv":[10.5,5.5,10,8],"texture":"#bread_unwrap1"}}},{"from":[7.25,18,10.5],"to":[8.75,18.5,12.5],"faces":{"down":{"uv":[12.5,6,10.5,5.5],"rotation":90,"texture":"#bread_unwrap1"},"up":{"uv":[10.5,5.5,12.5,6],"rotation":90,"texture":"#bread_unwrap1"},"south":{"uv":[12,5.5,12.5,6],"texture":"#bread_unwrap1"},"west":{"uv":[10.5,5.5,12.5,6],"texture":"#bread_unwrap1"},"east":{"uv":[12.5,5.5,10.5,6],"texture":"#bread_unwrap1"}}},{"from":[7.25,16.5,12],"to":[8.75,18,12.5],"faces":{"down":{"uv":[12.5,7.5,12,7],"texture":"#bread_unwrap1"},"north":{"uv":[12.5,6,12,7.5],"texture":"#bread_unwrap1"},"south":{"uv":[12,6,12.5,7.5],"texture":"#bread_unwrap1"},"west":{"uv":[12,6,12.5,7.5],"texture":"#bread_unwrap1"},"east":{"uv":[12.5,6,12,7.5],"texture":"#bread_unwrap1"}}},{"from":[7.25,16.5,11],"to":[8.75,17.5,12],"faces":{"down":{"uv":[12,7.5,11,7],"rotation":90,"texture":"#bread_unwrap1"},"up":{"uv":[11,6.5,12,7],"rotation":90,"texture":"#bread_unwrap1"},"north":{"uv":[11.5,6.5,11,7.5],"texture":"#bread_unwrap1"},"west":{"uv":[11,6.5,12,7.5],"texture":"#bread_unwrap1"},"east":{"uv":[12,6.5,11,7.5],"texture":"#bread_unwrap1"}}},{"from":[7.5,17.5,10.5],"to":[8.5,18,12],"faces":{"down":{"uv":[8.5,12,7.5,10.5],"texture":"#bread_unwrap1"},"west":{"uv":[10.5,6,12,6.5],"texture":"#bread_unwrap1"},"east":{"uv":[12,6,10.5,6.5],"texture":"#bread_unwrap1"}}},{"from":[7.5,16,10.5],"to":[8.5,17.5,11],"faces":{"south":{"uv":[7.5,6.5,8.5,8],"texture":"#bread_unwrap1"},"west":{"uv":[10.5,6.5,11,8],"texture":"#bread_unwrap1"},"east":{"uv":[11,6.5,10.5,8],"texture":"#bread_unwrap1"}}},{"from":[7.5,16,11],"to":[8.5,16.5,13],"faces":{"down":{"uv":[8.5,13,7.5,11],"texture":"#bread_unwrap1"},"up":{"uv":[7.5,11,8.5,13],"texture":"#bread_unwrap1"},"west":{"uv":[11,7.5,13,8],"texture":"#bread_unwrap1"},"east":{"uv":[13,7.5,11,8],"texture":"#bread_unwrap1"}}},{"from":[7.5,16.5,12.5],"to":[8.5,19,13],"faces":{"north":{"uv":[8.5,5,7.5,7.5],"texture":"#bread_unwrap1"},"west":{"uv":[12.5,5,13,7.5],"texture":"#bread_unwrap1"},"east":{"uv":[13,5,12.5,7.5],"texture":"#bread_unwrap1"}}},{"from":[7.5,18.5,9.5],"to":[8.5,19,12.5],"faces":{"down":{"uv":[8.5,12.5,7.5,9.5],"texture":"#bread_unwrap1"},"west":{"uv":[9.5,5,12.5,5.5],"texture":"#bread_unwrap1"},"east":{"uv":[12.5,5,9.5,5.5],"texture":"#bread_unwrap1"}}},{"from":[7.5,15.5,9.5],"to":[8.5,18.5,10],"faces":{"south":{"uv":[7.5,5.5,8.5,8.5],"texture":"#bread_unwrap1"},"west":{"uv":[9.5,5.5,10,8.5],"texture":"#bread_unwrap1"},"east":{"uv":[10,5.5,9.5,8.5],"texture":"#bread_unwrap1"}}},{"from":[7.5,15,9],"to":[8.5,15.5,12.5],"faces":{"down":{"uv":[12.5,9,9,8.5],"rotation":90,"texture":"#bread_unwrap1"},"up":{"uv":[9,8.5,12.5,9],"rotation":90,"texture":"#bread_unwrap1"},"west":{"uv":[9,8.5,12.5,9],"texture":"#bread_unwrap1"},"east":{"uv":[12.5,8.5,9,9],"texture":"#bread_unwrap1"}}},{"from":[7.5,11,12.5],"to":[8.5,15,13],"faces":{"north":{"uv":[13,9,12.5,13],"texture":"#bread_unwrap1"},"west":{"uv":[12.5,9,13,13],"texture":"#bread_unwrap1"},"east":{"uv":[13,9,12.5,13],"texture":"#bread_unwrap1"}}},{"from":[7.5,8.5,14],"to":[8.5,22,15],"faces":{"up":{"uv":[14,2,15,2.5],"rotation":90,"texture":"#bread_unwrap1"},"north":{"uv":[15,2,14,15.5],"texture":"#bread_unwrap1"},"south":{"uv":[14,2,15,15.5],"texture":"#bread_unwrap1"},"west":{"uv":[14,2,15,15.5],"texture":"#bread_unwrap1"},"east":{"uv":[15,2,14,15.5],"texture":"#bread_unwrap1"}}},{"from":[7.75,20,15],"to":[8.25,23,15.5],"faces":{"down":{"uv":[15.5,4,15,3.5],"texture":"#bread_unwrap1"},"up":{"uv":[15,1,15.5,1.5],"texture":"#bread_unwrap1"},"north":{"uv":[15.5,1,15,4],"texture":"#bread_unwrap1"},"south":{"uv":[15,1,15.5,4],"texture":"#bread_unwrap1"},"west":{"uv":[15,1,15.5,4],"texture":"#bread_unwrap1"},"east":{"uv":[15.5,1,15,4],"texture":"#bread_unwrap1"}}},{"from":[7.75,10.5,15],"to":[8.25,19.5,15.5],"faces":{"down":{"uv":[15.5,13.5,15,13],"texture":"#bread_unwrap1"},"up":{"uv":[15,4.5,15.5,5],"texture":"#bread_unwrap1"},"south":{"uv":[15,4.5,15.5,13.5],"texture":"#bread_unwrap1"},"west":{"uv":[15,4.5,15.5,13.5],"texture":"#bread_unwrap1"},"east":{"uv":[15.5,4.5,15,13.5],"texture":"#bread_unwrap1"}}},{"from":[7.5,21,13.5],"to":[8.5,21.5,14],"faces":{"up":{"uv":[13.5,2.5,14,3],"texture":"#bread_unwrap1"},"north":{"uv":[14,2.5,13.5,3],"texture":"#bread_unwrap1"},"west":{"uv":[13.5,2.5,14,3],"texture":"#bread_unwrap1"},"east":{"uv":[14,2.5,13.5,3],"texture":"#bread_unwrap1"}}},{"from":[7.5,22,14.5],"to":[8.5,22.5,15],"faces":{"up":{"uv":[14.5,1.5,15,2],"texture":"#bread_unwrap1"},"north":{"uv":[15,1.5,14.5,2],"texture":"#bread_unwrap1"},"south":{"uv":[14.5,1.5,15,2],"texture":"#bread_unwrap1"},"west":{"uv":[14.5,1.5,15,2],"texture":"#bread_unwrap1"},"east":{"uv":[15,1.5,14.5,2],"texture":"#bread_unwrap1"}}},{"from":[6.5,20,7.5],"to":[9.5,21.5,13],"faces":{"down":{"uv":[13,4,7.5,3.5],"rotation":90,"texture":"#bread_unwrap1"},"up":{"uv":[7.5,2.5,13,3],"rotation":90,"texture":"#bread_unwrap1"},"north":{"uv":[8,2.5,7.5,4],"texture":"#bread_unwrap1"},"south":{"uv":[12.5,2.5,13,4],"texture":"#bread_unwrap1"},"west":{"uv":[7.5,2.5,13,4],"texture":"#bread_unwrap1"},"east":{"uv":[13,2.5,7.5,4],"texture":"#bread_unwrap1"}}},{"from":[6.75,15,3],"to":[9.25,21.5,9],"faces":{"down":{"uv":[9,9,3,8.5],"rotation":90,"texture":"#bread_unwrap1"},"up":{"uv":[3,2.5,9,3],"rotation":90,"texture":"#bread_unwrap1"},"north":{"uv":[3.5,2.5,3,9],"texture":"#bread_unwrap1"},"south":{"uv":[8.5,2.5,9,9],"texture":"#bread_unwrap1"},"west":{"uv":[3,2.5,9,9],"texture":"#bread_unwrap1"},"east":{"uv":[9,2.5,3,9],"texture":"#bread_unwrap1"}}},{"from":[6,16,3.5],"to":[10,21,5],"faces":{"down":{"uv":[5,8,3.5,7.5],"rotation":90,"texture":"#bread_unwrap1"},"up":{"uv":[3.5,3,5,3.5],"rotation":90,"texture":"#bread_unwrap1"},"north":{"uv":[4,3,3.5,8],"texture":"#bread_unwrap1"},"south":{"uv":[4.5,3,5,8],"texture":"#bread_unwrap1"},"west":{"uv":[3.5,3,5,8],"texture":"#bread_unwrap1"},"east":{"uv":[5,3,3.5,8],"texture":"#bread_unwrap1"}}},{"from":[7.75,8,15],"to":[8.25,10,15.5],"faces":{"down":{"uv":[15.5,16,15,15.5],"texture":"#bread_unwrap1"},"up":{"uv":[15,14,15.5,14.5],"texture":"#bread_unwrap1"},"north":{"uv":[15.5,14,15,16],"texture":"#bread_unwrap1"},"south":{"uv":[15,14,15.5,16],"texture":"#bread_unwrap1"},"west":{"uv":[15,14,15.5,16],"texture":"#bread_unwrap1"},"east":{"uv":[15.5,14,15,16],"texture":"#bread_unwrap1"}}},{"from":[7.5,8,9.5],"to":[8.5,8.5,15],"faces":{"down":{"uv":[15,16,9.5,15.5],"rotation":90,"texture":"#bread_unwrap1"},"up":{"uv":[9.5,15.5,15,16],"rotation":90,"texture":"#bread_unwrap1"},"north":{"uv":[10,15.5,9.5,16],"texture":"#bread_unwrap1"},"south":{"uv":[14.5,15.5,15,16],"texture":"#bread_unwrap1"},"west":{"uv":[9.5,15.5,15,16],"texture":"#bread_unwrap1"},"east":{"uv":[15,15.5,9.5,16],"texture":"#bread_unwrap1"}}},{"from":[7.5,8.5,9.5],"to":[8.5,10,10],"faces":{"up":{"uv":[9.5,14,10,14.5],"texture":"#bread_unwrap1"},"north":{"uv":[10,14,9.5,15.5],"texture":"#bread_unwrap1"},"west":{"uv":[9.5,14,10,15.5],"texture":"#bread_unwrap1"},"east":{"uv":[10,14,9.5,15.5],"texture":"#bread_unwrap1"}}},{"from":[7.5,10,10],"to":[8.5,10.5,10.5],"faces":{"up":{"uv":[10,13.5,10.5,14],"texture":"#bread_unwrap1"},"north":{"uv":[10.5,13.5,10,14],"texture":"#bread_unwrap1"},"west":{"uv":[10,13.5,10.5,14],"texture":"#bread_unwrap1"},"east":{"uv":[10.5,13.5,10,14],"texture":"#bread_unwrap1"}}},{"from":[7.5,10.5,10.5],"to":[8.5,11,12.5],"faces":{"up":{"uv":[10.5,13,12.5,13.5],"rotation":90,"texture":"#bread_unwrap1"},"north":{"uv":[11,13,10.5,13.5],"texture":"#bread_unwrap1"},"west":{"uv":[10.5,13,12.5,13.5],"texture":"#bread_unwrap1"},"east":{"uv":[12.5,13,10.5,13.5],"texture":"#bread_unwrap1"}}},{"from":[6,19.5,5],"to":[10,21,6.5],"faces":{"down":{"uv":[6.5,4.5,5,4],"rotation":90,"texture":"#bread_unwrap1"},"west":{"uv":[5,3,6.5,4.5],"texture":"#bread_unwrap1"},"east":{"uv":[6.5,3,5,4.5],"texture":"#bread_unwrap1"}}},{"from":[6,16,6.5],"to":[10,21,8],"faces":{"down":{"uv":[8,8,6.5,7.5],"rotation":90,"texture":"#bread_unwrap1"},"up":{"uv":[6.5,3,8,3.5],"rotation":90,"texture":"#bread_unwrap1"},"north":{"uv":[7,3,6.5,8],"texture":"#bread_unwrap1"},"south":{"uv":[7.5,3,8,8],"texture":"#bread_unwrap1"},"west":{"uv":[6.5,3,8,8],"texture":"#bread_unwrap1"},"east":{"uv":[8,3,6.5,8],"texture":"#bread_unwrap1"}}},{"from":[6,16,5],"to":[10,18,6.5],"faces":{"down":{"uv":[6.5,8,5,7.5],"rotation":90,"texture":"#bread_unwrap1"},"up":{"uv":[5,6,6.5,6.5],"rotation":90,"texture":"#bread_unwrap1"},"west":{"uv":[5,6,6.5,8],"texture":"#bread_unwrap1"},"east":{"uv":[6.5,6,5,8],"texture":"#bread_unwrap1"}}},{"from":[6.25,18,5],"to":[9.75,19.5,6.5],"faces":{"west":{"uv":[5,4.5,6.5,6],"texture":"#bread_unwrap1"},"east":{"uv":[6.5,4.5,5,6],"texture":"#bread_unwrap1"}}},{"from":[6.5,21.5,4],"to":[9.5,23.5,7],"faces":{"up":{"uv":[4,0.5,7,1],"rotation":90,"texture":"#bread_unwrap1"},"north":{"uv":[4.5,0.5,4,2.5],"texture":"#bread_unwrap1"},"south":{"uv":[6.5,0.5,7,2.5],"texture":"#bread_unwrap1"},"west":{"uv":[4,0.5,7,2.5],"texture":"#bread_unwrap1"},"east":{"uv":[7,0.5,4,2.5],"texture":"#bread_unwrap1"}}},{"from":[7.25,8.5,12.5],"to":[8.75,11,13],"faces":{"down":{"uv":[13,15.5,12.5,15],"texture":"#bread_unwrap1"},"up":{"uv":[12.5,13,13,13.5],"texture":"#bread_unwrap1"},"north":{"uv":[13,13,12.5,15.5],"texture":"#bread_unwrap1"},"west":{"uv":[12.5,13,13,15.5],"texture":"#bread_unwrap1"},"east":{"uv":[13,13,12.5,15.5],"texture":"#bread_unwrap1"}}},{"from":[7.25,8.5,10.5],"to":[8.75,10.5,12.5],"faces":{"down":{"uv":[12.5,15.5,10.5,15],"rotation":90,"texture":"#bread_unwrap1"},"up":{"uv":[10.5,13.5,12.5,14],"rotation":90,"texture":"#bread_unwrap1"},"north":{"uv":[11,13.5,10.5,15.5],"texture":"#bread_unwrap1"},"west":{"uv":[10.5,13.5,12.5,15.5],"texture":"#bread_unwrap1"},"east":{"uv":[12.5,13.5,10.5,15.5],"texture":"#bread_unwrap1"}}},{"from":[7.25,8.5,10],"to":[8.75,10,10.5],"faces":{"down":{"uv":[10.5,15.5,10,15],"texture":"#bread_unwrap1"},"up":{"uv":[10,14,10.5,14.5],"texture":"#bread_unwrap1"},"north":{"uv":[10.5,14,10,15.5],"texture":"#bread_unwrap1"},"west":{"uv":[10,14,10.5,15.5],"texture":"#bread_unwrap1"},"east":{"uv":[10.5,14,10,15.5],"texture":"#bread_unwrap1"}}},{"from":[7,17.5,0.5],"to":[9,21,3],"faces":{"down":{"uv":[3,6.5,0.5,6],"rotation":90,"texture":"#bread_unwrap1"},"up":{"uv":[0.5,3,3,3.5],"rotation":90,"texture":"#bread_unwrap1"},"north":{"uv":[1,3,0.5,6.5],"texture":"#bread_unwrap1"},"west":{"uv":[0.5,3,3,6.5],"texture":"#bread_unwrap1"},"east":{"uv":[3,3,0.5,6.5],"texture":"#bread_unwrap1"}}},{"from":[7.25,17,1],"to":[8.75,17.5,3],"faces":{"down":{"uv":[3,7,1,6.5],"rotation":90,"texture":"#bread_unwrap1"},"north":{"uv":[1.5,6.5,1,7],"texture":"#bread_unwrap1"},"west":{"uv":[1,6.5,3,7],"texture":"#bread_unwrap1"},"east":{"uv":[3,6.5,1,7],"texture":"#bread_unwrap1"}}},{"from":[7.25,12.5,4.5],"to":[8.75,15,9],"faces":{"down":{"uv":[9,11.5,4.5,11],"rotation":90,"texture":"#bread_unwrap1"},"north":{"uv":[5,9,4.5,11.5],"texture":"#bread_unwrap1"},"south":{"uv":[8.5,9,9,11.5],"texture":"#bread_unwrap1"},"west":{"uv":[4.5,9,9,11.5],"texture":"#bread_unwrap1"},"east":{"uv":[9,9,4.5,11.5],"texture":"#bread_unwrap1"}}},{"from":[6.75,12.5,5],"to":[9.25,15,8.5],"faces":{"down":{"uv":[8.5,11.5,5,11],"rotation":90,"texture":"#bread_unwrap1"},"north":{"uv":[5.5,9,5,11.5],"texture":"#bread_unwrap1"},"south":{"uv":[8,9,8.5,11.5],"texture":"#bread_unwrap1"},"west":{"uv":[5,9,8.5,11.5],"texture":"#bread_unwrap1"},"east":{"uv":[8.5,9,5,11.5],"texture":"#bread_unwrap1"}}},{"from":[7,21.5,7.5],"to":[9,22,13],"faces":{"up":{"uv":[7.5,2,13,2.5],"rotation":90,"texture":"#bread_unwrap1"},"south":{"uv":[12.5,2,13,2.5],"texture":"#bread_unwrap1"},"west":{"uv":[7.5,2,13,2.5],"texture":"#bread_unwrap1"},"east":{"uv":[13,2,7.5,2.5],"texture":"#bread_unwrap1"}}},{"from":[7,21.5,3.5],"to":[9,23.5,7.5],"faces":{"up":{"uv":[3.5,0.5,7.5,1],"rotation":90,"texture":"#bread_unwrap1"},"north":{"uv":[4,0.5,3.5,2.5],"texture":"#bread_unwrap1"},"south":{"uv":[7,0.5,7.5,2.5],"texture":"#bread_unwrap1"},"west":{"uv":[3.5,0.5,7.5,2.5],"texture":"#bread_unwrap1"},"east":{"uv":[7.5,0.5,3.5,2.5],"texture":"#bread_unwrap1"}}},{"from":[7.25,12,5],"to":[8.75,12.5,8.5],"faces":{"down":{"uv":[8.5,12,5,11.5],"rotation":90,"texture":"#bread_unwrap1"},"north":{"uv":[5.5,11.5,5,12],"texture":"#bread_unwrap1"},"south":{"uv":[8,11.5,8.5,12],"texture":"#bread_unwrap1"},"west":{"uv":[5,11.5,8.5,12],"texture":"#bread_unwrap1"},"east":{"uv":[8.5,11.5,5,12],"texture":"#bread_unwrap1"}}},{"from":[7.25,21,0.5],"to":[8.75,21.5,3],"faces":{"up":{"uv":[0.5,2.5,3,3],"rotation":90,"texture":"#bread_unwrap1"},"north":{"uv":[1,2.5,0.5,3],"texture":"#bread_unwrap1"},"west":{"uv":[0.5,2.5,3,3],"texture":"#bread_unwrap1"},"east":{"uv":[3,2.5,0.5,3],"texture":"#bread_unwrap1"}}},{"from":[6,21,4],"to":[10,21.5,7.5],"faces":{"down":{"uv":[7.5,3,4,2.5],"rotation":90,"texture":"#bread_unwrap1"},"up":{"uv":[4,2.5,7.5,3],"rotation":90,"texture":"#bread_unwrap1"},"north":{"uv":[4.5,2.5,4,3],"texture":"#bread_unwrap1"},"south":{"uv":[7,2.5,7.5,3],"texture":"#bread_unwrap1"},"west":{"uv":[4,2.5,7.5,3],"texture":"#bread_unwrap1"},"east":{"uv":[7.5,2.5,4,3],"texture":"#bread_unwrap1"}}},{"from":[7.5,-2,6],"to":[8.5,12,8],"faces":{"north":{"uv":[4.5,1,3.5,15],"texture":"#bread_unwrap2"},"south":{"uv":[3.5,1,4.5,15],"texture":"#bread_unwrap2"},"west":{"uv":[3,1,5,15],"texture":"#bread_unwrap2"},"east":{"uv":[5,1,3,15],"texture":"#bread_unwrap2"}}},{"from":[7,-2,6.5],"to":[9,12,7.5],"faces":{"up":{"uv":[3,1,5,1.5],"texture":"#bread_unwrap2"},"north":{"uv":[5,1,3,15],"texture":"#bread_unwrap2"},"south":{"uv":[3,1,5,15],"texture":"#bread_unwrap2"},"west":{"uv":[3.5,1,4.5,15],"texture":"#bread_unwrap2"},"east":{"uv":[4.5,1,3.5,15],"texture":"#bread_unwrap2"}}},{"from":[6,-5.5,5],"to":[10,-2.5,9],"faces":{"down":{"uv":[13,14.5,9,14],"rotation":90,"texture":"#bread_unwrap2"},"up":{"uv":[9,11.5,13,12],"rotation":90,"texture":"#bread_unwrap2"},"north":{"uv":[13,11.5,9,14.5],"texture":"#bread_unwrap2"},"south":{"uv":[9,11.5,13,14.5],"texture":"#bread_unwrap2"},"west":{"uv":[9,11.5,13,14.5],"texture":"#bread_unwrap2"},"east":{"uv":[13,11.5,9,14.5],"texture":"#bread_unwrap2"}}},{"from":[7.5,-3.5,4.5],"to":[8.5,-3,9.5],"faces":{"down":{"uv":[11.5,12.5,10.5,12],"texture":"#bread_unwrap2"},"up":{"uv":[10.5,12,11.5,12.5],"texture":"#bread_unwrap2"},"north":{"uv":[11.5,12,10.5,12.5],"texture":"#bread_unwrap2"},"south":{"uv":[10.5,12,11.5,12.5],"texture":"#bread_unwrap2"}}},{"from":[7.5,-5,4.5],"to":[8.5,-4.5,9.5],"faces":{"down":{"uv":[11.5,14,10.5,13.5],"texture":"#bread_unwrap2"},"up":{"uv":[10.5,13.5,11.5,14],"texture":"#bread_unwrap2"},"north":{"uv":[11.5,13.5,10.5,14],"texture":"#bread_unwrap2"},"south":{"uv":[10.5,13.5,11.5,14],"texture":"#bread_unwrap2"}}},{"from":[8.5,-5,4.5],"to":[9,-3,9.5],"faces":{"down":{"uv":[13.5,14,8.5,13.5],"rotation":90,"texture":"#bread_unwrap2"},"up":{"uv":[10.5,12,11.5,12.5],"rotation":90,"texture":"#bread_unwrap2"},"north":{"uv":[10.5,12,10,14],"texture":"#bread_unwrap2"},"south":{"uv":[10,12,10.5,14],"texture":"#bread_unwrap2"},"west":{"uv":[8.5,12,13.5,14],"texture":"#bread_unwrap2"},"east":{"uv":[13.5,12,8.5,14],"texture":"#bread_unwrap2"}}},{"from":[7,-5,4.5],"to":[7.5,-3,9.5],"faces":{"down":{"uv":[13.5,14,8.5,13.5],"rotation":90,"texture":"#bread_unwrap2"},"up":{"uv":[10.5,12,11.5,12.5],"rotation":90,"texture":"#bread_unwrap2"},"north":{"uv":[12,12,11.5,14],"texture":"#bread_unwrap2"},"south":{"uv":[11.5,12,12,14],"texture":"#bread_unwrap2"},"west":{"uv":[8.5,12,13.5,14],"texture":"#bread_unwrap2"},"east":{"uv":[13.5,12,8.5,14],"texture":"#bread_unwrap2"}}},{"from":[5.5,-3.5,6.5],"to":[10.5,-3,7.5],"faces":{"down":{"uv":[11.5,12.5,10.5,12],"rotation":90,"texture":"#bread_unwrap2"},"up":{"uv":[10.5,12,11.5,12.5],"rotation":90,"texture":"#bread_unwrap2"},"west":{"uv":[10.5,12,11.5,12.5],"texture":"#bread_unwrap2"},"east":{"uv":[11.5,12,10.5,12.5],"texture":"#bread_unwrap2"}}},{"from":[5.5,-5,6.5],"to":[10.5,-4.5,7.5],"faces":{"down":{"uv":[11.5,14,10.5,13.5],"rotation":90,"texture":"#bread_unwrap2"},"up":{"uv":[10.5,13.5,11.5,14],"rotation":90,"texture":"#bread_unwrap2"},"west":{"uv":[10.5,13.5,11.5,14],"texture":"#bread_unwrap2"},"east":{"uv":[11.5,13.5,10.5,14],"texture":"#bread_unwrap2"}}},{"from":[5.5,-5,6],"to":[10.5,-3,6.5],"faces":{"down":{"uv":[13.5,14,8.5,13.5],"texture":"#bread_unwrap2"},"up":{"uv":[10.5,12,11.5,12.5],"texture":"#bread_unwrap2"},"north":{"uv":[13.5,12,8.5,14],"texture":"#bread_unwrap2"},"south":{"uv":[8.5,12,13.5,14],"texture":"#bread_unwrap2"},"west":{"uv":[10,12,10.5,14],"texture":"#bread_unwrap2"},"east":{"uv":[10.5,12,10,14],"texture":"#bread_unwrap2"}}},{"from":[5.5,-5,7.5],"to":[10.5,-3,8],"faces":{"down":{"uv":[13.5,14,8.5,13.5],"texture":"#bread_unwrap2"},"up":{"uv":[10.5,12,11.5,12.5],"texture":"#bread_unwrap2"},"north":{"uv":[13.5,12,8.5,14],"texture":"#bread_unwrap2"},"south":{"uv":[8.5,12,13.5,14],"texture":"#bread_unwrap2"},"west":{"uv":[11.5,12,12,14],"texture":"#bread_unwrap2"},"east":{"uv":[12,12,11.5,14],"texture":"#bread_unwrap2"}}},{"from":[5.75,-4.5,6.5],"to":[10.25,-3.5,7.5],"faces":{"west":{"uv":[10.5,12.5,11.5,13.5],"texture":"#bread_unwrap2"},"east":{"uv":[11.5,12.5,10.5,13.5],"texture":"#bread_unwrap2"}}},{"from":[7.5,-4.5,4.75],"to":[8.5,-3.5,9.25],"faces":{"north":{"uv":[11.5,12.5,10.5,13.5],"texture":"#bread_unwrap2"},"south":{"uv":[10.5,12.5,11.5,13.5],"texture":"#bread_unwrap2"}}},{"from":[6,-2.5,5.5],"to":[10,-2,8.5],"faces":{"up":{"uv":[9.5,11,12.5,11.5],"rotation":90,"texture":"#bread_unwrap2"},"north":{"uv":[13,11,9,11.5],"texture":"#bread_unwrap2"},"south":{"uv":[9,11,13,11.5],"texture":"#bread_unwrap2"},"west":{"uv":[9.5,11,12.5,11.5],"texture":"#bread_unwrap2"},"east":{"uv":[12.5,11,9.5,11.5],"texture":"#bread_unwrap2"}}},{"from":[6.5,-2.5,5],"to":[9.5,-2,9],"faces":{"up":{"uv":[9,11,13,11.5],"rotation":90,"texture":"#bread_unwrap2"},"north":{"uv":[12.5,11,9.5,11.5],"texture":"#bread_unwrap2"},"south":{"uv":[9.5,11,12.5,11.5],"texture":"#bread_unwrap2"},"west":{"uv":[9,11,13,11.5],"texture":"#bread_unwrap2"},"east":{"uv":[13,11,9,11.5],"texture":"#bread_unwrap2"}}},{"from":[6.5,-6,5],"to":[9.5,-5.5,9],"faces":{"down":{"uv":[12.5,15,9.5,14.5],"rotation":90,"texture":"#bread_unwrap2"},"north":{"uv":[12.5,14.5,9.5,15],"texture":"#bread_unwrap2"},"south":{"uv":[9.5,14.5,12.5,15],"texture":"#bread_unwrap2"},"west":{"uv":[9,14.5,13,15],"texture":"#bread_unwrap2"},"east":{"uv":[13,14.5,9,15],"texture":"#bread_unwrap2"}}},{"from":[6,-6,5.5],"to":[10,-5.5,8.5],"faces":{"down":{"uv":[12.5,15,9.5,14.5],"rotation":90,"texture":"#bread_unwrap2"},"north":{"uv":[13,14.5,9,15],"texture":"#bread_unwrap2"},"south":{"uv":[9,14.5,13,15],"texture":"#bread_unwrap2"},"west":{"uv":[9.5,14.5,12.5,15],"texture":"#bread_unwrap2"},"east":{"uv":[12.5,14.5,9.5,15],"texture":"#bread_unwrap2"}}}],"display":{"thirdperson_righthand":{"rotation":[0,180,0],"translation":[-0.19,10.77,1.13],"scale":[2.1,2.29,1.5]},"thirdperson_lefthand":{"rotation":[0,180,0],"translation":[-0.19,10.77,1.13],"scale":[2.1,2.29,1.5]},"ground":{"rotation":[90,0,0],"translation":[0,0,0],"scale":[1,1,1]},"fixed":{"rotation":[0,0,45],"translation":[2.27,-2.27,-2.65],"scale":[0.7,0.7,0.7]},"firstperson_righthand":{"rotation":[-23,-170,0],"translation":[0,0,0],"scale":[1,1,1]},"firstperson_lefthand":{"rotation":[-23,-170,0],"translation":[0,0,0],"scale":[1,1,1]},"gui":{"rotation":[94,40,-91],"translation":[-2.46,-1.32,13.19],"scale":[0.5,0.6,0.5]}}}