{"__comment":"designedbyhypixelminecraftserverwithbdcraftcubikpro0.90beta-http://bdcraft.net","textures":{"particle":"items/rabbit_unwrap2","texture":"items/rabbit_unwrap1","pallyhammeranim":"items/pallyhammeranim"},"elements":[{"from":[4.5,-16,5.5],"to":[11.5,-15.5,10.5],"faces":{"down":{"uv":[0,15.5,7,16],"texture":"#texture","cullface":"down"},"up":{"uv":[0,15.5,7,16],"texture":"#texture","cullface":"down"},"north":{"uv":[0,15.5,7,16],"texture":"#texture","cullface":"down"},"south":{"uv":[0,15.5,7,16],"texture":"#texture","cullface":"down"},"west":{"uv":[0,15.5,0.5,16],"texture":"#texture","cullface":"down"},"east":{"uv":[0,15.5,0.5,16],"texture":"#texture","cullface":"down"}}},{"from":[5.5,-16,4.5],"to":[10.5,-15.5,11.5],"faces":{"down":{"uv":[1,15.5,6,16],"texture":"#texture","cullface":"down"},"up":{"uv":[1,15.5,6,16],"texture":"#texture","cullface":"down"},"north":{"uv":[0.75,15.5,5.75,16],"texture":"#texture","cullface":"down"},"south":{"uv":[0.75,15.5,5.75,16],"texture":"#texture","cullface":"down"},"west":{"uv":[0,15.5,7,16],"texture":"#texture","cullface":"down"},"east":{"uv":[0,15.5,7,16],"texture":"#texture","cullface":"down"}}},{"from":[5,-15.5,6],"to":[11,-15,10],"faces":{"up":{"uv":[0.5,15,6.5,15.5],"texture":"#texture","cullface":"down"},"north":{"uv":[0.5,15,6.5,15.5],"texture":"#texture","cullface":"down"},"south":{"uv":[0.5,15,6.5,15.5],"texture":"#texture","cullface":"down"},"west":{"uv":[0.5,15,1,15.5],"texture":"#texture","cullface":"down"},"east":{"uv":[0.5,15,1,15.5],"texture":"#texture","cullface":"down"}}},{"from":[6,-15.5,5],"to":[10,-15,11],"faces":{"up":{"uv":[1.25,15,5.25,15.5],"texture":"#texture","cullface":"down"},"north":{"uv":[1.25,15,1.75,15.5],"texture":"#texture","cullface":"down"},"south":{"uv":[1.25,15,1.75,15.5],"texture":"#texture","cullface":"down"},"west":{"uv":[0.5,15,6.5,15.5],"texture":"#texture","cullface":"down"},"east":{"uv":[0.5,15,6.5,15.5],"texture":"#texture","cullface":"down"}}},{"from":[6.5,-15,5.5],"to":[9.5,-14.5,10.5],"faces":{"up":{"uv":[2,14.5,5,15],"texture":"#texture","cullface":"down"},"north":{"uv":[2,14.5,5,15],"texture":"#texture","cullface":"down"},"south":{"uv":[2,14.5,5,15],"texture":"#texture","cullface":"down"},"west":{"uv":[1,14.5,6,15],"texture":"#texture","cullface":"down"},"east":{"uv":[1,14.5,6,15],"texture":"#texture","cullface":"down"}}},{"from":[5.5,-15,6.5],"to":[10.5,-14.5,9.5],"faces":{"up":{"uv":[1,14.5,6,15],"texture":"#texture","cullface":"down"},"north":{"uv":[1,14.5,6,15],"texture":"#texture","cullface":"down"},"south":{"uv":[1,14.5,6,15],"texture":"#texture","cullface":"down"},"west":{"uv":[1,14.5,1.5,15],"texture":"#texture","cullface":"down"},"east":{"uv":[1,14.5,1.5,15],"texture":"#texture","cullface":"down"}}},{"from":[6,-14.5,7],"to":[10,-13,9],"faces":{"up":{"uv":[1.5,13,5.5,13.5],"texture":"#texture","cullface":"down"},"north":{"uv":[5.5,13,1.5,14.5],"texture":"#texture","cullface":"down"},"south":{"uv":[1.5,13,5.5,14.5],"texture":"#texture","cullface":"down"},"west":{"uv":[1.5,13,2,14.5],"texture":"#texture","cullface":"down"},"east":{"uv":[1.5,13,2,14.5],"texture":"#texture","cullface":"down"}}},{"from":[7,-14.5,6],"to":[9,-13,10],"faces":{"up":{"uv":[7,6,9,10],"texture":"#texture","cullface":"down"},"north":{"uv":[7,16,9,16],"texture":"#texture","cullface":"down"},"south":{"uv":[7,16,9,16],"texture":"#texture","cullface":"down"},"west":{"uv":[6,16,10,16],"texture":"#texture","cullface":"down"},"east":{"uv":[6,16,10,16],"texture":"#texture","cullface":"down"}}},{"from":[6.5,-14.5,6.5],"to":[9.5,-13,9.5],"faces":{"up":{"uv":[2,13,5,13.5],"texture":"#texture","cullface":"down"},"north":{"uv":[5,13,2,14.5],"texture":"#texture","cullface":"down"},"south":{"uv":[2,13,5,14.5],"texture":"#texture","cullface":"down"},"west":{"uv":[2,13,2.5,14.5],"texture":"#texture","cullface":"down"},"east":{"uv":[4.5,13,5,14.5],"texture":"#texture","cullface":"down"}}},{"from":[7,-13,7],"to":[9,-11.5,9],"faces":{"up":{"uv":[2.5,11.5,4.5,12],"texture":"#texture","cullface":"down"},"north":{"uv":[4.5,11.5,2.5,13],"texture":"#texture","cullface":"down"},"south":{"uv":[2.5,11.5,4.5,13],"texture":"#texture","cullface":"down"},"west":{"uv":[2.5,11.5,3,13],"texture":"#texture","cullface":"down"},"east":{"uv":[4,11.5,4.5,13],"texture":"#texture","cullface":"down"}}},{"from":[7.25,-13,6.5],"to":[8.75,-11.5,9.5],"faces":{"up":{"uv":[7.25,6.5,8.75,9.5],"texture":"#texture","cullface":"down"},"north":{"uv":[7.25,16,8.75,16],"texture":"#texture","cullface":"down"},"south":{"uv":[7.25,16,8.75,16],"texture":"#texture","cullface":"down"},"west":{"uv":[6.5,16,9.5,16],"texture":"#texture","cullface":"down"},"east":{"uv":[6.5,16,9.5,16],"texture":"#texture","cullface":"down"}}},{"from":[6.5,-13,7.25],"to":[9.5,-11.5,8.75],"faces":{"up":{"uv":[2,11.5,5,12],"texture":"#texture","cullface":"down"},"north":{"uv":[5,11.5,2,13],"texture":"#texture","cullface":"down"},"south":{"uv":[2,11.5,5,13],"texture":"#texture","cullface":"down"},"west":{"uv":[2,11.5,2.5,13],"texture":"#texture","cullface":"down"},"east":{"uv":[4.5,11.5,5,13],"texture":"#texture","cullface":"down"}}},{"from":[7,-11.5,7.25],"to":[9,-11,8.75],"faces":{"up":{"uv":[2.5,11,4.5,11.5],"texture":"#texture","cullface":"down"},"north":{"uv":[2.5,11,4.5,11.5],"texture":"#texture","cullface":"down"},"south":{"uv":[2.5,11,4.5,11.5],"texture":"#texture","cullface":"down"},"west":{"uv":[3,11,4.5,11.5],"texture":"#texture","cullface":"down"},"east":{"uv":[2.5,11,4,11.5],"texture":"#texture","cullface":"down"}}},{"from":[7.25,-11.5,7],"to":[8.75,-11,9],"faces":{"up":{"uv":[2.75,11,4.25,11.5],"texture":"#texture","cullface":"down"},"north":{"uv":[2.75,11,4.25,11.5],"texture":"#texture","cullface":"down"},"south":{"uv":[2.75,11,4.25,11.5],"texture":"#texture","cullface":"down"},"west":{"uv":[2.5,11,4.5,11.5],"texture":"#texture","cullface":"down"},"east":{"uv":[2.5,11,4.5,11.5],"texture":"#texture","cullface":"down"}}},{"from":[7,-11,7.5],"to":[9,0.5,8.5],"faces":{"north":{"uv":[16,5.5,14,16],"texture":"#texture","cullface":"down"},"south":{"uv":[14,5.5,16,16],"texture":"#texture","cullface":"down"},"west":{"uv":[14,5.5,14.5,16],"texture":"#texture","cullface":"down"},"east":{"uv":[15.5,5.5,16,16],"texture":"#texture","cullface":"down"}}},{"from":[7.5,-11,7],"to":[8.5,0.5,9],"faces":{"north":{"uv":[15.5,5.5,14.5,16],"texture":"#texture","cullface":"down"},"south":{"uv":[14.5,5.5,15.5,16],"texture":"#texture","cullface":"down"},"west":{"uv":[14,5.5,14.5,16],"texture":"#texture","cullface":"down"},"east":{"uv":[15.5,5.5,16,16],"texture":"#texture","cullface":"down"}}},{"from":[7.25,0.5,7],"to":[8.75,1.5,9],"faces":{"down":{"uv":[7.75,15,9.25,16],"texture":"#texture"},"north":{"uv":[7.75,15,9.25,16],"texture":"#texture"},"south":{"uv":[7.75,15,9.25,16],"texture":"#texture"},"west":{"uv":[8,15,7.5,16],"texture":"#texture"},"east":{"uv":[9,15,9.5,16],"texture":"#texture"}}},{"from":[7,0.5,7.25],"to":[9,1.5,8.75],"faces":{"down":{"uv":[7.5,15,9.5,16],"texture":"#texture"},"north":{"uv":[9.5,15,7.5,16],"texture":"#texture"},"south":{"uv":[7.5,15,9.5,16],"texture":"#texture"},"west":{"uv":[7.5,15,8.5,16],"texture":"#texture"},"east":{"uv":[9,15,9.5,16],"texture":"#texture"}}},{"from":[7,1.5,7],"to":[9,2,9],"faces":{"down":{"uv":[9,9,7,7],"texture":"#texture"},"north":{"uv":[7,14,9,14.5],"texture":"#texture"},"south":{"uv":[7,14,9,14.5],"texture":"#texture"},"west":{"uv":[7,14,9,14.5],"texture":"#texture"},"east":{"uv":[7,14,9,14.5],"texture":"#texture"}}},{"from":[6.5,2,6.5],"to":[9.5,2.5,9.5],"faces":{"down":{"uv":[7,14,10,14.5],"texture":"#texture"},"up":{"uv":[7,14,10,14.5],"texture":"#texture"},"north":{"uv":[7,14,10,14.5],"texture":"#texture"},"south":{"uv":[7,14,10,14.5],"texture":"#texture"},"west":{"uv":[7,14,10,14.5],"texture":"#texture"},"east":{"uv":[7,14,10,14.5],"texture":"#texture"}}},{"from":[7,2.5,7],"to":[9,6.5,9],"faces":{"north":{"uv":[7.5,10.5,9.5,14.5],"texture":"#texture"},"south":{"uv":[7.5,10.5,9.5,14.5],"texture":"#texture"},"west":{"uv":[7.5,10.5,9.5,14.5],"texture":"#texture"},"east":{"uv":[7.5,10.5,9.5,14.5],"texture":"#texture"}}},{"from":[6.5,6.5,6.5],"to":[9.5,7,9.5],"faces":{"down":{"uv":[7,10,10,10.5],"texture":"#texture"},"north":{"uv":[7,10,10,10.5],"texture":"#texture"},"south":{"uv":[7,10,10,10.5],"texture":"#texture"},"west":{"uv":[7,10,10,10.5],"texture":"#texture"},"east":{"uv":[7,10,10,10.5],"texture":"#texture"}}},{"from":[6.5,2.5,6.5],"to":[7,6.5,7],"faces":{"north":{"uv":[7,10.5,7.5,14.5],"texture":"#texture"},"south":{"uv":[7,10.5,7.5,14.5],"texture":"#texture"},"west":{"uv":[7,10.5,7.5,14.5],"texture":"#texture"},"east":{"uv":[7,10.5,7.5,14.5],"texture":"#texture"}}},{"from":[5.5,7,6],"to":[10.5,13.5,10],"faces":{"down":{"uv":[1.5,8.5,6.5,9],"texture":"#texture"},"up":{"uv":[1.5,2.5,6.5,3],"texture":"#texture"},"north":{"uv":[1.5,2.5,6.5,9],"texture":"#texture"},"south":{"uv":[1.5,2.5,6.5,9],"texture":"#texture"},"west":{"uv":[1.5,2.5,2,9],"texture":"#texture"},"east":{"uv":[6,2.5,6.5,9],"texture":"#texture"}}},{"from":[6,7.5,5.75],"to":[10,14,10.25],"faces":{"down":{"uv":[2,8,6,8.5],"texture":"#texture"},"up":{"uv":[2,2,6,2.5],"texture":"#texture"},"north":{"uv":[6,2,2,8.5],"texture":"#texture"},"south":{"uv":[2,2,6,8.5],"texture":"#texture"},"west":{"uv":[2,2,2.5,8.5],"texture":"#texture"},"east":{"uv":[5.5,2,6,8.5],"texture":"#texture"}}},{"from":[5,7.5,6],"to":[5.5,13,10],"faces":{"down":{"uv":[1,8,1.5,8.5],"texture":"#texture"},"up":{"uv":[1,3,1.5,3.5],"texture":"#texture"},"north":{"uv":[1,3,1.5,8.5],"texture":"#texture"},"south":{"uv":[1,3,1.5,8.5],"texture":"#texture"},"west":{"uv":[1,3,1.5,8.5],"texture":"#texture"}}},{"from":[4.5,7.5,6.25],"to":[5,12.5,9.75],"faces":{"down":{"uv":[5.5,1.5,6,3],"texture":"#particle"},"up":{"uv":[5.5,1.5,6,3],"texture":"#particle"},"north":{"uv":[5.5,1.5,6,6.5],"texture":"#particle"},"south":{"uv":[5.5,1.5,6,6.5],"texture":"#particle"}}},{"from":[4,6.5,5.5],"to":[4.5,13,10.5],"faces":{"down":{"uv":[5,5.5,5.5,7],"texture":"#particle"},"up":{"uv":[5,1,5.5,2.5],"texture":"#particle"},"north":{"uv":[5,1,5.5,7.5],"texture":"#particle"},"south":{"uv":[5,1,5.5,7.5],"texture":"#particle"},"east":{"uv":[5,1,5.5,7.5],"texture":"#particle"}}},{"from":[-0.75,6,5.5],"to":[-0.5,13.5,10.5],"faces":{"down":{"uv":[10,7.5,15.5,8],"texture":"#particle","cullface":"west"},"up":{"uv":[10,0.5,15.5,1],"texture":"#particle","cullface":"west"},"north":{"uv":[10,0.5,10.5,8],"texture":"#particle","cullface":"west"},"south":{"uv":[15,0.5,15.5,8],"texture":"#particle","cullface":"west"},"west":{"uv":[15.5,0.5,10,8],"texture":"#particle","cullface":"west"}}},{"from":[-0.5,6,5],"to":[2,13.5,11],"faces":{"down":{"uv":[0.5,7.5,3,8],"texture":"#particle","cullface":"west"},"up":{"uv":[0.5,0.5,3,1],"texture":"#particle","cullface":"west"},"north":{"uv":[3,0.5,0.5,8],"texture":"#particle","cullface":"west"},"south":{"uv":[0.5,0.5,3,8],"texture":"#particle","cullface":"west"},"west":{"uv":[16,0.5,9.5,8],"texture":"#particle","cullface":"west"},"east":{"uv":[9.5,0.5,16,8],"texture":"#particle","cullface":"west"}}},{"from":[2,6.5,5],"to":[4,13,11],"faces":{"down":{"uv":[3,7,5,7.5],"texture":"#particle"},"up":{"uv":[3,1,5,1.5],"texture":"#particle"},"north":{"uv":[5,1,3,7.5],"texture":"#particle"},"south":{"uv":[3,1,5,7.5],"texture":"#particle"},"east":{"uv":[1,1.75,4,5.25],"texture":"#particle"}}},{"from":[-0.5,13.5,5.5],"to":[2,14,10.5],"faces":{"up":{"uv":[0.5,0,3,0.5],"texture":"#particle","cullface":"west"},"north":{"uv":[0.5,0,3,0.5],"texture":"#particle","cullface":"west"},"south":{"uv":[0.5,0,3,0.5],"texture":"#particle","cullface":"west"},"west":{"uv":[10,0,15.5,0.5],"texture":"#particle","cullface":"west"},"east":{"uv":[0.5,0,2.5,0.5],"texture":"#particle","cullface":"west"}}},{"from":[2,13,5.5],"to":[4,13.5,10.5],"faces":{"up":{"uv":[3,0.5,5,1],"texture":"#particle"},"north":{"uv":[3,0.5,5,1],"texture":"#particle"},"south":{"uv":[3,0.5,5,1],"texture":"#particle"},"east":{"uv":[1.5,0.5,5,1],"texture":"#particle"}}},{"from":[6.5,2.5,9],"to":[7,6.5,9.5],"faces":{"north":{"uv":[7,10.5,7.5,14.5],"texture":"#texture"},"south":{"uv":[7,10.5,7.5,14.5],"texture":"#texture"},"west":{"uv":[7,10.5,7.5,14.5],"texture":"#texture"},"east":{"uv":[7,10.5,7.5,14.5],"texture":"#texture"}}},{"from":[9,2.5,6.5],"to":[9.5,6.5,7],"faces":{"north":{"uv":[7,10.5,7.5,14.5],"texture":"#texture"},"south":{"uv":[7,10.5,7.5,14.5],"texture":"#texture"},"west":{"uv":[7,10.5,7.5,14.5],"texture":"#texture"},"east":{"uv":[7,10.5,7.5,14.5],"texture":"#texture"}}},{"from":[9,2.5,9],"to":[9.5,6.5,9.5],"faces":{"north":{"uv":[7,10.5,7.5,14.5],"texture":"#texture"},"south":{"uv":[7,10.5,7.5,14.5],"texture":"#texture"},"west":{"uv":[7,10.5,7.5,14.5],"texture":"#texture"},"east":{"uv":[7,10.5,7.5,14.5],"texture":"#texture"}}},{"from":[10.5,7.5,6],"to":[11,13,10],"faces":{"down":{"uv":[1,8,1.5,8.5],"texture":"#texture"},"up":{"uv":[1,3,1.5,3.5],"texture":"#texture"},"north":{"uv":[1,3,1.5,8.5],"texture":"#texture"},"south":{"uv":[1,3,1.5,8.5],"texture":"#texture"},"east":{"uv":[1,3,1.5,8.5],"texture":"#texture"}}},{"from":[-0.5,5.5,5.5],"to":[2,6,10.5],"faces":{"down":{"uv":[0.5,8,3,8.5],"texture":"#particle","cullface":"west"},"north":{"uv":[0.5,8,3,8.5],"texture":"#particle","cullface":"west"},"south":{"uv":[0.5,8,3,8.5],"texture":"#particle","cullface":"west"},"west":{"uv":[10,8,15.5,8.5],"texture":"#particle","cullface":"west"},"east":{"uv":[10,8,15.5,8.5],"texture":"#particle","cullface":"west"}}},{"from":[-1,6,6],"to":[-0.75,13.5,10],"faces":{"down":{"uv":[10.5,7.5,15,8],"texture":"#particle","cullface":"west"},"up":{"uv":[10.5,0.5,15,1],"texture":"#particle","cullface":"west"},"north":{"uv":[10,0.5,10.5,8],"texture":"#particle","cullface":"west"},"south":{"uv":[15,0.5,15.5,8],"texture":"#particle","cullface":"west"},"west":{"uv":[15,0.5,10.5,7.75],"texture":"#particle","cullface":"west"}}},{"from":[2,6,5.5],"to":[4,6.5,10.5],"faces":{"down":{"uv":[0.5,8,3,8.5],"texture":"#particle"},"north":{"uv":[0.5,8,3,8.5],"texture":"#particle"},"south":{"uv":[0.5,8,3,8.5],"texture":"#particle"},"east":{"uv":[10,8,15.5,8.5],"texture":"#particle"}}},{"from":[11,7.5,6.25],"to":[11.5,12.5,9.75],"faces":{"down":{"uv":[5.5,1.5,6,3],"texture":"#particle"},"up":{"uv":[5.5,1.5,6,3],"texture":"#particle"},"north":{"uv":[5.5,1.5,6,6.5],"texture":"#particle"},"south":{"uv":[5.5,1.5,6,6.5],"texture":"#particle"}}},{"from":[11.5,6.5,5.5],"to":[12,13,10.5],"faces":{"down":{"uv":[5,5.5,5.5,7],"texture":"#particle"},"up":{"uv":[5,1,5.5,2.5],"texture":"#particle"},"north":{"uv":[5,1,5.5,7.5],"texture":"#particle"},"south":{"uv":[5,1,5.5,7.5],"texture":"#particle"},"west":{"uv":[5,1,5.5,7.5],"texture":"#particle"}}},{"from":[12,6.5,5],"to":[14,13,11],"faces":{"down":{"uv":[3,7,5,7.5],"texture":"#particle"},"up":{"uv":[3,1,5,1.5],"texture":"#particle"},"north":{"uv":[5,1,3,7.5],"texture":"#particle"},"south":{"uv":[3,1,5,7.5],"texture":"#particle"},"west":{"uv":[1,1.75,4,5.25],"texture":"#particle"}}},{"from":[14,6,5],"to":[16.5,13.5,11],"faces":{"down":{"uv":[0.5,7.5,3,8],"texture":"#particle","cullface":"east"},"up":{"uv":[0.5,0.5,3,1],"texture":"#particle","cullface":"east"},"north":{"uv":[3,0.5,0.5,8],"texture":"#particle","cullface":"east"},"south":{"uv":[0.5,0.5,3,8],"texture":"#particle","cullface":"east"},"west":{"uv":[16,0.5,9.5,8],"texture":"#particle","cullface":"east"},"east":{"uv":[9.5,0.5,16,8],"texture":"#particle","cullface":"east"}}},{"from":[12,13,5.5],"to":[14,13.5,10.5],"faces":{"up":{"uv":[3,0.5,5,1],"texture":"#particle"},"north":{"uv":[3,0.5,5,1],"texture":"#particle"},"south":{"uv":[3,0.5,5,1],"texture":"#particle"},"west":{"uv":[1.5,0.5,5,1],"texture":"#particle"}}},{"from":[12,6,5.5],"to":[14,6.5,10.5],"faces":{"down":{"uv":[0.5,8,3,8.5],"texture":"#particle"},"north":{"uv":[0.5,8,3,8.5],"texture":"#particle"},"south":{"uv":[0.5,8,3,8.5],"texture":"#particle"},"west":{"uv":[10,8,15.5,8.5],"texture":"#particle"}}},{"from":[14,13.5,5.5],"to":[16.5,14,10.5],"faces":{"up":{"uv":[0.5,0,3,0.5],"texture":"#particle","cullface":"east"},"north":{"uv":[0.5,0,3,0.5],"texture":"#particle","cullface":"east"},"south":{"uv":[0.5,0,3,0.5],"texture":"#particle","cullface":"east"},"west":{"uv":[10,0,15.5,0.5],"texture":"#particle","cullface":"east"},"east":{"uv":[0.5,0,2.5,0.5],"texture":"#particle","cullface":"east"}}},{"from":[14,5.5,5.5],"to":[16.5,6,10.5],"faces":{"down":{"uv":[0.5,8,3,8.5],"texture":"#particle","cullface":"east"},"north":{"uv":[0.5,8,3,8.5],"texture":"#particle","cullface":"east"},"south":{"uv":[0.5,8,3,8.5],"texture":"#particle","cullface":"east"},"west":{"uv":[10,8,15.5,8.5],"texture":"#particle","cullface":"east"},"east":{"uv":[10,8,15.5,8.5],"texture":"#particle","cullface":"east"}}},{"from":[16.5,6,5.5],"to":[16.75,13.5,10.5],"faces":{"down":{"uv":[10,7.5,15.5,8],"texture":"#particle","cullface":"east"},"up":{"uv":[10,0.5,15.5,1],"texture":"#particle","cullface":"east"},"north":{"uv":[10,0.5,10.5,8],"texture":"#particle","cullface":"east"},"south":{"uv":[15,0.5,15.5,8],"texture":"#particle","cullface":"east"},"east":{"uv":[10,0.5,15.5,8],"texture":"#particle","cullface":"east"}}},{"from":[16.75,6,6],"to":[17,13.5,10],"faces":{"down":{"uv":[10.5,7.5,15,8],"texture":"#particle","cullface":"east"},"up":{"uv":[10.5,0.5,15,1],"texture":"#particle","cullface":"east"},"north":{"uv":[10,0.5,10.5,8],"texture":"#particle","cullface":"east"},"south":{"uv":[15,0.5,15.5,8],"texture":"#particle","cullface":"east"},"east":{"uv":[10.5,0.5,15,8],"texture":"#particle","cullface":"east"}}},{"from":[7,9.25,5.5],"to":[9,11.5,6],"faces":{"down":{"uv":[5,6.5,3,6],"texture":"#texture"},"up":{"uv":[3,4.5,5,5],"texture":"#texture"},"north":{"uv":[5,4.5,3,6.5],"texture":"#texture"},"west":{"uv":[3,4.5,3.5,6.5],"texture":"#texture"},"east":{"uv":[4.5,4.5,5,6.5],"texture":"#texture"}}},{"from":[7.5,11.5,5.5],"to":[8.5,12,6],"faces":{"up":{"uv":[3.5,4,4.5,4.5],"texture":"#texture"},"north":{"uv":[3.5,4,4.5,4.5],"texture":"#texture"},"west":{"uv":[3.5,4,4.5,4.5],"texture":"#texture"},"east":{"uv":[3.5,4,4.5,4.5],"texture":"#texture"}}},{"from":[7.5,8.75,5.5],"to":[8.5,9.25,6],"faces":{"down":{"uv":[3.5,6.5,4.5,7],"texture":"#texture"},"north":{"uv":[3.5,6.5,4.5,7],"texture":"#texture"},"west":{"uv":[3.5,6.5,4.5,7],"texture":"#texture"},"east":{"uv":[3.5,6.5,4.5,7],"texture":"#texture"}}},{"from":[7.5,11.5,10],"to":[8.5,12,10.5],"faces":{"up":{"uv":[3.5,4,4.5,4.5],"texture":"#texture"},"south":{"uv":[3.5,4,4.5,4.5],"texture":"#texture"},"west":{"uv":[3.5,4,4.5,4.5],"texture":"#texture"},"east":{"uv":[3.5,4,4.5,4.5],"texture":"#texture"}}},{"from":[7,9.25,10],"to":[9,11.5,10.5],"faces":{"down":{"uv":[5,6.5,3,6],"texture":"#texture"},"up":{"uv":[3,4.5,5,5],"texture":"#texture"},"south":{"uv":[3,4.5,5,6.5],"texture":"#texture"},"west":{"uv":[3,4.5,3.5,6.5],"texture":"#texture"},"east":{"uv":[4.5,4.5,5,6.5],"texture":"#texture"}}},{"from":[7.5,8.75,10],"to":[8.5,9.25,10.5],"faces":{"down":{"uv":[3.5,6.5,4.5,7],"texture":"#texture"},"south":{"uv":[3.5,6.5,4.5,7],"texture":"#texture"},"west":{"uv":[3.5,6.5,4.5,7],"texture":"#texture"},"east":{"uv":[3.5,6.5,4.5,7],"texture":"#texture"}}},{"from":[0.25,-10.75,-12.75],"to":[0.3125,31,29.25],"faces":{"west":{"uv":[0.25,0,15.75,15.5],"texture":"#pallyhammeranim"},"east":{"uv":[15.75,0,0.25,15.5],"texture":"#pallyhammeranim"}}}],"display":{"thirdperson_righthand":{"rotation":[0,-90,0],"translation":[-0.38,24,3.4],"scale":[2,2,2]},"thirdperson_lefthand":{"rotation":[0,90,0],"translation":[-0.38,24,3.4],"scale":[2,2,2]},"ground":{"rotation":[90,0,0],"translation":[0,0,-4.91],"scale":[1,1,1]},"fixed":{"rotation":[0,0,50],"translation":[-4.54,3.4,0],"scale":[0.8,0.8,0.8]},"firstperson_righthand":{"rotation":[-17,-84,0],"translation":[3.4,7.56,0.19],"scale":[1,1,1]},"firstperson_lefthand":{"rotation":[-17,-84,0],"translation":[3.4,7.56,0.19],"scale":[1,1,1]},"gui":{"rotation":[0,180,45],"translation":[2.65,3.02,0],"scale":[0.6,0.6,0.6]}}}