{"__comment":"noxydmadethisyo!","textures":{"texture":"items/noxythundersword32","lightningeffect":"items/lightningeffect"},"elements":[{"from":[6.5,1.5,11.5],"to":[8.5,6.5,12],"faces":{"down":{"uv":[7,12.5,9,13],"texture":"#texture"},"north":{"uv":[7,8.5,9,13],"texture":"#texture"},"west":{"uv":[7.5,13,7,8.5],"texture":"#texture"},"east":{"uv":[8.5,8.5,9,13],"texture":"#texture"}}},{"from":[7,1.5,11],"to":[8,6.5,12.5],"faces":{"down":{"uv":[8.5,13.5,7.5,13],"texture":"#texture"},"north":{"uv":[7.5,8.5,8.5,13.5],"texture":"#texture"},"south":{"uv":[7.5,8.5,8.5,13.5],"texture":"#texture"},"west":{"uv":[7.5,8.5,8,13.5],"texture":"#texture"},"east":{"uv":[8,8.5,8.5,13.5],"texture":"#texture"}}},{"from":[6,-0.5,10.5],"to":[7,1.5,13],"faces":{"down":{"uv":[9.5,15.5,8.5,15],"texture":"#texture","cullface":"down"},"up":{"uv":[8.5,13.5,9.5,14],"texture":"#texture","cullface":"down"},"north":{"uv":[8.5,13.5,9.5,15.5],"texture":"#texture","cullface":"down"},"south":{"uv":[8.5,13.5,9.5,15.5],"texture":"#texture","cullface":"down"},"west":{"uv":[8.5,13.5,9,15.5],"texture":"#texture","cullface":"down"},"east":{"uv":[9,13.5,9.5,15.5],"texture":"#texture","cullface":"down"}}},{"from":[8,-0.5,10.5],"to":[9,1.5,13],"faces":{"down":{"uv":[7.5,15.5,6.5,15],"texture":"#texture","cullface":"down"},"up":{"uv":[6.5,13.5,7.5,14],"texture":"#texture","cullface":"down"},"north":{"uv":[6.5,13.5,7.5,15.5],"texture":"#texture","cullface":"down"},"south":{"uv":[6.5,13.5,7.5,15.5],"texture":"#texture","cullface":"down"},"west":{"uv":[6.5,13.5,7,15.5],"texture":"#texture","cullface":"down"},"east":{"uv":[7,13.5,7.5,15.5],"texture":"#texture","cullface":"down"}}},{"from":[7,0,11.5],"to":[8,1.5,12],"faces":{"down":{"uv":[8.5,15,7.5,14.5],"texture":"#texture","cullface":"down"},"north":{"uv":[7.5,13.5,8.5,15],"texture":"#texture"}}},{"from":[6,1.5,11],"to":[7,2,12.5],"faces":{"up":{"uv":[8.5,13,9.5,13.5],"texture":"#texture"},"north":{"uv":[8.5,13,9.5,13.5],"texture":"#texture"},"south":{"uv":[8.5,13,9.5,13.5],"texture":"#texture"},"west":{"uv":[8.5,13,9,13.5],"texture":"#texture"}}},{"from":[8,1.5,11],"to":[9,2,12.5],"faces":{"up":{"uv":[6.5,13,7.5,14.5],"texture":"#texture"},"north":{"uv":[6.5,13,7.5,13.5],"texture":"#texture"},"south":{"uv":[6.5,13,7.5,13.5],"texture":"#texture"},"east":{"uv":[6.5,13.5,8,14],"texture":"#texture"}}},{"from":[5.5,-1,11],"to":[6,1,12.5],"faces":{"down":{"uv":[6.5,16,6,14.5],"texture":"#texture","cullface":"down"},"up":{"uv":[6,14,6.5,15.5],"texture":"#texture","cullface":"down"},"north":{"uv":[6,14,6.5,16],"texture":"#texture","cullface":"down"},"south":{"uv":[6,14,6.5,16],"texture":"#texture","cullface":"down"},"west":{"uv":[6,14.5,7.5,15.5],"texture":"#texture","cullface":"down"},"east":{"uv":[6,14.5,7.5,15.5],"texture":"#texture","cullface":"down"}}},{"from":[9,-1,11],"to":[9.5,1,12.5],"faces":{"down":{"uv":[10,15.5,9.5,14],"texture":"#texture","cullface":"down"},"up":{"uv":[9.5,14,10,15.5],"texture":"#texture","cullface":"down"},"north":{"uv":[9.5,14,10,16],"texture":"#texture","cullface":"down"},"south":{"uv":[9.5,14,10,16],"texture":"#texture","cullface":"down"},"west":{"uv":[8.5,14.5,10,15.5],"texture":"#texture","cullface":"down"},"east":{"uv":[8.5,14.5,10,15.5],"texture":"#texture","cullface":"down"}}},{"from":[5,-1,11.5],"to":[5.5,-0.5,12],"faces":{"down":{"uv":[6,16,5.5,15.5],"texture":"#texture","cullface":"down"},"up":{"uv":[5.5,15.5,6,16],"texture":"#texture","cullface":"down"},"north":{"uv":[5.5,15.5,6,16],"texture":"#texture","cullface":"down"},"south":{"uv":[5.5,15.5,6,16],"texture":"#texture","cullface":"down"},"west":{"uv":[5.5,15.5,6,16],"texture":"#texture","cullface":"down"}}},{"from":[9.5,-1,11.5],"to":[10,-0.5,12],"faces":{"down":{"uv":[10.5,16,10,15.5],"texture":"#texture","cullface":"down"},"up":{"uv":[10,15.5,10.5,16],"texture":"#texture","cullface":"down"},"north":{"uv":[10,15.5,10.5,16],"texture":"#texture","cullface":"down"},"south":{"uv":[10,15.5,10.5,16],"texture":"#texture","cullface":"down"},"east":{"uv":[10,15.5,10.5,16],"texture":"#texture","cullface":"down"}}},{"from":[6.5,8,10.5],"to":[8.5,8.5,13],"faces":{"down":{"uv":[14,16,12,13.5],"texture":"#texture"},"up":{"uv":[14,13.5,16,16],"texture":"#texture"},"north":{"uv":[7,6.5,9,7],"texture":"#texture"},"south":{"uv":[7,6.5,9,7],"texture":"#texture"},"west":{"uv":[13,13,15.5,13.5],"texture":"#texture"},"east":{"uv":[12,13,14.5,13.5],"texture":"#texture"}}},{"from":[6.5,6.5,10.5],"to":[8.5,7,13],"faces":{"down":{"uv":[14.5,16,12.5,13.5],"texture":"#texture"},"up":{"uv":[12,13.5,14,16],"texture":"#texture"},"north":{"uv":[7,8,9,8.5],"texture":"#texture"},"south":{"uv":[7,8,9,8.5],"texture":"#texture"},"west":{"uv":[12,12.5,14.5,13],"texture":"#texture"},"east":{"uv":[12.5,12.5,15,13],"texture":"#texture"}}},{"from":[8,7,10.5],"to":[8.5,8,13],"faces":{"north":{"uv":[8.5,7,9,8],"texture":"#texture"},"south":{"uv":[8.5,7,9,8],"texture":"#texture"},"west":{"uv":[13,12.5,15.5,13.5],"texture":"#texture"},"east":{"uv":[12.5,13.5,15,14.5],"texture":"#texture"}}},{"from":[6.5,7,10.5],"to":[7,8,13],"faces":{"north":{"uv":[7,7,7.5,8],"texture":"#texture"},"south":{"uv":[7,7,7.5,8],"texture":"#texture"},"west":{"uv":[13.5,12.5,16,13.5],"texture":"#texture"},"east":{"uv":[13.5,15,16,16],"texture":"#texture"}}},{"from":[8.5,6.5,11],"to":[9,8.5,12.5],"faces":{"down":{"uv":[12.5,15.5,12,14],"texture":"#texture"},"up":{"uv":[12,12,12.5,13.5],"texture":"#texture"},"north":{"uv":[9,6.5,9.5,8.5],"texture":"#texture"},"south":{"uv":[9,6.5,9.5,8.5],"texture":"#texture"},"west":{"uv":[12.5,13.5,14,15.5],"texture":"#texture"},"east":{"uv":[12,12.5,13.5,14.5],"texture":"#texture"}}},{"from":[6,6.5,11],"to":[6.5,8.5,12.5],"faces":{"down":{"uv":[13,15,12.5,13.5],"texture":"#texture"},"up":{"uv":[14,12.5,14.5,14],"texture":"#texture"},"north":{"uv":[6.5,6.5,7,8.5],"texture":"#texture"},"south":{"uv":[6.5,6.5,7,8.5],"texture":"#texture"},"west":{"uv":[12.5,13,14,15],"texture":"#texture"},"east":{"uv":[12.5,12.5,14,14.5],"texture":"#texture"}}},{"from":[9,7,11],"to":[10,8.5,12.5],"faces":{"down":{"uv":[10.5,8,9.5,6.5],"texture":"#texture"},"up":{"uv":[9.5,6.5,10.5,8],"texture":"#texture"},"north":{"uv":[9.5,6.5,10.5,8],"texture":"#texture"},"south":{"uv":[9.5,6.5,10.5,8],"texture":"#texture"},"east":{"uv":[12,12,13.5,13.5],"texture":"#texture"}}},{"from":[5,7,11],"to":[6,8.5,12.5],"faces":{"down":{"uv":[6.5,8,5.5,6.5],"texture":"#texture"},"up":{"uv":[5.5,6.5,6.5,8],"texture":"#texture"},"north":{"uv":[5.5,6.5,6.5,8],"texture":"#texture"},"south":{"uv":[5.5,6.5,6.5,8],"texture":"#texture"},"west":{"uv":[12,14.5,13.5,16],"texture":"#texture"}}},{"from":[10,7.5,11],"to":[10.5,9,12.5],"faces":{"down":{"uv":[11,7.5,10.5,6],"texture":"#texture"},"up":{"uv":[10.5,6,11,7.5],"texture":"#texture"},"north":{"uv":[10.5,6,11,7.5],"texture":"#texture"},"south":{"uv":[10.5,6,11,7.5],"texture":"#texture"},"west":{"uv":[9,6.5,10.5,8],"texture":"#texture"},"east":{"uv":[9,6.5,10.5,8],"texture":"#texture"}}},{"from":[4.5,7.5,11],"to":[5,9,12.5],"faces":{"down":{"uv":[5.5,7.5,5,6],"texture":"#texture"},"up":{"uv":[5,6,5.5,7.5],"texture":"#texture"},"north":{"uv":[5,6,5.5,7.5],"texture":"#texture"},"south":{"uv":[5,6,5.5,7.5],"texture":"#texture"},"west":{"uv":[5.5,6.5,7,8],"texture":"#texture"},"east":{"uv":[5.5,6.5,7,8],"texture":"#texture"}}},{"from":[5,8.5,11.5],"to":[5.5,9,12],"faces":{"up":{"uv":[5.5,6,6,6.5],"texture":"#texture"},"north":{"uv":[5.5,6,6,6.5],"texture":"#texture"},"east":{"uv":[5.5,6,6,6.5],"texture":"#texture"}}},{"from":[9.5,8.5,11.5],"to":[10,9,12],"faces":{"up":{"uv":[10,6,10.5,6.5],"texture":"#texture"},"north":{"uv":[10,6,10.5,6.5],"texture":"#texture"},"west":{"uv":[10,6,10.5,6.5],"texture":"#texture"}}},{"from":[4,8,11.5],"to":[4.5,9,12],"faces":{"down":{"uv":[5,7,4.5,6.5],"texture":"#texture"},"up":{"uv":[4.5,6,5,6.5],"texture":"#texture"},"north":{"uv":[4.5,6,5,7],"texture":"#texture"},"south":{"uv":[4.5,6,5,7],"texture":"#texture"},"west":{"uv":[4.5,6,5,7],"texture":"#texture"}}},{"from":[10.5,8,11.5],"to":[11,9,12],"faces":{"down":{"uv":[11.5,7,11,6.5],"texture":"#texture"},"up":{"uv":[11,6,11.5,6.5],"texture":"#texture"},"north":{"uv":[11,6,11.5,7],"texture":"#texture"},"south":{"uv":[11,6,11.5,7],"texture":"#texture"},"east":{"uv":[11,6,11.5,7],"texture":"#texture"}}},{"from":[3.5,8.5,11.5],"to":[4,9.5,12],"faces":{"down":{"uv":[4.5,6.5,4,6],"texture":"#texture"},"up":{"uv":[4,5.5,4.5,6],"texture":"#texture"},"north":{"uv":[4,5.5,4.5,6.5],"texture":"#texture"},"south":{"uv":[4,5.5,4.5,6.5],"texture":"#texture"},"west":{"uv":[4,5.5,4.5,6.5],"texture":"#texture"},"east":{"uv":[4,5.5,4.5,6.5],"texture":"#texture"}}},{"from":[11,8.5,11.5],"to":[11.5,9.5,12],"faces":{"down":{"uv":[12,6,11.5,5.5],"texture":"#texture"},"up":{"uv":[11.5,5.5,12,6],"texture":"#texture"},"north":{"uv":[11.5,5.5,12,6.5],"texture":"#texture"},"south":{"uv":[11.5,5.5,12,6.5],"texture":"#texture"},"west":{"uv":[11.5,5.5,12,6.5],"texture":"#texture"},"east":{"uv":[11.5,5.5,12,6.5],"texture":"#texture"}}},{"from":[7,7,11],"to":[8,8,12.5],"faces":{"north":{"uv":[7.5,7,8.5,8],"texture":"#texture"},"south":{"uv":[7.5,7,8.5,8],"texture":"#texture"}}},{"from":[6,8.5,11.5],"to":[9,24.5,12],"faces":{"down":{"uv":[3,16,0,15.5],"texture":"#texture","cullface":"up"},"north":{"uv":[0,0,3,16],"texture":"#texture","cullface":"up"},"west":{"uv":[0,0,0.5,16],"texture":"#texture","cullface":"up"},"east":{"uv":[2.5,0,3,16],"texture":"#texture","cullface":"up"}}},{"from":[6.5,8.5,11],"to":[8.5,24.5,12.5],"faces":{"up":{"uv":[0.5,0,2.5,0.5],"texture":"#texture","cullface":"up"},"north":{"uv":[0.5,0,2.5,16],"texture":"#texture","cullface":"up"},"south":{"uv":[0.5,0,2.5,16],"texture":"#texture","cullface":"up"},"west":{"uv":[0.5,0,1,16],"texture":"#texture","cullface":"up"},"east":{"uv":[2,0,2.5,16],"texture":"#texture","cullface":"up"}}},{"from":[6.5,26,11.5],"to":[8.5,27.5,12],"faces":{"up":{"uv":[4.5,2,6.5,2.5],"texture":"#texture","cullface":"up"},"north":{"uv":[4.5,2,6.5,3.5],"texture":"#texture","cullface":"up"},"west":{"uv":[6,2,6.5,3.5],"texture":"#texture","cullface":"up"},"east":{"uv":[4.5,2,5,3.5],"texture":"#texture","cullface":"up"}}},{"from":[7,27.5,11.5],"to":[8.5,28,12],"faces":{"up":{"uv":[5,1.5,6.5,2],"texture":"#texture","cullface":"up"},"north":{"uv":[5,1.5,6.5,2],"texture":"#texture","cullface":"up"},"west":{"uv":[5,1.5,5.5,2],"texture":"#texture","cullface":"up"},"east":{"uv":[6,1.5,6.5,2],"texture":"#texture","cullface":"up"}}},{"from":[6.5,25.5,11.5],"to":[9,26,12],"faces":{"up":{"uv":[4.5,3.5,7,4],"texture":"#texture","cullface":"up"},"north":{"uv":[4.5,3.5,7,4],"texture":"#texture","cullface":"up"},"west":{"uv":[4.5,3.5,5,4],"texture":"#texture","cullface":"up"},"east":{"uv":[6.5,3.5,7,4],"texture":"#texture","cullface":"up"}}},{"from":[7,28,11.5],"to":[8,28.5,12],"faces":{"up":{"uv":[5,1,6,1.5],"texture":"#texture","cullface":"up"},"north":{"uv":[5,1,6,1.5],"texture":"#texture","cullface":"up"},"west":{"uv":[5,1,5.5,1.5],"texture":"#texture","cullface":"up"},"east":{"uv":[5.5,1,6,1.5],"texture":"#texture","cullface":"up"}}},{"from":[7.5,28.5,11.5],"to":[8,29.5,12],"faces":{"up":{"uv":[5.5,0,6,0.5],"texture":"#texture","cullface":"up"},"north":{"uv":[5.5,0,6,1],"texture":"#texture","cullface":"up"},"west":{"uv":[11.5,0,12,0],"texture":"#texture","cullface":"up"},"east":{"uv":[5.5,0,6,1],"texture":"#texture","cullface":"up"}}},{"from":[7,24.5,11],"to":[7.5,25.5,12.5],"faces":{"up":{"uv":[4.5,3.5,5,5],"texture":"#texture","cullface":"up"},"north":{"uv":[4.5,4,5,5],"texture":"#texture","cullface":"up"},"south":{"uv":[4.5,4,5,5],"texture":"#texture","cullface":"up"},"west":{"uv":[4.5,4.5,6,5],"texture":"#texture","cullface":"up"}}},{"from":[7.5,24.5,11],"to":[8,26.5,12.5],"faces":{"up":{"uv":[5.5,3.5,6,5],"texture":"#texture","cullface":"up"},"north":{"uv":[6,3,5.5,5],"texture":"#texture","cullface":"up"},"south":{"uv":[5.5,3,6,5],"texture":"#texture","cullface":"up"},"west":{"uv":[5.5,3,6,5],"texture":"#texture","cullface":"up"},"east":{"uv":[5.5,3,6,5],"texture":"#texture","cullface":"up"}}},{"from":[8,24.5,11],"to":[8.5,25,12.5],"faces":{"up":{"uv":[6,3.5,6.5,5],"texture":"#texture","cullface":"up"},"north":{"uv":[6,4.5,6.5,5],"texture":"#texture","cullface":"up"},"south":{"uv":[6,4.5,6.5,5],"texture":"#texture","cullface":"up"},"east":{"uv":[5,4.5,6.5,5],"texture":"#texture","cullface":"up"}}},{"from":[6,24.5,11.5],"to":[9,25.5,12],"faces":{"up":{"uv":[4,4,7,4.5],"texture":"#texture","cullface":"up"},"north":{"uv":[4,4,7,5],"texture":"#texture","cullface":"up"},"west":{"uv":[4,4,4.5,5],"texture":"#texture","cullface":"up"},"east":{"uv":[6.5,4,7,5],"texture":"#texture","cullface":"up"}}},{"from":[4.5,-0.5,12],"to":[10.5,31.5,12.0625],"faces":{"north":{"uv":[0,0,3,16],"texture":"#lightningeffect"},"south":{"uv":[3,0,0,16],"texture":"#lightningeffect"}}}],"display":{"thirdperson_righthand":{"rotation":[0,-90,0],"translation":[6.99,6.8,3.21],"scale":[2.29,2.2,1.8]},"thirdperson_lefthand":{"rotation":[0,90,0],"translation":[-6.99,6.8,3.21],"scale":[2.29,2.2,1.8]},"ground":{"rotation":[90,0,0],"translation":[0,0,-4.91],"scale":[1,1,1]},"fixed":{"rotation":[0,0,45],"translation":[3.4,-1.7,-5.09],"scale":[0.9,0.9,0.9]},"firstperson_righthand":{"rotation":[-13,96,-1],"translation":[-1.51,1.32,0],"scale":[1,1,1]},"firstperson_lefthand":{"rotation":[-13,96,-1],"translation":[-1.51,1.32,0],"scale":[1,1,1]},"gui":{"rotation":[0,180,45],"translation":[-2.27,-1.51,0.57],"scale":[0.7,0.7,0.7]}}}