{"__comment":"designedby-withbdcraftcubikpro0.87beta-http://bdcraft.net","textures":{"particle":"items/iron_hoe1","texture":"items/iron_hoe2","iron_hoe_animation2":"items/iron_hoe_animation2","iron_hoe_animation":"items/iron_hoe_animation"},"elements":[{"from":[7.5,-16,4],"to":[8.5,-15.5,5],"faces":{"down":{"uv":[13.5,13,14.5,14],"texture":"#texture","cullface":"down"},"north":{"uv":[1.5,11.5,2.5,12],"texture":"#texture","cullface":"down"},"south":{"uv":[1.5,11.5,2.5,12],"texture":"#texture","cullface":"down"},"west":{"uv":[1.5,11.5,2.5,12],"texture":"#texture","cullface":"down"},"east":{"uv":[1.5,11.5,2.5,12],"texture":"#texture","cullface":"down"}}},{"from":[7,-15.5,4],"to":[9,-15,5],"faces":{"down":{"uv":[12.5,13,14.5,14],"texture":"#texture","cullface":"down"},"north":{"uv":[3,11,1,11.5],"texture":"#texture","cullface":"down"},"south":{"uv":[1,11,3,11.5],"texture":"#texture","cullface":"down"},"west":{"uv":[1,11,1.5,11.5],"texture":"#texture","cullface":"down"},"east":{"uv":[2.5,11,3,11.5],"texture":"#texture","cullface":"down"}}},{"from":[7,-15,4],"to":[9.5,-14.5,5],"faces":{"down":{"uv":[12,13,14.5,14],"texture":"#texture","cullface":"down"},"north":{"uv":[3.5,10.5,1,11],"texture":"#texture","cullface":"down"},"south":{"uv":[1,10.5,3.5,11],"texture":"#texture","cullface":"down"},"west":{"uv":[12,12,13,12.5],"texture":"#texture","cullface":"down"},"east":{"uv":[12,12,13,12.5],"texture":"#texture","cullface":"down"}}},{"from":[6.5,-14.5,4],"to":[10,-14,5],"faces":{"down":{"uv":[12.5,13,16,14],"texture":"#texture","cullface":"down"},"north":{"uv":[4,10,0.5,10.5],"texture":"#texture","cullface":"down"},"south":{"uv":[0.5,10,4,10.5],"texture":"#texture","cullface":"down"},"west":{"uv":[12.5,12,13.5,12.5],"texture":"#texture","cullface":"down"},"east":{"uv":[12.5,12,13.5,12.5],"texture":"#texture","cullface":"down"}}},{"from":[6,-14,4],"to":[10,-13.5,5],"faces":{"down":{"uv":[12,12,16,13],"texture":"#texture","cullface":"down"},"up":{"uv":[12,12,16,13],"texture":"#texture","cullface":"down"},"north":{"uv":[4,9.5,0,10],"texture":"#texture","cullface":"down"},"south":{"uv":[0,9.5,4,10],"texture":"#texture","cullface":"down"},"west":{"uv":[12,14,13,14.5],"texture":"#texture","cullface":"down"},"east":{"uv":[15,12,16,12.5],"texture":"#texture","cullface":"down"}}},{"from":[6,-13.5,4],"to":[9.5,-13,5],"faces":{"up":{"uv":[12.5,13,16,14],"texture":"#texture","cullface":"down"},"north":{"uv":[3.5,9,0,9.5],"texture":"#texture","cullface":"down"},"south":{"uv":[0,9,3.5,9.5],"texture":"#texture","cullface":"down"},"west":{"uv":[0,9,0.5,9.5],"texture":"#texture","cullface":"down"},"east":{"uv":[3,9,3.5,9.5],"texture":"#texture","cullface":"down"}}},{"from":[6.5,-13,4],"to":[9.5,-11.5,5],"faces":{"up":{"uv":[12,12.5,15,13.5],"texture":"#texture","cullface":"down"},"north":{"uv":[3.5,7.5,0.5,9],"texture":"#texture","cullface":"down"},"south":{"uv":[0.5,7.5,3.5,9],"texture":"#texture","cullface":"down"},"west":{"uv":[0.5,7.5,1,9],"texture":"#texture","cullface":"down"},"east":{"uv":[3,7.5,3.5,9],"texture":"#texture","cullface":"down"}}},{"from":[7,-14,3.5],"to":[8.5,-13.5,5.5],"faces":{"down":{"uv":[1.5,9.5,2.5,10],"texture":"#texture","cullface":"down"},"up":{"uv":[1.5,9.5,2.5,10],"texture":"#texture","cullface":"down"},"north":{"uv":[1.5,9.5,2.5,10],"texture":"#texture","cullface":"down"},"south":{"uv":[1.5,9.5,2.5,10],"texture":"#texture","cullface":"down"},"west":{"uv":[1,9.5,2,10],"texture":"#texture","cullface":"down"}}},{"from":[7,-14.5,3.5],"to":[7.5,-14,5.5],"faces":{"down":{"uv":[2,9,2.5,9.5],"texture":"#texture","cullface":"down"},"north":{"uv":[1.5,9.5,2,10],"texture":"#texture","cullface":"down"},"south":{"uv":[1.5,9.5,2,10],"texture":"#texture","cullface":"down"},"west":{"uv":[1,9.5,1.5,10],"texture":"#texture","cullface":"down"}}},{"from":[7,-13,3.5],"to":[8,-12.5,5.5],"faces":{"down":{"uv":[7,3,8,3.5],"texture":"#texture","cullface":"down"},"up":{"uv":[7,3,8,3.5],"texture":"#texture","cullface":"down"},"north":{"uv":[1,8.5,2,9],"texture":"#texture","cullface":"down"},"south":{"uv":[1,8.5,2,9],"texture":"#texture","cullface":"down"},"west":{"uv":[5,3,7,3.5],"texture":"#texture","cullface":"down"},"east":{"uv":[5,3,7,3.5],"texture":"#texture","cullface":"down"}}},{"from":[7,-13.5,3.75],"to":[9,-11.5,5.25],"faces":{"down":{"uv":[13.5,12,15.5,13.5],"texture":"#texture","cullface":"down"},"up":{"uv":[13.5,12,15.5,13.5],"texture":"#texture","cullface":"down"},"north":{"uv":[3,7.5,1,9.5],"texture":"#texture","cullface":"down"},"south":{"uv":[1,7.5,3,9.5],"texture":"#texture","cullface":"down"},"west":{"uv":[1,7.5,1.5,9.5],"texture":"#texture","cullface":"down"},"east":{"uv":[2.5,7.5,3,9.5],"texture":"#texture","cullface":"down"}}},{"from":[7.5,-15,3.75],"to":[9,-13.5,5.25],"faces":{"down":{"uv":[13,13,14.5,14.5],"texture":"#texture","cullface":"down"},"north":{"uv":[3,9.5,1.5,11],"texture":"#texture","cullface":"down"},"south":{"uv":[1.5,9.5,3,11],"texture":"#texture","cullface":"down"},"west":{"uv":[12,12,13.5,12.5],"texture":"#texture","cullface":"down"},"east":{"uv":[12,12,13.5,12.5],"texture":"#texture","cullface":"down"}}},{"from":[7.5,-15.5,4],"to":[8.5,-15,5.5],"faces":{"down":{"uv":[8.5,5.5,7.5,4],"texture":"#texture","cullface":"down"},"up":{"uv":[7.5,4,8.5,5.5],"texture":"#texture","cullface":"down"},"north":{"uv":[7.5,16,8.5,16],"texture":"#texture","cullface":"down"},"south":{"uv":[7.5,16,8.5,16],"texture":"#texture","cullface":"down"},"west":{"uv":[4,16,5.5,16],"texture":"#texture","cullface":"down"},"east":{"uv":[10.5,16,12,16],"texture":"#texture","cullface":"down"}}},{"from":[6.5,-11.5,4],"to":[8.5,-3.5,5],"faces":{"north":{"uv":[2.5,0,0.5,7.5],"texture":"#texture","cullface":"down"},"south":{"uv":[0.5,0,2.5,7.5],"texture":"#texture","cullface":"down"},"west":{"uv":[0.5,0,1,7.5],"texture":"#texture","cullface":"down"},"east":{"uv":[2,0,2.5,7.5],"texture":"#texture","cullface":"down"}}},{"from":[6.75,-11.5,3.75],"to":[8.25,-3.5,5.25],"faces":{"down":{"uv":[13,13,14.5,14.5],"texture":"#texture","cullface":"down"},"north":{"uv":[2.25,0,0.75,7.5],"texture":"#texture","cullface":"down"},"south":{"uv":[0.75,0,2.25,7.5],"texture":"#texture","cullface":"down"},"west":{"uv":[0.5,0,1,7.5],"texture":"#texture","cullface":"down"},"east":{"uv":[2,0,2.5,7.5],"texture":"#texture","cullface":"down"}}},{"from":[7,-9.75,3.5],"to":[8,-9.25,5.5],"faces":{"down":{"uv":[1,5.5,2,6],"texture":"#texture","cullface":"down"},"up":{"uv":[1,5.5,2,6],"texture":"#texture","cullface":"down"},"north":{"uv":[1,5.5,2,6],"texture":"#texture","cullface":"down"},"south":{"uv":[1,5.5,2,6],"texture":"#texture","cullface":"down"},"west":{"uv":[1,5.5,2,6],"texture":"#texture","cullface":"down"},"east":{"uv":[1,5.5,2,6],"texture":"#texture","cullface":"down"}}},{"from":[4,-3.5,3.75],"to":[10,-3,5.25],"faces":{"down":{"uv":[6,4,12,4.5],"texture":"#texture","cullface":"down"},"up":{"uv":[6,4,12,4.5],"texture":"#texture","cullface":"down"},"north":{"uv":[12,4,6,4.5],"texture":"#texture","cullface":"down"},"south":{"uv":[6,4,12,4.5],"texture":"#texture","cullface":"down"},"west":{"uv":[6,4,7.5,4.5],"texture":"#texture","cullface":"down"},"east":{"uv":[10.5,4,12,4.5],"texture":"#texture","cullface":"down"}}},{"from":[8.5,-4,3.75],"to":[10.5,-3.5,5.25],"faces":{"up":{"uv":[8.25,12,10,13.5],"texture":"#texture","cullface":"down"},"north":{"uv":[12.5,4.5,10.5,5],"texture":"#texture","cullface":"down"},"south":{"uv":[10.5,4.5,12.5,5],"texture":"#texture","cullface":"down"},"west":{"uv":[10.5,4,12,4.5],"texture":"#texture","cullface":"down"},"east":{"uv":[10.5,4,12,4.5],"texture":"#texture","cullface":"down"}}},{"from":[8.5,-4.5,3.75],"to":[11,-4,5.25],"faces":{"down":{"uv":[10.5,5,13,5.5],"texture":"#texture","cullface":"down"},"up":{"uv":[10.5,5,13,5.5],"texture":"#texture","cullface":"down"},"north":{"uv":[13,5,10.5,5.5],"texture":"#texture","cullface":"down"},"south":{"uv":[10.5,5,13,5.5],"texture":"#texture","cullface":"down"},"west":{"uv":[10.5,5,11.5,5.5],"texture":"#texture","cullface":"down"},"east":{"uv":[12,5,13,5.5],"texture":"#texture","cullface":"down"}}},{"from":[9.5,-5,3.75],"to":[13,-4.5,5.25],"faces":{"down":{"uv":[11.5,5.5,15,6],"texture":"#texture","cullface":"down"},"up":{"uv":[11.5,5.5,15,6],"texture":"#texture","cullface":"down"},"north":{"uv":[15,5.5,11.5,6],"texture":"#texture","cullface":"down"},"south":{"uv":[11.5,5.5,15,6],"texture":"#texture","cullface":"down"},"west":{"uv":[11.5,5.5,13,6],"texture":"#texture","cullface":"down"},"east":{"uv":[11.5,5.5,13,6],"texture":"#texture","cullface":"down"}}},{"from":[11,-5.5,3.75],"to":[13,-5,5.25],"faces":{"down":{"uv":[12.5,12.5,14.5,14],"texture":"#texture","cullface":"down"},"north":{"uv":[13,6,15,6.5],"texture":"#texture","cullface":"down"},"south":{"uv":[13,6,15,6.5],"texture":"#texture","cullface":"down"},"west":{"uv":[13,6,14.5,6.5],"texture":"#texture","cullface":"down"},"east":{"uv":[13.5,6,15,6.5],"texture":"#texture","cullface":"down"}}},{"from":[3,-3,3.75],"to":[8,-2.5,5.25],"faces":{"down":{"uv":[5,3.5,10,4],"texture":"#texture","cullface":"down"},"up":{"uv":[5,3.5,10,4],"texture":"#texture","cullface":"down"},"north":{"uv":[10,3.5,5,4],"texture":"#texture","cullface":"down"},"south":{"uv":[5,3.5,10,4],"texture":"#texture","cullface":"down"},"west":{"uv":[5,3.5,5.5,4],"texture":"#texture","cullface":"down"},"east":{"uv":[9.5,3.5,10,4],"texture":"#texture","cullface":"down"}}},{"from":[2.5,-2.5,3.75],"to":[3,-1.5,5.25],"faces":{"down":{"uv":[4.5,3,5,3.5],"texture":"#texture","cullface":"down"},"up":{"uv":[4.5,3,5,3.5],"texture":"#texture","cullface":"down"},"north":{"uv":[4.5,3,5,3.5],"texture":"#texture","cullface":"down"},"south":{"uv":[4.5,3,5,3.5],"texture":"#texture","cullface":"down"},"west":{"uv":[4.5,3,5,3.5],"texture":"#texture","cullface":"down"},"east":{"uv":[4.5,3,5,3.5],"texture":"#texture","cullface":"down"}}},{"from":[3,-2,3.75],"to":[3.5,-1.5,5.25],"faces":{"down":{"uv":[5,2.5,5.5,3],"texture":"#texture","cullface":"down"},"up":{"uv":[5,2.5,5.5,3],"texture":"#texture","cullface":"down"},"north":{"uv":[5,2.5,5.5,3],"texture":"#texture","cullface":"down"},"south":{"uv":[5,2.5,5.5,3],"texture":"#texture","cullface":"down"}}},{"from":[3.5,-1.5,3.75],"to":[8.5,-1,5.25],"faces":{"up":{"uv":[5.5,2,10.5,2.5],"texture":"#texture","cullface":"down"},"north":{"uv":[10.5,2,5.5,2.5],"texture":"#texture","cullface":"down"},"south":{"uv":[5.5,2,10.5,2.5],"texture":"#texture","cullface":"down"},"west":{"uv":[5.5,2,7,2.5],"texture":"#texture","cullface":"down"},"east":{"uv":[9,2,10.5,2.5],"texture":"#texture","cullface":"down"}}},{"from":[3.5,-2,3.5],"to":[8.5,-1.5,5.5],"faces":{"down":{"uv":[5.5,2.5,10.5,3],"texture":"#texture","cullface":"down"},"up":{"uv":[5.5,2.5,10.5,3],"texture":"#texture","cullface":"down"},"north":{"uv":[5.5,2.5,10.5,3],"texture":"#texture","cullface":"down"},"south":{"uv":[5.5,2.5,10.5,3],"texture":"#texture","cullface":"down"},"west":{"uv":[7.25,2.5,9.25,3],"texture":"#texture","cullface":"down"},"east":{"uv":[7.25,2.5,9.25,3],"texture":"#texture","cullface":"down"}}},{"from":[8.5,-2.5,3.5],"to":[10.5,-2,5.5],"faces":{"down":{"uv":[10.5,3,12.5,3.5],"texture":"#texture","cullface":"down"},"up":{"uv":[10.5,3,12.5,3.5],"texture":"#texture","cullface":"down"},"north":{"uv":[10.5,3,12.5,3.5],"texture":"#texture","cullface":"down"},"south":{"uv":[10.5,3,12.5,3.5],"texture":"#texture","cullface":"down"},"west":{"uv":[10.5,3,12.5,3.5],"texture":"#texture","cullface":"down"},"east":{"uv":[10.5,3,12.5,3.5],"texture":"#texture","cullface":"down"}}},{"from":[3,-2.5,4],"to":[8,-2,5],"faces":{"up":{"uv":[5,3,10,3.5],"texture":"#texture","cullface":"down"},"north":{"uv":[5,3,10,3.5],"texture":"#texture","cullface":"down"},"south":{"uv":[5,3,10,3.5],"texture":"#texture","cullface":"down"}}},{"from":[8,-3,4],"to":[10,-2.5,5],"faces":{"up":{"uv":[10,3.5,12,4],"texture":"#texture","cullface":"down"},"north":{"uv":[10,3.5,12,4],"texture":"#texture","cullface":"down"},"south":{"uv":[10,3.5,12,4],"texture":"#texture","cullface":"down"}}},{"from":[10,-3.5,4],"to":[10.5,-3,5],"faces":{"north":{"uv":[11.25,3.5,11.75,4],"texture":"#texture","cullface":"down"},"south":{"uv":[11.25,3.5,11.75,4],"texture":"#texture","cullface":"down"}}},{"from":[10.5,-4,4],"to":[11,-3.5,5],"faces":{"north":{"uv":[12,4,12.5,4.5],"texture":"#texture","cullface":"down"},"south":{"uv":[12,4,12.5,4.5],"texture":"#texture","cullface":"down"}}},{"from":[11,-4.5,4],"to":[13,-4,5],"faces":{"up":{"uv":[13,5,15,5.5],"texture":"#texture","cullface":"down"},"north":{"uv":[13,5,15,5.5],"texture":"#texture","cullface":"down"},"south":{"uv":[13,5,15,5.5],"texture":"#texture","cullface":"down"},"east":{"uv":[13,5,14,5.5],"texture":"#texture","cullface":"down"}}},{"from":[11,-3.5,4],"to":[12,-3,5],"faces":{"up":{"uv":[13,4,14,4.5],"texture":"#texture","cullface":"down"},"north":{"uv":[13,4,14,4.5],"texture":"#texture","cullface":"down"},"south":{"uv":[13,4,14,4.5],"texture":"#texture","cullface":"down"},"east":{"uv":[13,4,14,4.5],"texture":"#texture","cullface":"down"}}},{"from":[10.5,-3.5,3.75],"to":[11,-3,5.25],"faces":{"down":{"uv":[12.5,4,13,4.5],"texture":"#texture","cullface":"down"},"up":{"uv":[12.5,4,13,4.5],"texture":"#texture","cullface":"down"},"north":{"uv":[12.5,4,13,4.5],"texture":"#texture","cullface":"down"},"south":{"uv":[12.5,4,13,4.5],"texture":"#texture","cullface":"down"},"west":{"uv":[12.5,4,13,4.5],"texture":"#texture","cullface":"down"},"east":{"uv":[12.5,4,13,4.5],"texture":"#texture","cullface":"down"}}},{"from":[11,-4,3.75],"to":[12,-3.5,5.25],"faces":{"down":{"uv":[13,4.5,14,5],"texture":"#texture","cullface":"down"},"up":{"uv":[13,4.5,14,5],"texture":"#texture","cullface":"down"},"north":{"uv":[13,4.5,14,5],"texture":"#texture","cullface":"down"},"south":{"uv":[13,4.5,14,5],"texture":"#texture","cullface":"down"},"west":{"uv":[9,12,10.5,12.5],"texture":"#texture","cullface":"down"},"east":{"uv":[9,12,10.5,12.5],"texture":"#texture","cullface":"down"}}},{"from":[7,-1,4],"to":[8.5,-0.5,5],"faces":{"north":{"uv":[9,1.5,10.5,2],"texture":"#texture","cullface":"down"},"south":{"uv":[9,1.5,10.5,2],"texture":"#texture","cullface":"down"}}},{"from":[4,-0.5,4],"to":[7,0,5],"faces":{"north":{"uv":[6,1,9,1.5],"texture":"#texture","cullface":"down"},"south":{"uv":[6,1,9,1.5],"texture":"#texture","cullface":"down"}}},{"from":[2.5,-1,3.75],"to":[7,-0.5,5.25],"faces":{"down":{"uv":[5.5,3.5,10,4],"texture":"#texture","cullface":"down"},"up":{"uv":[5.5,3.5,10,4],"texture":"#texture","cullface":"down"},"north":{"uv":[5.5,3.5,10,4],"texture":"#texture","cullface":"down"},"south":{"uv":[5.5,3.5,10,4],"texture":"#texture","cullface":"down"},"west":{"uv":[5.5,3.5,6,4],"texture":"#texture","cullface":"down"},"east":{"uv":[6,3.5,7.5,4],"texture":"#texture","cullface":"down"}}},{"from":[2,-0.5,3.75],"to":[4,0,5.25],"faces":{"down":{"uv":[4,1,6,1.5],"texture":"#texture","cullface":"down"},"up":{"uv":[4,1,6,1.5],"texture":"#texture","cullface":"down"},"north":{"uv":[6,1,4,1.5],"texture":"#texture","cullface":"down"},"south":{"uv":[4,1,6,1.5],"texture":"#texture","cullface":"down"},"west":{"uv":[4,1,4.5,1.5],"texture":"#texture","cullface":"down"},"east":{"uv":[4.5,1,6,1.5],"texture":"#texture","cullface":"down"}}},{"from":[2,0,3.75],"to":[3,0.5,5.25],"faces":{"up":{"uv":[5,0,6,0.5],"texture":"#texture"},"north":{"uv":[5,0,6,0.5],"texture":"#texture"},"south":{"uv":[5,0,6,0.5],"texture":"#texture"},"west":{"uv":[5,0,6,0.5],"texture":"#texture"},"east":{"uv":[5,0,6,0.5],"texture":"#texture"}}},{"from":[3,0.5,3.75],"to":[4,1,5.25],"faces":{"down":{"uv":[9.25,12.75,10.25,14.25],"texture":"#texture"},"up":{"uv":[9.25,12.75,10.25,14.25],"texture":"#texture"},"north":{"uv":[5,0,6,0.5],"texture":"#texture"},"south":{"uv":[5,0,6,0.5],"texture":"#texture"},"west":{"uv":[5,0,6,0.5],"texture":"#texture"},"east":{"uv":[5,0,6,0.5],"texture":"#texture"}}},{"from":[4,0,3.75],"to":[7.5,0.5,5.25],"faces":{"down":{"uv":[8,13.25,11.5,14.75],"texture":"#texture","cullface":"down"},"up":{"uv":[8,13.25,11.5,14.75],"texture":"#texture"},"north":{"uv":[6,0.5,9.5,1],"texture":"#texture"},"south":{"uv":[6,0.5,9.5,1],"texture":"#texture"},"west":{"uv":[7,0.5,8.5,1],"texture":"#texture"},"east":{"uv":[7,0.5,8.5,1],"texture":"#texture"}}},{"from":[7,-0.5,3.75],"to":[10,0,5.25],"faces":{"down":{"uv":[9,5.25,6,3.75],"texture":"#texture","cullface":"down"},"up":{"uv":[7,3.75,10,5.25],"texture":"#texture","cullface":"down"},"north":{"uv":[9,1,12,1.5],"texture":"#texture","cullface":"down"},"south":{"uv":[9,1,12,1.5],"texture":"#texture","cullface":"down"},"west":{"uv":[7.5,0.5,9,1],"texture":"#texture","cullface":"down"},"east":{"uv":[7.5,0.5,9,1],"texture":"#texture","cullface":"down"}}},{"from":[8.5,-1,3.75],"to":[10.5,-0.5,5.25],"faces":{"down":{"uv":[10.5,1.5,12.5,2],"texture":"#texture","cullface":"down"},"up":{"uv":[10.5,1.5,12.5,2],"texture":"#texture","cullface":"down"},"north":{"uv":[12.5,1.5,10.5,2],"texture":"#texture","cullface":"down"},"south":{"uv":[12.5,1.5,10.5,2],"texture":"#texture","cullface":"down"},"west":{"uv":[11,2,12.5,2.5],"texture":"#texture","cullface":"down"},"east":{"uv":[11,2,12.5,2.5],"texture":"#texture","cullface":"down"}}},{"from":[9,-1.5,3.75],"to":[10.5,-1,5.25],"faces":{"down":{"uv":[11,2,12.5,2.5],"texture":"#texture","cullface":"down"},"north":{"uv":[11,2,12.5,2.5],"texture":"#texture","cullface":"down"},"south":{"uv":[11,2,12.5,2.5],"texture":"#texture","cullface":"down"},"west":{"uv":[11,2,12.5,2.5],"texture":"#texture","cullface":"down"},"east":{"uv":[11,2,12.5,2.5],"texture":"#texture","cullface":"down"}}},{"from":[2.5,1,4.25],"to":[8.5,1.5,4.75],"faces":{"down":{"uv":[1,10.5,7,11],"texture":"#particle"},"up":{"uv":[1,10.5,7,11],"texture":"#particle"},"north":{"uv":[7,10.5,1,11],"texture":"#particle"},"south":{"uv":[1,10.5,7,11],"texture":"#particle"},"west":{"uv":[1,10.5,1.5,11],"texture":"#particle"},"east":{"uv":[6.5,10.5,7,11],"texture":"#particle"}}},{"from":[4,0.5,4.25],"to":[10,1,4.75],"faces":{"down":{"uv":[2.5,11,8.5,11.5],"texture":"#particle"},"up":{"uv":[2.5,11,8.5,11.5],"texture":"#particle"},"north":{"uv":[8.5,11,2.5,11.5],"texture":"#particle"},"south":{"uv":[2.5,11,8.5,11.5],"texture":"#particle"},"east":{"uv":[8,11,8.5,11.5],"texture":"#particle"}}},{"from":[7.5,0,4.25],"to":[10.5,0.5,4.75],"faces":{"down":{"uv":[6,11.5,9,12],"texture":"#particle","cullface":"down"},"up":{"uv":[6,11.5,9,12],"texture":"#particle"},"north":{"uv":[9,11.5,6,12],"texture":"#particle"},"south":{"uv":[6,11.5,9,12],"texture":"#particle"},"east":{"uv":[6.5,11.5,7,12],"texture":"#particle"}}},{"from":[10,-0.5,4.25],"to":[10.5,0,4.75],"faces":{"north":{"uv":[8.5,11.5,9,12],"texture":"#particle","cullface":"down"},"south":{"uv":[8.5,11.5,9,12],"texture":"#particle","cullface":"down"},"east":{"uv":[8.5,11.5,9,12],"texture":"#particle","cullface":"down"}}},{"from":[10.5,-2.5,4.25],"to":[11,-0.5,4.75],"faces":{"up":{"uv":[9,12,9.5,12.5],"texture":"#particle","cullface":"down"},"north":{"uv":[9,12,9.5,14],"texture":"#particle","cullface":"down"},"south":{"uv":[9,12,9.5,14],"texture":"#particle","cullface":"down"},"west":{"uv":[9,12,9.5,14],"texture":"#particle","cullface":"down"},"east":{"uv":[9,12,9.5,14],"texture":"#particle","cullface":"down"}}},{"from":[3,1.5,4.25],"to":[7.5,3,4.75],"faces":{"north":{"uv":[1.5,9,6,10.5],"texture":"#particle"},"south":{"uv":[6,9,1.5,10.5],"texture":"#particle"},"west":{"uv":[1.5,9,2,10.5],"texture":"#particle"},"east":{"uv":[5.5,9,6,10.5],"texture":"#particle"}}},{"from":[2.5,3,4.25],"to":[7.5,3.5,4.75],"faces":{"down":{"uv":[1,8.5,6,9],"texture":"#particle"},"north":{"uv":[6,8.5,1,9],"texture":"#particle"},"south":{"uv":[1,8.5,6,9],"texture":"#particle"},"west":{"uv":[1,8.5,1.5,9],"texture":"#particle"},"east":{"uv":[5.5,8.5,6,9],"texture":"#particle"}}},{"from":[2,3.5,4.25],"to":[7.5,4,4.75],"faces":{"down":{"uv":[0.5,8,6,8.5],"texture":"#particle"},"north":{"uv":[6,8,0.5,8.5],"texture":"#particle"},"south":{"uv":[0.5,8,6,8.5],"texture":"#particle"},"west":{"uv":[0.5,8,1,8.5],"texture":"#particle"},"east":{"uv":[5.5,8,6,8.5],"texture":"#particle"}}},{"from":[2,4,4.25],"to":[7.5,5.5,4.75],"faces":{"north":{"uv":[6,6.5,0.5,8],"texture":"#particle"},"south":{"uv":[0.5,6.5,6,8],"texture":"#particle"},"west":{"uv":[1,6.5,1.5,8],"texture":"#particle"},"east":{"uv":[5.5,6.5,6,8],"texture":"#particle"}}},{"from":[2,5.5,4.25],"to":[8,7,4.75],"faces":{"down":{"uv":[0.5,6,6.5,6.5],"texture":"#particle"},"up":{"uv":[0.5,5,6.5,5.5],"texture":"#particle"},"north":{"uv":[6.5,5,0.5,6.5],"texture":"#particle"},"south":{"uv":[0.5,5,6.5,6.5],"texture":"#particle"},"west":{"uv":[0.5,5,1,6.5],"texture":"#particle"},"east":{"uv":[6,5,6.5,6.5],"texture":"#particle"}}},{"from":[2.5,7,4.25],"to":[8,7.5,4.75],"faces":{"north":{"uv":[6.5,4.5,1,5],"texture":"#particle"},"south":{"uv":[1,4.5,6.5,5],"texture":"#particle"},"west":{"uv":[1,4.5,1.5,5],"texture":"#particle"},"east":{"uv":[6,4.5,6.5,5],"texture":"#particle"}}},{"from":[2.5,7.5,4.25],"to":[8.5,8.5,4.75],"faces":{"down":{"uv":[1,4.5,7,5],"texture":"#particle"},"up":{"uv":[1,3.5,7,4],"texture":"#particle"},"north":{"uv":[7,3.5,1,4.5],"texture":"#particle"},"south":{"uv":[1,3.5,7,4.5],"texture":"#particle"},"west":{"uv":[1,3.5,1.5,4.5],"texture":"#particle"},"east":{"uv":[6.5,3.5,7,4.5],"texture":"#particle"}}},{"from":[3,8.5,4.25],"to":[9,9,4.75],"faces":{"down":{"uv":[1.5,3,7.5,3.5],"texture":"#particle"},"north":{"uv":[1.5,3,7.5,3.5],"texture":"#particle"},"south":{"uv":[1.5,3,7.5,3.5],"texture":"#particle"},"west":{"uv":[1.5,3,2,3.5],"texture":"#particle"},"east":{"uv":[7,3,7.5,3.5],"texture":"#particle"}}},{"from":[3,9,4.25],"to":[9.5,9.5,4.75],"faces":{"down":{"uv":[1.5,2.5,8,3],"texture":"#particle"},"up":{"uv":[1.5,2.5,8,3],"texture":"#particle"},"north":{"uv":[1.5,2.5,8,3],"texture":"#particle"},"south":{"uv":[1.5,2.5,8,3],"texture":"#particle"},"west":{"uv":[1.5,2.5,2,3],"texture":"#particle"},"east":{"uv":[7.5,2.5,8,3],"texture":"#particle"}}},{"from":[3.5,9.5,4.25],"to":[10,10,4.75],"faces":{"down":{"uv":[1.5,2.5,8,3],"texture":"#particle"},"north":{"uv":[8,2.5,1.5,3],"texture":"#particle"},"south":{"uv":[1.5,2.5,8,3],"texture":"#particle"},"west":{"uv":[1.5,2.5,2,3],"texture":"#particle"},"east":{"uv":[7.5,2.5,8,3],"texture":"#particle"}}},{"from":[3.5,10,4.25],"to":[11,10.5,4.75],"faces":{"down":{"uv":[2,1.5,9.5,2],"texture":"#particle"},"north":{"uv":[9.5,1.5,2,2],"texture":"#particle"},"south":{"uv":[2,1.5,9.5,2],"texture":"#particle"},"west":{"uv":[2,2,2.5,2.5],"texture":"#particle"},"east":{"uv":[8,2,8.5,2.5],"texture":"#particle"}}},{"from":[3.5,10.5,4.25],"to":[12,11,4.75],"faces":{"down":{"uv":[2,1,10.5,1.5],"texture":"#particle"},"up":{"uv":[2,1,10.5,1.5],"texture":"#particle"},"north":{"uv":[10.5,1,2,1.5],"texture":"#particle"},"south":{"uv":[2,1,10.5,1.5],"texture":"#particle"},"west":{"uv":[2,1,2.5,1.5],"texture":"#particle"},"east":{"uv":[10,1,10.5,1.5],"texture":"#particle"}}},{"from":[4,11,4.25],"to":[13,11.5,4.75],"faces":{"down":{"uv":[2.5,0.5,11.5,1],"texture":"#particle"},"up":{"uv":[2.5,0.5,11.5,1],"texture":"#particle"},"north":{"uv":[11.5,0.5,2.5,1],"texture":"#particle"},"south":{"uv":[2.5,0.5,11.5,1],"texture":"#particle"},"west":{"uv":[2.5,0.5,3,1],"texture":"#particle"},"east":{"uv":[11,0.5,11.5,1],"texture":"#particle"}}},{"from":[4.5,11.5,4.25],"to":[13.75,12,4.75],"faces":{"down":{"uv":[2.5,0,12.5,0.5],"texture":"#particle"},"up":{"uv":[2.5,0,12.5,0.5],"texture":"#particle"},"north":{"uv":[12.5,0,2.5,0.5],"texture":"#particle"},"south":{"uv":[2.5,0,12.5,0.5],"texture":"#particle"},"west":{"uv":[2.5,0,3,0.5],"texture":"#particle"},"east":{"uv":[12,0,12.5,0.5],"texture":"#particle"}}},{"from":[5,12,4.25],"to":[14.5,12.5,4.75],"faces":{"down":{"uv":[6.5,7,16,7.5],"texture":"#particle"},"up":{"uv":[6.5,7,16,7.5],"texture":"#particle"},"north":{"uv":[16,7,6.5,7.5],"texture":"#particle"},"south":{"uv":[6.5,7,16,7.5],"texture":"#particle"},"west":{"uv":[2.5,0,3,0.5],"texture":"#particle"},"east":{"uv":[12,0,12.5,0.5],"texture":"#particle"}}},{"from":[5,12.5,4.25],"to":[13.5,13,4.75],"faces":{"up":{"uv":[7,6.5,15.5,7],"texture":"#particle"},"north":{"uv":[15.5,6.5,7,7],"texture":"#particle"},"south":{"uv":[7,6.5,15.5,7],"texture":"#particle"},"west":{"uv":[7,6.5,7.5,7],"texture":"#particle"},"east":{"uv":[15,6.5,15.5,7],"texture":"#particle"}}},{"from":[5,13,4.25],"to":[12.5,14.5,4.75],"faces":{"up":{"uv":[7,5,14.5,5.5],"texture":"#particle"},"north":{"uv":[14.5,5,7,6.5],"texture":"#particle"},"south":{"uv":[7,5,14.5,6.5],"texture":"#particle"},"west":{"uv":[7,5,7.5,6.5],"texture":"#particle"},"east":{"uv":[14,5,14.5,6.5],"texture":"#particle"}}},{"from":[5,14.5,4.25],"to":[12,15.5,4.75],"faces":{"up":{"uv":[7,4,14,4.5],"texture":"#particle"},"north":{"uv":[14,4,7,5],"texture":"#particle"},"south":{"uv":[7,4,14,5],"texture":"#particle"},"west":{"uv":[7,4,7.5,5],"texture":"#particle"},"east":{"uv":[13.5,4,14,5],"texture":"#particle"}}},{"from":[5,15.5,4.25],"to":[11.5,16.5,4.75],"faces":{"up":{"uv":[8.5,3,15,3.5],"texture":"#particle","cullface":"up"},"north":{"uv":[15,3,8.5,4],"texture":"#particle","cullface":"up"},"south":{"uv":[8.5,3,15,4],"texture":"#particle","cullface":"up"},"west":{"uv":[8.5,3,9,4],"texture":"#particle","cullface":"up"},"east":{"uv":[14.5,3,15,4],"texture":"#particle","cullface":"up"}}},{"from":[5,16.5,4.25],"to":[11,17,4.75],"faces":{"north":{"uv":[14.5,2,8.5,2.5],"texture":"#particle","cullface":"up"},"south":{"uv":[8.5,2,14.5,2.5],"texture":"#particle","cullface":"up"},"west":{"uv":[8.5,2,9,2.5],"texture":"#particle","cullface":"up"},"east":{"uv":[14,2,14.5,2.5],"texture":"#particle","cullface":"up"}}},{"from":[4.5,17.5,4.25],"to":[10.5,18.5,4.75],"faces":{"down":{"uv":[2,15,8,15.5],"texture":"#particle","cullface":"up"},"up":{"uv":[2,15,8,15.5],"texture":"#particle","cullface":"up"},"north":{"uv":[8,15,2,16],"texture":"#particle","cullface":"up"},"south":{"uv":[2,15,8,16],"texture":"#particle","cullface":"up"},"west":{"uv":[1.5,14,2,15],"texture":"#particle","cullface":"up"},"east":{"uv":[7,14,7.5,15],"texture":"#particle","cullface":"up"}}},{"from":[4,18.5,4.25],"to":[10,19.5,4.75],"faces":{"down":{"uv":[1.5,14.5,7.5,15],"texture":"#particle","cullface":"up"},"up":{"uv":[1.5,14,7.5,14.5],"texture":"#particle","cullface":"up"},"north":{"uv":[7.5,14,1.5,15],"texture":"#particle","cullface":"up"},"south":{"uv":[1.5,14,7.5,15],"texture":"#particle","cullface":"up"},"west":{"uv":[1.5,14,2,15],"texture":"#particle","cullface":"up"},"east":{"uv":[1.5,14,2,15],"texture":"#particle","cullface":"up"}}},{"from":[3.5,19.5,4.25],"to":[9.5,20,4.75],"faces":{"down":{"uv":[12.5,4.75,6.5,4.25],"texture":"#particle","cullface":"up"},"north":{"uv":[7,13.5,1,14],"texture":"#particle","cullface":"up"},"south":{"uv":[1,13.5,7,14],"texture":"#particle","cullface":"up"},"west":{"uv":[1,13.5,1.5,14],"texture":"#particle","cullface":"up"},"east":{"uv":[1,13.5,1.5,14],"texture":"#particle","cullface":"up"}}},{"from":[3,20,4.25],"to":[9.5,20.5,4.75],"faces":{"down":{"uv":[0.5,13,7,13.5],"texture":"#particle","cullface":"up"},"up":{"uv":[0.5,13,7,13.5],"texture":"#particle","cullface":"up"},"north":{"uv":[7,13,0.5,13.5],"texture":"#particle","cullface":"up"},"south":{"uv":[0.5,13,7,13.5],"texture":"#particle","cullface":"up"},"west":{"uv":[1,13.5,1.5,14],"texture":"#particle","cullface":"up"},"east":{"uv":[1,13.5,1.5,14],"texture":"#particle","cullface":"up"}}},{"from":[2.5,20.5,4.25],"to":[9,21.5,4.75],"faces":{"down":{"uv":[6.5,13,0,12.5],"texture":"#particle","cullface":"up"},"up":{"uv":[0,12,6.5,12.5],"texture":"#particle","cullface":"up"},"north":{"uv":[6.5,12,0,13],"texture":"#particle","cullface":"up"},"south":{"uv":[0,12,6.5,13],"texture":"#particle","cullface":"up"},"west":{"uv":[0,12,0.5,13],"texture":"#particle","cullface":"up"},"east":{"uv":[6,12,6.5,13],"texture":"#particle","cullface":"up"}}},{"from":[2,21.5,4.25],"to":[8,22.5,4.75],"faces":{"down":{"uv":[10,15,16,15.5],"texture":"#particle","cullface":"up"},"north":{"uv":[16,15,10,16],"texture":"#particle","cullface":"up"},"south":{"uv":[10,15,16,16],"texture":"#particle","cullface":"up"},"west":{"uv":[10,15,10.5,16],"texture":"#particle","cullface":"up"}}},{"from":[2,22.5,4.25],"to":[8,23.5,4.75],"faces":{"up":{"uv":[10,14,16,14.5],"texture":"#particle","cullface":"up"},"north":{"uv":[16,14,10,15],"texture":"#particle","cullface":"up"},"south":{"uv":[10,14,16,15],"texture":"#particle","cullface":"up"},"west":{"uv":[10,14.25,10.5,15.25],"texture":"#particle","cullface":"up"},"east":{"uv":[10,14.25,10.5,15.25],"texture":"#particle","cullface":"up"}}},{"from":[2,23.5,4.25],"to":[7.5,24,4.75],"faces":{"up":{"uv":[10,13.5,15.5,14],"texture":"#particle","cullface":"up"},"north":{"uv":[15.5,13.5,10,14],"texture":"#particle","cullface":"up"},"south":{"uv":[10,13.5,15.5,14],"texture":"#particle","cullface":"up"},"west":{"uv":[10,13.5,10.5,14],"texture":"#particle","cullface":"up"},"east":{"uv":[10,13.5,10.5,14],"texture":"#particle","cullface":"up"}}},{"from":[2.5,24,4.25],"to":[7.5,25,4.75],"faces":{"up":{"uv":[10.5,12.5,15.5,13],"texture":"#particle","cullface":"up"},"north":{"uv":[15.5,12.5,10.5,13.5],"texture":"#particle","cullface":"up"},"south":{"uv":[10.5,12.5,15.5,13.5],"texture":"#particle","cullface":"up"},"west":{"uv":[11,12,11.5,12.5],"texture":"#particle","cullface":"up"},"east":{"uv":[11,12,11.5,12.5],"texture":"#particle","cullface":"up"}}},{"from":[3,25,4.25],"to":[7,26,4.75],"faces":{"up":{"uv":[11,11.5,15,12],"texture":"#particle","cullface":"up"},"north":{"uv":[15,11.5,11,12.5],"texture":"#particle","cullface":"up"},"south":{"uv":[11,11.5,15,12.5],"texture":"#particle","cullface":"up"},"west":{"uv":[11,11.5,11.5,12],"texture":"#particle","cullface":"up"},"east":{"uv":[11,11.5,11.5,12],"texture":"#particle","cullface":"up"}}},{"from":[3.5,26,4.25],"to":[7,27,4.75],"faces":{"up":{"uv":[11.5,10.5,15,11],"texture":"#particle","cullface":"up"},"north":{"uv":[15,10.5,11.5,11.5],"texture":"#particle","cullface":"up"},"south":{"uv":[11.5,10.5,15,11.5],"texture":"#particle","cullface":"up"},"west":{"uv":[11.5,10.5,12,11.5],"texture":"#particle","cullface":"up"},"east":{"uv":[14.5,10.5,15,11.5],"texture":"#particle","cullface":"up"}}},{"from":[4.5,27.5,4.25],"to":[7,28,4.75],"faces":{"up":{"uv":[12.5,9.5,15,10],"texture":"#particle","cullface":"up"},"north":{"uv":[15,9.5,12.5,10],"texture":"#particle","cullface":"up"},"south":{"uv":[12.5,9.5,15,10],"texture":"#particle","cullface":"up"},"west":{"uv":[12.5,9.5,13,10],"texture":"#particle","cullface":"up"},"east":{"uv":[14.5,9.5,15,10],"texture":"#particle","cullface":"up"}}},{"from":[5,28,4.25],"to":[7,28.5,4.75],"faces":{"up":{"uv":[13,9,15,9.5],"texture":"#particle","cullface":"up"},"north":{"uv":[15,9,13,9.5],"texture":"#particle","cullface":"up"},"south":{"uv":[13,9,15,9.5],"texture":"#particle","cullface":"up"},"west":{"uv":[13,9,13.5,9.5],"texture":"#particle","cullface":"up"},"east":{"uv":[14.5,9,15,9.5],"texture":"#particle","cullface":"up"}}},{"from":[5.5,28.5,4.25],"to":[7,29,4.75],"faces":{"up":{"uv":[13.5,8.5,15,9],"texture":"#particle","cullface":"up"},"north":{"uv":[15,8.5,13.5,9],"texture":"#particle","cullface":"up"},"south":{"uv":[13.5,8.5,15,9],"texture":"#particle","cullface":"up"},"west":{"uv":[13.5,8.5,14,9],"texture":"#particle","cullface":"up"},"east":{"uv":[14.5,8.5,15,9],"texture":"#particle","cullface":"up"}}},{"from":[6,29,4.25],"to":[7,29.5,4.75],"faces":{"up":{"uv":[14,8,15,8.5],"texture":"#particle","cullface":"up"},"north":{"uv":[15,8,14,8.5],"texture":"#particle","cullface":"up"},"south":{"uv":[14,8,15,8.5],"texture":"#particle","cullface":"up"},"west":{"uv":[14,8,14.5,8.5],"texture":"#particle","cullface":"up"},"east":{"uv":[14.5,8,15,8.5],"texture":"#particle","cullface":"up"}}},{"from":[6.5,29.5,4.25],"to":[7,30,4.75],"faces":{"up":{"uv":[14.5,7.5,15,8],"texture":"#particle","cullface":"up"},"north":{"uv":[14.5,7.5,15,8],"texture":"#particle","cullface":"up"},"south":{"uv":[14.5,7.5,15,8],"texture":"#particle","cullface":"up"},"west":{"uv":[14.5,7.5,15,8],"texture":"#particle","cullface":"up"},"east":{"uv":[14.5,7.5,15,8],"texture":"#particle","cullface":"up"}}},{"from":[3,1,4],"to":[8,1.5,5],"faces":{"down":{"uv":[1.5,10.5,6.5,11],"texture":"#particle"},"up":{"uv":[1.5,10.5,6.5,11],"texture":"#particle"},"north":{"uv":[1.5,10.5,6.5,11],"texture":"#particle"},"south":{"uv":[1.5,10.5,6.5,11],"texture":"#particle"},"west":{"uv":[1.5,10.5,2,11],"texture":"#particle"},"east":{"uv":[6,10.5,6.5,11],"texture":"#particle"}}},{"from":[3.5,1.5,4],"to":[7,3,5],"faces":{"north":{"uv":[5.5,9,2,10.5],"texture":"#particle"},"south":{"uv":[2,9,5.5,10.5],"texture":"#particle"},"west":{"uv":[2.5,9,3,10.5],"texture":"#particle"},"east":{"uv":[5,9,5.5,10.5],"texture":"#particle"}}},{"from":[3,3,4],"to":[7,3.5,5],"faces":{"down":{"uv":[1.5,8.5,5.5,9],"texture":"#particle"},"north":{"uv":[5.5,8.5,1.5,9],"texture":"#particle"},"south":{"uv":[1.5,8.5,5.5,9],"texture":"#particle"},"west":{"uv":[1.5,8.5,2,9],"texture":"#particle"},"east":{"uv":[5,8.5,5.5,9],"texture":"#particle"}}},{"from":[2.5,3.5,4],"to":[7,4,5],"faces":{"down":{"uv":[1,8,5.5,8.5],"texture":"#particle"},"north":{"uv":[5.5,8,1,8.5],"texture":"#particle"},"south":{"uv":[1,8,5.5,8.5],"texture":"#particle"},"west":{"uv":[1,8,1.5,8.5],"texture":"#particle"},"east":{"uv":[5,8,5.5,8.5],"texture":"#particle"}}},{"from":[1.5,4,4],"to":[7,5.5,5],"faces":{"down":{"uv":[0,7.5,5,8],"texture":"#particle"},"up":{"uv":[0,6.5,5,7],"texture":"#particle"},"north":{"uv":[5.5,6.5,0,8],"texture":"#particle"},"south":{"uv":[0,6.5,5.5,8],"texture":"#particle"},"west":{"uv":[0,6.5,0.5,8],"texture":"#particle"},"east":{"uv":[5,6.5,5.5,8],"texture":"#particle"}}},{"from":[2.5,5.5,4],"to":[7.5,7,5],"faces":{"down":{"uv":[1,6,6,6.5],"texture":"#particle"},"up":{"uv":[1,5,6,5.5],"texture":"#particle"},"north":{"uv":[6,5,1,6.5],"texture":"#particle"},"south":{"uv":[1,5,6,6.5],"texture":"#particle"},"west":{"uv":[1,5,1.5,6.5],"texture":"#particle"},"east":{"uv":[5.5,5,6,6.5],"texture":"#particle"}}},{"from":[3,7.5,4],"to":[8,8.5,5],"faces":{"down":{"uv":[1.5,3.5,6.5,4],"texture":"#particle"},"up":{"uv":[1.5,3.5,6.5,4],"texture":"#particle"},"north":{"uv":[1.5,3.5,6.5,4.5],"texture":"#particle"},"south":{"uv":[1.5,3.5,6.5,4.5],"texture":"#particle"},"west":{"uv":[1.5,3.5,2,4.5],"texture":"#particle"},"east":{"uv":[6,3.5,6.5,4.5],"texture":"#particle"}}},{"from":[3,7,4],"to":[7.5,7.5,5],"faces":{"north":{"uv":[1.5,4.5,6,5],"texture":"#particle"},"south":{"uv":[1.5,4.5,6,5],"texture":"#particle"},"west":{"uv":[1.5,4.5,2.5,5],"texture":"#particle"},"east":{"uv":[5,4.5,6,5],"texture":"#particle"}}},{"from":[3.5,9,4],"to":[9,9.5,5],"faces":{"down":{"uv":[2,2.5,7.5,3],"texture":"#particle"},"up":{"uv":[2,2.5,7.5,3],"texture":"#particle"},"north":{"uv":[7.5,2.5,2,3],"texture":"#particle"},"south":{"uv":[2,2.5,7.5,3],"texture":"#particle"},"west":{"uv":[2,2.5,2.5,3],"texture":"#particle"},"east":{"uv":[7,2.5,7.5,3],"texture":"#particle"}}},{"from":[3.5,8.5,4],"to":[8.5,9,5],"faces":{"down":{"uv":[2,3,7,3.5],"texture":"#particle"},"north":{"uv":[2,3,7,3.5],"texture":"#particle"},"south":{"uv":[2,3,7,3.5],"texture":"#particle"},"west":{"uv":[2,3,2.5,3.5],"texture":"#particle"},"east":{"uv":[6.5,3,7,3.5],"texture":"#particle"}}},{"from":[4,0.5,4],"to":[8.5,1,5],"faces":{"down":{"uv":[2.5,11,7,11.5],"texture":"#particle"},"up":{"uv":[2.5,11,7,11.5],"texture":"#particle"},"north":{"uv":[2.5,11,7,11.5],"texture":"#particle"},"south":{"uv":[2.5,11,7,11.5],"texture":"#particle"},"east":{"uv":[6.5,11,7,11.5],"texture":"#particle"}}},{"from":[7.5,0,4],"to":[10,0.5,5],"faces":{"up":{"uv":[6,11.5,8.5,12],"texture":"#particle"},"north":{"uv":[6,11.5,8.5,12],"texture":"#particle"},"south":{"uv":[6,11.5,8.5,12],"texture":"#particle"},"east":{"uv":[6,11.5,7,12],"texture":"#particle"}}},{"from":[4,9.5,4],"to":[9.5,10,5],"faces":{"down":{"uv":[2.5,2,8,2.5],"texture":"#particle"},"north":{"uv":[8,2,2.5,2.5],"texture":"#particle"},"south":{"uv":[2.5,2,8,2.5],"texture":"#particle"},"west":{"uv":[2,2,2.5,2.5],"texture":"#particle"},"east":{"uv":[7.5,2,8,2.5],"texture":"#particle"}}},{"from":[4,10,4],"to":[9.5,11,5],"faces":{"up":{"uv":[2.5,1.5,8,2.5],"texture":"#particle"},"north":{"uv":[8,1.5,2.5,2.5],"texture":"#particle"},"south":{"uv":[2.5,1.5,8,2.5],"texture":"#particle"},"west":{"uv":[2.5,1.5,3,2.5],"texture":"#particle"},"east":{"uv":[7.5,1.5,8,2.5],"texture":"#particle"}}},{"from":[4.5,11,4],"to":[9.5,11.5,5],"faces":{"up":{"uv":[3,0.5,8,1],"texture":"#particle"},"north":{"uv":[8,0.5,3,1],"texture":"#particle"},"south":{"uv":[3,0.5,8,1],"texture":"#particle"},"west":{"uv":[3,0.5,3.5,1],"texture":"#particle"},"east":{"uv":[7.5,0.5,8,1],"texture":"#particle"}}},{"from":[5,11.5,4],"to":[10,12,5],"faces":{"down":{"uv":[3.5,0,8.5,0.5],"texture":"#particle"},"up":{"uv":[3.5,0,8.5,0.5],"texture":"#particle"},"north":{"uv":[8.5,0,3.5,0.5],"texture":"#particle"},"south":{"uv":[3.5,0,8.5,0.5],"texture":"#particle"},"west":{"uv":[3,0,3.5,0.5],"texture":"#particle"},"east":{"uv":[8,0,8.5,0.5],"texture":"#particle"}}},{"from":[5.5,12,4],"to":[10,14.5,5],"faces":{"up":{"uv":[7.5,5,12,5.5],"texture":"#particle"},"north":{"uv":[12,5,7.5,7.5],"texture":"#particle"},"south":{"uv":[7.5,5,12,7.5],"texture":"#particle"},"west":{"uv":[7,5,7.5,7.5],"texture":"#particle"},"east":{"uv":[11.5,5,12,7.5],"texture":"#particle"}}},{"from":[5.5,14.5,4],"to":[9.5,15.5,5],"faces":{"up":{"uv":[8,4,12,5],"texture":"#particle"},"north":{"uv":[12,4,8,5],"texture":"#particle"},"south":{"uv":[8,4,12,5],"texture":"#particle"},"west":{"uv":[8,4,8.5,5],"texture":"#particle"},"east":{"uv":[11.5,4,12,5],"texture":"#particle"}}},{"from":[5.5,15.5,4],"to":[9,16,5],"faces":{"up":{"uv":[9,3.5,12.5,4],"texture":"#particle","cullface":"up"},"north":{"uv":[9,3.5,12.5,4],"texture":"#particle"},"south":{"uv":[9,3.5,12.5,4],"texture":"#particle"},"west":{"uv":[9,3.5,9.5,4],"texture":"#particle"},"east":{"uv":[12,3.5,12.5,4],"texture":"#particle"}}},{"from":[5.5,16,4],"to":[8.5,17,5],"faces":{"up":{"uv":[9,2.5,12,3],"texture":"#particle","cullface":"up"},"north":{"uv":[12,2.5,9,3.5],"texture":"#particle","cullface":"up"},"south":{"uv":[9,2.5,12,3.5],"texture":"#particle","cullface":"up"},"west":{"uv":[9,2.5,9.5,3.5],"texture":"#particle","cullface":"up"},"east":{"uv":[11.5,2.5,12,3.5],"texture":"#particle","cullface":"up"}}},{"from":[5.5,17,4],"to":[8,17.5,5],"faces":{"up":{"uv":[2.5,15.5,4,16],"texture":"#particle","cullface":"up"},"north":{"uv":[4.5,15.5,2.5,16],"texture":"#particle","cullface":"up"},"south":{"uv":[2.5,15.5,4.5,16],"texture":"#particle","cullface":"up"},"west":{"uv":[3,15.5,4,16],"texture":"#particle","cullface":"up"},"east":{"uv":[3,15.5,4,16],"texture":"#particle","cullface":"up"}}},{"from":[5,17.5,4],"to":[7.5,18,5],"faces":{"down":{"uv":[2,14.5,4,15],"texture":"#particle","cullface":"up"},"up":{"uv":[2,14.5,4,15],"texture":"#particle","cullface":"up"},"north":{"uv":[2,15,4.5,15.5],"texture":"#particle","cullface":"up"},"south":{"uv":[2,15,4.5,15.5],"texture":"#particle","cullface":"up"},"west":{"uv":[2.5,14.5,3.5,15],"texture":"#particle","cullface":"up"},"east":{"uv":[2.5,14.5,3.5,15],"texture":"#particle","cullface":"up"}}},{"from":[4.5,18.5,4],"to":[6.5,19,5],"faces":{"down":{"uv":[2,14.5,4,15],"texture":"#particle","cullface":"up"},"up":{"uv":[2,14.5,4,15],"texture":"#particle","cullface":"up"},"north":{"uv":[2,14.5,4,15],"texture":"#particle","cullface":"up"},"south":{"uv":[2,14.5,4,15],"texture":"#particle","cullface":"up"},"west":{"uv":[2,14,3,14.5],"texture":"#particle","cullface":"up"},"east":{"uv":[2,14,3,14.5],"texture":"#particle","cullface":"up"}}},{"from":[5,18,4],"to":[7,18.5,5],"faces":{"up":{"uv":[2,14.5,4,15],"texture":"#particle","cullface":"up"},"north":{"uv":[2,14.5,4,15],"texture":"#particle","cullface":"up"},"south":{"uv":[2,14.5,4,15],"texture":"#particle","cullface":"up"},"west":{"uv":[2,14.5,3,15],"texture":"#particle","cullface":"up"},"east":{"uv":[2,14.5,3,15],"texture":"#particle","cullface":"up"}}},{"from":[4.5,19,4],"to":[6,19.5,5],"faces":{"up":{"uv":[2,14,3.5,15],"texture":"#particle","cullface":"up"},"north":{"uv":[2,14.5,3.5,15],"texture":"#particle","cullface":"up"},"south":{"uv":[2,14.5,3.5,15],"texture":"#particle","cullface":"up"},"west":{"uv":[2,14,3,14.5],"texture":"#particle","cullface":"up"},"east":{"uv":[2,14,3,14.5],"texture":"#particle","cullface":"up"}}},{"from":[4,19.5,4],"to":[5.5,20,5],"faces":{"down":{"uv":[2,14,3.5,15],"texture":"#particle","cullface":"up"},"up":{"uv":[2,14,3.5,15],"texture":"#particle","cullface":"up"},"north":{"uv":[1.5,13.5,3,14],"texture":"#particle","cullface":"up"},"south":{"uv":[1.5,13.5,3,14],"texture":"#particle","cullface":"up"},"west":{"uv":[1,13,2,13.5],"texture":"#particle","cullface":"up"},"east":{"uv":[1,13,2,13.5],"texture":"#particle","cullface":"up"}}},{"from":[3.5,20,4],"to":[5,20.5,5],"faces":{"down":{"uv":[2,14,3.5,15],"texture":"#particle","cullface":"up"},"up":{"uv":[2,14,3.5,15],"texture":"#particle","cullface":"up"},"north":{"uv":[1.5,13.5,3,14],"texture":"#particle","cullface":"up"},"south":{"uv":[1.5,13.5,3,14],"texture":"#particle","cullface":"up"},"west":{"uv":[1,13,2,13.5],"texture":"#particle","cullface":"up"},"east":{"uv":[1,13,2,13.5],"texture":"#particle","cullface":"up"}}},{"from":[3,20.5,4],"to":[4,21,5],"faces":{"down":{"uv":[13,5,12,4],"texture":"#particle","cullface":"up"},"up":{"uv":[3,4,4,5],"texture":"#particle","cullface":"up"},"north":{"uv":[12,0,13,0],"texture":"#particle","cullface":"up"},"south":{"uv":[3,0,4,0],"texture":"#particle","cullface":"up"},"west":{"uv":[4,0,5,0],"texture":"#particle","cullface":"up"},"east":{"uv":[11,0,12,0],"texture":"#particle","cullface":"up"}}},{"from":[7.5,-12.5,3.5],"to":[8.5,-12,5.5],"faces":{"down":{"uv":[7,3,8,3.5],"texture":"#texture","cullface":"down"},"up":{"uv":[7,3,8,3.5],"texture":"#texture","cullface":"down"},"north":{"uv":[1,8.5,2,9],"texture":"#texture","cullface":"down"},"south":{"uv":[1,8.5,2,9],"texture":"#texture","cullface":"down"},"west":{"uv":[5,3,7,3.5],"texture":"#texture","cullface":"down"},"east":{"uv":[5,3,7,3.5],"texture":"#texture","cullface":"down"}}},{"from":[7.5,-14.5,3.5],"to":[8.5,-14,5.5],"faces":{"down":{"uv":[7,3,8,3.5],"texture":"#texture","cullface":"down"},"north":{"uv":[1,8.5,2,9],"texture":"#texture","cullface":"down"},"south":{"uv":[1,8.5,2,9],"texture":"#texture","cullface":"down"},"east":{"uv":[5,3,7,3.5],"texture":"#texture","cullface":"down"}}},{"from":[8.5,-14,3.5],"to":[9,-13.5,5.5],"faces":{"down":{"uv":[7,3,8,3.5],"texture":"#texture","cullface":"down"},"up":{"uv":[7,3,8,3.5],"texture":"#texture","cullface":"down"},"north":{"uv":[1,8.5,2,9],"texture":"#texture","cullface":"down"},"south":{"uv":[1,8.5,2,9],"texture":"#texture","cullface":"down"},"east":{"uv":[5,3,7,3.5],"texture":"#texture","cullface":"down"}}},{"from":[7,-7.75,3.5],"to":[8,-7.25,5.5],"faces":{"down":{"uv":[1,5.5,2,6],"texture":"#texture","cullface":"down"},"up":{"uv":[1,5.5,2,6],"texture":"#texture","cullface":"down"},"north":{"uv":[1,5.5,2,6],"texture":"#texture","cullface":"down"},"south":{"uv":[1,5.5,2,6],"texture":"#texture","cullface":"down"},"west":{"uv":[1,5.5,2,6],"texture":"#texture","cullface":"down"},"east":{"uv":[1,5.5,2,6],"texture":"#texture","cullface":"down"}}},{"from":[7,-5.75,3.5],"to":[8,-5.25,5.5],"faces":{"down":{"uv":[1,5.5,2,6],"texture":"#texture","cullface":"down"},"up":{"uv":[1,5.5,2,6],"texture":"#texture","cullface":"down"},"north":{"uv":[1,5.5,2,6],"texture":"#texture","cullface":"down"},"south":{"uv":[1,5.5,2,6],"texture":"#texture","cullface":"down"},"west":{"uv":[1,5.5,2,6],"texture":"#texture","cullface":"down"},"east":{"uv":[1,5.5,2,6],"texture":"#texture","cullface":"down"}}},{"from":[10.5,-3,4],"to":[11,-2.5,5],"faces":{"up":{"uv":[10,3.5,10.5,4],"texture":"#texture","cullface":"down"},"north":{"uv":[11.25,3.5,11.75,4],"texture":"#texture","cullface":"down"},"south":{"uv":[11.25,3.5,11.75,4],"texture":"#texture","cullface":"down"},"east":{"uv":[10,3.5,11,4],"texture":"#texture","cullface":"down"}}},{"from":[10,-3,3.75],"to":[10.5,-2.5,5.25],"faces":{"down":{"uv":[12.5,4,13,4.5],"texture":"#texture","cullface":"down"},"north":{"uv":[12.5,4,13,4.5],"texture":"#texture","cullface":"down"},"south":{"uv":[12.5,4,13,4.5],"texture":"#texture","cullface":"down"},"west":{"uv":[12.5,4,13,4.5],"texture":"#texture","cullface":"down"},"east":{"uv":[12.5,4,13,4.5],"texture":"#texture","cullface":"down"}}},{"from":[12,-4,4],"to":[12.5,-3.5,5],"faces":{"up":{"uv":[12,4,12.5,4.5],"texture":"#texture","cullface":"down"},"north":{"uv":[12,4,12.5,4.5],"texture":"#texture","cullface":"down"},"south":{"uv":[12,4,12.5,4.5],"texture":"#texture","cullface":"down"},"east":{"uv":[12.5,4.5,13,5],"texture":"#texture","cullface":"down"}}},{"from":[8,-2.5,3.75],"to":[8.5,-2,5.25],"faces":{"down":{"uv":[12.5,4,13,4.5],"texture":"#texture","cullface":"down"},"north":{"uv":[12.5,4,13,4.5],"texture":"#texture","cullface":"down"},"south":{"uv":[12.5,4,13,4.5],"texture":"#texture","cullface":"down"},"west":{"uv":[12.5,4,13,4.5],"texture":"#texture","cullface":"down"}}},{"from":[9,-2,4],"to":[10,-1.5,5],"faces":{"north":{"uv":[13,4,14,4.5],"texture":"#texture","cullface":"down"},"south":{"uv":[13,4,14,4.5],"texture":"#texture","cullface":"down"}}},{"from":[3,0,4],"to":[4,0.5,5],"faces":{"north":{"uv":[13,4,14,4.5],"texture":"#texture"},"south":{"uv":[13,4,14,4.5],"texture":"#texture"}}},{"from":[2,0.5,4],"to":[3,1,5],"faces":{"up":{"uv":[13,4,14,4.5],"texture":"#texture"},"north":{"uv":[13,4,14,4.5],"texture":"#texture"},"south":{"uv":[13,4,14,4.5],"texture":"#texture"},"west":{"uv":[13,4,14,4.5],"texture":"#texture"}}},{"from":[8.5,-1.5,4],"to":[9,-1,5],"faces":{"north":{"uv":[11.25,3.5,11.75,4],"texture":"#texture","cullface":"down"},"south":{"uv":[11.25,3.5,11.75,4],"texture":"#texture","cullface":"down"}}},{"from":[10,-2,3.75],"to":[10.5,-1.5,5.25],"faces":{"north":{"uv":[12.5,4,13,4.5],"texture":"#texture","cullface":"down"},"south":{"uv":[12.5,4,13,4.5],"texture":"#texture","cullface":"down"},"west":{"uv":[12.5,4,13,4.5],"texture":"#texture","cullface":"down"},"east":{"uv":[12.5,4,13,4.5],"texture":"#texture","cullface":"down"}}},{"from":[8.5,-2,3.75],"to":[9,-1.5,5.25],"faces":{"up":{"uv":[12.5,4,13,4.5],"texture":"#texture","cullface":"down"},"north":{"uv":[12.5,4,13,4.5],"texture":"#texture","cullface":"down"},"south":{"uv":[12.5,4,13,4.5],"texture":"#texture","cullface":"down"},"east":{"uv":[12.5,4,13,4.5],"texture":"#texture","cullface":"down"}}},{"from":[5,17,4.25],"to":[11,17.5,4.75],"faces":{"up":{"uv":[2,15.5,8,16],"texture":"#particle","cullface":"up"},"north":{"uv":[8,15.5,2,16],"texture":"#particle","cullface":"up"},"south":{"uv":[2,15.5,8,16],"texture":"#particle","cullface":"up"},"west":{"uv":[2,15.5,2.5,16],"texture":"#particle","cullface":"up"},"east":{"uv":[7.5,15.5,8,16],"texture":"#particle","cullface":"up"}}},{"from":[8,21.5,4.25],"to":[8.5,22.5,4.75],"faces":{"up":{"uv":[10,15,10.5,15.5],"texture":"#particle","cullface":"up"},"north":{"uv":[10.5,15,10,16],"texture":"#particle","cullface":"up"},"south":{"uv":[10.5,15,10,16],"texture":"#particle","cullface":"up"},"east":{"uv":[10,15,10.5,16],"texture":"#particle","cullface":"up"}}},{"from":[4,27,4.25],"to":[7,27.5,4.75],"faces":{"up":{"uv":[12,10,15,10.5],"texture":"#particle","cullface":"up"},"north":{"uv":[15,10,12,10.5],"texture":"#particle","cullface":"up"},"south":{"uv":[12,10,15,10.5],"texture":"#particle","cullface":"up"},"west":{"uv":[12.5,9.5,13,10],"texture":"#particle","cullface":"up"},"east":{"uv":[14.5,9.5,15,10],"texture":"#particle","cullface":"up"}}},{"from":[7,14.5,3.75],"to":[8.5,15,5.25],"faces":{"down":{"uv":[9,4.5,9.5,5],"texture":"#particle"},"up":{"uv":[9,4.5,9.5,5],"texture":"#particle"},"north":{"uv":[9,4.5,10.5,5],"texture":"#particle"},"south":{"uv":[9,4.5,10.5,5],"texture":"#particle"},"west":{"uv":[9,4.5,10.5,5],"texture":"#particle"},"east":{"uv":[9,4.5,10.5,5],"texture":"#particle"}}},{"from":[6.5,13,3.75],"to":[7,14.5,5.25],"faces":{"down":{"uv":[9,4.5,9.5,5],"texture":"#particle"},"up":{"uv":[9,4.5,9.5,5],"texture":"#particle"},"north":{"uv":[9,4.5,10.5,5],"texture":"#particle"},"south":{"uv":[9,4.5,10.5,5],"texture":"#particle"},"west":{"uv":[9,4.5,10.5,5],"texture":"#particle"},"east":{"uv":[9,4.5,10.5,5],"texture":"#particle"}}},{"from":[7,12.5,3.75],"to":[8,13,5.25],"faces":{"down":{"uv":[9,4.5,9.5,5],"texture":"#particle"},"up":{"uv":[9,4.5,9.5,5],"texture":"#particle"},"north":{"uv":[9,4.5,10.5,5],"texture":"#particle"},"south":{"uv":[9,4.5,10.5,5],"texture":"#particle"},"west":{"uv":[9,4.5,10.5,5],"texture":"#particle"},"east":{"uv":[9,4.5,10.5,5],"texture":"#particle"}}},{"from":[7.5,13,3.75],"to":[8,13.5,5.25],"faces":{"up":{"uv":[9,4.5,9.5,5],"texture":"#particle"},"north":{"uv":[9,4.5,10.5,5],"texture":"#particle"},"south":{"uv":[9,4.5,10.5,5],"texture":"#particle"},"west":{"uv":[9,4.5,10.5,5],"texture":"#particle"},"east":{"uv":[9,4.5,10.5,5],"texture":"#particle"}}},{"from":[8.5,14,3.75],"to":[9,14.5,5.25],"faces":{"down":{"uv":[9,4.5,9.5,5],"texture":"#particle"},"up":{"uv":[9,4.5,9.5,5],"texture":"#particle"},"north":{"uv":[9,4.5,10.5,5],"texture":"#particle"},"south":{"uv":[9,4.5,10.5,5],"texture":"#particle"},"west":{"uv":[9,4.5,10.5,5],"texture":"#particle"},"east":{"uv":[9,4.5,10.5,5],"texture":"#particle"}}},{"from":[9,12.5,3.75],"to":[9.5,14,5.25],"faces":{"up":{"uv":[9,4.5,9.5,5],"texture":"#particle"},"north":{"uv":[9,4.5,10.5,5],"texture":"#particle"},"south":{"uv":[9,4.5,10.5,5],"texture":"#particle"},"west":{"uv":[9,4.5,10.5,5],"texture":"#particle"},"east":{"uv":[9,4.5,10.5,5],"texture":"#particle"}}},{"from":[8.5,12,3.75],"to":[9.5,12.5,5.25],"faces":{"down":{"uv":[9,4.5,9.5,5],"texture":"#particle"},"up":{"uv":[9,4.5,9.5,5],"texture":"#particle"},"north":{"uv":[9,4.5,10.5,5],"texture":"#particle"},"south":{"uv":[9,4.5,10.5,5],"texture":"#particle"},"west":{"uv":[9,4.5,10.5,5],"texture":"#particle"},"east":{"uv":[9,4.5,10.5,5],"texture":"#particle"}}},{"from":[8,11.5,3.75],"to":[8.5,12,5.25],"faces":{"down":{"uv":[9,4.5,9.5,5],"texture":"#particle"},"up":{"uv":[9,4.5,9.5,5],"texture":"#particle"},"north":{"uv":[9,4.5,10.5,5],"texture":"#particle"},"south":{"uv":[9,4.5,10.5,5],"texture":"#particle"},"west":{"uv":[9,4.5,10.5,5],"texture":"#particle"},"east":{"uv":[9,4.5,10.5,5],"texture":"#particle"}}},{"from":[7.5,11,3.75],"to":[8,11.5,5.25],"faces":{"down":{"uv":[9,4.5,9.5,5],"texture":"#particle"},"up":{"uv":[9,4.5,9.5,5],"texture":"#particle"},"north":{"uv":[9,4.5,10.5,5],"texture":"#particle"},"south":{"uv":[9,4.5,10.5,5],"texture":"#particle"},"west":{"uv":[9,4.5,10.5,5],"texture":"#particle"},"east":{"uv":[9,4.5,10.5,5],"texture":"#particle"}}},{"from":[6,8.5,3.75],"to":[6.5,11,5.25],"faces":{"down":{"uv":[9,4.5,9.5,5],"texture":"#particle"},"up":{"uv":[9,4.5,9.5,5],"texture":"#particle"},"north":{"uv":[9,4.5,10.5,5],"texture":"#particle"},"south":{"uv":[9,4.5,10.5,5],"texture":"#particle"},"west":{"uv":[9,4.5,10.5,5],"texture":"#particle"},"east":{"uv":[9,4.5,10.5,5],"texture":"#particle"}}},{"from":[5,8.5,3.75],"to":[6,9,5.25],"faces":{"down":{"uv":[9,4.5,9.5,5],"texture":"#particle"},"up":{"uv":[9,4.5,9.5,5],"texture":"#particle"},"north":{"uv":[9,4.5,10.5,5],"texture":"#particle"},"south":{"uv":[9,4.5,10.5,5],"texture":"#particle"},"west":{"uv":[9,4.5,10.5,5],"texture":"#particle"}}},{"from":[4.5,7,3.75],"to":[5,8.5,5.25],"faces":{"down":{"uv":[9,4.5,9.5,5],"texture":"#particle"},"up":{"uv":[9,4.5,9.5,5],"texture":"#particle"},"north":{"uv":[9,4.5,10.5,5],"texture":"#particle"},"south":{"uv":[9,4.5,10.5,5],"texture":"#particle"},"west":{"uv":[9,4.5,10.5,5],"texture":"#particle"},"east":{"uv":[9,4.5,10.5,5],"texture":"#particle"}}},{"from":[5,7,3.75],"to":[5.5,7.5,5.25],"faces":{"down":{"uv":[9,4.5,9.5,5],"texture":"#particle"},"up":{"uv":[9,4.5,9.5,5],"texture":"#particle"},"north":{"uv":[9,4.5,10.5,5],"texture":"#particle"},"south":{"uv":[9,4.5,10.5,5],"texture":"#particle"},"east":{"uv":[9,4.5,10.5,5],"texture":"#particle"}}},{"from":[4,7.5,3.75],"to":[4.5,8,5.25],"faces":{"down":{"uv":[9,4.5,9.5,5],"texture":"#particle"},"up":{"uv":[9,4.5,9.5,5],"texture":"#particle"},"north":{"uv":[9,4.5,10.5,5],"texture":"#particle"},"south":{"uv":[9,4.5,10.5,5],"texture":"#particle"},"west":{"uv":[9,4.5,10.5,5],"texture":"#particle"}}},{"from":[-7,2.5,3],"to":[21,29.5,3.0625],"faces":{"north":{"uv":[0,0,16,16],"texture":"#iron_hoe_animation2","cullface":"up"},"south":{"uv":[16,0,0,16],"texture":"#iron_hoe_animation2","cullface":"up"}}},{"from":[-7,-5.5,7],"to":[21,21.5,7.0625],"faces":{"north":{"uv":[16,16,0,0],"texture":"#iron_hoe_animation2"},"south":{"uv":[16,16,0,0],"texture":"#iron_hoe_animation2"}}},{"from":[-2.5,5,2.5],"to":[25.5,32,2.5625],"faces":{"north":{"uv":[0,0,16,16],"texture":"#iron_hoe_animation","cullface":"up"},"south":{"uv":[16,0,0,16],"texture":"#iron_hoe_animation","cullface":"up"}}},{"from":[-4,-2,6],"to":[24,25,6.0625],"faces":{"north":{"uv":[0,16,16,0],"texture":"#iron_hoe_animation"},"south":{"uv":[0,16,16,0],"texture":"#iron_hoe_animation"}}}],"display":{"thirdperson_righthand":{"rotation":[0,-90,0],"translation":[-6.99,35,4.54],"scale":[2,2.2,2]},"thirdperson_lefthand":{"rotation":[0,90,0],"translation":[6.99,35,4.54],"scale":[2,2.2,2]},"ground":{"rotation":[90,0,0],"translation":[0,0,0],"scale":[1,1,1]},"fixed":{"rotation":[0,0,45],"translation":[-0.57,1.32,0],"scale":[0.7,0.7,0.7]},"firstperson_righthand":{"rotation":[-20,82,7],"translation":[3.21,8.31,-0.38],"scale":[1,1,1]},"firstperson_lefthand":{"rotation":[-20,-102,7],"translation":[-2.65,8.31,-0.38],"scale":[1,1,1]},"gui":{"rotation":[0,180,45],"translation":[-0.94,0.57,0],"scale":[0.6,0.6,0.6]}}}