{"__comment":"DesignedbyMickyp123withBDcraftCubikPRO0.95Beta-http://bdcraft.net","textures":{"texture":"items/iron_sword1","iron_sword_1":"items/iron_sword_1"},"elements":[{"__comment":"1x64","from":[6.75,-3.375,1.875],"to":[7.25,-2.625,2.625],"faces":{"down":{"uv":[12.25,15,13,14.75],"rotation":90,"texture":"#texture","cullface":"down"},"up":{"uv":[12.25,14.25,13,14.5],"rotation":270,"texture":"#texture","cullface":"down"},"north":{"uv":[13,14.25,12.75,15],"texture":"#texture","cullface":"down"},"south":{"uv":[12.25,14.25,12.5,15],"texture":"#texture","cullface":"down"},"west":{"uv":[13,14.25,12.25,15],"texture":"#texture","cullface":"down"},"east":{"uv":[12.25,14.25,13,15],"texture":"#texture","cullface":"down"}}},{"__comment":"4x64","from":[6.5,19.25,5],"to":[7.5,19.5,5.5],"faces":{"down":{"uv":[4.75,0.75,5.25,0.5],"rotation":90,"texture":"#texture","cullface":"up"},"up":{"uv":[4.75,0.5,5.25,0.75],"rotation":270,"texture":"#texture","cullface":"up"},"north":{"uv":[5.25,0.5,5,0.75],"texture":"#texture","cullface":"up"},"south":{"uv":[4.75,0.5,5,0.75],"texture":"#texture","cullface":"up"}}},{"__comment":"4x64","from":[6.5,19,4.625],"to":[7.5,19.25,5.375],"faces":{"down":{"uv":[5.25,1,6,0.75],"rotation":90,"texture":"#texture","cullface":"up"},"up":{"uv":[5.25,0.75,6,1],"rotation":270,"texture":"#texture","cullface":"up"},"north":{"uv":[6,0.75,5.75,1],"texture":"#texture","cullface":"up"},"south":{"uv":[5.25,0.75,5.5,1],"texture":"#texture","cullface":"up"}}},{"__comment":"4x64","from":[6.5,12.25,4.5],"to":[7.5,12.75,4.75],"faces":{"down":{"uv":[5.5,7.25,5.75,7],"rotation":90,"texture":"#texture"},"up":{"uv":[5.5,6.75,5.75,7],"rotation":270,"texture":"#texture"},"north":{"uv":[5.75,6.75,5.5,7.25],"texture":"#texture"},"south":{"uv":[5.5,6.75,5.75,7.25],"texture":"#texture"}}},{"__comment":"4x64","from":[6.5,18.75,4.125],"to":[7.5,19,4.875],"faces":{"down":{"uv":[5.75,1.25,6.5,1],"rotation":90,"texture":"#texture","cullface":"up"},"up":{"uv":[5.75,1,6.5,1.25],"rotation":270,"texture":"#texture","cullface":"up"},"north":{"uv":[6.5,1,6.25,1.25],"texture":"#texture","cullface":"up"},"south":{"uv":[5.75,1,6,1.25],"texture":"#texture","cullface":"up"}}},{"__comment":"4x64","from":[6.5,11.5,4.25],"to":[7.5,12.5,4.5],"faces":{"down":{"uv":[5.75,8,6,7.75],"rotation":90,"texture":"#texture"},"up":{"uv":[5.75,7,6,7.25],"rotation":270,"texture":"#texture"},"north":{"uv":[6,7,5.75,8],"texture":"#texture"},"south":{"uv":[5.75,7,6,8],"texture":"#texture"}}},{"__comment":"4x64","from":[6.5,11.25,4],"to":[7.5,12,4.25],"faces":{"down":{"uv":[6,8.25,6.25,8],"rotation":90,"texture":"#texture"},"up":{"uv":[6,7.5,6.25,7.75],"rotation":270,"texture":"#texture"},"north":{"uv":[6.25,7.5,6,8.25],"texture":"#texture"},"south":{"uv":[6,7.5,6.25,8.25],"texture":"#texture"}}},{"__comment":"4x64","from":[6.5,18.5,3.625],"to":[7.5,18.75,4.375],"faces":{"down":{"uv":[6.25,1.5,7,1.25],"rotation":90,"texture":"#texture","cullface":"up"},"up":{"uv":[6.25,1.25,7,1.5],"rotation":270,"texture":"#texture","cullface":"up"},"north":{"uv":[7,1.25,6.75,1.5],"texture":"#texture","cullface":"up"},"south":{"uv":[6.25,1.25,6.5,1.5],"texture":"#texture","cullface":"up"}}},{"__comment":"4x64","from":[6.5,10.5,3.75],"to":[7.5,11.75,4],"faces":{"down":{"uv":[6.25,9,6.5,8.75],"rotation":90,"texture":"#texture"},"up":{"uv":[6.25,7.75,6.5,8],"rotation":270,"texture":"#texture"},"north":{"uv":[6.5,7.75,6.25,9],"texture":"#texture"},"south":{"uv":[6.25,7.75,6.5,9],"texture":"#texture"}}},{"__comment":"4x64","from":[6.5,17.75,2.75],"to":[7.5,18,3.75],"faces":{"down":{"uv":[6.5,1.75,7.5,1.5],"rotation":90,"texture":"#texture","cullface":"up"},"up":{"uv":[6.5,1.5,7.5,1.75],"rotation":270,"texture":"#texture","cullface":"up"},"north":{"uv":[7.5,1.5,7.25,1.75],"texture":"#texture","cullface":"up"},"south":{"uv":[6.5,1.5,6.75,1.75],"texture":"#texture","cullface":"up"}}},{"__comment":"4x64","from":[6.5,9.25,3.5],"to":[7.5,11.5,3.75],"faces":{"down":{"uv":[6.5,10.25,6.75,10],"rotation":90,"texture":"#texture"},"up":{"uv":[6.5,8,6.75,8.25],"rotation":270,"texture":"#texture"},"north":{"uv":[6.75,8,6.5,10.25],"texture":"#texture"},"south":{"uv":[6.5,8,6.75,10.25],"texture":"#texture"}}},{"__comment":"4x64","from":[6.5,8.75,2.75],"to":[7.5,11,3.5],"faces":{"up":{"uv":[6.75,8.5,7.5,8.75],"rotation":270,"texture":"#texture"},"north":{"uv":[7.5,8.5,7.25,10.75],"texture":"#texture"},"south":{"uv":[6.75,8.5,7,10.75],"texture":"#texture"}}},{"__comment":"4x64","from":[6.5,17.5,2.25],"to":[7.5,17.75,3.25],"faces":{"down":{"uv":[7,2,8,1.75],"rotation":90,"texture":"#texture","cullface":"up"},"up":{"uv":[7,1.75,8,2],"rotation":270,"texture":"#texture","cullface":"up"},"north":{"uv":[8,1.75,7.75,2],"texture":"#texture","cullface":"up"},"south":{"uv":[7,1.75,7.25,2],"texture":"#texture","cullface":"up"}}},{"__comment":"4x64","from":[6.5,15.75,2],"to":[7.5,16,3.25],"faces":{"down":{"uv":[7,3.75,8.25,3.5],"rotation":90,"texture":"#texture"},"up":{"uv":[7,3.5,8.25,3.75],"rotation":270,"texture":"#texture","cullface":"up"},"north":{"uv":[8.25,3.5,8,3.75],"texture":"#texture"},"south":{"uv":[7,3.5,7.25,3.75],"texture":"#texture"}}},{"__comment":"4x64","from":[6.5,11,2.75],"to":[7.5,12.75,3.25],"faces":{"up":{"uv":[7,6.75,7.5,7],"rotation":270,"texture":"#texture"},"north":{"uv":[7.5,6.75,7.25,8.5],"texture":"#texture"},"south":{"uv":[7,6.75,7.25,8.5],"texture":"#texture"}}},{"__comment":"4x64","from":[6.5,15.5,2.25],"to":[7.5,15.75,3],"faces":{"down":{"uv":[7.25,4,8,3.75],"rotation":90,"texture":"#texture"},"north":{"uv":[8,3.75,7.75,4],"texture":"#texture"},"south":{"uv":[7.25,3.75,7.5,4],"texture":"#texture"}}},{"__comment":"4x64","from":[6.5,12.75,2.75],"to":[7.5,14,3],"faces":{"up":{"uv":[7.25,5.5,7.5,5.75],"rotation":270,"texture":"#texture"},"north":{"uv":[7.5,5.5,7.25,6.75],"texture":"#texture"},"south":{"uv":[7.25,5.5,7.5,6.75],"texture":"#texture"}}},{"__comment":"4x64","from":[6.5,17.25,1.75],"to":[7.5,17.5,2.75],"faces":{"down":{"uv":[7.5,2.25,8.5,2],"rotation":90,"texture":"#texture","cullface":"up"},"up":{"uv":[7.5,2,8.5,2.25],"rotation":270,"texture":"#texture","cullface":"up"},"north":{"uv":[8.5,2,8.25,2.25],"texture":"#texture","cullface":"up"},"south":{"uv":[7.5,2,7.75,2.25],"texture":"#texture","cullface":"up"}}},{"__comment":"4x64","from":[6.5,13.25,2.5],"to":[7.5,15.5,2.75],"faces":{"down":{"uv":[7.5,6.25,7.75,6],"rotation":90,"texture":"#texture"},"north":{"uv":[7.75,4,7.5,6.25],"texture":"#texture"},"south":{"uv":[7.5,4,7.75,6.25],"texture":"#texture"}}},{"__comment":"4x64","from":[6.5,9.5,2.5],"to":[7.5,10.25,2.75],"faces":{"down":{"uv":[7.5,10,7.75,9.75],"rotation":90,"texture":"#texture"},"up":{"uv":[7.5,9.25,7.75,9.5],"rotation":270,"texture":"#texture"},"north":{"uv":[7.75,9.25,7.5,10],"texture":"#texture"}}},{"__comment":"4x64","from":[6.5,16.75,1.75],"to":[7.5,17.25,2.5],"faces":{"down":{"uv":[7.75,2.75,8.5,2.5],"rotation":90,"texture":"#texture","cullface":"up"},"north":{"uv":[8.5,2.25,8.25,2.75],"texture":"#texture","cullface":"up"},"south":{"uv":[7.75,2.25,8,2.75],"texture":"#texture","cullface":"up"}}},{"__comment":"4x64","from":[6.5,16,1.5],"to":[7.5,16.25,2.5],"faces":{"down":{"uv":[7.75,3.5,8.75,3.25],"rotation":90,"texture":"#texture","cullface":"up"},"up":{"uv":[7.75,3.25,8.75,3.5],"rotation":270,"texture":"#texture","cullface":"up"},"north":{"uv":[8.75,3.25,8.5,3.5],"texture":"#texture","cullface":"up"},"south":{"uv":[7.75,3.25,8,3.5],"texture":"#texture","cullface":"up"}}},{"__comment":"4x64","from":[6.5,13.75,2.25],"to":[7.5,15.5,2.5],"faces":{"down":{"uv":[7.75,5.75,8,5.5],"rotation":90,"texture":"#texture"},"north":{"uv":[8,4,7.75,5.75],"texture":"#texture"}}},{"__comment":"4x64","from":[6.5,16.25,1.25],"to":[7.5,16.75,2.25],"faces":{"down":{"uv":[8,3.25,9,3],"rotation":90,"texture":"#texture","cullface":"up"},"up":{"uv":[8,2.75,9,3],"rotation":270,"texture":"#texture","cullface":"up"},"north":{"uv":[9,2.75,8.75,3.25],"texture":"#texture","cullface":"up"},"south":{"uv":[8,2.75,8.25,3.25],"texture":"#texture","cullface":"up"},"west":{"uv":[9,2.75,8,3.25],"texture":"#texture","cullface":"up"},"east":{"uv":[8,2.75,9,3.25],"texture":"#texture","cullface":"up"}}},{"__comment":"4x64","from":[6.5,16.75,1.5],"to":[7.5,17,1.75],"faces":{"up":{"uv":[8.5,2.5,8.75,2.75],"rotation":270,"texture":"#texture","cullface":"up"},"north":{"uv":[8.75,2.5,8.5,2.75],"texture":"#texture","cullface":"up"}}},{"__comment":"4x64","from":[6.5,16.25,1],"to":[7.5,16.5,1.25],"faces":{"down":{"uv":[9,3.25,9.25,3],"rotation":90,"texture":"#texture","cullface":"up"},"up":{"uv":[9,3,9.25,3.25],"rotation":270,"texture":"#texture","cullface":"up"},"north":{"uv":[9.25,3,9,3.25],"texture":"#texture","cullface":"up"},"west":{"uv":[9.25,3,9,3.25],"texture":"#texture","cullface":"up"},"east":{"uv":[9,3,9.25,3.25],"texture":"#texture","cullface":"up"}}},{"__comment":"4x64","from":[6.5,3.5,3.6875],"to":[7.5,4.5,3.9375],"faces":{"up":{"uv":[11.75,5.75,12,6],"rotation":270,"texture":"#texture"},"north":{"uv":[12,5.75,11.75,6.75],"texture":"#texture"},"south":{"uv":[11.75,5.75,12,6.75],"texture":"#texture"}}},{"__comment":"4x64","from":[6.5,4,3.5],"to":[7.5,5.75,3.75],"faces":{"up":{"uv":[12,4.5,12.25,4.75],"rotation":270,"texture":"#texture"},"north":{"uv":[12.25,4.5,12,6.25],"texture":"#texture"},"south":{"uv":[12,4.5,12.25,6.25],"texture":"#texture"}}},{"__comment":"4x64","from":[6.5,6.75,2.75],"to":[7.5,8.75,3.5],"faces":{"down":{"uv":[12.25,3.5,13,3.25],"rotation":90,"texture":"#texture"},"north":{"uv":[13,1.5,12.75,3.5],"texture":"#texture"},"south":{"uv":[12.25,1.5,12.5,3.5],"texture":"#texture"}}},{"__comment":"4x64","from":[6.5,4.25,3.25],"to":[7.5,6,3.5],"faces":{"up":{"uv":[12.25,4.25,12.5,4.5],"rotation":270,"texture":"#texture"},"north":{"uv":[12.5,4.25,12.25,6],"texture":"#texture"},"south":{"uv":[12.25,4.25,12.5,6],"texture":"#texture"}}},{"__comment":"4x64","from":[6.5,4.75,3],"to":[7.5,6.75,3.25],"faces":{"north":{"uv":[12.75,3.5,12.5,5.5],"texture":"#texture"},"south":{"uv":[12.5,3.5,12.75,5.5],"texture":"#texture"}}},{"__comment":"4x64","from":[6.5,5.25,2.75],"to":[7.5,6.75,3],"faces":{"north":{"uv":[13,3.5,12.75,5],"texture":"#texture"}}},{"__comment":"4x64","from":[6.5,6,2.5],"to":[7.5,8,2.75],"faces":{"up":{"uv":[13,2.25,13.25,2.5],"rotation":270,"texture":"#texture"},"north":{"uv":[13.25,2.25,13,4.25],"texture":"#texture"},"south":{"uv":[13,2.25,13.25,4.25],"texture":"#texture"}}},{"__comment":"5x64","from":[6.5,-2.25,5],"to":[7.5,-1,5.25],"faces":{"down":{"uv":[10.75,12.5,11,12.25],"rotation":90,"texture":"#texture","cullface":"down"},"up":{"uv":[10.75,11.25,11,11.5],"rotation":270,"texture":"#texture","cullface":"down"},"north":{"uv":[11,11.25,10.75,12.5],"texture":"#texture","cullface":"down"},"south":{"uv":[10.75,11.25,11,12.5],"texture":"#texture","cullface":"down"},"west":{"uv":[11,11.25,10.75,12.5],"texture":"#texture","cullface":"down"},"east":{"uv":[10.75,11.25,11,12.5],"texture":"#texture","cullface":"down"}}},{"__comment":"5x64","from":[6.25,-1.5,4.75],"to":[7.5,-0.75,5],"faces":{"down":{"uv":[11,11.5,11.25,11.25],"rotation":90,"texture":"#texture","cullface":"down"},"up":{"uv":[11,10.75,11.25,11],"rotation":270,"texture":"#texture","cullface":"down"},"north":{"uv":[11.25,10.75,11,11.5],"texture":"#texture","cullface":"down"},"south":{"uv":[11,10.75,11.25,11.5],"texture":"#texture","cullface":"down"},"west":{"uv":[11.25,10.75,11,11.5],"texture":"#texture","cullface":"down"},"east":{"uv":[11,10.75,11.25,11.5],"texture":"#texture","cullface":"down"}}},{"__comment":"5x64","from":[6.125,-0.875,4.5],"to":[7.825,-0.375,4.75],"faces":{"down":{"uv":[11.25,11,11.5,10.75],"rotation":90,"texture":"#texture","cullface":"down"},"up":{"uv":[11.25,10.5,11.5,10.75],"rotation":270,"texture":"#texture","cullface":"down"},"north":{"uv":[11.5,10.5,11.25,11],"texture":"#texture","cullface":"down"},"south":{"uv":[11.25,10.5,11.5,11],"texture":"#texture","cullface":"down"},"west":{"uv":[11.5,10.5,11.25,11],"texture":"#texture","cullface":"down"},"east":{"uv":[11.25,10.5,11.5,11],"texture":"#texture","cullface":"down"}}},{"__comment":"5x64","from":[6.125,-0.625,4.25],"to":[7.825,-0.125,4.5],"faces":{"down":{"uv":[11.5,10.75,11.75,10.5],"rotation":90,"texture":"#texture","cullface":"down"},"up":{"uv":[11.5,10.25,11.75,10.5],"rotation":270,"texture":"#texture","cullface":"down"},"south":{"uv":[11.5,10.25,11.75,10.75],"texture":"#texture","cullface":"down"},"west":{"uv":[11.75,10.25,11.5,10.75],"texture":"#texture","cullface":"down"},"east":{"uv":[11.5,10.25,11.75,10.75],"texture":"#texture","cullface":"down"}}},{"__comment":"5x64","from":[6.125,-0.625,3.75],"to":[7.825,-0.125,4.25],"faces":{"down":{"uv":[11.75,10.5,12.25,10.25],"rotation":90,"texture":"#texture","cullface":"down"},"up":{"uv":[11.75,10,12.25,10.25],"rotation":270,"texture":"#texture","cullface":"down"},"north":{"uv":[12.25,10,12,10.5],"texture":"#texture","cullface":"down"},"west":{"uv":[12.25,10,11.75,10.5],"texture":"#texture","cullface":"down"},"east":{"uv":[11.75,10,12.25,10.5],"texture":"#texture","cullface":"down"}}},{"__comment":"5x64","from":[6.1125,0.125,3.625],"to":[7.8125,0.375,4],"faces":{"up":{"uv":[12,9.75,12.75,10],"rotation":270,"texture":"#texture"},"north":{"uv":[12.75,9.75,12.5,10],"texture":"#texture"},"south":{"uv":[12,9.75,12.25,10],"texture":"#texture"},"west":{"uv":[12.75,9.75,12,10],"texture":"#texture"},"east":{"uv":[12,9.75,12.75,10],"texture":"#texture"}}},{"__comment":"5x64","from":[6.1125,0.25,3.5],"to":[7.8125,0.5,3.75],"faces":{"down":{"uv":[12.25,9.75,12.5,9.5],"rotation":90,"texture":"#texture"},"up":{"uv":[12.25,9.25,12.5,9.5],"rotation":270,"texture":"#texture"},"north":{"uv":[12.5,9.25,12.25,9.75],"texture":"#texture"},"south":{"uv":[12.25,9.25,12.5,9.75],"texture":"#texture"},"west":{"uv":[12.5,9.25,12.25,9.75],"texture":"#texture"},"east":{"uv":[12.25,9.25,12.5,9.75],"texture":"#texture"}}},{"__comment":"5x64","from":[6.1125,-0.25,3.5],"to":[7.8125,0,3.75],"faces":{"down":{"uv":[12.25,10.25,12.5,10],"rotation":90,"texture":"#texture","cullface":"down"},"up":{"uv":[12.25,10,12.5,10.25],"rotation":270,"texture":"#texture","cullface":"down"},"north":{"uv":[12.5,10,12.25,10.25],"texture":"#texture","cullface":"down"},"west":{"uv":[12.5,10,12.25,10.25],"texture":"#texture","cullface":"down"}}},{"__comment":"5x64","from":[6.1125,0.5,3.25],"to":[7.8125,0.75,3.5],"faces":{"down":{"uv":[12.5,9.75,12.75,9.5],"rotation":90,"texture":"#texture"},"up":{"uv":[12.5,9.5,12.75,9.75],"rotation":270,"texture":"#texture"},"north":{"uv":[12.75,9.5,12.5,9.75],"texture":"#texture"},"south":{"uv":[12.5,9.5,12.75,9.75],"texture":"#texture"},"west":{"uv":[12.75,9.5,12.5,9.75],"texture":"#texture"},"east":{"uv":[12.5,9.5,12.75,9.75],"texture":"#texture"}}},{"__comment":"9x64","from":[6.5,1,5.5],"to":[7.25,1.25,6],"faces":{"down":{"uv":[10,9.5,10.5,9.25],"rotation":90,"texture":"#texture"},"up":{"uv":[10,9.25,10.5,9.5],"rotation":270,"texture":"#texture"},"north":{"uv":[10.5,9.25,10.25,9.5],"texture":"#texture"},"south":{"uv":[10,9.25,10.25,9.5],"texture":"#texture"},"west":{"uv":[10.5,9.25,10,9.5],"texture":"#texture"},"east":{"uv":[10,9.25,10.5,9.5],"texture":"#texture"}}},{"__comment":"9x64","from":[6.25,1.25,5],"to":[7.5,1.5,5.5],"faces":{"down":{"uv":[10.5,9.25,11,9],"rotation":90,"texture":"#texture"},"up":{"uv":[10.5,9,11,9.25],"rotation":270,"texture":"#texture"},"north":{"uv":[11,9,10.75,9.25],"texture":"#texture"},"south":{"uv":[10.5,9,10.75,9.25],"texture":"#texture"},"west":{"uv":[11,9,10.5,9.25],"texture":"#texture"},"east":{"uv":[10.5,9,11,9.25],"texture":"#texture"}}},{"__comment":"9x64","from":[6.25,1.5,4.75],"to":[7.5,1.75,5.25],"faces":{"down":{"uv":[10.75,9,11.25,8.75],"rotation":90,"texture":"#texture"},"up":{"uv":[10.75,8.75,11.25,9],"rotation":270,"texture":"#texture"},"north":{"uv":[11.25,8.75,11,9],"texture":"#texture"},"south":{"uv":[10.75,8.75,11,9],"texture":"#texture"},"west":{"uv":[11.25,8.75,10.75,9],"texture":"#texture"},"east":{"uv":[10.75,8.75,11.25,9],"texture":"#texture"}}},{"__comment":"9x64","from":[6.25,1.75,4],"to":[7.5,2.5,4.75],"faces":{"down":{"uv":[11,8.75,11.75,8.5],"rotation":90,"texture":"#texture"},"up":{"uv":[11,8,11.75,8.25],"rotation":270,"texture":"#texture"},"north":{"uv":[11.75,8,11.5,8.75],"texture":"#texture"},"south":{"uv":[11,8,11.25,8.75],"texture":"#texture"},"west":{"uv":[11.75,8,11,8.75],"texture":"#texture"},"east":{"uv":[11,8,11.75,8.75],"texture":"#texture"}}},{"__comment":"9x64","from":[6.5,-1.125,4.5],"to":[7.25,-0.875,4.75],"faces":{"down":{"uv":[11,11.75,11.25,11.5],"rotation":90,"texture":"#texture","cullface":"down"},"north":{"uv":[11.25,11.5,11,11.75],"texture":"#texture","cullface":"down"},"west":{"uv":[11.25,11.5,11,11.75],"texture":"#texture","cullface":"down"},"east":{"uv":[11,11.5,11.25,11.75],"texture":"#texture","cullface":"down"}}},{"__comment":"9x64","from":[6.25,2.5,4],"to":[7.5,2.75,4.5],"faces":{"up":{"uv":[11.25,7.75,11.75,8],"rotation":270,"texture":"#texture"},"north":{"uv":[11.75,7.75,11.5,8],"texture":"#texture"},"south":{"uv":[11.25,7.75,11.5,8],"texture":"#texture"},"west":{"uv":[11.75,7.75,11.25,8],"texture":"#texture"}}},{"__comment":"9x64","from":[6.25,2.75,3.75],"to":[7.5,3,4.25],"faces":{"down":{"uv":[11.5,7.75,12,7.5],"rotation":90,"texture":"#texture"},"up":{"uv":[11.5,7.5,12,7.75],"rotation":270,"texture":"#texture"},"north":{"uv":[12,7.5,11.75,7.75],"texture":"#texture"},"south":{"uv":[11.5,7.5,11.75,7.75],"texture":"#texture"},"west":{"uv":[12,7.5,11.5,7.75],"texture":"#texture"}}},{"__comment":"9x64","from":[6.25,3,3.625],"to":[7.75,3.75,4],"faces":{"down":{"uv":[11.75,7.5,12,7.25],"rotation":90,"texture":"#texture"},"up":{"uv":[11.75,6.75,12,7],"rotation":270,"texture":"#texture"},"north":{"uv":[12,6.75,11.75,7.5],"texture":"#texture"},"south":{"uv":[11.75,6.75,12,7.5],"texture":"#texture"},"west":{"uv":[12,6.75,11.75,7.5],"texture":"#texture"},"east":{"uv":[11.75,6.75,12,7.5],"texture":"#texture"}}},{"__comment":"9x64","from":[6.25,-0.25,2.5],"to":[7.75,0,4.25],"faces":{"down":{"uv":[11.75,10.75,13.5,10.5],"rotation":90,"texture":"#texture","cullface":"down"},"up":{"uv":[11.75,10.5,13.5,10.75],"rotation":270,"texture":"#texture","cullface":"down"},"north":{"uv":[13.5,10.5,13.25,10.75],"texture":"#texture","cullface":"down"},"south":{"uv":[11.75,10.5,12,10.75],"texture":"#texture","cullface":"down"},"west":{"uv":[13.5,10.5,11.75,10.75],"texture":"#texture","cullface":"down"},"east":{"uv":[11.75,10.5,13.5,10.75],"texture":"#texture","cullface":"down"}}},{"__comment":"9x64","from":[6.25,3.25,3.5],"to":[7.75,4.25,3.75],"faces":{"down":{"uv":[12,7.25,12.25,7],"rotation":90,"texture":"#texture"},"up":{"uv":[12,6.25,12.25,6.5],"rotation":270,"texture":"#texture"},"north":{"uv":[12.25,6.25,12,7.25],"texture":"#texture"},"south":{"uv":[12,6.25,12.25,7.25],"texture":"#texture"},"west":{"uv":[12.25,6.25,12,7.25],"texture":"#texture"},"east":{"uv":[12,6.25,12.25,7.25],"texture":"#texture"}}},{"__comment":"9x64","from":[6.25,1.5,3.75],"to":[7.75,2,4],"faces":{"down":{"uv":[12,9,12.25,8.75],"rotation":90,"texture":"#texture"},"up":{"uv":[12,8.5,12.25,8.75],"rotation":270,"texture":"#texture"},"north":{"uv":[12.25,8.5,12,9],"texture":"#texture"},"south":{"uv":[12,8.5,12.25,9],"texture":"#texture"},"west":{"uv":[12.25,8.5,12,9],"texture":"#texture"},"east":{"uv":[12,8.5,12.25,9],"texture":"#texture"}}},{"__comment":"9x64","from":[6.25,3.75,3.25],"to":[7.75,5,3.5],"faces":{"down":{"uv":[12.25,6.75,12.5,6.5],"rotation":90,"texture":"#texture"},"up":{"uv":[12.25,5.5,12.5,5.75],"rotation":270,"texture":"#texture"},"north":{"uv":[12.5,5.5,12.25,6.75],"texture":"#texture"},"south":{"uv":[12.25,5.5,12.5,6.75],"texture":"#texture"},"west":{"uv":[12.5,5.5,12.25,6.75],"texture":"#texture"},"east":{"uv":[12.25,5.5,12.5,6.75],"texture":"#texture"}}},{"__comment":"9x64","from":[6.25,1.25,3.5],"to":[7.75,1.75,3.75],"faces":{"down":{"uv":[12.25,9.25,12.5,9],"rotation":90,"texture":"#texture"},"up":{"uv":[12.25,8.75,12.5,9],"rotation":270,"texture":"#texture"},"north":{"uv":[12.5,8.75,12.25,9.25],"texture":"#texture"},"south":{"uv":[12.25,8.75,12.5,9.25],"texture":"#texture"},"west":{"uv":[12.5,8.75,12.25,9.25],"texture":"#texture"},"east":{"uv":[12.25,8.75,12.5,9.25],"texture":"#texture"}}},{"__comment":"9x64","from":[6.25,0,1.75],"to":[7.75,0.25,3.75],"faces":{"down":{"uv":[12.25,10.5,14.25,10.25],"rotation":90,"texture":"#texture","cullface":"down"},"up":{"uv":[12.25,10.25,14.25,10.5],"rotation":270,"texture":"#texture"},"north":{"uv":[14.25,10.25,14,10.5],"texture":"#texture"},"south":{"uv":[12.25,10.25,12.5,10.5],"texture":"#texture"},"west":{"uv":[14.25,10.25,12.25,10.5],"texture":"#texture"},"east":{"uv":[12.25,10.25,14.25,10.5],"texture":"#texture"}}},{"__comment":"9x64","from":[6.25,-0.5,2.75],"to":[7.75,-0.25,3.75],"faces":{"down":{"uv":[12.25,11,13.25,10.75],"rotation":90,"texture":"#texture","cullface":"down"},"north":{"uv":[13.25,10.75,13,11],"texture":"#texture","cullface":"down"},"west":{"uv":[13.25,10.75,12.25,11],"texture":"#texture","cullface":"down"},"east":{"uv":[12.25,10.75,13.25,11],"texture":"#texture","cullface":"down"}}},{"__comment":"9x64","from":[6.25,4.25,3],"to":[7.5,5,3.25],"faces":{"down":{"uv":[12.5,6.25,12.75,6],"rotation":90,"texture":"#texture"},"up":{"uv":[12.5,5.5,12.75,5.75],"rotation":270,"texture":"#texture"},"north":{"uv":[12.75,5.5,12.5,6.25],"texture":"#texture"},"west":{"uv":[12.75,5.5,12.5,6.25],"texture":"#texture"}}},{"__comment":"9x64","from":[6.25,1,3.25],"to":[7.75,1.5,3.5],"faces":{"down":{"uv":[12.5,9.5,12.75,9.25],"rotation":90,"texture":"#texture"},"up":{"uv":[12.5,9,12.75,9.25],"rotation":270,"texture":"#texture"},"north":{"uv":[12.75,9,12.5,9.5],"texture":"#texture"},"south":{"uv":[12.5,9,12.75,9.5],"texture":"#texture"},"west":{"uv":[12.75,9,12.5,9.5],"texture":"#texture"},"east":{"uv":[12.5,9,12.75,9.5],"texture":"#texture"}}},{"__comment":"9x64","from":[6.25,0.25,0.5],"to":[7.75,0.5,3.5],"faces":{"down":{"uv":[12.5,10.25,15.5,10],"rotation":90,"texture":"#texture"},"up":{"uv":[12.5,10,15.5,10.25],"rotation":270,"texture":"#texture"},"north":{"uv":[15.5,10,15.25,10.25],"texture":"#texture"},"west":{"uv":[15.5,10,12.5,10.25],"texture":"#texture"},"east":{"uv":[12.5,10,15.5,10.25],"texture":"#texture"}}},{"__comment":"9x64","from":[6.25,-0.75,3.25],"to":[7.75,-0.5,3.5],"faces":{"down":{"uv":[12.5,11.25,12.75,11],"rotation":90,"texture":"#texture","cullface":"down"},"north":{"uv":[12.75,11,12.5,11.25],"texture":"#texture","cullface":"down"},"south":{"uv":[12.5,11,12.75,11.25],"texture":"#texture","cullface":"down"},"west":{"uv":[12.75,11,12.5,11.25],"texture":"#texture","cullface":"down"},"east":{"uv":[12.5,11,12.75,11.25],"texture":"#texture","cullface":"down"}}},{"__comment":"9x64","from":[6.25,0.5,2.75],"to":[7.75,1.25,3.25],"faces":{"up":{"uv":[12.75,9.25,13.25,9.5],"rotation":270,"texture":"#texture"},"north":{"uv":[13.25,9.25,13,10],"texture":"#texture"},"south":{"uv":[12.75,9.25,13,10],"texture":"#texture"},"west":{"uv":[13.25,9.25,12.75,10],"texture":"#texture"},"east":{"uv":[12.75,9.25,13.25,10],"texture":"#texture"}}},{"__comment":"9x64","from":[6.5,4.75,2.5],"to":[7.5,6,2.75],"faces":{"north":{"uv":[13.25,4.25,13,5.5],"texture":"#texture"},"south":{"uv":[13,4.25,13.25,5.5],"texture":"#texture"}}},{"__comment":"9x64","from":[6.625,4.875,2.125],"to":[7.375,9.875,2.5],"faces":{"up":{"uv":[13.25,3.75,13.5,4],"rotation":270,"texture":"#texture"},"north":{"uv":[13.5,3.75,13.25,5.25],"texture":"#texture"},"south":{"uv":[13.25,3.75,13.5,5.25],"texture":"#texture"},"west":{"uv":[13.5,3.75,13.25,5.25],"texture":"#texture"},"east":{"uv":[13.25,3.75,13.5,5.25],"texture":"#texture"}}},{"__comment":"9x64","from":[6.25,0.5,2.25],"to":[7.75,1,2.75],"faces":{"up":{"uv":[13.25,9.5,13.75,9.75],"rotation":270,"texture":"#texture"},"north":{"uv":[13.75,9.5,13.5,10],"texture":"#texture"},"west":{"uv":[13.75,9.5,13.25,10],"texture":"#texture"},"east":{"uv":[13.25,9.5,13.75,10],"texture":"#texture"}}},{"__comment":"9x64","from":[6.25,0.5,1.25],"to":[7.75,0.75,2.25],"faces":{"up":{"uv":[13.75,9.75,14.75,10],"rotation":270,"texture":"#texture"},"north":{"uv":[14.75,9.75,14.5,10],"texture":"#texture"},"west":{"uv":[14.75,9.75,13.75,10],"texture":"#texture"},"east":{"uv":[13.75,9.75,14.75,10],"texture":"#texture"}}},{"__comment":"9x64","from":[6.25,0,0.75],"to":[7.75,0.25,1.25],"faces":{"down":{"uv":[14.75,10.5,15.25,10.25],"rotation":90,"texture":"#texture","cullface":"down"},"north":{"uv":[15.25,10.25,15,10.5],"texture":"#texture"},"south":{"uv":[14.75,10.25,15,10.5],"texture":"#texture"},"west":{"uv":[15.25,10.25,14.75,10.5],"texture":"#texture"},"east":{"uv":[14.75,10.25,15.25,10.5],"texture":"#texture"}}},{"__comment":"9x64","from":[6.375,0.5,0.25],"to":[7.625,0.75,0.75],"faces":{"down":{"uv":[15.25,10,15.75,9.75],"rotation":90,"texture":"#texture"},"up":{"uv":[15.25,9.75,15.75,10],"rotation":270,"texture":"#texture"},"north":{"uv":[15.75,9.75,15.5,10],"texture":"#texture"},"south":{"uv":[15.25,9.75,15.5,10],"texture":"#texture"},"west":{"uv":[15.75,9.75,15.25,10],"texture":"#texture"},"east":{"uv":[15.25,9.75,15.75,10],"texture":"#texture"}}},{"__comment":"9x64","from":[6.625,0.75,0],"to":[7.375,1,0.5],"faces":{"down":{"uv":[15.5,9.75,16,9.5],"rotation":90,"texture":"#texture"},"up":{"uv":[15.5,9.5,16,9.75],"rotation":270,"texture":"#texture"},"north":{"uv":[16,9.5,15.75,9.75],"texture":"#texture","cullface":"north"},"south":{"uv":[15.5,9.5,15.75,9.75],"texture":"#texture"},"west":{"uv":[16,9.5,15.5,9.75],"texture":"#texture"},"east":{"uv":[15.5,9.5,16,9.75],"texture":"#texture"}}},{"__comment":"9x64","from":[6.75,1,0],"to":[7.25,2,0.25],"faces":{"up":{"uv":[15.75,8.5,16,8.75],"rotation":270,"texture":"#texture"},"north":{"uv":[16,8.5,15.75,9.5],"texture":"#texture","cullface":"north"},"south":{"uv":[15.75,8.5,16,9.5],"texture":"#texture"},"west":{"uv":[16,8.5,15.75,9.5],"texture":"#texture"},"east":{"uv":[15.75,8.5,16,9.5],"texture":"#texture"}}},{"__comment":"7x64","from":[6.5,1.75,3],"to":[7.5,2.25,4.25],"faces":{"down":{"uv":[11.75,8.25,13,8],"rotation":90,"texture":"#texture"},"up":{"uv":[11.75,7.75,13,8],"rotation":270,"texture":"#texture"},"north":{"uv":[13,7.75,12.75,8.25],"texture":"#texture"},"west":{"uv":[13,7.75,11.75,8.25],"texture":"#texture"},"east":{"uv":[11.75,7.75,13,8.25],"texture":"#texture"}}},{"__comment":"7x64","from":[6.5,2.25,3.5],"to":[7.5,2.75,4],"faces":{"up":{"uv":[12,7.25,12.5,7.5],"rotation":270,"texture":"#texture"},"north":{"uv":[12.5,7.25,12.25,7.75],"texture":"#texture"},"south":{"uv":[12,7.25,12.25,7.75],"texture":"#texture"}}},{"__comment":"7x64","from":[6.5,1.5,2.5],"to":[7.5,1.75,4],"faces":{"down":{"uv":[12,8.5,13.5,8.25],"rotation":90,"texture":"#texture"},"up":{"uv":[12,8.25,13.5,8.5],"rotation":270,"texture":"#texture"},"north":{"uv":[13.5,8.25,13.25,8.5],"texture":"#texture"},"west":{"uv":[13.5,8.25,12,8.5],"texture":"#texture"},"east":{"uv":[12,8.25,13.5,8.5],"texture":"#texture"}}},{"__comment":"7x64","from":[6.5,2.75,3.25],"to":[7.5,3.25,3.75],"faces":{"down":{"uv":[12.25,7.25,12.75,7],"rotation":90,"texture":"#texture"},"up":{"uv":[12.25,6.75,12.75,7],"rotation":270,"texture":"#texture"},"north":{"uv":[12.75,6.75,12.5,7.25],"texture":"#texture"},"south":{"uv":[12.25,6.75,12.5,7.25],"texture":"#texture"}}},{"__comment":"7x64","from":[6.5,1.25,1.5],"to":[7.5,1.5,3.75],"faces":{"down":{"uv":[12.25,8.75,14.5,8.5],"rotation":90,"texture":"#texture"},"up":{"uv":[12.25,8.5,14.5,8.75],"rotation":270,"texture":"#texture"},"north":{"uv":[14.5,8.5,14.25,8.75],"texture":"#texture"},"west":{"uv":[14.5,8.5,12.25,8.75],"texture":"#texture"},"east":{"uv":[12.25,8.5,14.5,8.75],"texture":"#texture"}}},{"__comment":"7x64","from":[6.5,3.25,3],"to":[7.5,3.75,3.5],"faces":{"down":{"uv":[12.5,6.75,13,6.5],"rotation":90,"texture":"#texture"},"up":{"uv":[12.5,6.25,13,6.5],"rotation":270,"texture":"#texture"},"north":{"uv":[13,6.25,12.75,6.75],"texture":"#texture"}}},{"__comment":"7x64","from":[6.5,1,1.75],"to":[7.5,1.25,3.5],"faces":{"down":{"uv":[12.5,9,14.25,8.75],"rotation":90,"texture":"#texture"},"north":{"uv":[14.25,8.75,14,9],"texture":"#texture"},"west":{"uv":[14.25,8.75,12.5,9],"texture":"#texture"},"east":{"uv":[12.5,8.75,14.25,9],"texture":"#texture"}}},{"__comment":"7x64","from":[6.5,3.75,2.75],"to":[7.5,4.25,3.25],"faces":{"down":{"uv":[12.75,6.25,13.25,6],"rotation":90,"texture":"#texture"},"up":{"uv":[12.75,5.75,13.25,6],"rotation":270,"texture":"#texture"},"north":{"uv":[13.25,5.75,13,6.25],"texture":"#texture"}}},{"__comment":"7x64","from":[6.5,0.75,1.75],"to":[7.5,1,3.25],"faces":{"down":{"uv":[12.75,9.25,14.25,9],"rotation":90,"texture":"#texture"},"north":{"uv":[14.25,9,14,9.25],"texture":"#texture"},"west":{"uv":[14.25,9,12.75,9.25],"texture":"#texture"},"east":{"uv":[12.75,9,14.25,9.25],"texture":"#texture"}}},{"__comment":"7x64","from":[6.5,4.25,2],"to":[7.5,4.5,3],"faces":{"down":{"uv":[13,5.75,14,5.5],"rotation":90,"texture":"#texture"},"up":{"uv":[13,5.5,14,5.75],"rotation":270,"texture":"#texture"},"north":{"uv":[14,5.5,13.75,5.75],"texture":"#texture"}}},{"__comment":"7x64","from":[6.5,1.75,2.75],"to":[7.5,2,3],"faces":{"up":{"uv":[13,8,13.25,8.25],"rotation":270,"texture":"#texture"},"north":{"uv":[13.25,8,13,8.25],"texture":"#texture"},"west":{"uv":[13.25,8,13,8.25],"texture":"#texture"},"east":{"uv":[13,8,13.25,8.25],"texture":"#texture"}}},{"__comment":"7x64","from":[6.5,4.5,2],"to":[7.5,4.75,2.75],"faces":{"up":{"uv":[13.25,5.25,14,5.5],"rotation":270,"texture":"#texture"},"north":{"uv":[14,5.25,13.75,5.5],"texture":"#texture"}}},{"__comment":"7x64","from":[6.5,4,1.75],"to":[7.5,4.25,2.75],"faces":{"down":{"uv":[13.25,6,14.25,5.75],"rotation":90,"texture":"#texture"},"up":{"uv":[13.25,5.75,14.25,6],"rotation":270,"texture":"#texture"},"north":{"uv":[14.25,5.75,14,6],"texture":"#texture"}}},{"__comment":"7x64","from":[6.5,0.5,1.75],"to":[7.5,0.75,2.75],"faces":{"west":{"uv":[14.25,9.25,13.25,9.5],"texture":"#texture"},"east":{"uv":[13.25,9.25,14.25,9.5],"texture":"#texture"}}},{"__comment":"7x64","from":[6.5,4.75,2.25],"to":[7.5,5,2.5],"faces":{"up":{"uv":[13.5,5,13.75,5.25],"rotation":270,"texture":"#texture"},"north":{"uv":[13.75,5,13.5,5.25],"texture":"#texture"}}},{"__comment":"7x64","from":[6.5,3.5,1.75],"to":[7.5,4,2.25],"faces":{"down":{"uv":[13.75,6.5,14.25,6.25],"rotation":90,"texture":"#texture"},"north":{"uv":[14.25,6,14,6.5],"texture":"#texture"},"south":{"uv":[13.75,6,14,6.5],"texture":"#texture"}}},{"__comment":"7x64","from":[6.5,1.5,1.5],"to":[7.5,2,2.25],"faces":{"up":{"uv":[13.75,8,14.5,8.25],"rotation":270,"texture":"#texture"},"north":{"uv":[14.5,8,14.25,8.5],"texture":"#texture"},"south":{"uv":[13.75,8,14,8.5],"texture":"#texture"},"west":{"uv":[14.5,8,13.75,8.5],"texture":"#texture"},"east":{"uv":[13.75,8,14.5,8.5],"texture":"#texture"}}},{"__comment":"7x64","from":[6.5,2,1.5],"to":[7.5,3.5,2],"faces":{"up":{"uv":[14,6.5,14.5,6.75],"rotation":270,"texture":"#texture"},"north":{"uv":[14.5,6.5,14.25,8],"texture":"#texture"},"south":{"uv":[14,6.5,14.25,8],"texture":"#texture"},"east":{"uv":[14,6.5,14.5,8],"texture":"#texture"}}},{"__comment":"7x64","from":[6.5,3.5,1.5],"to":[7.5,3.75,1.75],"faces":{"up":{"uv":[14.25,6.25,14.5,6.5],"rotation":270,"texture":"#texture"},"north":{"uv":[14.5,6.25,14.25,6.5],"texture":"#texture"}}},{"__comment":"7x64","from":[6.5,2.25,1.25],"to":[7.5,3.25,1.5],"faces":{"down":{"uv":[14.5,7.75,14.75,7.5],"rotation":90,"texture":"#texture"},"up":{"uv":[14.5,6.75,14.75,7],"rotation":270,"texture":"#texture"},"north":{"uv":[14.75,6.75,14.5,7.75],"texture":"#texture"},"west":{"uv":[14.75,6.75,14.5,7.75],"texture":"#texture"},"east":{"uv":[14.5,6.75,14.75,7.75],"texture":"#texture"}}},{"__comment":"6x64","from":[6.75,13.25,5],"to":[7,14.25,5.75],"faces":{"down":{"uv":[1.75,6.25,2.5,6],"rotation":90,"texture":"#texture"},"up":{"uv":[1.75,5.25,2.5,5.5],"rotation":270,"texture":"#texture"},"north":{"uv":[2.5,5.25,2.25,6.25],"texture":"#texture"},"south":{"uv":[1.75,5.25,2,6.25],"texture":"#texture"},"west":{"uv":[2.5,5.25,1.75,6.25],"texture":"#texture"},"east":{"uv":[1.75,5.25,2.5,6.25],"texture":"#texture"}}},{"__comment":"6x64","from":[6.75,14.25,5],"to":[7,14.5,5.5],"faces":{"up":{"uv":[2,5,2.5,5.25],"rotation":270,"texture":"#texture"},"north":{"uv":[2.5,5,2.25,5.25],"texture":"#texture"},"south":{"uv":[2,5,2.25,5.25],"texture":"#texture"},"west":{"uv":[2.5,5,2,5.25],"texture":"#texture"},"east":{"uv":[2,5,2.5,5.25],"texture":"#texture"}}},{"__comment":"6x64","from":[6.75,12.5,3.75],"to":[7,13.25,5.5],"faces":{"down":{"uv":[2,7,3.75,6.75],"rotation":90,"texture":"#texture"},"up":{"uv":[2,6.25,3.75,6.5],"rotation":270,"texture":"#texture"},"north":{"uv":[3.75,6.25,3.5,7],"texture":"#texture"},"south":{"uv":[2,6.25,2.25,7],"texture":"#texture"},"west":{"uv":[3.75,6.25,2,7],"texture":"#texture"},"east":{"uv":[2,6.25,3.75,7],"texture":"#texture"}}},{"__comment":"6x64","from":[6.75,14.5,4.75],"to":[7,14.75,5.25],"faces":{"down":{"uv":[2.25,5,2.75,4.75],"rotation":90,"texture":"#texture"},"up":{"uv":[2.25,4.75,2.75,5],"rotation":270,"texture":"#texture"},"north":{"uv":[2.75,4.75,2.5,5],"texture":"#texture"},"south":{"uv":[2.25,4.75,2.5,5],"texture":"#texture"},"west":{"uv":[2.75,4.75,2.25,5],"texture":"#texture"},"east":{"uv":[2.25,4.75,2.75,5],"texture":"#texture"}}},{"__comment":"6x64","from":[6.75,11.25,4],"to":[7,12.5,5.25],"faces":{"down":{"uv":[2.25,8.25,3.5,8],"rotation":90,"texture":"#texture"},"north":{"uv":[3.5,7,3.25,8.25],"texture":"#texture"},"south":{"uv":[2.25,7,2.5,8.25],"texture":"#texture"},"west":{"uv":[3.5,7,2.25,8.25],"texture":"#texture"},"east":{"uv":[2.25,7,3.5,8.25],"texture":"#texture"}}},{"__comment":"6x64","from":[6.75,14.75,4.5],"to":[7,15,5],"faces":{"down":{"uv":[2.5,4.75,3,4.5],"rotation":90,"texture":"#texture"},"up":{"uv":[2.5,4.5,3,4.75],"rotation":270,"texture":"#texture"},"north":{"uv":[3,4.5,2.75,4.75],"texture":"#texture"},"south":{"uv":[2.5,4.5,2.75,4.75],"texture":"#texture"},"west":{"uv":[3,4.5,2.5,4.75],"texture":"#texture"},"east":{"uv":[2.5,4.5,3,4.75],"texture":"#texture"}}},{"__comment":"6x64","from":[6.75,13.25,4.75],"to":[7,13.5,5],"faces":{"up":{"uv":[2.5,6,2.75,6.25],"rotation":270,"texture":"#texture"},"north":{"uv":[2.75,6,2.5,6.25],"texture":"#texture"},"west":{"uv":[2.75,6,2.5,6.25],"texture":"#texture"},"east":{"uv":[2.5,6,2.75,6.25],"texture":"#texture"}}},{"__comment":"6x64","from":[6.75,10,3.75],"to":[7,11.25,5],"faces":{"down":{"uv":[2.5,9.5,3.75,9.25],"rotation":90,"texture":"#texture"},"up":{"uv":[2.5,8.25,3.75,8.5],"rotation":270,"texture":"#texture"},"south":{"uv":[2.5,8.25,2.75,9.5],"texture":"#texture"},"west":{"uv":[3.75,8.25,2.5,9.5],"texture":"#texture"},"east":{"uv":[2.5,8.25,3.75,9.5],"texture":"#texture"}}},{"__comment":"6x64","from":[6.75,13.25,3.5],"to":[7,13.75,4.5],"faces":{"down":{"uv":[3,6.25,4,6],"rotation":90,"texture":"#texture"},"up":{"uv":[3,5.75,4,6],"rotation":270,"texture":"#texture"},"south":{"uv":[3,5.75,3.25,6.25],"texture":"#texture"},"west":{"uv":[4,5.75,3,6.25],"texture":"#texture"},"east":{"uv":[3,5.75,4,6.25],"texture":"#texture"}}},{"__comment":"6x64","from":[6.75,5.875,4],"to":[7,10,4.25],"faces":{"down":{"uv":[3,13.75,3.25,13.5],"rotation":90,"texture":"#texture"},"south":{"uv":[3,9.5,3.25,13.75],"texture":"#texture"},"west":{"uv":[3.25,9.5,3,13.75],"texture":"#texture"},"east":{"uv":[3,9.5,3.25,13.75],"texture":"#texture"}}},{"__comment":"6x64","from":[6.75,13.75,4],"to":[7,15.25,4.25],"faces":{"up":{"uv":[3.25,4.25,3.5,4.5],"rotation":270,"texture":"#texture"},"north":{"uv":[3.5,4.25,3.25,5.75],"texture":"#texture"},"south":{"uv":[3.25,4.25,3.5,5.75],"texture":"#texture"},"west":{"uv":[3.5,4.25,3.25,5.75],"texture":"#texture"},"east":{"uv":[3.25,4.25,3.5,5.75],"texture":"#texture"}}},{"__comment":"6x64","from":[6.75,4.5,3.75],"to":[7,10,4],"faces":{"north":{"uv":[3.5,9.5,3.25,13.25],"texture":"#texture"},"south":{"uv":[3.25,9.5,3.5,13.25],"texture":"#texture"},"west":{"uv":[3.5,9.5,3.25,13.25],"texture":"#texture"},"east":{"uv":[3.25,9.5,3.5,13.25],"texture":"#texture"}}},{"__comment":"6x64","from":[6.75,14.25,3.75],"to":[7,15.75,4],"faces":{"up":{"uv":[3.5,3.75,3.75,4],"rotation":270,"texture":"#texture"},"north":{"uv":[3.75,3.75,3.5,5.25],"texture":"#texture"},"south":{"uv":[3.5,3.75,3.75,5.25],"texture":"#texture"},"west":{"uv":[3.75,3.75,3.5,5.25],"texture":"#texture"},"east":{"uv":[3.5,3.75,3.75,5.25],"texture":"#texture"}}},{"__comment":"6x64","from":[6.75,13.75,3.75],"to":[7,14,4],"faces":{"west":{"uv":[3.75,5.5,3.5,5.75],"texture":"#texture"},"east":{"uv":[3.5,5.5,3.75,5.75],"texture":"#texture"}}},{"__comment":"6x64","from":[6.75,12,3.75],"to":[7,12.5,4],"faces":{"west":{"uv":[3.75,7,3.5,7.5],"texture":"#texture"},"east":{"uv":[3.5,7,3.75,7.5],"texture":"#texture"}}},{"__comment":"6x64","from":[6.75,8.5,3.5],"to":[7,9,3.75],"faces":{"west":{"uv":[3.75,10.5,3.5,11],"texture":"#texture"},"east":{"uv":[3.5,10.5,3.75,11],"texture":"#texture"}}},{"__comment":"6x64","from":[6.75,15.25,3.5],"to":[7,16.25,3.75],"faces":{"up":{"uv":[3.75,3.25,4,3.5],"rotation":270,"texture":"#texture","cullface":"up"},"north":{"uv":[4,3.25,3.75,4.25],"texture":"#texture","cullface":"up"},"south":{"uv":[3.75,3.25,4,4.25],"texture":"#texture","cullface":"up"},"west":{"uv":[4,3.25,3.75,4.25],"texture":"#texture","cullface":"up"},"east":{"uv":[3.75,3.25,4,4.25],"texture":"#texture","cullface":"up"}}},{"__comment":"6x64","from":[6.75,13,3.5],"to":[7,13.25,3.75],"faces":{"west":{"uv":[4,6.25,3.75,6.5],"texture":"#texture"},"east":{"uv":[3.75,6.25,4,6.5],"texture":"#texture"}}},{"__comment":"6x64","from":[6.75,15.5,3.25],"to":[7,16.25,3.5],"faces":{"up":{"uv":[4,3.25,4.25,3.5],"rotation":270,"texture":"#texture","cullface":"up"},"north":{"uv":[4.25,3.25,4,4],"texture":"#texture","cullface":"up"},"west":{"uv":[4.25,3.25,4,4],"texture":"#texture","cullface":"up"},"east":{"uv":[4,3.25,4.25,4],"texture":"#texture","cullface":"up"}}},{"__comment":"6x64","from":[6.75,15.75,3],"to":[7,16.25,3.25],"faces":{"up":{"uv":[4.25,3.25,4.5,3.5],"rotation":270,"texture":"#texture","cullface":"up"},"north":{"uv":[4.5,3.25,4.25,3.75],"texture":"#texture","cullface":"up"},"west":{"uv":[4.5,3.25,4.25,3.75],"texture":"#texture","cullface":"up"},"east":{"uv":[4.25,3.25,4.5,3.75],"texture":"#texture","cullface":"up"}}},{"__comment":"6x64","from":[6.75,16,2.75],"to":[7,16.5,3],"faces":{"up":{"uv":[4.5,3,4.75,3.25],"rotation":270,"texture":"#texture","cullface":"up"},"north":{"uv":[4.75,3,4.5,3.5],"texture":"#texture","cullface":"up"},"south":{"uv":[4.5,3,4.75,3.5],"texture":"#texture","cullface":"up"},"west":{"uv":[4.75,3,4.5,3.5],"texture":"#texture","cullface":"up"},"east":{"uv":[4.5,3,4.75,3.5],"texture":"#texture","cullface":"up"}}},{"__comment":"6x64","from":[6.75,16.25,2.5],"to":[7,16.5,2.75],"faces":{"up":{"uv":[4.75,3,5,3.25],"rotation":270,"texture":"#texture","cullface":"up"},"west":{"uv":[5,3,4.75,3.25],"texture":"#texture","cullface":"up"},"east":{"uv":[4.75,3,5,3.25],"texture":"#texture","cullface":"up"}}},{"__comment":"1x64","from":[6.75,14,2.5],"to":[7.25,14.25,4],"faces":{"down":{"uv":[3.5,5.5,5,5.25],"rotation":90,"texture":"#texture"},"up":{"uv":[3.5,5.25,5,5.5],"rotation":270,"texture":"#texture"},"south":{"uv":[3.5,5.25,3.75,5.5],"texture":"#texture"},"west":{"uv":[5,5.25,3.5,5.5],"texture":"#texture"},"east":{"uv":[3.5,5.25,5,5.5],"texture":"#texture"}}},{"__comment":"1x64","from":[6.75,11.5,3],"to":[7.25,12,4],"faces":{"down":{"uv":[3.5,8,4.5,7.75],"rotation":90,"texture":"#texture"},"up":{"uv":[3.5,7.5,4.5,7.75],"rotation":270,"texture":"#texture"},"west":{"uv":[4.5,7.5,3.5,8],"texture":"#texture"},"east":{"uv":[3.5,7.5,4.5,8],"texture":"#texture"}}},{"__comment":"1x64","from":[6.75,9,2.75],"to":[7.25,10,3.75],"faces":{"down":{"uv":[3.5,10.5,4.5,10.25],"rotation":90,"texture":"#texture"},"up":{"uv":[3.5,9.5,4.5,9.75],"rotation":270,"texture":"#texture"},"south":{"uv":[3.5,9.5,3.75,10.5],"texture":"#texture"},"west":{"uv":[4.5,9.5,3.5,10.5],"texture":"#texture"},"east":{"uv":[3.5,9.5,4.5,10.5],"texture":"#texture"}}},{"__comment":"1x64","from":[6.75,8.25,2.75],"to":[7.25,8.5,3.75],"faces":{"down":{"uv":[3.5,11.25,4.5,11],"rotation":90,"texture":"#texture"},"up":{"uv":[3.5,11,4.5,11.25],"rotation":270,"texture":"#texture"},"south":{"uv":[3.5,11,3.75,11.25],"texture":"#texture"},"west":{"uv":[4.5,11,3.5,11.25],"texture":"#texture"},"east":{"uv":[3.5,11,4.5,11.25],"texture":"#texture"}}},{"__comment":"1x64","from":[6.75,5.75,3.25],"to":[7.25,8,3.75],"faces":{"down":{"uv":[3.5,13.25,4,13],"rotation":90,"texture":"#texture"},"north":{"uv":[4,11.5,3.75,13.25],"texture":"#texture"},"south":{"uv":[3.5,11.5,3.75,13.25],"texture":"#texture"},"west":{"uv":[4,11.5,3.5,13.25],"texture":"#texture"},"east":{"uv":[3.5,11.5,4,13.25],"texture":"#texture"}}},{"__comment":"1x64","from":[6.75,14.25,2.5],"to":[7.25,15.25,3.75],"faces":{"up":{"uv":[3.75,4.25,5,4.5],"rotation":270,"texture":"#texture"},"south":{"uv":[3.75,4.25,4,5.25],"texture":"#texture"},"west":{"uv":[5,4.25,3.75,5.25],"texture":"#texture"},"east":{"uv":[3.75,4.25,5,5.25],"texture":"#texture"}}},{"__comment":"1x64","from":[6.75,13.75,2.5],"to":[7.25,14,3.75],"faces":{"down":{"uv":[3.75,5.75,5,5.5],"rotation":90,"texture":"#texture"},"south":{"uv":[3.75,5.5,4,5.75],"texture":"#texture"},"west":{"uv":[5,5.5,3.75,5.75],"texture":"#texture"},"east":{"uv":[3.75,5.5,5,5.75],"texture":"#texture"}}},{"__comment":"1x64","from":[6.75,12,3],"to":[7.25,13,3.75],"faces":{"up":{"uv":[3.75,6.5,4.5,6.75],"rotation":270,"texture":"#texture"},"north":{"uv":[4.5,6.5,4.25,7.5],"texture":"#texture"},"south":{"uv":[3.75,6.5,4,7.5],"texture":"#texture"},"west":{"uv":[4.5,6.5,3.75,7.5],"texture":"#texture"},"east":{"uv":[3.75,6.5,4.5,7.5],"texture":"#texture"}}},{"__comment":"1x64","from":[6.75,10,3],"to":[7.25,11.5,3.75],"faces":{"north":{"uv":[4.5,8,4.25,9.5],"texture":"#texture"},"west":{"uv":[4.5,8,3.75,9.5],"texture":"#texture"},"east":{"uv":[3.75,8,4.5,9.5],"texture":"#texture"}}},{"__comment":"1x64","from":[6.5,8.5,2.75],"to":[7,9,3.5],"faces":{"north":{"uv":[4.5,10.5,4.25,11],"texture":"#texture"},"south":{"uv":[3.75,10.5,4,11],"texture":"#texture"},"east":{"uv":[3.75,10.5,4.5,11],"texture":"#texture"}}},{"__comment":"1x64","from":[6.75,8,3.25],"to":[7.25,8.25,3.75],"faces":{"south":{"uv":[3.75,11.25,4,11.5],"texture":"#texture"},"west":{"uv":[4.25,11.25,3.75,11.5],"texture":"#texture"},"east":{"uv":[3.75,11.25,4.25,11.5],"texture":"#texture"}}},{"__comment":"1x64","from":[6.75,15.25,2.5],"to":[7.25,15.5,3.5],"faces":{"up":{"uv":[4,4,5,4.25],"rotation":270,"texture":"#texture"},"south":{"uv":[4,4,4.25,4.25],"texture":"#texture"},"west":{"uv":[5,4,4,4.25],"texture":"#texture"},"east":{"uv":[4,4,5,4.25],"texture":"#texture"}}},{"__comment":"1x64","from":[6.75,13,3],"to":[7.25,13.75,3.5],"faces":{"south":{"uv":[4,5.75,4.25,6.5],"texture":"#texture"},"west":{"uv":[4.5,5.75,4,6.5],"texture":"#texture"},"east":{"uv":[4,5.75,4.5,6.5],"texture":"#texture"}}},{"__comment":"1x64","from":[6.75,15.5,2.5],"to":[7.25,15.75,3.25],"faces":{"south":{"uv":[4.25,3.75,4.5,4],"texture":"#texture"},"west":{"uv":[5,3.75,4.25,4],"texture":"#texture"},"east":{"uv":[4.25,3.75,5,4],"texture":"#texture"}}},{"__comment":"1x64","from":[6.75,16,1.875],"to":[7.25,16.25,2.75],"faces":{"down":{"uv":[4.75,3.5,5.75,3.25],"rotation":90,"texture":"#texture","cullface":"up"},"up":{"uv":[4.75,3.25,5.75,3.5],"rotation":270,"texture":"#texture","cullface":"up"},"south":{"uv":[4.75,3.25,5,3.5],"texture":"#texture","cullface":"up"},"west":{"uv":[5.75,3.25,4.75,3.5],"texture":"#texture","cullface":"up"},"east":{"uv":[4.75,3.25,5.75,3.5],"texture":"#texture","cullface":"up"}}},{"__comment":"1x64","from":[6.75,16.25,1.5],"to":[7.25,16.75,2.5],"faces":{"up":{"uv":[5,2.75,6,3],"rotation":270,"texture":"#texture","cullface":"up"},"south":{"uv":[5,2.75,5.25,3.25],"texture":"#texture","cullface":"up"},"west":{"uv":[6,2.75,5,3.25],"texture":"#texture","cullface":"up"},"east":{"uv":[5,2.75,6,3.25],"texture":"#texture","cullface":"up"}}},{"__comment":"3x64*","from":[6.125,2.5,2.5],"to":[6.5,2.75,3],"faces":{"down":{"uv":[13,7.5,13.5,7.25],"rotation":90,"texture":"#texture"},"up":{"uv":[13,7.25,13.5,7.5],"rotation":270,"texture":"#texture"},"north":{"uv":[13.5,7.25,13.25,7.5],"texture":"#texture"},"south":{"uv":[13,7.25,13.25,7.5],"texture":"#texture"},"west":{"uv":[13.5,7.25,13,7.5],"texture":"#texture"}}},{"__comment":"3x64*","from":[6.125,2.75,2.5],"to":[6.5,3.25,2.75],"faces":{"up":{"uv":[13.25,6.75,13.5,7],"rotation":270,"texture":"#texture"},"north":{"uv":[13.5,6.75,13.25,7.25],"texture":"#texture"},"south":{"uv":[13.25,6.75,13.5,7.25],"texture":"#texture"},"west":{"uv":[13.5,6.75,13.25,7.25],"texture":"#texture"}}},{"__comment":"3x64*","from":[6.125,2.25,2.5],"to":[6.5,2.5,2.75],"faces":{"down":{"uv":[13.25,7.75,13.5,7.5],"rotation":90,"texture":"#texture"},"north":{"uv":[13.5,7.5,13.25,7.75],"texture":"#texture"},"south":{"uv":[13.25,7.5,13.5,7.75],"texture":"#texture"},"west":{"uv":[13.5,7.5,13.25,7.75],"texture":"#texture"}}},{"__comment":"2x64*","from":[6.25,2.5,2.25],"to":[6.5,2.75,3.25],"faces":{"down":{"uv":[12.75,7.5,13.75,7.25],"rotation":90,"texture":"#texture"},"up":{"uv":[12.75,7.25,13.75,7.5],"rotation":270,"texture":"#texture"},"north":{"uv":[13.75,7.25,13.5,7.5],"texture":"#texture"},"south":{"uv":[12.75,7.25,13,7.5],"texture":"#texture"},"west":{"uv":[13.75,7.25,12.75,7.5],"texture":"#texture"}}},{"__comment":"2x64*","from":[6.25,2.75,2.25],"to":[6.5,3.25,3],"faces":{"up":{"uv":[13,6.75,13.75,7],"rotation":270,"texture":"#texture"},"north":{"uv":[13.75,6.75,13.5,7.25],"texture":"#texture"},"south":{"uv":[13,6.75,13.25,7.25],"texture":"#texture"},"west":{"uv":[13.75,6.75,13,7.25],"texture":"#texture"}}},{"__comment":"2x64*","from":[6.25,2.25,2.25],"to":[6.5,2.5,3],"faces":{"down":{"uv":[13,7.75,13.75,7.5],"rotation":90,"texture":"#texture"},"north":{"uv":[13.75,7.5,13.5,7.75],"texture":"#texture"},"west":{"uv":[13.75,7.5,13,7.75],"texture":"#texture"}}},{"__comment":"2x64*","from":[6.25,3.25,2.25],"to":[6.5,3.75,2.75],"faces":{"up":{"uv":[13.25,6.25,13.75,6.5],"rotation":270,"texture":"#texture"},"north":{"uv":[13.75,6.25,13.5,6.75],"texture":"#texture"},"south":{"uv":[13.25,6.25,13.5,6.75],"texture":"#texture"},"west":{"uv":[13.75,6.25,13.25,6.75],"texture":"#texture"}}},{"__comment":"2x64*","from":[6.25,2,2.25],"to":[6.5,2.25,2.75],"faces":{"north":{"uv":[13.75,7.75,13.5,8],"texture":"#texture"},"west":{"uv":[13.75,7.75,13.25,8],"texture":"#texture"}}},{"__comment":"1x64*","from":[6.25,2.25,3],"to":[6.5,2.5,3.25],"faces":{"down":{"uv":[12.75,7.75,13,7.5],"rotation":90,"texture":"#texture"},"south":{"uv":[12.75,7.5,13,7.75],"texture":"#texture"},"west":{"uv":[13,7.5,12.75,7.75],"texture":"#texture"}}},{"__comment":"1x64*","from":[6.25,2,2.75],"to":[6.5,2.25,3],"faces":{"down":{"uv":[13,8,13.25,7.75],"rotation":90,"texture":"#texture"},"south":{"uv":[13,7.75,13.25,8],"texture":"#texture"},"west":{"uv":[13.25,7.75,13,8],"texture":"#texture"}}},{"__comment":"1x64*","from":[6.25,1.75,2.25],"to":[6.5,2,2.75],"faces":{"down":{"uv":[13.25,8.25,13.75,8],"rotation":90,"texture":"#texture"},"north":{"uv":[13.75,8,13.5,8.25],"texture":"#texture"},"south":{"uv":[13.25,8,13.5,8.25],"texture":"#texture"},"west":{"uv":[13.75,8,13.25,8.25],"texture":"#texture"},"east":{"uv":[13.25,8,13.75,8.25],"texture":"#texture"}}},{"__comment":"1x64*","from":[6.25,1.5,2.25],"to":[6.5,1.75,2.5],"faces":{"down":{"uv":[13.5,8.5,13.75,8.25],"rotation":90,"texture":"#texture"},"north":{"uv":[13.75,8.25,13.5,8.5],"texture":"#texture"},"south":{"uv":[13.5,8.25,13.75,8.5],"texture":"#texture"},"west":{"uv":[13.75,8.25,13.5,8.5],"texture":"#texture"},"east":{"uv":[13.5,8.25,13.75,8.5],"texture":"#texture"}}},{"__comment":"1x64*","from":[7.375,2.25,3.25],"to":[7.5,2.75,3.5],"faces":{"north":{"uv":[12.75,7.25,12.5,7.75],"texture":"#texture"},"west":{"uv":[12.75,7.25,12.5,7.75],"texture":"#texture"}}},{"__comment":"1x64*","from":[7.375,2.75,3],"to":[7.5,3.25,3.25],"faces":{"west":{"uv":[13,6.75,12.75,7.25],"texture":"#texture"}}},{"__comment":"1x64*","from":[7.375,3.25,2.75],"to":[7.5,3.75,3],"faces":{"west":{"uv":[13.25,6.25,13,6.75],"texture":"#texture"}}},{"__comment":"1x64*","from":[7.375,3.75,2.25],"to":[7.5,4,2.75],"faces":{"west":{"uv":[13.75,6,13.25,6.25],"texture":"#texture"}}},{"__comment":"1x64*","from":[7.375,2,2],"to":[7.5,3.5,2.25],"faces":{"south":{"uv":[13.75,6.5,14,8],"texture":"#texture"},"west":{"uv":[14,6.5,13.75,8],"texture":"#texture"},"east":{"uv":[13.75,6.5,14,8],"texture":"#texture"}}},{"__comment":"3x64*","from":[7.375,2.5,2.5],"to":[7.75,2.75,3],"faces":{"down":{"uv":[13,7.5,13.5,7.25],"rotation":90,"texture":"#texture"},"up":{"uv":[13,7.25,13.5,7.5],"rotation":270,"texture":"#texture"},"north":{"uv":[13.5,7.25,13.25,7.5],"texture":"#texture"},"south":{"uv":[13,7.25,13.25,7.5],"texture":"#texture"},"west":{"uv":[13.5,7.25,13,7.5],"texture":"#texture"}}},{"__comment":"3x64*","from":[7.375,2.75,2.5],"to":[7.75,3.25,2.75],"faces":{"up":{"uv":[13.25,6.75,13.5,7],"rotation":270,"texture":"#texture"},"north":{"uv":[13.5,6.75,13.25,7.25],"texture":"#texture"},"south":{"uv":[13.25,6.75,13.5,7.25],"texture":"#texture"},"west":{"uv":[13.5,6.75,13.25,7.25],"texture":"#texture"}}},{"__comment":"3x64*","from":[7.375,2.25,2.5],"to":[7.75,2.5,2.75],"faces":{"down":{"uv":[13.25,7.75,13.5,7.5],"rotation":90,"texture":"#texture"},"north":{"uv":[13.5,7.5,13.25,7.75],"texture":"#texture"},"south":{"uv":[13.25,7.5,13.5,7.75],"texture":"#texture"},"west":{"uv":[13.5,7.5,13.25,7.75],"texture":"#texture"}}},{"__comment":"2x64*","from":[7.5,2.5,2.25],"to":[7.75,2.75,3.25],"faces":{"down":{"uv":[12.75,7.5,13.75,7.25],"rotation":90,"texture":"#texture"},"up":{"uv":[12.75,7.25,13.75,7.5],"rotation":270,"texture":"#texture"},"north":{"uv":[13.75,7.25,13.5,7.5],"texture":"#texture"},"south":{"uv":[12.75,7.25,13,7.5],"texture":"#texture"},"east":{"uv":[12.75,7.25,13.75,7.5],"texture":"#texture"}}},{"__comment":"2x64*","from":[7.5,2.75,2.25],"to":[7.75,3.25,3],"faces":{"up":{"uv":[13,6.75,13.75,7],"rotation":270,"texture":"#texture"},"north":{"uv":[13.75,6.75,13.5,7.25],"texture":"#texture"},"south":{"uv":[13,6.75,13.25,7.25],"texture":"#texture"},"east":{"uv":[13,6.75,13.75,7.25],"texture":"#texture"}}},{"__comment":"2x64*","from":[7.5,2.25,2.25],"to":[7.75,2.5,3],"faces":{"down":{"uv":[13,7.75,13.75,7.5],"rotation":90,"texture":"#texture"},"north":{"uv":[13.75,7.5,13.5,7.75],"texture":"#texture"},"east":{"uv":[13,7.5,13.75,7.75],"texture":"#texture"}}},{"__comment":"2x64*","from":[7.5,3.25,2.25],"to":[7.75,3.75,2.75],"faces":{"up":{"uv":[13.25,6.25,13.75,6.5],"rotation":270,"texture":"#texture"},"north":{"uv":[13.75,6.25,13.5,6.75],"texture":"#texture"},"south":{"uv":[13.25,6.25,13.5,6.75],"texture":"#texture"},"east":{"uv":[13.25,6.25,13.75,6.75],"texture":"#texture"}}},{"__comment":"2x64*","from":[7.5,2,2.25],"to":[7.75,2.25,2.75],"faces":{"north":{"uv":[13.75,7.75,13.5,8],"texture":"#texture"},"west":{"uv":[13.75,7.75,13.25,8],"texture":"#texture"},"east":{"uv":[13.25,7.75,13.75,8],"texture":"#texture"}}},{"__comment":"1x64*","from":[6.875,-3.625,2.25],"to":[7.125,-2.875,2.75],"faces":{"down":{"uv":[12,15,12.25,14.75],"rotation":90,"texture":"#texture","cullface":"down"},"north":{"uv":[12.25,14.25,12,15],"texture":"#texture","cullface":"down"},"south":{"uv":[12,14.25,12.25,15],"texture":"#texture","cullface":"down"},"west":{"uv":[12.25,14.25,12,15],"texture":"#texture","cullface":"down"},"east":{"uv":[12,14.25,12.25,15],"texture":"#texture","cullface":"down"}}},{"__comment":"1x64*","from":[6.875,-3.5,1.625],"to":[7.125,-3.25,2.5],"faces":{"down":{"uv":[12.25,14.25,13,14],"rotation":90,"texture":"#texture","cullface":"down"},"up":{"uv":[12.25,14,13,14.25],"rotation":270,"texture":"#texture","cullface":"down"},"south":{"uv":[12.25,14,12.5,14.25],"texture":"#texture","cullface":"down"},"west":{"uv":[13,14,12.25,14.25],"texture":"#texture","cullface":"down"},"east":{"uv":[12.25,14,13,14.25],"texture":"#texture","cullface":"down"}}},{"__comment":"1x64*","from":[6.875,-2.75,2],"to":[7.125,-2.5,2.75],"faces":{"down":{"uv":[12.25,15.25,13,15],"rotation":90,"texture":"#texture","cullface":"down"},"up":{"uv":[12.25,15,13,15.25],"rotation":270,"texture":"#texture","cullface":"down"},"north":{"uv":[13,15,12.75,15.25],"texture":"#texture","cullface":"down"},"west":{"uv":[13,15,12.25,15.25],"texture":"#texture","cullface":"down"},"east":{"uv":[12.25,15,13,15.25],"texture":"#texture","cullface":"down"}}},{"__comment":"1x64*","from":[6.625,-2.75,3],"to":[7.375,-0.75,3.5],"faces":{"down":{"uv":[12.5,13.75,13,13.5],"rotation":90,"texture":"#texture","cullface":"down"},"up":{"uv":[12.5,11.75,13,12],"rotation":270,"texture":"#texture","cullface":"down"},"north":{"uv":[13,11.75,12.75,13.75],"texture":"#texture","cullface":"down"},"south":{"uv":[12.5,11.75,12.75,13.75],"texture":"#texture","cullface":"down"},"west":{"uv":[13,11.75,12.5,13.75],"texture":"#texture","cullface":"down"},"east":{"uv":[12.5,11.75,13,13.75],"texture":"#texture","cullface":"down"}}},{"__comment":"1x64*","from":[7.5,2.25,3],"to":[7.75,2.5,3.25],"faces":{"down":{"uv":[12.75,7.75,13,7.5],"rotation":90,"texture":"#texture"},"south":{"uv":[12.75,7.5,13,7.75],"texture":"#texture"},"east":{"uv":[12.75,7.5,13,7.75],"texture":"#texture"}}},{"__comment":"1x64*","from":[6.75,-0.75,2.75],"to":[7.125,-0.5,3.25],"faces":{"down":{"uv":[12.75,11.75,13.25,11.5],"rotation":90,"texture":"#texture","cullface":"down"},"north":{"uv":[13.25,11.5,13,11.75],"texture":"#texture","cullface":"down"},"west":{"uv":[13.25,11.5,12.75,11.75],"texture":"#texture","cullface":"down"},"east":{"uv":[12.75,11.5,13.25,11.75],"texture":"#texture","cullface":"down"}}},{"__comment":"1x64*","from":[7.5,2,2.75],"to":[7.75,2.25,3],"faces":{"down":{"uv":[13,8,13.25,7.75],"rotation":90,"texture":"#texture"},"south":{"uv":[13,7.75,13.25,8],"texture":"#texture"},"west":{"uv":[13.25,7.75,13,8],"texture":"#texture"},"east":{"uv":[13,7.75,13.25,8],"texture":"#texture"}}},{"__comment":"1x64*","from":[6.75,-1.25,2.75],"to":[7.125,-0.75,3],"faces":{"down":{"uv":[13,12.25,13.25,12],"rotation":90,"texture":"#texture","cullface":"down"},"north":{"uv":[13.25,11.75,13,12.25],"texture":"#texture","cullface":"down"},"west":{"uv":[13.25,11.75,13,12.25],"texture":"#texture","cullface":"down"},"east":{"uv":[13,11.75,13.25,12.25],"texture":"#texture","cullface":"down"}}},{"__comment":"1x64*","from":[6.875,-3.375,1.75],"to":[7.125,-2.625,2],"faces":{"down":{"uv":[13,15,13.25,14.75],"rotation":90,"texture":"#texture","cullface":"down"},"up":{"uv":[13,14.25,13.25,14.5],"rotation":270,"texture":"#texture","cullface":"down"},"north":{"uv":[13.25,14.25,13,15],"texture":"#texture","cullface":"down"},"south":{"uv":[13,14.25,13.25,15],"texture":"#texture","cullface":"down"},"west":{"uv":[13.25,14.25,13,15],"texture":"#texture","cullface":"down"},"east":{"uv":[13,14.25,13.25,15],"texture":"#texture","cullface":"down"}}},{"__comment":"1x64*","from":[7.5,1.75,2.25],"to":[7.75,2,2.75],"faces":{"down":{"uv":[13.25,8.25,13.75,8],"rotation":90,"texture":"#texture"},"north":{"uv":[13.75,8,13.5,8.25],"texture":"#texture"},"south":{"uv":[13.25,8,13.5,8.25],"texture":"#texture"},"west":{"uv":[13.75,8,13.25,8.25],"texture":"#texture"},"east":{"uv":[13.25,8,13.75,8.25],"texture":"#texture"}}},{"__comment":"1x64*","from":[7.5,1.5,2.25],"to":[7.75,1.75,2.5],"faces":{"down":{"uv":[13.5,8.5,13.75,8.25],"rotation":90,"texture":"#texture"},"north":{"uv":[13.75,8.25,13.5,8.5],"texture":"#texture"},"south":{"uv":[13.5,8.25,13.75,8.5],"texture":"#texture"},"west":{"uv":[13.75,8.25,13.5,8.5],"texture":"#texture"},"east":{"uv":[13.5,8.25,13.75,8.5],"texture":"#texture"}}},{"__comment":"1x64*","from":[6.625,-2.75,2.875],"to":[7.25,-0.875,3.25],"faces":{"down":{"uv":[12.5,13.75,13,13.5],"rotation":90,"texture":"#texture","cullface":"down"},"up":{"uv":[12.5,11.75,13,12],"rotation":270,"texture":"#texture","cullface":"down"},"north":{"uv":[13,11.75,12.75,13.75],"texture":"#texture","cullface":"down"},"south":{"uv":[12.5,11.75,12.75,13.75],"texture":"#texture","cullface":"down"},"west":{"uv":[13,11.75,12.5,13.75],"texture":"#texture","cullface":"down"},"east":{"uv":[12.5,11.75,13,13.75],"texture":"#texture","cullface":"down"}}},{"__comment":"3x64*","from":[7.5,2.5,2.5],"to":[7.875,2.75,3],"faces":{"down":{"uv":[13,7.5,13.5,7.25],"rotation":90,"texture":"#texture"},"up":{"uv":[13,7.25,13.5,7.5],"rotation":270,"texture":"#texture"},"north":{"uv":[13.5,7.25,13.25,7.5],"texture":"#texture"},"south":{"uv":[13,7.25,13.25,7.5],"texture":"#texture"},"east":{"uv":[13,7.25,13.5,7.5],"texture":"#texture"}}},{"__comment":"3x64*","from":[7.5,2.75,2.5],"to":[7.875,3.25,2.75],"faces":{"up":{"uv":[13.25,6.75,13.5,7],"rotation":270,"texture":"#texture"},"north":{"uv":[13.5,6.75,13.25,7.25],"texture":"#texture"},"south":{"uv":[13.25,6.75,13.5,7.25],"texture":"#texture"},"east":{"uv":[13.25,6.75,13.5,7.25],"texture":"#texture"}}},{"__comment":"9x64*","from":[6.25,4.5,2.75],"to":[7.5,5.25,3],"faces":{"down":{"uv":[12.5,6.25,12.75,6],"rotation":90,"texture":"#texture"},"up":{"uv":[12.5,5.5,12.75,5.75],"rotation":270,"texture":"#texture"},"north":{"uv":[12.75,5.5,12.5,6.25],"texture":"#texture"},"west":{"uv":[12.75,5.5,12.5,6.25],"texture":"#texture"}}},{"from":[7,15.875,2.875],"to":[7.0625,19.75,7],"faces":{"west":{"uv":[5,0,0.75,3.75],"texture":"#iron_sword_1","cullface":"up"},"east":{"uv":[0.75,0,5,3.75],"texture":"#iron_sword_1","cullface":"up"}}},{"from":[6.4375,2,1.5],"to":[6.5,19.75,5.875],"faces":{"west":{"uv":[11,0,5.5,15.5],"texture":"#iron_sword_1","cullface":"up"},"east":{"uv":[5.5,0,11,15.5],"texture":"#iron_sword_1","cullface":"up"}}},{"__comment":"4x64*","from":[6.5,18.25,3.375],"to":[7.5,18.5,4.125],"faces":{"down":{"uv":[5.75,1.25,6.5,1],"rotation":90,"texture":"#texture","cullface":"up"},"up":{"uv":[5.75,1,6.5,1.25],"rotation":270,"texture":"#texture","cullface":"up"},"north":{"uv":[6.5,1,6.25,1.25],"texture":"#texture","cullface":"up"},"south":{"uv":[5.75,1,6,1.25],"texture":"#texture","cullface":"up"}}},{"__comment":"4x64*","from":[6.5,18,3.125],"to":[7.5,18.25,3.875],"faces":{"down":{"uv":[5.75,1.25,6.5,1],"rotation":90,"texture":"#texture","cullface":"up"},"up":{"uv":[5.75,1,6.5,1.25],"rotation":270,"texture":"#texture","cullface":"up"},"north":{"uv":[6.5,1,6.25,1.25],"texture":"#texture","cullface":"up"},"south":{"uv":[5.75,1,6,1.25],"texture":"#texture","cullface":"up"}}},{"from":[7.5,2.125,1.5],"to":[7.5625,19.875,5.875],"faces":{"west":{"uv":[11,0,5.5,15.5],"texture":"#iron_sword_1","cullface":"up"},"east":{"uv":[5.5,0,11,15.5],"texture":"#iron_sword_1","cullface":"up"}}}],"display":{"thirdperson_righthand":{"rotation":[0,180,0],"translation":[-2.65,21.73,-10.02],"scale":[2.5,2.5,2.43]},"thirdperson_lefthand":{"rotation":[0,180,0],"translation":[2.65,21.73,-10.02],"scale":[2.5,2.5,2.43]},"ground":{"rotation":[0,0,90],"translation":[0,0,0],"scale":[1,1,1]},"fixed":{"rotation":[90,-45,90],"translation":[-1.89,-5.1,-1.51],"scale":[1.35,1.32,1.42]},"firstperson_righthand":{"rotation":[-4,13,6],"translation":[8.5,8.31,-1.7],"scale":[1.8,1.8,2]},"firstperson_lefthand":{"rotation":[-4,13,6],"translation":[8.5,8.31,-1.7],"scale":[1.8,1.8,2]},"gui":{"rotation":[94,40,-91],"translation":[2.08,-3.59,3.59],"scale":[0.9,0.9,0.9]}}}