{"__comment":"designedbyhypixelminecraftserverwithbdcraftcubikpro0.87beta-http://bdcraft.net","textures":{"texture":"items/pufferfish_unwrap1"},"elements":[{"from":[7.5,0,7],"to":[8.5,0.5,9],"faces":{"down":{"uv":[6.5,11.5,5.5,9.5],"texture":"#texture","cullface":"down"},"north":{"uv":[11.5,15.5,10.5,16],"texture":"#texture"},"south":{"uv":[10.5,15.5,11.5,16],"texture":"#texture"},"west":{"uv":[10,15.5,12,16],"texture":"#texture"},"east":{"uv":[12,15.5,10,16],"texture":"#texture"}}},{"from":[7.5,0.5,6.5],"to":[8.5,2,9.5],"faces":{"down":{"uv":[10,15.5,9.5,15],"texture":"#texture"},"up":{"uv":[9.5,14,10,14.5],"texture":"#texture"},"north":{"uv":[10,14,9.5,15.5],"texture":"#texture"},"south":{"uv":[9.5,14,10,15.5],"texture":"#texture"},"west":{"uv":[9.5,14,12.5,15.5],"texture":"#texture"},"east":{"uv":[12.5,14,9.5,15.5],"texture":"#texture"}}},{"from":[7.25,0.5,7],"to":[8.75,2,9],"faces":{"down":{"uv":[12,15.5,10,15],"rotation":90,"texture":"#texture"},"up":{"uv":[10,14,12,14.5],"rotation":90,"texture":"#texture"},"north":{"uv":[9.5,14,10,15.5],"texture":"#texture"},"south":{"uv":[9.5,14,10,15.5],"texture":"#texture"},"west":{"uv":[10,14,12,15.5],"texture":"#texture"},"east":{"uv":[12,14,10,15.5],"texture":"#texture"}}},{"from":[7.5,2,7],"to":[8.5,2.5,9.5],"faces":{"up":{"uv":[10.5,11,11.5,13.5],"texture":"#texture"},"north":{"uv":[11.5,13.5,10.5,14],"texture":"#texture"},"south":{"uv":[10.5,13.5,11.5,14],"texture":"#texture"},"west":{"uv":[10,13.5,12.5,14],"texture":"#texture"},"east":{"uv":[12.5,13.5,10,14],"texture":"#texture"}}},{"from":[7.5,2.5,7],"to":[8.5,8.5,9],"faces":{"north":{"uv":[10.5,7.5,11,13.5],"texture":"#texture"},"south":{"uv":[11,7.5,11.5,13.5],"texture":"#texture"},"west":{"uv":[10,7.5,12,13.5],"texture":"#texture"},"east":{"uv":[12,7.5,10,13.5],"texture":"#texture"}}},{"from":[7.25,2,7.5],"to":[8.75,8.5,8.5],"faces":{"north":{"uv":[11.5,7.5,10,14],"texture":"#texture"},"south":{"uv":[10.5,7.5,12,14],"texture":"#texture"},"west":{"uv":[10.5,7.5,11.5,14],"texture":"#texture"},"east":{"uv":[11.5,7.5,10.5,14],"texture":"#texture"}}},{"from":[7.5,9,6.5],"to":[8.5,11,9.5],"faces":{"up":{"uv":[9.5,5,12.5,5.5],"rotation":90,"texture":"#texture"},"north":{"uv":[9.5,5,10,7],"texture":"#texture"},"south":{"uv":[12,5,12.5,7],"texture":"#texture"},"west":{"uv":[9.5,5,12.5,7],"texture":"#texture"},"east":{"uv":[12.5,5,9.5,7],"texture":"#texture"}}},{"from":[7.75,8.5,6],"to":[8.25,11,10],"faces":{"down":{"uv":[6.5,10,6,6],"texture":"#texture"},"up":{"uv":[6,6,6.5,10],"texture":"#texture"},"north":{"uv":[9,5,9.5,7.5],"texture":"#texture"},"south":{"uv":[12.5,5,13,7.5],"texture":"#texture"},"west":{"uv":[9,5,13,7.5],"texture":"#texture"},"east":{"uv":[13,5,9,7.5],"texture":"#texture"}}},{"from":[7.5,9,5.5],"to":[8.5,10,10.5],"faces":{"down":{"uv":[13.5,7,8.5,6.5],"rotation":90,"texture":"#texture"},"up":{"uv":[8.5,6,13.5,6.5],"rotation":90,"texture":"#texture"},"north":{"uv":[8.5,6,9,7],"texture":"#texture"},"south":{"uv":[13,6,13.5,7],"texture":"#texture"},"west":{"uv":[8.5,6,13.5,7],"texture":"#texture"},"east":{"uv":[13.5,6,8.5,7],"texture":"#texture"}}},{"from":[7,9,6],"to":[9,10,10],"faces":{"down":{"uv":[13,7,9,6.5],"rotation":90,"texture":"#texture"},"up":{"uv":[9,6,13,6.5],"rotation":90,"texture":"#texture"},"north":{"uv":[9,6,9.5,7],"texture":"#texture"},"south":{"uv":[12.5,6,13,7],"texture":"#texture"},"west":{"uv":[9,6,13,7],"texture":"#texture"},"east":{"uv":[13,6,9,7],"texture":"#texture"}}},{"from":[7.75,11,6.5],"to":[8.25,13,9.5],"faces":{"up":{"uv":[9.5,3,12.5,3.5],"rotation":90,"texture":"#texture"},"north":{"uv":[9.5,3,10,5],"texture":"#texture"},"south":{"uv":[12,3,12.5,5],"texture":"#texture"},"west":{"uv":[9.5,3,12.5,5],"texture":"#texture"},"east":{"uv":[12.5,3,9.5,5],"texture":"#texture"}}},{"from":[7.5,11,7],"to":[8.5,13,9],"faces":{"up":{"uv":[10,3,12,3.5],"rotation":90,"texture":"#texture"},"north":{"uv":[10,3,10.5,5],"texture":"#texture"},"south":{"uv":[11.5,3,12,5],"texture":"#texture"},"west":{"uv":[10,3,12,5],"texture":"#texture"},"east":{"uv":[12,3,10,5],"texture":"#texture"}}},{"from":[7.25,8.5,6.5],"to":[8.75,9,9.5],"faces":{"down":{"uv":[12.5,7.5,9.5,7],"rotation":90,"texture":"#texture"},"north":{"uv":[12,7,10.5,7.5],"texture":"#texture"},"south":{"uv":[10.5,7,12,7.5],"texture":"#texture"},"west":{"uv":[9.5,7,12.5,7.5],"texture":"#texture"},"east":{"uv":[12.5,7,9.5,7.5],"texture":"#texture"}}},{"from":[7.75,13,7],"to":[8.25,16,9],"faces":{"north":{"uv":[10,0,10.5,3],"texture":"#texture"},"south":{"uv":[11.5,0,12,3],"texture":"#texture"},"west":{"uv":[10,0,12,3],"texture":"#texture"},"east":{"uv":[12,0,10,3],"texture":"#texture"}}},{"from":[7.5,13,7.5],"to":[8.5,16,8.5],"faces":{"north":{"uv":[10.5,0,11,3],"texture":"#texture"},"south":{"uv":[11,0,11.5,3],"texture":"#texture"},"west":{"uv":[10.5,0,11.5,3],"texture":"#texture"},"east":{"uv":[11.5,0,10.5,3],"texture":"#texture"}}},{"from":[7.75,16.5,6.5],"to":[8.25,18,9.5],"faces":{"down":{"uv":[6,15.5,3,15],"rotation":90,"texture":"#texture","cullface":"up"},"north":{"uv":[3,14,3.5,15.5],"texture":"#texture","cullface":"up"},"south":{"uv":[5.5,14,6,15.5],"texture":"#texture","cullface":"up"},"west":{"uv":[3,14,6,15.5],"texture":"#texture","cullface":"up"},"east":{"uv":[6,14,3,15.5],"texture":"#texture","cullface":"up"}}},{"from":[7.5,16.5,7],"to":[8.5,27.5,9],"faces":{"down":{"uv":[5.5,15.5,3.5,15],"rotation":90,"texture":"#texture","cullface":"up"},"up":{"uv":[3.5,4.5,5.5,5],"rotation":90,"texture":"#texture","cullface":"up"},"north":{"uv":[3.5,4.5,4,15.5],"texture":"#texture","cullface":"up"},"south":{"uv":[5,4.5,5.5,15.5],"texture":"#texture","cullface":"up"},"west":{"uv":[3.5,4.5,5.5,15.5],"texture":"#texture","cullface":"up"},"east":{"uv":[5.5,4.5,3.5,15.5],"texture":"#texture","cullface":"up"}}},{"from":[7.75,18,6],"to":[8.25,27.5,10],"faces":{"down":{"uv":[6.5,14,2.5,13.5],"rotation":90,"texture":"#texture","cullface":"up"},"up":{"uv":[2.5,4.5,6.5,5],"rotation":90,"texture":"#texture","cullface":"up"},"north":{"uv":[2.5,4.5,3,14],"texture":"#texture","cullface":"up"},"south":{"uv":[6,4.5,6.5,14],"texture":"#texture","cullface":"up"},"west":{"uv":[2.5,4.5,6.5,14],"texture":"#texture","cullface":"up"},"east":{"uv":[6.5,4.5,2.5,14],"texture":"#texture","cullface":"up"}}},{"from":[7.75,27.5,6.5],"to":[8.25,29.5,9.5],"faces":{"up":{"uv":[3,2.5,6,3],"rotation":90,"texture":"#texture","cullface":"up"},"north":{"uv":[3,2.5,3.5,4.5],"texture":"#texture","cullface":"up"},"south":{"uv":[5.5,2.5,6,4.5],"texture":"#texture","cullface":"up"},"west":{"uv":[3,2.5,6,4.5],"texture":"#texture","cullface":"up"},"east":{"uv":[6,2.5,3,4.5],"texture":"#texture","cullface":"up"}}},{"from":[7.5,27.5,7.5],"to":[8.5,29.5,8.5],"faces":{"up":{"uv":[4,2.5,5,3],"rotation":90,"texture":"#texture","cullface":"up"},"north":{"uv":[4,2.5,4.5,4.5],"texture":"#texture","cullface":"up"},"south":{"uv":[4.5,2.5,5,4.5],"texture":"#texture","cullface":"up"},"west":{"uv":[4,2.5,5,4.5],"texture":"#texture","cullface":"up"},"east":{"uv":[5,2.5,4,4.5],"texture":"#texture","cullface":"up"}}},{"from":[7.75,29.5,7],"to":[8.25,31,9],"faces":{"up":{"uv":[3.5,1,5.5,1.5],"rotation":90,"texture":"#texture","cullface":"up"},"north":{"uv":[3.5,1,4,2.5],"texture":"#texture","cullface":"up"},"south":{"uv":[5,1,5.5,2.5],"texture":"#texture","cullface":"up"},"west":{"uv":[3.5,1,5.5,2.5],"texture":"#texture","cullface":"up"},"east":{"uv":[5.5,1,3.5,2.5],"texture":"#texture","cullface":"up"}}},{"from":[7.75,31,7.5],"to":[8.25,32,8.5],"faces":{"up":{"uv":[4,0,5,0.5],"rotation":90,"texture":"#texture","cullface":"up"},"north":{"uv":[4,0,4.5,1],"texture":"#texture","cullface":"up"},"south":{"uv":[4.5,0,5,1],"texture":"#texture","cullface":"up"},"west":{"uv":[4,0,5,1],"texture":"#texture","cullface":"up"},"east":{"uv":[5,0,4,1],"texture":"#texture","cullface":"up"}}},{"from":[7.75,16,7],"to":[8.25,16.5,9],"faces":{"north":{"uv":[3.5,15.5,4,16],"texture":"#texture","cullface":"up"},"south":{"uv":[5,15.5,5.5,16],"texture":"#texture","cullface":"up"},"west":{"uv":[3.5,15.5,5.5,16],"texture":"#texture","cullface":"up"},"east":{"uv":[5.5,15.5,3.5,16],"texture":"#texture","cullface":"up"}}},{"from":[7.5,16,7.5],"to":[8.5,16.5,8.5],"faces":{"north":{"uv":[3.5,15.5,4,16],"texture":"#texture","cullface":"up"},"south":{"uv":[5,15.5,5.5,16],"texture":"#texture","cullface":"up"},"west":{"uv":[4,15.5,5,16],"texture":"#texture","cullface":"up"},"east":{"uv":[5,15.5,4,16],"texture":"#texture","cullface":"up"}}}],"display":{"thirdperson_righthand":{"rotation":[0,0,0],"translation":[0.19,3.02,3.4],"scale":[1,2,1.5]},"thirdperson_lefthand":{"rotation":[0,0,0],"translation":[0.19,3.02,3.4],"scale":[1,2,1.5]},"ground":{"rotation":[90,-26,0],"translation":[-0.19,6.43,0.76],"scale":[1,1,1]},"fixed":{"rotation":[90,-45,90],"translation":[3.4,-3.02,-0.19],"scale":[0.8,0.8,0.8]},"firstperson_righthand":{"rotation":[-18,11,0],"translation":[0,0,0],"scale":[1,1,1]},"firstperson_lefthand":{"rotation":[-18,11,0],"translation":[0,0,0],"scale":[1,1,1]},"gui":{"rotation":[94,40,-91],"translation":[-4.35,-3.59,3.59],"scale":[0.8,0.8,0.8]}}}