{"__comment":"designedbyhypixelminecraftserverwithbdcraftcubikpro0.87beta-http://bdcraft.net","textures":{"particle":"items/ice_shard_unwrap2","texture":"items/ice_shard_unwrap1","icepuffs":"items/icepuffs","icepuffs2":"items/icepuffs2","icepuffs3":"items/icepuffs3"},"elements":[{"from":[7,-14.5,4],"to":[8,-13.5,5],"faces":{"down":{"uv":[12.5,15.5,13.5,16],"texture":"#texture"},"north":{"uv":[12.5,15,13.5,16],"texture":"#texture"},"south":{"uv":[12.5,15,13.5,16],"texture":"#texture"},"west":{"uv":[12.5,15,13.5,16],"texture":"#texture"},"east":{"uv":[12.5,15,13.5,16],"texture":"#texture"}}},{"from":[6.5,-13.5,4],"to":[7,-13,5],"faces":{"down":{"uv":[11.5,13.5,12,14.5],"texture":"#texture"},"north":{"uv":[12,14.5,12.5,15],"texture":"#texture"},"south":{"uv":[12,14.5,12.5,15],"texture":"#texture"},"west":{"uv":[12,14.5,12.5,15],"texture":"#texture"}}},{"from":[8,-13.5,4],"to":[8.5,-12.5,5],"faces":{"down":{"uv":[13.5,14,14,15],"texture":"#texture"},"north":{"uv":[13.5,14,14,15],"texture":"#texture"},"south":{"uv":[13.5,14,14,15],"texture":"#texture"},"west":{"uv":[13.5,14,14,15],"texture":"#texture"},"east":{"uv":[13.5,14,14,15],"texture":"#texture"}}},{"from":[6,-13,4],"to":[6.5,-12,5],"faces":{"down":{"uv":[11.5,13.5,12,14.5],"texture":"#texture"},"north":{"uv":[11.5,13.5,12,14.5],"texture":"#texture"},"south":{"uv":[11.5,13.5,12,14.5],"texture":"#texture"},"west":{"uv":[11.5,13,12.5,13.5],"texture":"#texture"},"east":{"uv":[11.5,13,12.5,13.5],"texture":"#texture"}}},{"from":[5,-12,4.25],"to":[6,-11.5,4.75],"faces":{"down":{"uv":[10.5,13,11.5,13.5],"texture":"#texture"},"up":{"uv":[10.5,13,11.5,13.5],"texture":"#texture"},"north":{"uv":[10.5,13,11.5,13.5],"texture":"#texture"},"south":{"uv":[10.5,13,11.5,13.5],"texture":"#texture"}}},{"from":[4.5,-12.5,4.25],"to":[5,-12,4.75],"faces":{"down":{"uv":[10,13.5,10.5,14],"texture":"#texture"},"north":{"uv":[10,13.5,10.5,14],"texture":"#texture"},"south":{"uv":[10,13.5,10.5,14],"texture":"#texture"},"west":{"uv":[10,13.5,10.5,14],"texture":"#texture"},"east":{"uv":[10,13.5,10.5,14],"texture":"#texture"}}},{"from":[8.5,-12.5,4],"to":[9,-12,5],"faces":{"down":{"uv":[13.5,13,14,14],"texture":"#texture"},"north":{"uv":[14,13.5,14.5,14],"texture":"#texture"},"south":{"uv":[14,13.5,14.5,14],"texture":"#texture"},"east":{"uv":[13.5,13.5,14.5,14],"texture":"#texture"}}},{"from":[9,-12,4.25],"to":[10,-11.5,4.75],"faces":{"down":{"uv":[14.5,13,15.5,13.5],"texture":"#texture"},"up":{"uv":[14.5,13,15.5,13.5],"texture":"#texture"},"north":{"uv":[14.5,13,15.5,13.5],"texture":"#texture"},"south":{"uv":[14.5,13,15.5,13.5],"texture":"#texture"}}},{"from":[10,-12.5,4.25],"to":[10.5,-12,4.75],"faces":{"down":{"uv":[15.5,13.5,16,14],"texture":"#texture"},"north":{"uv":[15.5,13.5,16,14],"texture":"#texture"},"south":{"uv":[15.5,13.5,16,14],"texture":"#texture"},"west":{"uv":[15.5,13.5,16,14],"texture":"#texture"},"east":{"uv":[15.5,13.5,16,14],"texture":"#texture"}}},{"from":[4.5,-12,4],"to":[5,-11.5,5],"faces":{"down":{"uv":[10.5,12.5,11,13],"texture":"#texture"},"up":{"uv":[10.5,12.5,11,13],"texture":"#texture"},"north":{"uv":[10.5,12.5,11,13],"texture":"#texture"},"south":{"uv":[10.5,12.5,11,13],"texture":"#texture"},"west":{"uv":[10.5,12.5,11,13],"texture":"#texture"},"east":{"uv":[10.5,12.5,11,13],"texture":"#texture"}}},{"from":[5.5,-11.5,3.75],"to":[6,-11,5.25],"faces":{"down":{"uv":[11,12.5,11.5,13],"texture":"#texture"},"north":{"uv":[11,12.5,11.5,13],"texture":"#texture"},"south":{"uv":[11,12.5,11.5,13],"texture":"#texture"},"west":{"uv":[11,12.5,11.5,13],"texture":"#texture"},"east":{"uv":[11,12.5,11.5,13],"texture":"#texture"}}},{"from":[8.5,-11.5,3.75],"to":[9.5,-11,5.25],"faces":{"down":{"uv":[14,12.5,15,13],"texture":"#texture"},"up":{"uv":[14,12.5,15,13],"texture":"#texture"},"north":{"uv":[14,12.5,15,13],"texture":"#texture"},"south":{"uv":[14,12.5,15,13],"texture":"#texture"},"west":{"uv":[14,12.5,15,13],"texture":"#texture"},"east":{"uv":[14,12.5,15,13],"texture":"#texture"}}},{"from":[6,-12,3.75],"to":[7,-11.5,5.25],"faces":{"down":{"uv":[11.5,13,12.5,13.5],"texture":"#texture"},"up":{"uv":[11.5,13,12.5,13.5],"texture":"#texture"},"north":{"uv":[11.5,13,12.5,13.5],"texture":"#texture"},"south":{"uv":[11.5,13,12.5,13.5],"texture":"#texture"},"west":{"uv":[11.5,13,12.5,13.5],"texture":"#texture"},"east":{"uv":[11.5,13,12.5,13.5],"texture":"#texture"}}},{"from":[8,-12,3.75],"to":[9,-11.5,5.25],"faces":{"down":{"uv":[13.5,13,14.5,13.5],"texture":"#texture"},"up":{"uv":[13.5,13,14.5,13.5],"texture":"#texture"},"north":{"uv":[14.5,13,13.5,13.5],"texture":"#texture"},"south":{"uv":[13.5,13,14.5,13.5],"texture":"#texture"},"west":{"uv":[13.5,13,14,13.5],"texture":"#texture"},"east":{"uv":[14,13,14.5,13.5],"texture":"#texture"}}},{"from":[6.5,-12.5,3.75],"to":[8.5,-12,5.25],"faces":{"down":{"uv":[12,13.5,14,14],"texture":"#texture"},"up":{"uv":[12,13.5,14,14],"texture":"#texture"},"north":{"uv":[14,13.5,12,14],"texture":"#texture"},"south":{"uv":[12,13.5,14,14],"texture":"#texture"},"west":{"uv":[12.5,13.5,14,14],"texture":"#texture"},"east":{"uv":[12.5,13.5,14,14],"texture":"#texture"}}},{"from":[6.5,-13,3.75],"to":[8,-12.5,5.25],"faces":{"down":{"uv":[12.5,14.5,14,15],"texture":"#texture"},"north":{"uv":[13.5,14,12,14.5],"texture":"#texture"},"south":{"uv":[12,14,13.5,14.5],"texture":"#texture"},"west":{"uv":[13,14.5,14,15],"texture":"#texture"},"east":{"uv":[13,14.5,14,15],"texture":"#texture"}}},{"from":[7,-13.5,3.75],"to":[8,-13,5.25],"faces":{"down":{"uv":[12.5,13.5,13.5,14.5],"texture":"#texture"},"north":{"uv":[13.5,14.5,12.5,15],"texture":"#texture"},"south":{"uv":[12.5,14.5,13.5,15],"texture":"#texture"},"west":{"uv":[12.5,14.5,13,15],"texture":"#texture"},"east":{"uv":[13,14.5,13.5,15],"texture":"#texture"}}},{"from":[6,-11,3.75],"to":[9,-10.5,5.25],"faces":{"down":{"uv":[11.5,12,14.5,12.5],"texture":"#texture"},"north":{"uv":[14.5,12,11.5,12.5],"texture":"#texture"},"south":{"uv":[11.5,12,14.5,12.5],"texture":"#texture"}}},{"from":[6,-11.5,4],"to":[8.5,-11,5],"faces":{"down":{"uv":[11.5,12.5,14,13],"texture":"#texture"},"north":{"uv":[14,12.5,11.5,13],"texture":"#texture"},"south":{"uv":[11.5,12.5,14,13],"texture":"#texture"}}},{"from":[7,-12,4],"to":[8,-11.5,5],"faces":{"north":{"uv":[12.5,13,13.5,13.5],"texture":"#texture"},"south":{"uv":[12.5,13,13.5,13.5],"texture":"#texture"}}},{"from":[6,-10.5,3.5],"to":[9,-10,5.5],"faces":{"down":{"uv":[11.5,11.5,14.5,12],"texture":"#texture"},"up":{"uv":[11.5,11.5,14.5,12],"texture":"#texture"},"north":{"uv":[11.5,11.5,14.5,12],"texture":"#texture"},"south":{"uv":[11.5,11.5,14.5,12],"texture":"#texture"},"west":{"uv":[11.5,11.5,13.5,12],"texture":"#texture"},"east":{"uv":[11.5,11.5,13.5,12],"texture":"#texture"}}},{"from":[5.5,-11,3.5],"to":[6,-10.5,5.5],"faces":{"down":{"uv":[11.5,11.5,12,12],"texture":"#texture"},"up":{"uv":[11.5,11.5,12,12],"texture":"#texture"},"north":{"uv":[11,12,11.5,12.5],"texture":"#texture"},"south":{"uv":[11,12,11.5,12.5],"texture":"#texture"},"west":{"uv":[11.5,11.5,13.5,12],"texture":"#texture"},"east":{"uv":[11.5,11.5,13.5,12],"texture":"#texture"}}},{"from":[6.5,-10,4],"to":[8.5,-4,5],"faces":{"north":{"uv":[14,5.5,12,11.5],"texture":"#texture"},"south":{"uv":[12,5.5,14,11.5],"texture":"#texture"},"west":{"uv":[12,5.5,12.5,11.5],"texture":"#texture"},"east":{"uv":[13.5,5.5,14,11.5],"texture":"#texture"}}},{"from":[7,-10,3.75],"to":[8,-4,5.25],"faces":{"north":{"uv":[13.5,5.5,12.5,11.5],"texture":"#texture"},"south":{"uv":[12.5,5.5,13.5,11.5],"texture":"#texture"},"west":{"uv":[12.5,5.5,13,11.5],"texture":"#texture"},"east":{"uv":[13,5.5,13.5,11.5],"texture":"#texture"}}},{"from":[12.5,-0.5,4],"to":[13,0,5],"faces":{"down":{"uv":[10.5,11,11,11.5],"texture":"#texture"},"up":{"uv":[10.5,11,11,11.5],"texture":"#texture"},"north":{"uv":[10.5,11,11,11.5],"texture":"#texture"},"south":{"uv":[10.5,11,11,11.5],"texture":"#texture"},"west":{"uv":[10.5,11,11,11.5],"texture":"#texture"},"east":{"uv":[10.5,11,11,11.5],"texture":"#texture"}}},{"from":[6.5,-4,3.75],"to":[8.5,-3.5,5.25],"faces":{"down":{"uv":[4.5,14.5,6.5,15],"texture":"#texture"},"up":{"uv":[4.5,14.5,6.5,15],"texture":"#texture"},"north":{"uv":[4.5,14.5,6.5,15],"texture":"#texture"},"south":{"uv":[4.5,14.5,6.5,15],"texture":"#texture"},"west":{"uv":[4.5,14.5,6,15],"texture":"#texture"},"east":{"uv":[4.5,14.5,6,15],"texture":"#texture"}}},{"from":[5,-3,3.75],"to":[7,-2.5,5.25],"faces":{"down":{"uv":[3,13.5,5,14],"texture":"#texture"},"north":{"uv":[3,13.5,5,14],"texture":"#texture"},"south":{"uv":[3,13.5,5,14],"texture":"#texture"},"west":{"uv":[6,13.5,7.5,14],"texture":"#texture"},"east":{"uv":[6,13.5,7.5,14],"texture":"#texture"}}},{"from":[4.5,-2.5,3.75],"to":[10.5,-2,5.25],"faces":{"down":{"uv":[2.5,13,8.5,13.5],"texture":"#texture"},"north":{"uv":[2.5,13,8.5,13.5],"texture":"#texture"},"south":{"uv":[2.5,13,8.5,13.5],"texture":"#texture"},"west":{"uv":[2.5,13,3.5,13.5],"texture":"#texture"},"east":{"uv":[7.5,13,8.5,13.5],"texture":"#texture"}}},{"from":[4,-2,3.75],"to":[11,-1.5,5.25],"faces":{"down":{"uv":[12,5.25,5,3.75],"texture":"#texture"},"up":{"uv":[2,12.5,9,13],"texture":"#texture"},"north":{"uv":[2,12.5,9,13],"texture":"#texture"},"south":{"uv":[2,12.5,9,13],"texture":"#texture"},"west":{"uv":[3,13.5,4.5,14],"texture":"#texture"},"east":{"uv":[3,13.5,4.5,14],"texture":"#texture"}}},{"from":[3,-1,3.75],"to":[3.5,-0.5,5.25],"faces":{"down":{"uv":[2,12.5,2.5,13],"texture":"#texture"},"up":{"uv":[2,12.5,2.5,13],"texture":"#texture"},"north":{"uv":[2,12.5,2.5,13],"texture":"#texture"},"south":{"uv":[2,12.5,2.5,13],"texture":"#texture"},"west":{"uv":[2,12.5,2.5,13],"texture":"#texture"}}},{"from":[7,-3.5,4],"to":[8,-2.5,5],"faces":{"north":{"uv":[5,13.5,6,14.5],"texture":"#texture"},"south":{"uv":[5,13.5,6,14.5],"texture":"#texture"},"west":{"uv":[5,13.5,6,14.5],"texture":"#texture"},"east":{"uv":[5,13.5,6,14.5],"texture":"#texture"}}},{"from":[8,-3.5,3.5],"to":[9.5,-3,5.5],"faces":{"down":{"uv":[6,14,7.5,14.5],"texture":"#texture"},"up":{"uv":[6,14,7.5,14.5],"texture":"#texture"},"north":{"uv":[6,14,7.5,14.5],"texture":"#texture"},"south":{"uv":[6,14,7.5,14.5],"texture":"#texture"},"west":{"uv":[6,14,7.5,14.5],"texture":"#texture"},"east":{"uv":[6,14,7.5,14.5],"texture":"#texture"}}},{"from":[6,-1.5,3.25],"to":[9,-1,5.75],"faces":{"down":{"uv":[4,12,7,12.5],"texture":"#texture"},"up":{"uv":[4,12,7,12.5],"texture":"#texture"},"north":{"uv":[4,12,7,12.5],"texture":"#texture"},"south":{"uv":[4,12,7,12.5],"texture":"#texture"},"west":{"uv":[4,12,6.5,12.5],"texture":"#texture"},"east":{"uv":[4,12,6.5,12.5],"texture":"#texture"}}},{"from":[5.5,-1,3.25],"to":[6,-0.5,5.75],"faces":{"down":{"uv":[3.5,11.5,4,12],"texture":"#texture"},"up":{"uv":[3.5,11.5,4,12],"texture":"#texture"},"north":{"uv":[3.5,11.5,4,12],"texture":"#texture"},"south":{"uv":[3.5,11.5,4,12],"texture":"#texture"},"west":{"uv":[3.5,11.5,4,12],"texture":"#texture"},"east":{"uv":[3.5,11.5,4,12],"texture":"#texture"}}},{"from":[3.5,-1,3.5],"to":[4,-0.5,5.5],"faces":{"down":{"uv":[1.5,11.5,2,12],"texture":"#texture"},"up":{"uv":[1.5,11.5,2,12],"texture":"#texture"},"north":{"uv":[1.5,11.5,2,12],"texture":"#texture"},"south":{"uv":[1.5,11.5,2,12],"texture":"#texture"},"west":{"uv":[1.5,11.5,2,12],"texture":"#texture"},"east":{"uv":[1.5,11.5,2,12],"texture":"#texture"}}},{"from":[11,-1,3.5],"to":[12,-0.5,5.5],"faces":{"down":{"uv":[9,11.5,10,12],"texture":"#texture"},"up":{"uv":[9,11.5,10,12],"texture":"#texture"},"north":{"uv":[9,11.5,10,12],"texture":"#texture"},"south":{"uv":[9,11.5,10,12],"texture":"#texture"},"west":{"uv":[9,11.5,10,12],"texture":"#texture"},"east":{"uv":[9,11.5,10,12],"texture":"#texture"}}},{"from":[4,-1.5,3.5],"to":[6,-1,5.5],"faces":{"down":{"uv":[7,12,9,12.5],"texture":"#texture"},"up":{"uv":[7,12,9,12.5],"texture":"#texture"},"north":{"uv":[7,12,9,12.5],"texture":"#texture"},"south":{"uv":[7,12,9,12.5],"texture":"#texture"},"west":{"uv":[7,12,9,12.5],"texture":"#texture"}}},{"from":[4.5,-2,3.5],"to":[10.5,-1.5,5.5],"faces":{"down":{"uv":[2.5,12.5,8.5,13],"texture":"#texture"},"up":{"uv":[2.5,12.5,8.5,13],"texture":"#texture"},"north":{"uv":[2.5,12.5,8.5,13],"texture":"#texture"},"south":{"uv":[2.5,12.5,8.5,13],"texture":"#texture"},"west":{"uv":[2.5,12.5,4.5,13],"texture":"#texture"},"east":{"uv":[2.5,12.5,4.5,13],"texture":"#texture"}}},{"from":[8.5,-2.5,3.5],"to":[9.5,-2,5.5],"faces":{"down":{"uv":[3.5,13,4.5,13.5],"texture":"#texture"},"north":{"uv":[3.5,13,4.5,13.5],"texture":"#texture"},"south":{"uv":[3.5,13,4.5,13.5],"texture":"#texture"},"west":{"uv":[3.5,13,4.5,13.5],"texture":"#texture"},"east":{"uv":[3.5,13,4.5,13.5],"texture":"#texture"}}},{"from":[6,-1,3.5],"to":[7,-0.5,5.5],"faces":{"north":{"uv":[4,11.5,5,12],"texture":"#texture"},"south":{"uv":[4,11.5,5,12],"texture":"#texture"},"east":{"uv":[4,11.5,5,12],"texture":"#texture"}}},{"from":[7,-1,4],"to":[8,-0.5,5],"faces":{"north":{"uv":[5,11.5,6,12],"texture":"#texture"},"south":{"uv":[5,11.5,6,12],"texture":"#texture"}}},{"from":[5.5,-0.5,3.5],"to":[9.5,0.5,5.5],"faces":{"down":{"uv":[3.5,11,7.5,11.5],"texture":"#texture"},"up":{"uv":[3.5,10.5,7.5,11],"texture":"#texture"},"north":{"uv":[7.5,10.5,3.5,11.5],"texture":"#texture"},"south":{"uv":[3.5,10.5,7.5,11.5],"texture":"#texture"},"west":{"uv":[3.5,10.5,4,11.5],"texture":"#texture"},"east":{"uv":[7,10.5,7.5,11.5],"texture":"#texture"}}},{"from":[5,0,3.75],"to":[5.5,0.5,5.25],"faces":{"down":{"uv":[3,10.5,3.5,11],"texture":"#texture"},"north":{"uv":[3,10.5,3.5,11],"texture":"#texture"},"south":{"uv":[3,10.5,3.5,11],"texture":"#texture"},"west":{"uv":[3,10.5,3.5,11],"texture":"#texture"}}},{"from":[5,0.5,3.5],"to":[6.5,1,5.5],"faces":{"down":{"uv":[3,10,4.5,10.5],"texture":"#texture"},"up":{"uv":[3,10,4.5,10.5],"texture":"#texture"},"north":{"uv":[3,10,4.5,10.5],"texture":"#texture"},"south":{"uv":[3,10,4.5,10.5],"texture":"#texture"},"west":{"uv":[3.5,10.5,5.5,11],"texture":"#texture"}}},{"from":[6.5,0.5,3.25],"to":[8.5,1,5.75],"faces":{"down":{"uv":[4.5,10,6.5,10.5],"texture":"#texture"},"up":{"uv":[4.5,10,6.5,10.5],"texture":"#texture"},"north":{"uv":[4.5,10,6.5,10.5],"texture":"#texture"},"south":{"uv":[4.5,10,6.5,10.5],"texture":"#texture"},"west":{"uv":[4.25,12,6.75,12.5],"texture":"#texture"},"east":{"uv":[4.25,12,6.75,12.5],"texture":"#texture"}}},{"from":[7,1,4],"to":[8,1.5,5],"faces":{"north":{"uv":[5,9.5,6,10],"texture":"#texture"},"south":{"uv":[5,9.5,6,10],"texture":"#texture"}}},{"from":[6,1.5,3.5],"to":[9,2,5.5],"faces":{"down":{"uv":[4,8.5,7,9],"texture":"#texture"},"north":{"uv":[4,8.5,7,9],"texture":"#texture"},"south":{"uv":[4,8.5,7,9],"texture":"#texture"},"west":{"uv":[4,8.5,6,9],"texture":"#texture"},"east":{"uv":[4,8.5,6,9],"texture":"#texture"}}},{"from":[6.5,1,3.5],"to":[7,1.5,5.5],"faces":{"north":{"uv":[4.5,9.5,5,10],"texture":"#texture"},"south":{"uv":[4.5,9.5,5,10],"texture":"#texture"},"east":{"uv":[4.5,9.5,5,10],"texture":"#texture"}}},{"from":[6,1,3.25],"to":[6.5,1.5,5.75],"faces":{"down":{"uv":[4,9.5,4.5,10],"texture":"#texture"},"up":{"uv":[4,9.5,4.5,10],"texture":"#texture"},"north":{"uv":[4,9.5,4.5,10],"texture":"#texture"},"south":{"uv":[4,9.5,4.5,10],"texture":"#texture"},"west":{"uv":[4,9.5,4.5,10],"texture":"#texture"},"east":{"uv":[4,9.5,4.5,10],"texture":"#texture"}}},{"from":[5.5,2,3.5],"to":[9.5,2.5,5.5],"faces":{"down":{"uv":[3.5,8.5,7.5,9],"texture":"#texture"},"up":{"uv":[3.5,8.5,7.5,9],"texture":"#texture"},"north":{"uv":[3.5,8.5,7.5,9],"texture":"#texture"},"south":{"uv":[3.5,8.5,7.5,9],"texture":"#texture"},"west":{"uv":[3.5,8.5,4,9],"texture":"#texture"},"east":{"uv":[3.5,8.5,4,9],"texture":"#texture"}}},{"from":[8,2.5,3.5],"to":[8.5,3,5.5],"faces":{"up":{"uv":[6,8,6.5,8.5],"texture":"#texture"},"north":{"uv":[6,8,6.5,8.5],"texture":"#texture"},"south":{"uv":[6,8,6.5,8.5],"texture":"#texture"},"west":{"uv":[4.5,6,6.5,6.5],"texture":"#texture"},"east":{"uv":[4.5,6,6.5,6.5],"texture":"#texture"}}},{"from":[7,2.5,4],"to":[8,3,5],"faces":{"north":{"uv":[5,8,6,8.5],"texture":"#texture"},"south":{"uv":[5,8,6,8.5],"texture":"#texture"}}},{"from":[8,3,4],"to":[8.5,4,5],"faces":{"north":{"uv":[6,7,6.5,8],"texture":"#texture"},"south":{"uv":[6,7,6.5,8],"texture":"#texture"},"east":{"uv":[6,7,6.5,8],"texture":"#texture"}}},{"from":[6.5,3.5,4],"to":[7,4,5],"faces":{"down":{"uv":[6,7,6.5,8],"texture":"#texture"},"north":{"uv":[4.5,7,5,7.5],"texture":"#texture"},"south":{"uv":[4.5,7,5,7.5],"texture":"#texture"},"west":{"uv":[4,12,5,12.5],"texture":"#texture"}}},{"from":[7,3,3.5],"to":[8,4,5.5],"faces":{"down":{"uv":[9,5.5,8,3.5],"texture":"#texture"},"north":{"uv":[8,12,9,13],"texture":"#texture"},"south":{"uv":[7,12,8,13],"texture":"#texture"},"west":{"uv":[3.5,12,5.5,13],"texture":"#texture"},"east":{"uv":[10.5,12,12.5,13],"texture":"#texture"}}},{"from":[6.5,4,3.5],"to":[8.5,5,5.5],"faces":{"down":{"uv":[4.5,6,6.5,6.5],"texture":"#texture"},"up":{"uv":[4.5,6,6.5,6.5],"texture":"#texture"},"north":{"uv":[6.5,6,4.5,7],"texture":"#texture"},"south":{"uv":[4.5,6,6.5,7],"texture":"#texture"},"west":{"uv":[4.5,6,6.5,7],"texture":"#texture"},"east":{"uv":[4.5,6,6.5,7],"texture":"#texture"}}},{"from":[7,5,4],"to":[8,5.5,5],"faces":{"north":{"uv":[6,5.5,5,6],"texture":"#texture"},"south":{"uv":[5,5.5,6,6],"texture":"#texture"}}},{"from":[8,5,3.75],"to":[8.5,5.5,5.25],"faces":{"up":{"uv":[5.5,6,6,7.5],"texture":"#texture"},"north":{"uv":[4.5,6,5,6.5],"texture":"#texture"},"south":{"uv":[4.5,6,5,6.5],"texture":"#texture"},"west":{"uv":[4.5,6,6,6.5],"texture":"#texture"},"east":{"uv":[4.5,6,6,6.5],"texture":"#texture"}}},{"from":[7,5.5,4],"to":[8,10.5,5],"faces":{"up":{"uv":[5,0.5,5.5,2],"texture":"#texture"},"north":{"uv":[5,0.5,6,5.5],"texture":"#texture"},"south":{"uv":[5,0.5,6,5.5],"texture":"#texture"},"west":{"uv":[6,0.5,5,5.5],"texture":"#texture"},"east":{"uv":[6,0.5,5,5.5],"texture":"#texture"}}},{"from":[5,-11.5,4],"to":[5.5,-11,5],"faces":{"down":{"uv":[10.5,12.5,11,13],"texture":"#texture"},"up":{"uv":[10.5,12.5,11,13],"texture":"#texture"},"north":{"uv":[10.5,12.5,11,13],"texture":"#texture"},"south":{"uv":[10.5,12.5,11,13],"texture":"#texture"},"west":{"uv":[10.5,12.5,11,13],"texture":"#texture"}}},{"from":[9.5,-11.5,4],"to":[10,-11,5],"faces":{"down":{"uv":[10.5,12.5,11,13],"texture":"#texture"},"up":{"uv":[10.5,12.5,11,13],"texture":"#texture"},"north":{"uv":[10.5,12.5,11,13],"texture":"#texture"},"south":{"uv":[10.5,12.5,11,13],"texture":"#texture"},"east":{"uv":[10.5,12.5,11,13],"texture":"#texture"}}},{"from":[10,-12,4],"to":[10.5,-11.5,5],"faces":{"down":{"uv":[10.5,12.5,11,13],"texture":"#texture"},"up":{"uv":[10.5,12.5,11,13],"texture":"#texture"},"north":{"uv":[10.5,12.5,11,13],"texture":"#texture"},"south":{"uv":[10.5,12.5,11,13],"texture":"#texture"},"west":{"uv":[10.5,12.5,11,13],"texture":"#texture"},"east":{"uv":[10.5,12.5,11,13],"texture":"#texture"}}},{"from":[9,-11,3.5],"to":[9.5,-10.5,5.5],"faces":{"down":{"uv":[11.5,11.5,12,12],"texture":"#texture"},"up":{"uv":[11.5,11.5,12,12],"texture":"#texture"},"north":{"uv":[11,12,11.5,12.5],"texture":"#texture"},"south":{"uv":[11,12,11.5,12.5],"texture":"#texture"},"west":{"uv":[11.5,11.5,13.5,12],"texture":"#texture"},"east":{"uv":[11.5,11.5,13.5,12],"texture":"#texture"}}},{"from":[6,-4,4],"to":[6.5,-3.5,5],"faces":{"down":{"uv":[6.5,14.5,7,15],"texture":"#texture"},"north":{"uv":[6.5,14.5,7,15],"texture":"#texture"},"south":{"uv":[6.5,14.5,7,15],"texture":"#texture"},"west":{"uv":[6.5,14.5,7,15],"texture":"#texture"}}},{"from":[8.5,-4,4],"to":[9,-3.5,5],"faces":{"down":{"uv":[6.5,14.5,7,15],"texture":"#texture"},"north":{"uv":[6.5,14.5,7,15],"texture":"#texture"},"south":{"uv":[6.5,14.5,7,15],"texture":"#texture"},"east":{"uv":[6.5,14.5,7,15],"texture":"#texture"}}},{"from":[9.5,-3.5,4],"to":[10,-3,5],"faces":{"down":{"uv":[6.5,14.5,7,15],"texture":"#texture"},"north":{"uv":[6.5,14.5,7,15],"texture":"#texture"},"south":{"uv":[6.5,14.5,7,15],"texture":"#texture"},"east":{"uv":[6.5,14.5,7,15],"texture":"#texture"}}},{"from":[10,-3,4],"to":[10.5,-2.5,5],"faces":{"down":{"uv":[6.5,14.5,7,15],"texture":"#texture"},"north":{"uv":[6.5,14.5,7,15],"texture":"#texture"},"south":{"uv":[6.5,14.5,7,15],"texture":"#texture"},"east":{"uv":[6.5,14.5,7,15],"texture":"#texture"}}},{"from":[10.5,-2.5,4],"to":[11,-2,5],"faces":{"down":{"uv":[6.5,14.5,7,15],"texture":"#texture"},"north":{"uv":[6.5,14.5,7,15],"texture":"#texture"},"south":{"uv":[6.5,14.5,7,15],"texture":"#texture"},"east":{"uv":[6.5,14.5,7,15],"texture":"#texture"}}},{"from":[4,-2.5,4],"to":[4.5,-2,5],"faces":{"down":{"uv":[6.5,14.5,7,15],"texture":"#texture"},"north":{"uv":[6.5,14.5,7,15],"texture":"#texture"},"south":{"uv":[6.5,14.5,7,15],"texture":"#texture"},"west":{"uv":[6.5,14.5,7,15],"texture":"#texture"}}},{"from":[4.5,-3,4],"to":[5,-2.5,5],"faces":{"down":{"uv":[6.5,14.5,7,15],"texture":"#texture"},"north":{"uv":[6.5,14.5,7,15],"texture":"#texture"},"south":{"uv":[6.5,14.5,7,15],"texture":"#texture"},"west":{"uv":[6.5,14.5,7,15],"texture":"#texture"}}},{"from":[5,-3.5,4],"to":[5.5,-3,5],"faces":{"down":{"uv":[6.5,14.5,7,15],"texture":"#texture"},"north":{"uv":[6.5,14.5,7,15],"texture":"#texture"},"south":{"uv":[6.5,14.5,7,15],"texture":"#texture"},"west":{"uv":[6.5,14.5,7,15],"texture":"#texture"}}},{"from":[12,-1,4],"to":[12.5,-0.5,5],"faces":{"down":{"uv":[10.5,11,11,11.5],"texture":"#texture"},"up":{"uv":[10.5,11,11,11.5],"texture":"#texture"},"north":{"uv":[10.5,11,11,11.5],"texture":"#texture"},"south":{"uv":[10.5,11,11,11.5],"texture":"#texture"},"east":{"uv":[10.5,11,11,11.5],"texture":"#texture"}}},{"from":[11.5,-1.5,4],"to":[12,-1,5],"faces":{"down":{"uv":[10.5,11,11,11.5],"texture":"#texture"},"north":{"uv":[10.5,11,11,11.5],"texture":"#texture"},"south":{"uv":[10.5,11,11,11.5],"texture":"#texture"},"east":{"uv":[10.5,11,11,11.5],"texture":"#texture"}}},{"from":[11,-2,4],"to":[11.5,-1.5,5],"faces":{"down":{"uv":[10.5,11,11,11.5],"texture":"#texture"},"north":{"uv":[10.5,11,11,11.5],"texture":"#texture"},"south":{"uv":[10.5,11,11,11.5],"texture":"#texture"},"east":{"uv":[10.5,11,11,11.5],"texture":"#texture"}}},{"from":[3.5,-2,4],"to":[4,-1.5,5],"faces":{"down":{"uv":[10.5,11,11,11.5],"texture":"#texture"},"north":{"uv":[10.5,11,11,11.5],"texture":"#texture"},"south":{"uv":[10.5,11,11,11.5],"texture":"#texture"},"west":{"uv":[10.5,11,11,11.5],"texture":"#texture"}}},{"from":[3,-1.5,4],"to":[3.5,-1,5],"faces":{"down":{"uv":[10.5,11,11,11.5],"texture":"#texture"},"north":{"uv":[10.5,11,11,11.5],"texture":"#texture"},"south":{"uv":[10.5,11,11,11.5],"texture":"#texture"},"west":{"uv":[10.5,11,11,11.5],"texture":"#texture"}}},{"from":[2.5,-1,4],"to":[3,-0.5,5],"faces":{"down":{"uv":[10.5,11,11,11.5],"texture":"#texture"},"up":{"uv":[10.5,11,11,11.5],"texture":"#texture"},"north":{"uv":[10.5,11,11,11.5],"texture":"#texture"},"south":{"uv":[10.5,11,11,11.5],"texture":"#texture"},"west":{"uv":[10.5,11,11,11.5],"texture":"#texture"}}},{"from":[2,-0.5,4],"to":[2.5,0,5],"faces":{"down":{"uv":[10.5,11,11,11.5],"texture":"#texture"},"up":{"uv":[10.5,11,11,11.5],"texture":"#texture"},"north":{"uv":[10.5,11,11,11.5],"texture":"#texture"},"south":{"uv":[10.5,11,11,11.5],"texture":"#texture"},"west":{"uv":[10.5,11,11,11.5],"texture":"#texture"},"east":{"uv":[10.5,11,11,11.5],"texture":"#texture"}}},{"from":[5.5,-3.5,3.5],"to":[7,-3,5.5],"faces":{"down":{"uv":[6,14,7.5,14.5],"texture":"#texture"},"up":{"uv":[6,14,7.5,14.5],"texture":"#texture"},"north":{"uv":[6,14,7.5,14.5],"texture":"#texture"},"south":{"uv":[6,14,7.5,14.5],"texture":"#texture"},"west":{"uv":[6,14,7.5,14.5],"texture":"#texture"},"east":{"uv":[6,14,7.5,14.5],"texture":"#texture"}}},{"from":[8,-3,3.75],"to":[10,-2.5,5.25],"faces":{"down":{"uv":[3,13.5,5,14],"texture":"#texture"},"north":{"uv":[3,13.5,5,14],"texture":"#texture"},"south":{"uv":[3,13.5,5,14],"texture":"#texture"},"west":{"uv":[6,13.5,7.5,14],"texture":"#texture"},"east":{"uv":[6,13.5,7.5,14],"texture":"#texture"}}},{"from":[5.5,-2.5,3.5],"to":[6.5,-2,5.5],"faces":{"down":{"uv":[3.5,13,4.5,13.5],"texture":"#texture"},"north":{"uv":[3.5,13,4.5,13.5],"texture":"#texture"},"south":{"uv":[3.5,13,4.5,13.5],"texture":"#texture"},"west":{"uv":[3.5,13,4.5,13.5],"texture":"#texture"},"east":{"uv":[3.5,13,4.5,13.5],"texture":"#texture"}}},{"from":[9,-1.5,3.5],"to":[11.5,-1,5.5],"faces":{"down":{"uv":[7,12,9,12.5],"texture":"#texture"},"up":{"uv":[7,12,9,12.5],"texture":"#texture"},"north":{"uv":[7,12,9,12.5],"texture":"#texture"},"south":{"uv":[7,12,9,12.5],"texture":"#texture"},"east":{"uv":[7,12,9,12.5],"texture":"#texture"}}},{"from":[3.5,-1.5,3.75],"to":[4,-1,5.25],"faces":{"down":{"uv":[2,12.5,2.5,13],"texture":"#texture"},"north":{"uv":[2,12.5,2.5,13],"texture":"#texture"},"south":{"uv":[2,12.5,2.5,13],"texture":"#texture"},"west":{"uv":[2,12.5,2.5,13],"texture":"#texture"}}},{"from":[9,-1,3.25],"to":[9.5,-0.5,5.75],"faces":{"down":{"uv":[3.5,11.5,4,12],"texture":"#texture"},"up":{"uv":[3.5,11.5,4,12],"texture":"#texture"},"north":{"uv":[3.5,11.5,4,12],"texture":"#texture"},"south":{"uv":[3.5,11.5,4,12],"texture":"#texture"},"west":{"uv":[3.5,11.5,4,12],"texture":"#texture"},"east":{"uv":[3.5,11.5,4,12],"texture":"#texture"}}},{"from":[8,-1,3.5],"to":[9,-0.5,5.5],"faces":{"north":{"uv":[4,11.5,5,12],"texture":"#texture"},"south":{"uv":[4,11.5,5,12],"texture":"#texture"},"west":{"uv":[4,11.5,5,12],"texture":"#texture"}}},{"from":[9.5,0,3.75],"to":[10,0.5,5.25],"faces":{"down":{"uv":[3,10.5,3.5,11],"texture":"#texture"},"north":{"uv":[3,10.5,3.5,11],"texture":"#texture"},"south":{"uv":[3,10.5,3.5,11],"texture":"#texture"},"east":{"uv":[3,10.5,3.5,11],"texture":"#texture"}}},{"from":[10,0.5,3.75],"to":[10.5,1.5,5.25],"faces":{"down":{"uv":[3,10.5,3.5,11],"texture":"#texture"},"up":{"uv":[3,10.5,3.5,11],"texture":"#texture"},"north":{"uv":[3,10.5,3.5,11],"texture":"#texture"},"south":{"uv":[3,10.5,3.5,11],"texture":"#texture"},"west":{"uv":[3,10.5,3.5,11],"texture":"#texture"},"east":{"uv":[3,10.5,3.5,11],"texture":"#texture"}}},{"from":[4.5,0.5,3.75],"to":[5,1.5,5.25],"faces":{"down":{"uv":[3,10.5,3.5,11],"texture":"#texture"},"up":{"uv":[3,10.5,3.5,11],"texture":"#texture"},"north":{"uv":[3,10.5,3.5,11],"texture":"#texture"},"south":{"uv":[3,10.5,3.5,11],"texture":"#texture"},"west":{"uv":[3,10.5,3.5,11],"texture":"#texture"},"east":{"uv":[3,10.5,3.5,11],"texture":"#texture"}}},{"from":[8.5,0.5,3.5],"to":[10,1,5.5],"faces":{"down":{"uv":[3,10,4.5,10.5],"texture":"#texture"},"up":{"uv":[3,10,4.5,10.5],"texture":"#texture"},"north":{"uv":[3,10,4.5,10.5],"texture":"#texture"},"south":{"uv":[3,10,4.5,10.5],"texture":"#texture"},"east":{"uv":[3.5,10.5,5.5,11],"texture":"#texture"}}},{"from":[8,1,3.5],"to":[8.5,1.5,5.5],"faces":{"north":{"uv":[4.5,9.5,5,10],"texture":"#texture"},"south":{"uv":[4.5,9.5,5,10],"texture":"#texture"},"west":{"uv":[4.5,9.5,5,10],"texture":"#texture"}}},{"from":[8.5,1,3.25],"to":[9,1.5,5.75],"faces":{"down":{"uv":[4,9.5,4.5,10],"texture":"#texture"},"up":{"uv":[4,9.5,4.5,10],"texture":"#texture"},"north":{"uv":[4,9.5,4.5,10],"texture":"#texture"},"south":{"uv":[4,9.5,4.5,10],"texture":"#texture"},"west":{"uv":[4,9.5,4.5,10],"texture":"#texture"},"east":{"uv":[4,9.5,4.5,10],"texture":"#texture"}}},{"from":[6.5,2.5,3.5],"to":[7,3,5.5],"faces":{"up":{"uv":[6,8,6.5,8.5],"texture":"#texture"},"north":{"uv":[6,8,6.5,8.5],"texture":"#texture"},"south":{"uv":[6,8,6.5,8.5],"texture":"#texture"},"west":{"uv":[4.5,6,6.5,6.5],"texture":"#texture"},"east":{"uv":[4.5,6,6.5,6.5],"texture":"#texture"}}},{"from":[6.5,5,3.75],"to":[7,5.5,5.25],"faces":{"up":{"uv":[5.5,6,6,7.5],"texture":"#texture"},"north":{"uv":[4.5,6,5,6.5],"texture":"#texture"},"south":{"uv":[4.5,6,5,6.5],"texture":"#texture"},"west":{"uv":[4.5,6,6,6.5],"texture":"#texture"},"east":{"uv":[4.5,6,6,6.5],"texture":"#texture"}}},{"from":[4.5,-1,4],"to":[5.5,0,5],"faces":{"up":{"uv":[6,15,7,16],"texture":"#particle"},"north":{"uv":[6,15,7,16],"texture":"#particle"},"south":{"uv":[6,15,7,16],"texture":"#particle"},"west":{"uv":[6,15,7,16],"texture":"#particle"},"east":{"uv":[6,15,7,16],"texture":"#particle"}}},{"from":[4,-1,4],"to":[4.5,-0.5,5],"faces":{"up":{"uv":[5.5,15.5,6,16],"texture":"#particle"},"north":{"uv":[5.5,15.5,6,16],"texture":"#particle"},"south":{"uv":[5.5,15.5,6,16],"texture":"#particle"}}},{"from":[2.5,-0.5,4.25],"to":[4.5,0,4.75],"faces":{"down":{"uv":[4,15,6,15.5],"texture":"#particle"},"up":{"uv":[4,15,6,15.5],"texture":"#particle"},"north":{"uv":[4,15,6,15.5],"texture":"#particle"},"south":{"uv":[4,15,6,15.5],"texture":"#particle"}}},{"from":[4.5,0,4.25],"to":[5,0.5,4.75],"faces":{"north":{"uv":[6,14.5,6.5,15],"texture":"#particle"},"south":{"uv":[6,14.5,6.5,15],"texture":"#particle"},"west":{"uv":[6,14.5,6.5,15],"texture":"#particle"}}},{"from":[2,0,4.25],"to":[3,0.5,4.75],"faces":{"down":{"uv":[3.5,14.5,4.5,15],"texture":"#particle"},"up":{"uv":[3.5,14.5,4.5,15],"texture":"#particle"},"north":{"uv":[3.5,14.5,4.5,15],"texture":"#particle"},"south":{"uv":[3.5,14.5,4.5,15],"texture":"#particle"},"west":{"uv":[3.5,14.5,4,15],"texture":"#particle"},"east":{"uv":[3.5,14.5,4,15],"texture":"#particle"}}},{"from":[1.5,0.5,4.25],"to":[2.5,1,4.75],"faces":{"down":{"uv":[3,14,4,14.5],"texture":"#particle"},"up":{"uv":[3,14,4,14.5],"texture":"#particle"},"north":{"uv":[4,14,3,14.5],"texture":"#particle"},"south":{"uv":[3,14,4,14.5],"texture":"#particle"},"west":{"uv":[3,14,3.5,14.5],"texture":"#particle"},"east":{"uv":[3.5,14,4,14.5],"texture":"#particle"}}},{"from":[1.5,1,4.375],"to":[2.5,1.5,4.625],"faces":{"up":{"uv":[3,13.5,4,14],"texture":"#particle"},"north":{"uv":[4,13.5,3,14],"texture":"#particle"},"south":{"uv":[3,13.5,4,14],"texture":"#particle"},"west":{"uv":[3.25,13.5,3.5,14],"texture":"#particle"},"east":{"uv":[3.75,13.5,4,14],"texture":"#particle"}}},{"from":[3,0,4.375],"to":[4.5,0.5,4.625],"faces":{"up":{"uv":[4.5,14.5,6,14.75],"texture":"#particle"},"north":{"uv":[4.5,14.5,6,15],"texture":"#particle"},"south":{"uv":[4.5,14.5,6,15],"texture":"#particle"}}},{"from":[3.5,0.5,4],"to":[4.5,1.5,5],"faces":{"down":{"uv":[5,13.5,6,14.5],"texture":"#particle"},"up":{"uv":[5,13.5,6,14.5],"texture":"#particle"},"north":{"uv":[5,13.5,6,14.5],"texture":"#particle"},"south":{"uv":[5,13.5,6,14.5],"texture":"#particle"},"west":{"uv":[5,13.5,6,14.5],"texture":"#particle"}}},{"from":[3,1.5,4],"to":[4,2,5],"faces":{"down":{"uv":[4.5,13,5.5,13.5],"texture":"#particle"},"up":{"uv":[4.5,13,5.5,13.5],"texture":"#particle"},"north":{"uv":[4.5,13,5.5,13.5],"texture":"#particle"},"south":{"uv":[4.5,13,5.5,13.5],"texture":"#particle"},"west":{"uv":[4.5,13,5.5,13.5],"texture":"#particle"},"east":{"uv":[4.5,13,5.5,13.5],"texture":"#particle"}}},{"from":[5,1,4.25],"to":[6,2,4.75],"faces":{"up":{"uv":[6.5,13,7.5,13.5],"texture":"#particle"},"north":{"uv":[7.5,13,6.5,14],"texture":"#particle"},"south":{"uv":[6.5,13,7.5,14],"texture":"#particle"},"west":{"uv":[6.5,13,7,14],"texture":"#particle"},"east":{"uv":[7,13,7.5,14],"texture":"#particle"}}},{"from":[5.5,1,4],"to":[6,1.5,5],"faces":{"up":{"uv":[5.5,13.5,6,14.5],"texture":"#particle"},"north":{"uv":[7,13.5,7.5,14],"texture":"#particle"},"south":{"uv":[7,13.5,7.5,14],"texture":"#particle"},"west":{"uv":[5,13.5,6,14],"texture":"#particle"}}},{"from":[4,1.5,4.25],"to":[5,2,4.75],"faces":{"down":{"uv":[5.5,13,6.5,13.5],"texture":"#particle"},"up":{"uv":[5.5,13,6.5,13.5],"texture":"#particle"},"north":{"uv":[5.5,13,6.5,13.5],"texture":"#particle"},"south":{"uv":[5.5,13,6.5,13.5],"texture":"#particle"}}},{"from":[3,2,4.25],"to":[4.5,2.5,4.75],"faces":{"down":{"uv":[4.5,12.5,6,13],"texture":"#particle"},"up":{"uv":[4.5,12.5,6,13],"texture":"#particle"},"north":{"uv":[6,12.5,4.5,13],"texture":"#particle"},"south":{"uv":[4.5,12.5,6,13],"texture":"#particle"},"west":{"uv":[4.5,12.5,5,13],"texture":"#particle"},"east":{"uv":[5.5,12.5,6,13],"texture":"#particle"}}},{"from":[3,2.5,4.25],"to":[4,3,4.75],"faces":{"up":{"uv":[4.5,12,5.5,12.5],"texture":"#particle"},"north":{"uv":[5.5,12,4.5,12.5],"texture":"#particle"},"south":{"uv":[4.5,12,5.5,12.5],"texture":"#particle"},"west":{"uv":[4.5,12,5,12.5],"texture":"#particle"},"east":{"uv":[5,12,5.5,12.5],"texture":"#particle"}}},{"from":[3,3,4.25],"to":[3.5,3.5,4.75],"faces":{"up":{"uv":[4.5,11.5,5,12],"texture":"#particle"},"north":{"uv":[4.5,11.5,5,12],"texture":"#particle"},"south":{"uv":[4.5,11.5,5,12],"texture":"#particle"},"west":{"uv":[4.5,11.5,5,12],"texture":"#particle"},"east":{"uv":[4.5,11.5,5,12],"texture":"#particle"}}},{"from":[3,3.5,4.375],"to":[3.5,4,4.625],"faces":{"up":{"uv":[4.5,11,5,11.5],"texture":"#particle"},"north":{"uv":[4.5,11,5,11.5],"texture":"#particle"},"south":{"uv":[4.5,11,5,11.5],"texture":"#particle"},"west":{"uv":[4.5,11,5,11.5],"texture":"#particle"},"east":{"uv":[4.5,11,5,11.5],"texture":"#particle"}}},{"from":[4,2.5,4.375],"to":[5,3,4.625],"faces":{"down":{"uv":[6.5,12.25,5.5,12],"texture":"#particle"},"up":{"uv":[6.5,12.25,5.5,12],"texture":"#particle"},"north":{"uv":[5.5,12,6.5,12.5],"texture":"#particle"},"south":{"uv":[5.5,12,6.5,12.5],"texture":"#particle"},"east":{"uv":[5.5,12,5.75,12.5],"texture":"#particle"}}},{"from":[6,4,4],"to":[6.5,5.5,5],"faces":{"down":{"uv":[7.5,9.5,8,10.5],"texture":"#particle"},"up":{"uv":[7.5,9.5,8,10.5],"texture":"#particle"},"north":{"uv":[7.5,9.5,8,11],"texture":"#particle"},"south":{"uv":[7.5,9.5,8,11],"texture":"#particle"},"west":{"uv":[7.5,9.5,8,11],"texture":"#particle"},"east":{"uv":[7.5,9.5,8,11],"texture":"#particle"}}},{"from":[6.5,5.5,4],"to":[7,7.5,5],"faces":{"up":{"uv":[8,7.5,8.5,8.5],"texture":"#particle"},"north":{"uv":[8,7.5,8.5,9.5],"texture":"#particle"},"south":{"uv":[8,7.5,8.5,9.5],"texture":"#particle"},"west":{"uv":[8,7.5,8.5,9.5],"texture":"#particle"}}},{"from":[5.5,2.5,4.25],"to":[6.5,3,4.75],"faces":{"north":{"uv":[7,12,8,12.5],"texture":"#particle"},"south":{"uv":[7,12,8,12.5],"texture":"#particle"},"west":{"uv":[7,11.5,7.5,12],"texture":"#particle"}}},{"from":[5.5,3,4.25],"to":[7,3.5,4.75],"faces":{"down":{"uv":[7,11.5,8.5,12],"texture":"#particle"},"north":{"uv":[7,11.5,8.5,12],"texture":"#particle"},"south":{"uv":[7,11.5,8.5,12],"texture":"#particle"},"west":{"uv":[7,11.5,7.5,12],"texture":"#particle"}}},{"from":[5,3.5,4.375],"to":[10,4.5,4.625],"faces":{"down":{"uv":[6.5,10.5,11.5,10.75],"texture":"#particle"},"up":{"uv":[6.5,10.5,11.5,10.75],"texture":"#particle"},"north":{"uv":[11.5,10.5,6.5,11.5],"texture":"#particle"},"south":{"uv":[6.5,10.5,11.5,11.5],"texture":"#particle"},"west":{"uv":[6.5,10.5,6.75,11.5],"texture":"#particle"},"east":{"uv":[11.25,10.5,11.5,11.5],"texture":"#particle"}}},{"from":[5.5,4.5,4.375],"to":[9.5,5.5,4.625],"faces":{"north":{"uv":[11,9.5,7,10.5],"texture":"#particle"},"south":{"uv":[7,9.5,11,10.5],"texture":"#particle"},"west":{"uv":[7,9.5,7.25,10.5],"texture":"#particle"},"east":{"uv":[7,9.5,7.25,10.5],"texture":"#particle"}}},{"from":[5,5.5,4.375],"to":[10,10.5,4.625],"faces":{"down":{"uv":[6.5,9.25,11.5,9.5],"texture":"#particle"},"up":{"uv":[6.5,4.5,11.5,4.75],"texture":"#particle"},"north":{"uv":[11.5,4.5,6.5,9.5],"texture":"#particle"},"south":{"uv":[6.5,4.5,11.5,9.5],"texture":"#particle"},"west":{"uv":[6.5,4.5,7,9.5],"texture":"#particle"},"east":{"uv":[11,4.5,11.5,9.5],"texture":"#particle"}}},{"from":[5.5,10.5,4.375],"to":[9.5,14.5,4.625],"faces":{"up":{"uv":[0,9,4,9.25],"texture":"#particle"},"north":{"uv":[4,9,0,13],"texture":"#particle"},"south":{"uv":[0,9,4,13],"texture":"#particle"},"west":{"uv":[0,9,0.5,13],"texture":"#particle"},"east":{"uv":[3.5,9,4,13],"texture":"#particle"}}},{"from":[6,14.5,4.375],"to":[9,19,4.625],"faces":{"up":{"uv":[0.5,4.5,3.5,4.75],"texture":"#particle"},"north":{"uv":[3.5,4.5,0.5,9],"texture":"#particle"},"south":{"uv":[0.5,4.5,3.5,9],"texture":"#particle"},"west":{"uv":[0.5,4.5,1,9],"texture":"#particle"},"east":{"uv":[3,4.5,3.5,9],"texture":"#particle"}}},{"from":[6.5,19,4.375],"to":[8.5,22,4.625],"faces":{"up":{"uv":[1,1.5,3,1.75],"texture":"#particle"},"north":{"uv":[3,1.5,1,4.5],"texture":"#particle"},"south":{"uv":[1,1.5,3,4.5],"texture":"#particle"},"west":{"uv":[1,1.5,1.5,4.5],"texture":"#particle"},"east":{"uv":[2.5,1.5,3,4.5],"texture":"#particle"}}},{"from":[7,22,4.375],"to":[8,23.5,4.625],"faces":{"up":{"uv":[1.5,0,2.5,0.25],"texture":"#particle"},"north":{"uv":[2.5,0,1.5,1.5],"texture":"#particle"},"south":{"uv":[1.5,0,2.5,1.5],"texture":"#particle"},"west":{"uv":[1.5,0,2,1.5],"texture":"#particle"},"east":{"uv":[2,0,2.5,1.5],"texture":"#particle"}}},{"from":[10,8,4.375],"to":[10.5,11,4.625],"faces":{"down":{"uv":[11.5,6.75,12,7],"texture":"#particle"},"up":{"uv":[11.5,4,12,4.25],"texture":"#particle"},"north":{"uv":[11.5,4,12,7],"texture":"#particle"},"south":{"uv":[11.5,4,12,7],"texture":"#particle"},"west":{"uv":[11.5,4,11.75,7],"texture":"#particle"},"east":{"uv":[11.5,4,11.75,7],"texture":"#particle"}}},{"from":[4.5,8,4.375],"to":[5,11,4.625],"faces":{"down":{"uv":[11.5,6.75,12,7],"texture":"#particle"},"up":{"uv":[11.5,4,12,4.25],"texture":"#particle"},"north":{"uv":[11.5,4,12,7],"texture":"#particle"},"south":{"uv":[11.5,4,12,7],"texture":"#particle"},"west":{"uv":[11.5,4,11.75,7],"texture":"#particle"},"east":{"uv":[11.5,4,11.75,7],"texture":"#particle"}}},{"from":[3.5,3,4.375],"to":[4,3.5,4.625],"faces":{"up":{"uv":[4.5,11,5,11.5],"texture":"#particle"},"north":{"uv":[4.5,11,5,11.5],"texture":"#particle"},"south":{"uv":[4.5,11,5,11.5],"texture":"#particle"},"east":{"uv":[4.5,11,5,11.5],"texture":"#particle"}}},{"from":[2.5,0.5,4.375],"to":[3,1,4.625],"faces":{"up":{"uv":[4.5,14.5,6,14.75],"texture":"#particle"},"north":{"uv":[4.5,14.5,6,15],"texture":"#particle"},"south":{"uv":[4.5,14.5,6,15],"texture":"#particle"},"east":{"uv":[4.5,14.5,4.75,15],"texture":"#particle"}}},{"from":[5.5,3.5,4.25],"to":[9.5,4.5,4.75],"faces":{"down":{"uv":[7,11,11,11.5],"texture":"#particle"},"up":{"uv":[7,10.5,11,11],"texture":"#particle"},"north":{"uv":[11,10.5,7,11.5],"texture":"#particle"},"south":{"uv":[7,10.5,11,11.5],"texture":"#particle"},"west":{"uv":[6.5,10.5,7,11.5],"texture":"#particle"},"east":{"uv":[11,10.5,11.5,11.5],"texture":"#particle"}}},{"from":[7,4.5,4.25],"to":[9,5.5,4.75],"faces":{"north":{"uv":[10.5,9.5,8,10.5],"texture":"#particle"},"south":{"uv":[8,9.5,10.5,10.5],"texture":"#particle"},"west":{"uv":[10,9.5,10.5,10.5],"texture":"#particle"},"east":{"uv":[10,9.5,10.5,10.5],"texture":"#particle"}}},{"from":[5.5,5.5,4.25],"to":[9.5,10.5,4.75],"faces":{"down":{"uv":[7,4.5,11,5],"texture":"#particle"},"up":{"uv":[7,4.5,11,5],"texture":"#particle"},"north":{"uv":[11,4.5,7,9.5],"texture":"#particle"},"south":{"uv":[7,4.5,11,9.5],"texture":"#particle"},"west":{"uv":[7,4.5,7.5,9.5],"texture":"#particle"},"east":{"uv":[10.5,4.5,11,9.5],"texture":"#particle"}}},{"from":[6,10.5,4.25],"to":[9,14.5,4.75],"faces":{"up":{"uv":[0.5,9,3.5,9.5],"texture":"#particle"},"north":{"uv":[3.5,9,0.5,13],"texture":"#particle"},"south":{"uv":[0.5,9,3.5,13],"texture":"#particle"},"west":{"uv":[0.5,9,1,13],"texture":"#particle"},"east":{"uv":[3,9,3.5,13],"texture":"#particle"}}},{"from":[6.5,14.5,4.25],"to":[8.5,19,4.75],"faces":{"up":{"uv":[1,4.5,3,5],"texture":"#particle"},"north":{"uv":[3,4.5,1,9],"texture":"#particle"},"south":{"uv":[1,4.5,3,9],"texture":"#particle"},"west":{"uv":[1,4.5,1.5,9],"texture":"#particle"},"east":{"uv":[2.5,4.5,3,9],"texture":"#particle"}}},{"from":[7,19,4.25],"to":[8,22,4.75],"faces":{"up":{"uv":[1.5,1.5,2.5,2],"texture":"#particle"},"north":{"uv":[2.5,1.5,1.5,4.5],"texture":"#particle"},"south":{"uv":[1.5,1.5,2.5,4.5],"texture":"#particle"},"west":{"uv":[1.5,1.5,2,4.5],"texture":"#particle"},"east":{"uv":[2,1.5,2.5,4.5],"texture":"#particle"}}},{"from":[7.25,22,4.25],"to":[7.75,23.5,4.75],"faces":{"up":{"uv":[1.75,0,2.25,0.5],"texture":"#particle"},"north":{"uv":[2.25,0,1.75,1.5],"texture":"#particle"},"south":{"uv":[1.75,0,2.25,1.5],"texture":"#particle"},"west":{"uv":[1.5,0,2,1.5],"texture":"#particle"},"east":{"uv":[2,0,2.5,1.5],"texture":"#particle"}}},{"from":[8.5,2.5,4.25],"to":[9.5,3.5,4.75],"faces":{"north":{"uv":[11,11.5,10,12.5],"texture":"#particle"},"south":{"uv":[10,11.5,11,12.5],"texture":"#particle"},"west":{"uv":[10,11.5,10.5,12.5],"texture":"#particle"},"east":{"uv":[10.5,11.5,11,12.5],"texture":"#particle"}}},{"from":[7.25,23.5,4.375],"to":[7.75,24.5,4.625],"faces":{"up":{"uv":[1.75,0,2.25,0.25],"texture":"#particle"},"north":{"uv":[2.25,0,1.75,1.5],"texture":"#particle"},"south":{"uv":[1.75,0,2.25,1.5],"texture":"#particle"},"west":{"uv":[1.5,0,2,1.5],"texture":"#particle"},"east":{"uv":[2,0,2.5,1.5],"texture":"#particle"}}},{"from":[9,1,4.25],"to":[10,2,4.75],"faces":{"up":{"uv":[3,14,4,14.5],"texture":"#particle"},"north":{"uv":[4,14,3,14.5],"texture":"#particle"},"south":{"uv":[3,14,4,14.5],"texture":"#particle"},"west":{"uv":[3,14,3.5,14.5],"texture":"#particle"},"east":{"uv":[3.5,14,4,14.5],"texture":"#particle"}}},{"from":[9.5,-1,4.25],"to":[11,0,4.75],"faces":{"up":{"uv":[11,15,12.5,15.5],"texture":"#particle"},"north":{"uv":[12.5,15,11,16],"texture":"#particle"},"south":{"uv":[11,15,12.5,16],"texture":"#particle"},"west":{"uv":[11,15,11.5,16],"texture":"#particle"},"east":{"uv":[11,15,11.5,16],"texture":"#particle"}}},{"from":[11.5,-0.5,4.25],"to":[12.5,0,4.75],"faces":{"down":{"uv":[13,15,14,15.5],"texture":"#particle"},"up":{"uv":[13,15,14,15.5],"texture":"#particle"},"north":{"uv":[14,15,13,15.5],"texture":"#particle"},"south":{"uv":[14,15,13,15.5],"texture":"#particle"},"west":{"uv":[13,15,13.5,15.5],"texture":"#particle"}}},{"from":[9.5,-1,4],"to":[11,-0.5,5],"faces":{"up":{"uv":[11,15,12.5,15.5],"texture":"#particle"},"north":{"uv":[12.5,15.5,11,16],"texture":"#particle"},"south":{"uv":[11,15.5,12.5,16],"texture":"#particle"}}},{"from":[12,0,4.25],"to":[13,0.5,4.75],"faces":{"down":{"uv":[13,15,14,15.5],"texture":"#particle"},"up":{"uv":[13,15,14,15.5],"texture":"#particle"},"north":{"uv":[14,15,13,15.5],"texture":"#particle"},"south":{"uv":[14,15,13,15.5],"texture":"#particle"},"west":{"uv":[13,15,13.5,15.5],"texture":"#particle"},"east":{"uv":[13,15,13.5,15.5],"texture":"#particle"}}},{"from":[13,0.5,4.25],"to":[13.5,1,4.75],"faces":{"down":{"uv":[13,15,14,15.5],"texture":"#particle"},"up":{"uv":[13,15,14,15.5],"texture":"#particle"},"north":{"uv":[14,15,13,15.5],"texture":"#particle"},"south":{"uv":[14,15,13,15.5],"texture":"#particle"},"west":{"uv":[13,15,13.5,15.5],"texture":"#particle"},"east":{"uv":[13,15,13.5,15.5],"texture":"#particle"}}},{"from":[11,1.5,4.25],"to":[12,2,4.75],"faces":{"down":{"uv":[13,15,14,15.5],"texture":"#particle"},"up":{"uv":[13,15,14,15.5],"texture":"#particle"},"north":{"uv":[14,15,13,15.5],"texture":"#particle"},"south":{"uv":[14,15,13,15.5],"texture":"#particle"},"west":{"uv":[13,15,13.5,15.5],"texture":"#particle"},"east":{"uv":[13,15,13.5,15.5],"texture":"#particle"}}},{"from":[11.5,2,4.25],"to":[12,2.5,4.75],"faces":{"up":{"uv":[13,15,14,15.5],"texture":"#particle"},"north":{"uv":[14,15,13,15.5],"texture":"#particle"},"south":{"uv":[14,15,13,15.5],"texture":"#particle"},"west":{"uv":[13,15,13.5,15.5],"texture":"#particle"},"east":{"uv":[13,15,13.5,15.5],"texture":"#particle"}}},{"from":[10.5,0.5,4.25],"to":[11.5,1.5,4.75],"faces":{"down":{"uv":[11,15,12.5,15.5],"texture":"#particle"},"up":{"uv":[11,15,12.5,15.5],"texture":"#particle"},"north":{"uv":[12.5,15,11,16],"texture":"#particle"},"south":{"uv":[11,15,12.5,16],"texture":"#particle"},"east":{"uv":[11,15,11.5,16],"texture":"#particle"}}},{"from":[4.5,2,4.375],"to":[5.5,2.5,4.625],"faces":{"down":{"uv":[6.5,12.25,5.5,12],"texture":"#particle"},"up":{"uv":[6.5,12.25,5.5,12],"texture":"#particle"},"north":{"uv":[5.5,12,6.5,12.5],"texture":"#particle"},"south":{"uv":[5.5,12,6.5,12.5],"texture":"#particle"}}},{"from":[10,-0.5,4.375],"to":[12,0.5,4.625],"faces":{"down":{"uv":[13.5,15,11.5,14.5],"texture":"#particle"},"up":{"uv":[13.5,15,11.5,14.5],"texture":"#particle"},"north":{"uv":[13.5,14.5,11.5,15.5],"texture":"#particle"},"south":{"uv":[11.5,14.5,13.5,15.5],"texture":"#particle"},"west":{"uv":[11.5,14.5,12,15.5],"texture":"#particle"},"east":{"uv":[11.5,14.5,12,15.5],"texture":"#particle"}}},{"from":[12,0.5,4.375],"to":[13,1,4.625],"faces":{"up":{"uv":[6.5,12.25,5.5,12],"texture":"#particle"},"north":{"uv":[5.5,12,6.5,12.5],"texture":"#particle"},"south":{"uv":[5.5,12,6.5,12.5],"texture":"#particle"},"west":{"uv":[5.5,12,5.75,12.5],"texture":"#particle"}}},{"from":[12.5,1,4.375],"to":[13.5,1.5,4.625],"faces":{"down":{"uv":[6.5,12.25,5.5,12],"texture":"#particle"},"up":{"uv":[6.5,12.25,5.5,12],"texture":"#particle"},"north":{"uv":[5.5,12,6.5,12.5],"texture":"#particle"},"south":{"uv":[5.5,12,6.5,12.5],"texture":"#particle"},"west":{"uv":[5.5,12,5.75,12.5],"texture":"#particle"},"east":{"uv":[5.5,12,5.75,12.5],"texture":"#particle"}}},{"from":[9.5,2,4.375],"to":[11.5,2.5,4.625],"faces":{"down":{"uv":[6.5,12.25,5.5,12],"texture":"#particle"},"up":{"uv":[6.5,12.25,5.5,12],"texture":"#particle"},"north":{"uv":[5.5,12,6.5,12.5],"texture":"#particle"},"south":{"uv":[5.5,12,6.5,12.5],"texture":"#particle"}}},{"from":[10,1.5,4.375],"to":[11,2,4.625],"faces":{"down":{"uv":[6.5,12.25,5.5,12],"texture":"#particle"},"north":{"uv":[5.5,12,6.5,12.5],"texture":"#particle"},"south":{"uv":[5.5,12,6.5,12.5],"texture":"#particle"}}},{"from":[11,2.5,4.375],"to":[12,3,4.625],"faces":{"down":{"uv":[6.5,12.25,5.5,12],"texture":"#particle"},"up":{"uv":[6.5,12.25,5.5,12],"texture":"#particle"},"north":{"uv":[5.5,12,6.5,12.5],"texture":"#particle"},"south":{"uv":[5.5,12,6.5,12.5],"texture":"#particle"},"west":{"uv":[5.5,12,5.75,12.5],"texture":"#particle"},"east":{"uv":[5.5,12,5.75,12.5],"texture":"#particle"}}},{"from":[11.5,3,4.375],"to":[12,3.5,4.625],"faces":{"up":{"uv":[6.5,12.25,5.5,12],"texture":"#particle"},"north":{"uv":[5.5,12,6.5,12.5],"texture":"#particle"},"south":{"uv":[5.5,12,6.5,12.5],"texture":"#particle"},"west":{"uv":[5.5,12,5.75,12.5],"texture":"#particle"},"east":{"uv":[5.5,12,5.75,12.5],"texture":"#particle"}}},{"from":[0.25,0.5,1.5],"to":[16,16.25,1.5625],"faces":{"north":{"uv":[4.75,4.75,11.75,11.75],"texture":"#icepuffs"},"south":{"uv":[11.75,4.75,4.75,11.75],"texture":"#icepuffs"}}},{"from":[1.5,11.5,7.5],"to":[17.25,27.25,7.5625],"faces":{"north":{"uv":[4.75,4.75,11.75,11.75],"rotation":180,"texture":"#icepuffs2"},"south":{"uv":[11.75,4.75,4.75,11.75],"rotation":180,"texture":"#icepuffs2"}}},{"from":[-2.75,-4,5.5],"to":[13,11.75,5.5625],"faces":{"north":{"uv":[4.75,4.75,11.75,11.75],"rotation":180,"texture":"#icepuffs3"},"south":{"uv":[11.75,4.75,4.75,11.75],"rotation":180,"texture":"#icepuffs3"}}},{"from":[6.75,-2.75,2.9375],"to":[22.5,13,3],"faces":{"north":{"uv":[4.75,4.75,11.75,11.75],"rotation":180,"texture":"#icepuffs3"},"south":{"uv":[11.75,4.75,4.75,11.75],"rotation":180,"texture":"#icepuffs3"}}},{"from":[4.25,6.75,-2.75],"to":[4.3125,22.75,13.25],"faces":{"west":{"uv":[4.5,4.5,12,12],"texture":"#icepuffs"},"east":{"uv":[12,4.5,4.5,12],"texture":"#icepuffs"}}},{"from":[0,-2.25,-1],"to":[0.0625,13.75,15],"faces":{"west":{"uv":[4.5,4.5,12,12],"texture":"#icepuffs2"},"east":{"uv":[12,4.5,4.5,12],"texture":"#icepuffs2"}}},{"from":[12.5,4.75,-3],"to":[12.5625,20.75,13],"faces":{"west":{"uv":[4.5,4.5,12,12],"texture":"#icepuffs3"},"east":{"uv":[12,4.5,4.5,12],"texture":"#icepuffs3"}}}],"display":{"thirdperson_righthand":{"rotation":[0,90,0],"translation":[7.18,28,2.46],"scale":[2,2,2]},"thirdperson_lefthand":{"rotation":[0,90,0],"translation":[7.18,28,2.46],"scale":[2,2,2]},"ground":{"rotation":[0,0,90],"translation":[7.37,0,0],"scale":[1,1,1]},"fixed":{"rotation":[0,0,45],"translation":[-1.13,1.51,1.7],"scale":[0.7,0.7,0.7]},"firstperson_righthand":{"rotation":[-26,81,7],"translation":[8.31,2.83,-0.56],"scale":[1.8,2.4,2]},"firstperson_lefthand":{"rotation":[-26,81,7],"translation":[8.31,2.83,-0.56],"scale":[1.8,2.4,2]},"gui":{"rotation":[0,0,-45],"translation":[1.51,1.13,3.59],"scale":[0.6,0.6,0.6]}}}