{"__comment":"designedbyhypixelminecraftserverwithbdcraftcubikpro0.87beta-http://bdcraft.net","textures":{"texture":"items/golden_shovel_unwrap1"},"elements":[{"from":[5.75,30.5,13],"to":[10.25,31,15.5],"faces":{"up":{"uv":[10.5,0.75,11.75,1],"rotation":90,"texture":"#texture","cullface":"up"},"north":{"uv":[15,0.75,12.75,1],"texture":"#texture","cullface":"up"},"south":{"uv":[12.75,0.5,15,0.75],"texture":"#texture","cullface":"up"},"west":{"uv":[10.5,0.5,11.75,0.75],"texture":"#texture","cullface":"up"},"east":{"uv":[11.75,0.5,10.5,0.75],"texture":"#texture","cullface":"up"}}},{"from":[5.25,21.5,13],"to":[10.75,30.5,15.5],"faces":{"down":{"uv":[11.75,5.25,10.5,5],"rotation":90,"texture":"#texture","cullface":"up"},"up":{"uv":[10.5,0.75,11.75,1],"rotation":90,"texture":"#texture","cullface":"up"},"north":{"uv":[15.25,0.75,12.5,5.25],"texture":"#texture","cullface":"up"},"south":{"uv":[12.5,0.75,15.25,5.25],"texture":"#texture","cullface":"up"},"west":{"uv":[10.5,0.75,11.75,5.25],"texture":"#texture","cullface":"up"},"east":{"uv":[11.75,0.75,10.5,5.25],"texture":"#texture","cullface":"up"}}},{"from":[5.75,21,13],"to":[10.25,21.5,15.5],"faces":{"down":{"uv":[11.75,5.25,10.5,5],"rotation":90,"texture":"#texture","cullface":"up"},"north":{"uv":[15,5.25,12.75,5.5],"texture":"#texture","cullface":"up"},"south":{"uv":[12.75,5.25,15,5.5],"texture":"#texture","cullface":"up"},"west":{"uv":[10.5,5.25,11.75,5.5],"texture":"#texture","cullface":"up"},"east":{"uv":[11.75,5.25,10.5,5.5],"texture":"#texture","cullface":"up"}}},{"from":[5.75,21.5,11.5],"to":[10.25,30.5,13],"faces":{"down":{"uv":[11.25,5.25,10.5,5],"rotation":90,"texture":"#texture","cullface":"up"},"up":{"uv":[9.75,1,10.5,1.25],"rotation":90,"texture":"#texture","cullface":"up"},"north":{"uv":[10,1,9.75,5],"texture":"#texture","cullface":"up"},"west":{"uv":[9.75,0.75,10.5,5.25],"texture":"#texture","cullface":"up"},"east":{"uv":[10.5,0.75,9.75,5.25],"texture":"#texture","cullface":"up"}}},{"from":[5.25,22,11.5],"to":[10.75,30,13],"faces":{"down":{"uv":[10.5,5,9.75,4.75],"rotation":90,"texture":"#texture","cullface":"up"},"up":{"uv":[9.75,1,10.5,1.25],"rotation":90,"texture":"#texture","cullface":"up"},"north":{"uv":[10,1,9.75,5],"texture":"#texture","cullface":"up"},"west":{"uv":[9.75,1,10.5,5],"texture":"#texture","cullface":"up"},"east":{"uv":[10.5,1,9.75,5],"texture":"#texture","cullface":"up"}}},{"from":[5.75,22,11],"to":[10.25,30,11.5],"faces":{"down":{"uv":[9.75,5,9.5,4.75],"texture":"#texture","cullface":"up"},"up":{"uv":[9.5,1,9.75,1.25],"texture":"#texture","cullface":"up"},"north":{"uv":[12.75,1,15,5],"texture":"#texture","cullface":"up"},"west":{"uv":[9.5,1,9.75,5],"texture":"#texture","cullface":"up"},"east":{"uv":[9.75,1,9.5,5],"texture":"#texture","cullface":"up"}}},{"from":[6.25,27,5.5],"to":[9.75,29,11],"faces":{"down":{"uv":[9.5,3.75,6.75,2],"rotation":90,"texture":"#texture","cullface":"up"},"up":{"uv":[11.25,2.25,9.5,2],"texture":"#texture","cullface":"up"},"north":{"uv":[9,1.5,7.25,2.5],"texture":"#texture","cullface":"up"},"west":{"uv":[6.75,1.5,9.5,2.5],"texture":"#texture","cullface":"up"},"east":{"uv":[9.5,1.5,6.75,2.5],"texture":"#texture","cullface":"up"}}},{"from":[6.75,25.5,7],"to":[9.25,27,9.5],"faces":{"west":{"uv":[7.5,2.5,8.75,3.25],"texture":"#texture","cullface":"up"},"east":{"uv":[8.75,2.5,7.5,3.25],"texture":"#texture","cullface":"up"}}},{"from":[6.25,25.5,9.5],"to":[9.75,27,11],"faces":{"north":{"uv":[9,2.5,7.25,3.25],"texture":"#texture","cullface":"up"},"west":{"uv":[8.75,2.5,9.5,3.25],"texture":"#texture","cullface":"up"},"east":{"uv":[9.5,2.5,8.75,3.25],"texture":"#texture","cullface":"up"}}},{"from":[6.25,25.5,5.5],"to":[9.75,27,7],"faces":{"north":{"uv":[9,2.5,7.25,3.25],"texture":"#texture","cullface":"up"},"south":{"uv":[7.25,2.5,9,3.25],"texture":"#texture","cullface":"up"},"west":{"uv":[6.75,2.5,7.5,3.25],"texture":"#texture","cullface":"up"},"east":{"uv":[7.5,2.5,6.75,3.25],"texture":"#texture","cullface":"up"}}},{"from":[6.25,23,5.5],"to":[9.75,25.5,11],"faces":{"down":{"uv":[9.5,3.75,6.75,2.25],"rotation":90,"texture":"#texture","cullface":"up"},"up":{"uv":[6.75,2.25,9.5,3.75],"rotation":90,"texture":"#texture","cullface":"up"},"north":{"uv":[9,3.25,7.25,4.5],"texture":"#texture","cullface":"up"},"west":{"uv":[6.75,3.25,9.5,4.5],"texture":"#texture","cullface":"up"},"east":{"uv":[9.5,3.25,6.75,4.5],"texture":"#texture","cullface":"up"}}},{"from":[7,21,6.5],"to":[9,23,9.5],"faces":{"down":{"uv":[8.5,4.75,7.5,4.5],"texture":"#texture","cullface":"up"},"north":{"uv":[7.5,4.5,8.5,5.5],"texture":"#texture","cullface":"up"},"south":{"uv":[7.5,4.5,8.5,5.5],"texture":"#texture","cullface":"up"},"west":{"uv":[7.25,4.5,8.75,5.5],"texture":"#texture","cullface":"up"},"east":{"uv":[7.25,4.5,8.75,5.5],"texture":"#texture","cullface":"up"}}},{"from":[6.5,21,7],"to":[9.5,23,9],"faces":{"down":{"uv":[8.75,4.5,7.25,4.25],"texture":"#texture","cullface":"up"},"north":{"uv":[7.25,4.5,8.75,5.5],"texture":"#texture","cullface":"up"},"south":{"uv":[7.25,4.5,8.75,5.5],"texture":"#texture","cullface":"up"},"west":{"uv":[7.5,4.5,8.5,5.5],"texture":"#texture","cullface":"up"},"east":{"uv":[7.5,4.5,8.5,5.5],"texture":"#texture","cullface":"up"}}},{"from":[7.25,6,7.375],"to":[8.75,20.625,8.75],"faces":{"north":{"uv":[7.5,5.5,8.5,12.5],"texture":"#texture","cullface":"up"},"south":{"uv":[7.5,5.5,8.5,12.5],"texture":"#texture","cullface":"up"},"west":{"uv":[7.5,5.5,8.5,12.5],"texture":"#texture","cullface":"up"},"east":{"uv":[7.5,5.5,8.5,12.5],"texture":"#texture","cullface":"up"}}},{"from":[7,29,7],"to":[9,30,9.5],"faces":{"up":{"uv":[7.5,7.5,8.5,8.75],"texture":"#texture","cullface":"up"},"north":{"uv":[8.5,1,7.5,1.5],"texture":"#texture","cullface":"up"},"south":{"uv":[7.5,1,8.5,1.5],"texture":"#texture","cullface":"up"},"west":{"uv":[7.5,1,8.75,1.5],"texture":"#texture","cullface":"up"},"east":{"uv":[8.75,1,7.5,1.5],"texture":"#texture","cullface":"up"}}},{"from":[7,5.5,7],"to":[9,7,9],"faces":{"north":{"uv":[8.5,12.5,7.5,13.25],"texture":"#texture"},"south":{"uv":[7.5,12.5,8.5,13.25],"texture":"#texture"},"west":{"uv":[7.5,12.5,8.5,13.25],"texture":"#texture"},"east":{"uv":[8.5,12.5,7.5,13.25],"texture":"#texture"}}},{"from":[7,4.5,6.5],"to":[9,5.5,9.5],"faces":{"up":{"uv":[7.5,12.75,8.5,13.25],"texture":"#texture"},"north":{"uv":[8.5,12.75,7.5,13.25],"texture":"#texture"},"south":{"uv":[7.5,12.75,8.5,13.25],"texture":"#texture"},"west":{"uv":[7.25,13.25,8.75,13.75],"texture":"#texture"},"east":{"uv":[8.75,13.25,7.25,13.75],"texture":"#texture"}}},{"from":[7,4,6.5],"to":[9,4.5,10],"faces":{"up":{"uv":[7.5,12.75,8.5,13.25],"texture":"#texture"},"north":{"uv":[8.5,13,7.5,13.25],"texture":"#texture"},"south":{"uv":[7.5,13,8.5,13.25],"texture":"#texture"},"west":{"uv":[7.25,13.75,9,14],"texture":"#texture"},"east":{"uv":[9,13.75,7.25,14],"texture":"#texture"}}},{"from":[7,3,6],"to":[9,4,10],"faces":{"up":{"uv":[7.5,12.75,8.5,13.25],"texture":"#texture"},"north":{"uv":[8.5,12.75,7.5,13.25],"texture":"#texture"},"south":{"uv":[7.5,12.75,8.5,13.25],"texture":"#texture"},"west":{"uv":[7,14,9,14.5],"texture":"#texture"},"east":{"uv":[9,14,7,14.5],"texture":"#texture"}}},{"from":[7,1.5,5.5],"to":[9,3,10.5],"faces":{"down":{"uv":[7.5,12.75,8.5,13.25],"texture":"#texture"},"up":{"uv":[7.5,12.75,8.5,13.25],"texture":"#texture"},"north":{"uv":[8.5,12.75,7.5,13.25],"texture":"#texture"},"south":{"uv":[7.5,12.75,8.5,13.25],"texture":"#texture"},"west":{"uv":[6.75,14.5,9.25,15.25],"texture":"#texture"},"east":{"uv":[9.25,14.5,6.75,15.25],"texture":"#texture"}}},{"from":[6.5,1,6.5],"to":[9.5,2,9.5],"faces":{"down":{"uv":[8.5,14.25,8,13.5],"texture":"#texture"},"up":{"uv":[7.75,14.5,8.25,15],"rotation":90,"texture":"#texture"},"north":{"uv":[8.75,15,7.25,15.5],"texture":"#texture"},"south":{"uv":[7.25,15,8.75,15.5],"texture":"#texture"},"west":{"uv":[7.25,15,8.75,15.5],"texture":"#texture"},"east":{"uv":[8.75,15,7.25,15.5],"texture":"#texture"}}},{"from":[7,1,6],"to":[9,1.5,10],"faces":{"down":{"uv":[7.5,12.75,8.5,13.25],"texture":"#texture"},"north":{"uv":[8.5,13,7.5,13.25],"texture":"#texture"},"south":{"uv":[7.5,13,8.5,13.25],"texture":"#texture"},"west":{"uv":[7,15.25,9,15.5],"texture":"#texture"},"east":{"uv":[9,15.25,7,15.5],"texture":"#texture"}}},{"from":[7,0.5,6.5],"to":[9,1,9.5],"faces":{"down":{"uv":[7.5,12.75,8.5,13.25],"texture":"#texture"},"north":{"uv":[8.5,15.5,7.5,15.75],"texture":"#texture"},"south":{"uv":[7.5,15.5,8.5,15.75],"texture":"#texture"},"west":{"uv":[7.25,15.5,8.75,15.75],"texture":"#texture"},"east":{"uv":[8.75,15.5,7.25,15.75],"texture":"#texture"}}},{"from":[6.5,1.5,8.5],"to":[9.5,3,10],"faces":{"down":{"uv":[9,15.25,8.25,15],"rotation":90,"texture":"#texture"},"up":{"uv":[8.25,14.5,9,14.75],"rotation":90,"texture":"#texture"},"north":{"uv":[8.75,14.5,7.25,15.25],"texture":"#texture"},"south":{"uv":[7.25,14.5,8.75,15.25],"texture":"#texture"},"west":{"uv":[8.25,14.5,9,15.25],"texture":"#texture"},"east":{"uv":[9,14.5,8.25,15.25],"texture":"#texture"}}},{"from":[6.75,23,3.5],"to":[9.25,29,5.5],"faces":{"down":{"uv":[6.75,3.5,5.5,2.5],"texture":"#texture","cullface":"up"},"up":{"uv":[5.5,2.5,6.75,3.5],"texture":"#texture","cullface":"up"},"north":{"uv":[8.75,1.5,7.5,4.5],"texture":"#texture","cullface":"up"},"south":{"uv":[7.5,1.5,8.75,4.5],"texture":"#texture","cullface":"up"},"west":{"uv":[5.75,1.5,6.75,4.5],"texture":"#texture","cullface":"up"},"east":{"uv":[6.75,1.5,5.75,4.5],"texture":"#texture","cullface":"up"}}},{"from":[6.75,23.5,3],"to":[9.25,28.5,3.5],"faces":{"down":{"uv":[6.75,4,5.5,3.75],"texture":"#texture","cullface":"up"},"up":{"uv":[5.25,2,6.5,2.25],"texture":"#texture","cullface":"up"},"north":{"uv":[6.75,1.75,5.5,4.25],"texture":"#texture","cullface":"up"},"west":{"uv":[5.5,1.75,5.75,4.25],"texture":"#texture","cullface":"up"},"east":{"uv":[5.75,1.75,5.5,4.25],"texture":"#texture","cullface":"up"}}},{"from":[7.25,24,2.5],"to":[8.75,28,3],"faces":{"down":{"uv":[8.375,5.5,7.625,5.25],"texture":"#texture","cullface":"up"},"up":{"uv":[7.5,4,8.25,4.25],"texture":"#texture","cullface":"up"},"north":{"uv":[8.25,4,7.5,4.25],"texture":"#texture","cullface":"up"},"west":{"uv":[5.25,2,5.5,4],"texture":"#texture","cullface":"up"},"east":{"uv":[5.5,2,5.25,4],"texture":"#texture","cullface":"up"}}},{"from":[7.25,24.5,1.5],"to":[8.75,27.5,2.5],"faces":{"down":{"uv":[8.375,5.25,7.625,4.75],"texture":"#texture","cullface":"up"},"up":{"uv":[7.625,4.75,8.375,5.25],"texture":"#texture","cullface":"up"},"north":{"uv":[8.25,4,7.5,4.25],"texture":"#texture","cullface":"up"},"west":{"uv":[4.75,2.25,5.25,3.75],"texture":"#texture","cullface":"up"},"east":{"uv":[5.25,2.25,4.75,3.75],"texture":"#texture","cullface":"up"}}},{"from":[7.25,25,1],"to":[8.75,27,1.5],"faces":{"down":{"uv":[8.375,4.75,7.625,4.5],"texture":"#texture","cullface":"up"},"up":{"uv":[7.5,4,8.25,4.25],"texture":"#texture","cullface":"up"},"north":{"uv":[8.25,4,7.5,4.25],"texture":"#texture","cullface":"up"},"west":{"uv":[4.5,2.5,4.75,3.5],"texture":"#texture","cullface":"up"},"east":{"uv":[4.75,2.5,4.5,3.5],"texture":"#texture","cullface":"up"}}},{"from":[7.25,25,0.5],"to":[8.75,26.5,1],"faces":{"down":{"uv":[8.375,4.5,7.625,4.25],"texture":"#texture","cullface":"up"},"up":{"uv":[7.5,4,8.25,4.25],"texture":"#texture","cullface":"up"},"north":{"uv":[8.25,4,7.5,4.25],"texture":"#texture","cullface":"up"},"west":{"uv":[4.25,2.75,4.5,3.5],"texture":"#texture","cullface":"up"},"east":{"uv":[4.5,2.75,4.25,3.5],"texture":"#texture","cullface":"up"}}},{"from":[6.5,1.5,6],"to":[9.5,3,7.5],"faces":{"down":{"uv":[7.75,15.25,7,15],"rotation":90,"texture":"#texture"},"up":{"uv":[7,14.5,7.75,14.75],"rotation":90,"texture":"#texture"},"north":{"uv":[8.75,14.5,7.25,15.25],"texture":"#texture"},"south":{"uv":[7.25,14.5,8.75,15.25],"texture":"#texture"},"west":{"uv":[7,14.5,7.75,15.25],"texture":"#texture"},"east":{"uv":[7.75,14.5,7,15.25],"texture":"#texture"}}},{"from":[7.25,25,0],"to":[8.75,26,0.5],"faces":{"down":{"uv":[8.25,4.25,7.5,4],"texture":"#texture","cullface":"up"},"up":{"uv":[7.5,4,8.25,4.25],"texture":"#texture","cullface":"up"},"north":{"uv":[8.25,4,7.5,4.25],"texture":"#texture","cullface":"up"},"west":{"uv":[4,3,4.25,3.5],"texture":"#texture","cullface":"up"},"east":{"uv":[4.25,3,4,3.5],"texture":"#texture","cullface":"up"}}},{"from":[6.5,3,6.5],"to":[9.5,4,9.5],"faces":{"down":{"uv":[8.25,14.25,7.75,14],"rotation":90,"texture":"#texture"},"up":{"uv":[7.25,14,8.75,14.25],"rotation":90,"texture":"#texture"},"north":{"uv":[8.75,14,7.25,14.5],"texture":"#texture"},"south":{"uv":[7.25,14,8.75,14.5],"texture":"#texture"},"west":{"uv":[7.25,14,8.75,14.5],"texture":"#texture"},"east":{"uv":[8.75,14,7.25,14.5],"texture":"#texture"}}},{"from":[6.5,4,7],"to":[9.5,4.5,9.5],"faces":{"up":{"uv":[7.5,13.75,8.75,14],"rotation":90,"texture":"#texture"},"north":{"uv":[8.75,13.75,7.25,14],"texture":"#texture"},"south":{"uv":[7.25,13.75,8.75,14],"texture":"#texture"},"west":{"uv":[7.5,13.75,8.75,14],"texture":"#texture"},"east":{"uv":[8.75,13.75,7.5,14],"texture":"#texture"}}},{"from":[6.5,4.5,7],"to":[9.5,5.5,9],"faces":{"up":{"uv":[7.5,13.25,8.5,13.5],"rotation":90,"texture":"#texture"},"north":{"uv":[8.75,13.25,7.25,13.75],"texture":"#texture"},"south":{"uv":[7.25,13.25,8.75,13.75],"texture":"#texture"},"west":{"uv":[7.5,13.25,8.5,13.75],"texture":"#texture"},"east":{"uv":[8.5,13.25,7.5,13.75],"texture":"#texture"}}},{"from":[6.5,5.5,7.5],"to":[9.5,6,8.5],"faces":{"up":{"uv":[13.5,12.75,14.25,13.25],"texture":"#texture"},"north":{"uv":[8.25,13,7.75,13.25],"texture":"#texture"},"south":{"uv":[7.75,13,8.25,13.25],"texture":"#texture"},"west":{"uv":[7.75,13,8.25,13.25],"texture":"#texture"},"east":{"uv":[8.25,13,7.75,13.25],"texture":"#texture"}}}],"display":{"thirdperson_righthand":{"rotation":[0,180,0],"translation":[0,-2.83,2.46],"scale":[2.5,2.5,2]},"thirdperson_lefthand":{"rotation":[0,180,0],"translation":[0,-2.83,2.46],"scale":[2.5,2.5,2]},"ground":{"rotation":[90,-26,0],"translation":[-0.19,6.43,0.76],"scale":[1,1,1]},"fixed":{"rotation":[90,-45,90],"translation":[6.05,-5.67,-0.38],"scale":[1.35,1,1]},"firstperson_righthand":{"rotation":[-15,180,0],"translation":[2.27,-7.56,0],"scale":[1.5,1.2,1.5]},"firstperson_lefthand":{"rotation":[-15,180,0],"translation":[2.27,-7.56,0],"scale":[1.5,1.2,1.5]},"gui":{"rotation":[94,40,-91],"translation":[-5.1,-4.35,2.65],"scale":[0.8,0.8,0.8]}}}