{"__comment":"designedbyhypixelminecraftserverwithbdcraftcubikpro0.87beta-http://bdcraft.net","textures":{"particle":"items/melon2","texture":"items/melon1","holypulse":"items/holypulse"},"elements":[{"from":[7,-16,8.5],"to":[9,-15.5,9.5],"faces":{"down":{"uv":[4,12,6,12.5],"texture":"#texture","cullface":"down"},"north":{"uv":[6,12,4,12.5],"texture":"#texture","cullface":"down"},"south":{"uv":[4,12,6,12.5],"texture":"#texture","cullface":"down"},"west":{"uv":[4,12,5,12.5],"texture":"#texture","cullface":"down"},"east":{"uv":[5,12,6,12.5],"texture":"#texture","cullface":"down"}}},{"from":[7.5,-16,8],"to":[8.5,-15.5,10],"faces":{"down":{"uv":[4.5,12,5.5,12.5],"texture":"#texture","cullface":"down"},"north":{"uv":[5.5,12,4.5,12.5],"texture":"#texture","cullface":"down"},"south":{"uv":[4.5,12,5.5,12.5],"texture":"#texture","cullface":"down"},"west":{"uv":[4,12,5,12.5],"texture":"#texture","cullface":"down"},"east":{"uv":[5,12,6,12.5],"texture":"#texture","cullface":"down"}}},{"from":[6.5,-15.5,8],"to":[9.5,-15,10],"faces":{"down":{"uv":[3.5,11.5,6.5,12],"texture":"#texture","cullface":"down"},"north":{"uv":[6.5,11.5,3.5,12],"texture":"#texture","cullface":"down"},"south":{"uv":[3.5,11.5,6.5,12],"texture":"#texture","cullface":"down"},"west":{"uv":[3.5,11.5,4,12],"texture":"#texture","cullface":"down"},"east":{"uv":[6,11.5,6.5,12],"texture":"#texture","cullface":"down"}}},{"from":[7,-15.5,7.5],"to":[9,-15,10.5],"faces":{"down":{"uv":[4,11.5,6,12],"texture":"#texture","cullface":"down"},"north":{"uv":[4,11.5,6,12],"texture":"#texture","cullface":"down"},"south":{"uv":[4,11.5,6,12],"texture":"#texture","cullface":"down"},"west":{"uv":[4,11.5,4.5,12],"texture":"#texture","cullface":"down"},"east":{"uv":[5.5,11.5,6,12],"texture":"#texture","cullface":"down"}}},{"from":[6,-15,7.5],"to":[10,-14.5,10.5],"faces":{"down":{"uv":[3,11,7,11.5],"texture":"#texture","cullface":"down"},"up":{"uv":[3,11,7,11.5],"texture":"#texture","cullface":"down"},"north":{"uv":[3,11,7,11.5],"texture":"#texture","cullface":"down"},"south":{"uv":[3,11,7,11.5],"texture":"#texture","cullface":"down"},"west":{"uv":[3,11,6,11.5],"texture":"#texture","cullface":"down"},"east":{"uv":[4,11,7,11.5],"texture":"#texture","cullface":"down"}}},{"from":[6.5,-15,7],"to":[9.5,-14.5,11],"faces":{"down":{"uv":[3.5,11,6.5,11.5],"texture":"#texture","cullface":"down"},"up":{"uv":[3.5,11,6.5,11.5],"texture":"#texture","cullface":"down"},"north":{"uv":[3.5,11,6.5,11.5],"texture":"#texture","cullface":"down"},"south":{"uv":[3.5,11,6.5,11.5],"texture":"#texture","cullface":"down"},"west":{"uv":[3,11,4.5,11.5],"texture":"#texture","cullface":"down"},"east":{"uv":[5.5,11,7,11.5],"texture":"#texture","cullface":"down"}}},{"from":[6.25,-14.5,7.75],"to":[9.75,-14,10.25],"faces":{"up":{"uv":[3.25,10.5,6.75,11],"texture":"#texture","cullface":"down"},"north":{"uv":[6.75,10.5,3.25,11],"texture":"#texture","cullface":"down"},"south":{"uv":[3.25,10.5,6.75,11],"texture":"#texture","cullface":"down"},"west":{"uv":[3.75,10.5,6.25,11],"texture":"#texture","cullface":"down"},"east":{"uv":[3.75,10.5,6.25,11],"texture":"#texture","cullface":"down"}}},{"from":[6.75,-14.5,7.25],"to":[9.25,-14,10.75],"faces":{"up":{"uv":[3.5,10.5,6,11],"texture":"#texture","cullface":"down"},"north":{"uv":[6.25,10.5,3.75,11],"texture":"#texture","cullface":"down"},"south":{"uv":[3.75,10.5,6.25,11],"texture":"#texture","cullface":"down"},"west":{"uv":[3.25,10.5,6.75,11],"texture":"#texture","cullface":"down"},"east":{"uv":[3.25,10.5,6.75,11],"texture":"#texture","cullface":"down"}}},{"from":[6.5,-14,8],"to":[9.5,-13.5,10],"faces":{"up":{"uv":[3.5,10,6.5,10.5],"texture":"#texture","cullface":"down"},"north":{"uv":[6.5,10,3.5,10.5],"texture":"#texture","cullface":"down"},"south":{"uv":[3.5,10,6.5,10.5],"texture":"#texture","cullface":"down"},"west":{"uv":[3.5,10,5,10.5],"texture":"#texture","cullface":"down"},"east":{"uv":[5,10,6.5,10.5],"texture":"#texture","cullface":"down"}}},{"from":[7,-14,7.5],"to":[9,-13.5,10.5],"faces":{"up":{"uv":[4,10,5.75,10.5],"texture":"#texture","cullface":"down"},"north":{"uv":[6,10,4,10.5],"texture":"#texture","cullface":"down"},"south":{"uv":[4,10,6,10.5],"texture":"#texture","cullface":"down"},"west":{"uv":[3.5,10,5,10.5],"texture":"#texture","cullface":"down"},"east":{"uv":[5,10,6.5,10.5],"texture":"#texture","cullface":"down"}}},{"from":[6.75,-13.5,8.25],"to":[9.25,-13,9.75],"faces":{"up":{"uv":[3.75,9.5,6.25,10],"texture":"#texture","cullface":"down"},"north":{"uv":[6.25,9.5,3.75,10],"texture":"#texture","cullface":"down"},"south":{"uv":[3.75,9.5,6.25,10],"texture":"#texture","cullface":"down"},"west":{"uv":[4.25,9.5,5.75,10],"texture":"#texture","cullface":"down"},"east":{"uv":[4.25,9.5,5.75,10],"texture":"#texture","cullface":"down"}}},{"from":[7.25,-13.5,7.75],"to":[8.75,-13,10.25],"faces":{"up":{"uv":[4.25,9.5,5.75,10],"texture":"#texture","cullface":"down"},"north":{"uv":[4.25,9.5,5.75,10],"texture":"#texture","cullface":"down"},"south":{"uv":[4.25,9.5,5.75,10],"texture":"#texture","cullface":"down"},"west":{"uv":[3.75,9.5,6.25,10],"texture":"#texture","cullface":"down"},"east":{"uv":[3.75,9.5,6.25,10],"texture":"#texture","cullface":"down"}}},{"from":[7,-13,8.25],"to":[9,-12,9.75],"faces":{"north":{"uv":[6,8.5,4,9.5],"texture":"#texture","cullface":"down"},"south":{"uv":[4,8.5,6,9.5],"texture":"#texture","cullface":"down"},"west":{"uv":[4,8.5,4.5,9.5],"texture":"#texture","cullface":"down"},"east":{"uv":[5.5,8.5,6,9.5],"texture":"#texture","cullface":"down"}}},{"from":[7.25,-13,8],"to":[8.75,-12,10],"faces":{"north":{"uv":[4.5,8.5,6,9.5],"texture":"#texture","cullface":"down"},"south":{"uv":[4.5,8.5,6,9.5],"texture":"#texture","cullface":"down"},"west":{"uv":[4.5,8.5,5,9.5],"texture":"#texture","cullface":"down"},"east":{"uv":[5.5,8.5,6,9.5],"texture":"#texture","cullface":"down"}}},{"from":[7.5,-11.5,8],"to":[8.5,4,10],"faces":{"north":{"uv":[1.5,0,0.5,16],"texture":"#texture","cullface":"down"},"south":{"uv":[0.5,0,1.5,16],"texture":"#texture","cullface":"down"},"west":{"uv":[0.5,0,1,16],"texture":"#texture","cullface":"down"},"east":{"uv":[1,0,1.5,16],"texture":"#texture","cullface":"down"}}},{"from":[7.5,4,8],"to":[8.5,10,10],"faces":{"north":{"uv":[8.5,0.5,7.5,6.5],"texture":"#texture"},"south":{"uv":[7.5,0.5,8.5,6.5],"texture":"#texture"},"west":{"uv":[7.5,0.5,8,6.5],"texture":"#texture"},"east":{"uv":[8,0.5,8.5,6.5],"texture":"#texture"}}},{"from":[7,-11.5,8.5],"to":[9,4,9.5],"faces":{"north":{"uv":[2,0,0,16],"texture":"#texture","cullface":"down"},"south":{"uv":[0,0,2,16],"texture":"#texture","cullface":"down"},"west":{"uv":[0,0,0.5,16],"texture":"#texture","cullface":"down"},"east":{"uv":[0,0,0.5,16],"texture":"#texture","cullface":"down"}}},{"from":[7,4,8.5],"to":[9,10,9.5],"faces":{"north":{"uv":[9,0.5,7,6.5],"texture":"#texture"},"south":{"uv":[7,0.5,9,6.5],"texture":"#texture"},"west":{"uv":[8.5,0.5,9,6.5],"texture":"#texture"},"east":{"uv":[8.5,0.5,9,6.5],"texture":"#texture"}}},{"from":[7,-12,8],"to":[9,-11.5,10],"faces":{"down":{"uv":[4,8,6,8.5],"texture":"#texture","cullface":"down"},"up":{"uv":[4,8,6,8.5],"texture":"#texture","cullface":"down"},"north":{"uv":[6,8,4,8.5],"texture":"#texture","cullface":"down"},"south":{"uv":[4,8,6,8.5],"texture":"#texture","cullface":"down"},"west":{"uv":[4,8,5,8.5],"texture":"#texture","cullface":"down"},"east":{"uv":[5,8,6,8.5],"texture":"#texture","cullface":"down"}}},{"from":[7,10,8],"to":[9,10.5,10],"faces":{"down":{"uv":[7,0,9,0.5],"texture":"#texture"},"up":{"uv":[7,0,9,0.5],"texture":"#texture"},"north":{"uv":[7,0,9,0.5],"texture":"#texture"},"south":{"uv":[7,0,9,0.5],"texture":"#texture"},"west":{"uv":[7,0,9,0.5],"texture":"#texture"},"east":{"uv":[7,0,9,0.5],"texture":"#texture"}}},{"from":[5,7,8.5],"to":[5.5,7.5,9.5],"faces":{"north":{"uv":[5,2.5,5.5,3],"texture":"#texture"},"south":{"uv":[5,2.5,5.5,3],"texture":"#texture"},"west":{"uv":[5,2,6,2.5],"texture":"#texture"},"east":{"uv":[5,2,6,2.5],"texture":"#texture"}}},{"from":[4.5,6.5,8.5],"to":[5.5,7,9.5],"faces":{"down":{"uv":[0.5,0,1.5,1],"texture":"#texture"},"up":{"uv":[0.5,0,1.5,1],"texture":"#texture"},"north":{"uv":[4.5,3,5.5,3.5],"texture":"#texture"},"south":{"uv":[4.5,3,5.5,3.5],"texture":"#texture"},"west":{"uv":[3.5,1,4.5,1.5],"texture":"#texture"},"east":{"uv":[3.5,1,4.5,1.5],"texture":"#texture"}}},{"from":[6,9.5,8.75],"to":[7,10,9.25],"faces":{"down":{"uv":[6,0,7,0.5],"texture":"#texture"},"up":{"uv":[6,0,7,0.5],"texture":"#texture"},"north":{"uv":[6,0,7,0.5],"texture":"#texture"},"south":{"uv":[6,0,7,0.5],"texture":"#texture"}}},{"from":[4,9,8.5],"to":[5.5,9.5,9.5],"faces":{"down":{"uv":[4,0.5,5.5,1],"texture":"#texture"},"up":{"uv":[4,0.5,5.5,1],"texture":"#texture"},"north":{"uv":[4,0.5,5.5,1],"texture":"#texture"},"south":{"uv":[4,0.5,5.5,1],"texture":"#texture"},"west":{"uv":[4,0.5,5,1],"texture":"#texture"},"east":{"uv":[4,0.5,5,1],"texture":"#texture"}}},{"from":[4.5,8.5,8.75],"to":[6,9,9.25],"faces":{"down":{"uv":[4.5,1,6,1.5],"texture":"#texture"},"up":{"uv":[4.5,1,6,1.5],"texture":"#texture"},"north":{"uv":[4.5,1,6,1.5],"texture":"#texture"},"south":{"uv":[4.5,1,6,1.5],"texture":"#texture"}}},{"from":[3,8,8.75],"to":[5,8.5,9.25],"faces":{"down":{"uv":[3,1.5,5,2],"texture":"#texture"},"up":{"uv":[3,1.5,5,2],"texture":"#texture"},"north":{"uv":[3,1.5,5,2],"texture":"#texture"},"south":{"uv":[3,1.5,5,2],"texture":"#texture"},"west":{"uv":[3,1.5,3.5,2],"texture":"#texture"},"east":{"uv":[3,1.5,3.5,2],"texture":"#texture"}}},{"from":[3,7.5,8.75],"to":[4.5,8,9.25],"faces":{"down":{"uv":[3,2,4.5,2.5],"texture":"#texture"},"north":{"uv":[3,2,4.5,2.5],"texture":"#texture"},"south":{"uv":[3,2,4.5,2.5],"texture":"#texture"},"west":{"uv":[3,2,3.5,2.5],"texture":"#texture"},"east":{"uv":[3,2,3.5,2.5],"texture":"#texture"}}},{"from":[3,8.5,8.75],"to":[3.5,9.5,9.25],"faces":{"up":{"uv":[3,0.5,3.5,1],"texture":"#texture"},"north":{"uv":[3,0.5,3.5,1.5],"texture":"#texture"},"south":{"uv":[3,0.5,3.5,1.5],"texture":"#texture"},"west":{"uv":[3,0.5,3.5,1.5],"texture":"#texture"},"east":{"uv":[3,0.5,3.5,1.5],"texture":"#texture"}}},{"from":[4.5,9.5,8.75],"to":[5,10,9.25],"faces":{"up":{"uv":[4.5,0,5,0.5],"texture":"#texture"},"north":{"uv":[4.5,0,5,0.5],"texture":"#texture"},"south":{"uv":[4.5,0,5,0.5],"texture":"#texture"},"west":{"uv":[4.5,0,5,0.5],"texture":"#texture"}}},{"from":[3.5,5.5,8.75],"to":[5.5,6,9.25],"faces":{"down":{"uv":[3.5,4,5.5,4.5],"texture":"#texture"},"up":{"uv":[3.5,4,5.5,4.5],"texture":"#texture"},"north":{"uv":[3.5,4,5.5,4.5],"texture":"#texture"},"south":{"uv":[3.5,4,5.5,4.5],"texture":"#texture"},"west":{"uv":[5,4,5.5,4.5],"texture":"#texture"},"east":{"uv":[5,4,5.5,4.5],"texture":"#texture"}}},{"from":[4,6,8.75],"to":[5.5,6.5,9.25],"faces":{"up":{"uv":[4,3.5,5.5,4],"texture":"#texture"},"north":{"uv":[4,3.5,5.5,4],"texture":"#texture"},"south":{"uv":[4,3.5,5.5,4],"texture":"#texture"},"west":{"uv":[4.5,3.5,5,4],"texture":"#texture"}}},{"from":[5.5,6.5,8.75],"to":[6,7.5,9.25],"faces":{"north":{"uv":[5.5,2.5,6,3.5],"texture":"#texture"},"south":{"uv":[5.5,2.5,6,3.5],"texture":"#texture"},"west":{"uv":[5.5,2.5,6,3.5],"texture":"#texture"},"east":{"uv":[5.5,2.5,6,3.5],"texture":"#texture"}}},{"from":[6,7,8.75],"to":[6.5,8.5,9.25],"faces":{"down":{"uv":[6,1.5,6.5,2],"texture":"#texture"},"north":{"uv":[6,1.5,6.5,3],"texture":"#texture"},"south":{"uv":[6,1.5,6.5,3],"texture":"#texture"},"west":{"uv":[6,1.5,6.5,3],"texture":"#texture"},"east":{"uv":[6,1.5,6.5,3],"texture":"#texture"}}},{"from":[6.5,10.5,8.25],"to":[9.5,11,9.75],"faces":{"down":{"uv":[6,5.5,9,6],"texture":"#particle"},"north":{"uv":[6,5.5,9,6],"texture":"#particle"},"south":{"uv":[6,5.5,9,6],"texture":"#particle"},"west":{"uv":[7,5.5,8.5,6],"texture":"#particle"},"east":{"uv":[7,5.5,8.5,6],"texture":"#particle"}}},{"from":[9.5,11,8.25],"to":[10,13.5,9.75],"faces":{"down":{"uv":[5.5,3.75,6,5.25],"texture":"#particle"},"north":{"uv":[9,3,9.5,5.5],"texture":"#particle"},"south":{"uv":[9,3,9.5,5.5],"texture":"#particle"},"east":{"uv":[9,3,9.5,5.5],"texture":"#particle"}}},{"from":[10,13,8.25],"to":[11,13.5,9.75],"faces":{"down":{"uv":[9.5,3,10.5,3.5],"texture":"#particle"},"north":{"uv":[9.5,3,10.5,3.5],"texture":"#particle"},"south":{"uv":[9.5,3,10.5,3.5],"texture":"#particle"},"east":{"uv":[9.5,3,10.5,3.5],"texture":"#particle"}}},{"from":[5,13,8.25],"to":[6,13.5,9.75],"faces":{"down":{"uv":[4.5,3,5.5,3.5],"texture":"#particle"},"north":{"uv":[4.5,3,5.5,3.5],"texture":"#particle"},"south":{"uv":[4.5,3,5.5,3.5],"texture":"#particle"},"west":{"uv":[4.5,3,6,3.5],"texture":"#particle"}}},{"from":[11,13.5,8.25],"to":[11.5,14.5,9.75],"faces":{"down":{"uv":[10.5,2,11,3],"texture":"#particle"},"north":{"uv":[10.5,2,11,3],"texture":"#particle"},"south":{"uv":[10.5,2,11,3],"texture":"#particle"},"west":{"uv":[11,1,11.5,2],"texture":"#particle"},"east":{"uv":[11,1,11.5,2],"texture":"#particle"}}},{"from":[6.5,11,8],"to":[9.5,13.5,10],"faces":{"down":{"uv":[9,5.5,6,5],"texture":"#particle"},"up":{"uv":[6,3,9,3.5],"texture":"#particle"},"north":{"uv":[9,3,6,5.5],"texture":"#particle"},"south":{"uv":[6,3,9,5.5],"texture":"#particle"},"west":{"uv":[6,3,7,5.5],"texture":"#particle"},"east":{"uv":[8.5,3,9,5.5],"texture":"#particle"}}},{"from":[5,13.5,8],"to":[7,14,10],"faces":{"down":{"uv":[4.5,2.5,6.5,3],"texture":"#particle"},"up":{"uv":[4.5,2.5,6.5,3],"texture":"#particle"},"north":{"uv":[6.5,2.5,4.5,3],"texture":"#particle"},"south":{"uv":[4.5,2.5,6.5,3],"texture":"#particle"},"west":{"uv":[4.5,2.5,5,3],"texture":"#particle"}}},{"from":[9,13.5,8],"to":[11,14,10],"faces":{"down":{"uv":[8.5,2.5,10.5,3],"texture":"#particle"},"up":{"uv":[8.5,2.5,10.5,3],"texture":"#particle"},"north":{"uv":[8.5,2.5,10.5,3],"texture":"#particle"},"south":{"uv":[8.5,2.5,10.5,3],"texture":"#particle"},"east":{"uv":[8.5,2.5,10.5,3],"texture":"#particle"}}},{"from":[5,14,8],"to":[6.5,14.5,10],"faces":{"up":{"uv":[4.5,2,6,2.5],"texture":"#particle"},"north":{"uv":[6,2,4.5,2.5],"texture":"#particle"},"south":{"uv":[4.5,2,6,2.5],"texture":"#particle"},"west":{"uv":[4.5,2,5.5,2.5],"texture":"#particle"}}},{"from":[9.5,14,8],"to":[11,14.5,10],"faces":{"up":{"uv":[9,2,10.5,2.5],"texture":"#particle"},"north":{"uv":[9,2,10.5,2.5],"texture":"#particle"},"south":{"uv":[9,2,10.5,2.5],"texture":"#particle"},"east":{"uv":[9,2,9.5,2.5],"texture":"#particle"}}},{"from":[4.5,14.5,8],"to":[6,15.5,10],"faces":{"down":{"uv":[4,1,5.5,1.5],"texture":"#particle"},"north":{"uv":[5.5,1,4,2],"texture":"#particle"},"south":{"uv":[4,1,5.5,2],"texture":"#particle"},"west":{"uv":[4,1,4.5,2],"texture":"#particle"}}},{"from":[10,14.5,8],"to":[11.5,15.5,10],"faces":{"down":{"uv":[9.5,1,11,2],"texture":"#particle"},"north":{"uv":[11,1,9.5,2],"texture":"#particle"},"south":{"uv":[9.5,1,11,2],"texture":"#particle"},"east":{"uv":[10.5,1,11,2],"texture":"#particle"}}},{"from":[4,15.5,8],"to":[12,16,10],"faces":{"down":{"uv":[3.5,0.5,11.5,1],"texture":"#particle"},"up":{"uv":[3.5,0.5,11.5,1],"texture":"#particle","cullface":"up"},"north":{"uv":[11.5,0.5,3.5,1],"texture":"#particle"},"south":{"uv":[3.5,0.5,11.5,1],"texture":"#particle"},"west":{"uv":[9,0.5,11,1],"texture":"#particle"},"east":{"uv":[11,0.5,11.5,1],"texture":"#particle"}}},{"from":[4,16,8.25],"to":[12,16.5,9.75],"faces":{"up":{"uv":[3.5,0,11.5,0.5],"texture":"#particle","cullface":"up"},"north":{"uv":[11.5,0,3.5,0.5],"texture":"#particle","cullface":"up"},"south":{"uv":[3.5,0,11.5,0.5],"texture":"#particle","cullface":"up"}}},{"from":[6,14.5,7.75],"to":[10,15.5,10.25],"faces":{"down":{"uv":[5.5,1,9.5,2],"texture":"#particle"},"up":{"uv":[5.5,1,9.5,2],"texture":"#particle"},"north":{"uv":[9.5,1,5.5,2],"texture":"#particle"},"south":{"uv":[5.5,1,9.5,2],"texture":"#particle"},"west":{"uv":[5.5,1,6.5,2],"texture":"#particle"},"east":{"uv":[5.5,1,6.5,2],"texture":"#particle"}}},{"from":[6.5,14,7.75],"to":[9.5,14.5,10.25],"faces":{"down":{"uv":[6,2,9,2.5],"texture":"#particle"},"north":{"uv":[9,2,6,2.5],"texture":"#particle"},"south":{"uv":[6,2,9,2.5],"texture":"#particle"},"west":{"uv":[6.5,2,9,2.5],"texture":"#particle"},"east":{"uv":[6.5,2,9,2.5],"texture":"#particle"}}},{"from":[7,13.5,7.75],"to":[9,14,10.25],"faces":{"down":{"uv":[6.5,2.5,8.5,3],"texture":"#particle"},"north":{"uv":[6.5,2.5,8.5,3],"texture":"#particle"},"south":{"uv":[6.5,2.5,8.5,3],"texture":"#particle"},"west":{"uv":[6.5,2.5,8.5,3],"texture":"#particle"},"east":{"uv":[6.5,2.5,8.5,3],"texture":"#particle"}}},{"from":[6,16.5,8.25],"to":[10,18,9.75],"faces":{"north":{"uv":[3,14.5,7,16],"texture":"#particle","cullface":"up"},"south":{"uv":[3,14.5,7,16],"texture":"#particle","cullface":"up"},"west":{"uv":[3,14.5,3.5,16],"texture":"#particle","cullface":"up"},"east":{"uv":[3,14.5,3.5,16],"texture":"#particle","cullface":"up"}}},{"from":[6.5,16.5,8],"to":[9.5,18,10],"faces":{"down":{"uv":[3.5,14.5,6.5,16],"texture":"#particle","cullface":"up"},"north":{"uv":[3.5,15.5,6.5,16],"texture":"#particle","cullface":"up"},"south":{"uv":[3.5,15.5,6.5,16],"texture":"#particle","cullface":"up"},"west":{"uv":[3.5,14.5,4,16],"texture":"#particle","cullface":"up"},"east":{"uv":[6,14.5,6.5,16],"texture":"#particle","cullface":"up"}}},{"from":[7,16.5,7.75],"to":[9,18,10.25],"faces":{"down":{"uv":[4,14.5,6,16],"texture":"#particle","cullface":"up"},"north":{"uv":[6,14.5,4,16],"texture":"#particle","cullface":"up"},"south":{"uv":[4,14.5,6,16],"texture":"#particle","cullface":"up"},"west":{"uv":[4,14.5,4.5,16],"texture":"#particle","cullface":"up"},"east":{"uv":[5.5,14.5,6,16],"texture":"#particle","cullface":"up"}}},{"from":[7.5,16.5,7.5],"to":[8.5,22.5,10.5],"faces":{"down":{"uv":[4.5,10,5.5,13],"texture":"#particle","cullface":"up"},"up":{"uv":[4.5,10,5.5,13],"texture":"#particle","cullface":"up"},"north":{"uv":[5.5,10,4.5,16],"texture":"#particle","cullface":"up"},"south":{"uv":[4.5,10,5.5,16],"texture":"#particle","cullface":"up"},"west":{"uv":[4.5,10,5,16],"texture":"#particle","cullface":"up"},"east":{"uv":[5,10,5.5,16],"texture":"#particle","cullface":"up"}}},{"from":[6.5,18,7.75],"to":[9.5,22,10.25],"faces":{"down":{"uv":[3.5,10.5,6.5,13],"texture":"#particle","cullface":"up"},"up":{"uv":[3.5,10.5,6.5,13],"texture":"#particle","cullface":"up"},"north":{"uv":[3.5,10.5,6.5,14.5],"texture":"#particle","cullface":"up"},"south":{"uv":[3.5,10.5,6.5,14.5],"texture":"#particle","cullface":"up"},"west":{"uv":[3.5,10.5,4.5,14.5],"texture":"#particle","cullface":"up"},"east":{"uv":[3.5,10.5,4.5,14.5],"texture":"#particle","cullface":"up"}}},{"from":[7,22,7.75],"to":[9,23,10.25],"faces":{"up":{"uv":[4,9.5,6,10],"texture":"#particle","cullface":"up"},"north":{"uv":[6,9.5,4,10.5],"texture":"#particle","cullface":"up"},"south":{"uv":[4,9.5,6,10.5],"texture":"#particle","cullface":"up"},"west":{"uv":[4,9.5,6,10],"texture":"#particle","cullface":"up"},"east":{"uv":[4,9.5,6,10],"texture":"#particle","cullface":"up"}}},{"from":[7.5,23,7.75],"to":[8.5,24,10.25],"faces":{"up":{"uv":[4.5,8.5,5.5,9.5],"texture":"#particle","cullface":"up"},"north":{"uv":[4.5,8.5,5.5,9.5],"texture":"#particle","cullface":"up"},"south":{"uv":[4.5,8.5,5.5,9.5],"texture":"#particle","cullface":"up"},"west":{"uv":[4.5,8.5,5.5,9.5],"texture":"#particle","cullface":"up"},"east":{"uv":[4.5,8.5,5.5,9.5],"texture":"#particle","cullface":"up"}}},{"from":[9,22,7.75],"to":[9.5,22.5,10.25],"faces":{"up":{"uv":[6,10,6.5,10.5],"texture":"#particle","cullface":"up"},"north":{"uv":[6,10,6.5,10.5],"texture":"#particle","cullface":"up"},"south":{"uv":[6,10,6.5,10.5],"texture":"#particle","cullface":"up"},"east":{"uv":[6,10,6.5,10.5],"texture":"#particle","cullface":"up"}}},{"from":[6,18,8],"to":[10,22,10],"faces":{"down":{"uv":[3,10.5,7,12.5],"texture":"#particle","cullface":"up"},"up":{"uv":[3,10.5,7,12.5],"texture":"#particle","cullface":"up"},"north":{"uv":[3,10.5,7,14.5],"texture":"#particle","cullface":"up"},"south":{"uv":[3,10.5,7,14.5],"texture":"#particle","cullface":"up"},"west":{"uv":[3,10.5,3.5,14.5],"texture":"#particle","cullface":"up"},"east":{"uv":[3,10.5,3.5,14.5],"texture":"#particle","cullface":"up"}}},{"from":[6.5,22,8],"to":[9.5,23,10],"faces":{"up":{"uv":[3.5,9.5,6.5,10],"texture":"#particle","cullface":"up"},"north":{"uv":[6.5,9.5,3.5,10.5],"texture":"#particle","cullface":"up"},"south":{"uv":[3.5,9.5,6.5,10.5],"texture":"#particle","cullface":"up"},"west":{"uv":[3.5,9.5,4,10.5],"texture":"#particle","cullface":"up"},"east":{"uv":[6,9.5,6.5,10.5],"texture":"#particle","cullface":"up"}}},{"from":[7,23,8],"to":[9,24,10],"faces":{"up":{"uv":[4,8.5,6,9.5],"texture":"#particle","cullface":"up"},"north":{"uv":[4,8.5,6,9.5],"texture":"#particle","cullface":"up"},"south":{"uv":[4,8.5,6,9.5],"texture":"#particle","cullface":"up"},"west":{"uv":[4,8.5,6,9.5],"texture":"#particle","cullface":"up"},"east":{"uv":[4,8.5,6,9.5],"texture":"#particle","cullface":"up"}}},{"from":[7.5,24,8],"to":[8.5,25,10],"faces":{"up":{"uv":[4.5,7.5,5.5,8.5],"texture":"#particle","cullface":"up"},"north":{"uv":[5.5,7.5,4.5,8.5],"texture":"#particle","cullface":"up"},"south":{"uv":[4.5,7.5,5.5,8.5],"texture":"#particle","cullface":"up"},"west":{"uv":[4.5,7.5,5,8.5],"texture":"#particle","cullface":"up"},"east":{"uv":[5,7.5,5.5,8.5],"texture":"#particle","cullface":"up"}}},{"from":[5.5,19,8.25],"to":[10.5,22,9.75],"faces":{"down":{"uv":[2.5,10.5,7.5,11],"texture":"#particle","cullface":"up"},"up":{"uv":[2.5,10.5,7.5,11],"texture":"#particle","cullface":"up"},"north":{"uv":[2.5,10.5,7.5,13.5],"texture":"#particle","cullface":"up"},"south":{"uv":[2.5,10.5,7.5,13.5],"texture":"#particle","cullface":"up"},"west":{"uv":[2.5,10.5,3,13.5],"texture":"#particle","cullface":"up"},"east":{"uv":[2.5,10.5,3,13.5],"texture":"#particle","cullface":"up"}}},{"from":[6,22,8.25],"to":[10,23,9.75],"faces":{"up":{"uv":[3,9.5,7,10],"texture":"#particle","cullface":"up"},"north":{"uv":[7,9.5,3,10.5],"texture":"#particle","cullface":"up"},"south":{"uv":[3,9.5,7,10.5],"texture":"#particle","cullface":"up"},"west":{"uv":[3,9.5,3.5,10.5],"texture":"#particle","cullface":"up"},"east":{"uv":[6.5,9.5,7,10.5],"texture":"#particle","cullface":"up"}}},{"from":[6.5,23,8.25],"to":[9.5,24,9.75],"faces":{"up":{"uv":[3.5,8.5,6.5,9],"texture":"#particle","cullface":"up"},"north":{"uv":[3.5,8.5,6.5,9.5],"texture":"#particle","cullface":"up"},"south":{"uv":[3.5,8.5,6.5,9.5],"texture":"#particle","cullface":"up"},"west":{"uv":[3.5,8.5,4,9.5],"texture":"#particle","cullface":"up"},"east":{"uv":[3.5,8.5,4,9.5],"texture":"#particle","cullface":"up"}}},{"from":[7,24,8.25],"to":[9,25,9.75],"faces":{"up":{"uv":[4,7.5,6,8.5],"texture":"#particle","cullface":"up"},"north":{"uv":[6,7.5,4,8],"texture":"#particle","cullface":"up"},"south":{"uv":[4,7.5,6,8],"texture":"#particle","cullface":"up"},"west":{"uv":[4,7.5,4.5,8.5],"texture":"#particle","cullface":"up"},"east":{"uv":[4,7.5,4.5,8.5],"texture":"#particle","cullface":"up"}}},{"from":[7.5,25,8.25],"to":[8.5,25.5,9.75],"faces":{"up":{"uv":[4.5,7,5.5,7.5],"texture":"#particle","cullface":"up"},"north":{"uv":[4.5,7,5.5,7.5],"texture":"#particle","cullface":"up"},"south":{"uv":[4.5,7,5.5,7.5],"texture":"#particle","cullface":"up"},"west":{"uv":[4.5,7,5.5,7.5],"texture":"#particle","cullface":"up"},"east":{"uv":[4.5,7,5.5,7.5],"texture":"#particle","cullface":"up"}}},{"from":[4.5,19,8.5],"to":[11.5,21,9.5],"faces":{"down":{"uv":[1.5,11.5,8.5,12.5],"texture":"#particle","cullface":"up"},"up":{"uv":[1.5,11.5,8.5,12.5],"texture":"#particle","cullface":"up"},"north":{"uv":[1.5,11.5,8.5,13.5],"texture":"#particle","cullface":"up"},"south":{"uv":[1.5,11.5,8.5,13.5],"texture":"#particle","cullface":"up"},"west":{"uv":[1.5,11.5,2,13.5],"texture":"#particle","cullface":"up"},"east":{"uv":[8,11.5,8.5,13.5],"texture":"#particle","cullface":"up"}}},{"from":[5,21,8.5],"to":[11,23.5,9.5],"faces":{"up":{"uv":[2,9,8,9.5],"texture":"#particle","cullface":"up"},"north":{"uv":[8,9,2,11.5],"texture":"#particle","cullface":"up"},"south":{"uv":[2,9,8,11.5],"texture":"#particle","cullface":"up"},"west":{"uv":[2,9,2.5,11.5],"texture":"#particle","cullface":"up"},"east":{"uv":[7.5,9,8,11.5],"texture":"#particle","cullface":"up"}}},{"from":[5.5,23.5,8.5],"to":[10.5,25,9.5],"faces":{"up":{"uv":[2.5,7.5,7.5,8],"texture":"#particle","cullface":"up"},"north":{"uv":[7.5,7.5,2.5,9.5],"texture":"#particle","cullface":"up"},"south":{"uv":[2.5,7.5,7.5,9.5],"texture":"#particle","cullface":"up"},"west":{"uv":[2.5,7.5,3,8.75],"texture":"#particle","cullface":"up"},"east":{"uv":[6.5,7.5,7.5,8.5],"texture":"#particle","cullface":"up"}}},{"from":[6,25,8.5],"to":[10,26,9.5],"faces":{"up":{"uv":[3,6.5,7,7.5],"texture":"#particle","cullface":"up"},"north":{"uv":[7,6.5,3,7.5],"texture":"#particle","cullface":"up"},"south":{"uv":[3,6.5,7,7.5],"texture":"#particle","cullface":"up"},"west":{"uv":[3,6.5,3.5,7.5],"texture":"#particle","cullface":"up"},"east":{"uv":[6.5,6.5,7,7.5],"texture":"#particle","cullface":"up"}}},{"from":[6.5,26,8.5],"to":[9.5,27,9.5],"faces":{"up":{"uv":[11,15,14,16],"texture":"#particle","cullface":"up"},"north":{"uv":[11,15,14,16],"texture":"#particle","cullface":"up"},"south":{"uv":[11,15,14,16],"texture":"#particle","cullface":"up"},"west":{"uv":[11,15,11.5,16],"texture":"#particle","cullface":"up"},"east":{"uv":[13.5,15,14,16],"texture":"#particle","cullface":"up"}}},{"from":[7,27,8.5],"to":[9,27.5,9.5],"faces":{"up":{"uv":[11.5,14.5,13.5,15],"texture":"#particle","cullface":"up"},"north":{"uv":[11.5,14.5,13.5,15],"texture":"#particle","cullface":"up"},"south":{"uv":[11.5,14.5,13.5,15],"texture":"#particle","cullface":"up"},"west":{"uv":[11.5,14.5,12,15],"texture":"#particle","cullface":"up"},"east":{"uv":[13,14.5,13.5,15],"texture":"#particle","cullface":"up"}}},{"from":[7.5,27.5,8.5],"to":[8.5,28,9.5],"faces":{"up":{"uv":[12,14,13,14.5],"texture":"#particle","cullface":"up"},"north":{"uv":[13,14,12,14.5],"texture":"#particle","cullface":"up"},"south":{"uv":[12,14,13,14.5],"texture":"#particle","cullface":"up"},"west":{"uv":[12,14,12.5,14.5],"texture":"#particle","cullface":"up"},"east":{"uv":[12.5,14,13,14.5],"texture":"#particle","cullface":"up"}}},{"from":[3,19,8.75],"to":[13,21.5,9.25],"faces":{"down":{"uv":[0,13,10,13.5],"texture":"#particle","cullface":"up"},"up":{"uv":[0,11,10,11.5],"texture":"#particle","cullface":"up"},"north":{"uv":[10,11,0,13.5],"texture":"#particle","cullface":"up"},"south":{"uv":[0,11,10,13.5],"texture":"#particle","cullface":"up"},"west":{"uv":[0,11,0.5,13.5],"texture":"#particle","cullface":"up"},"east":{"uv":[0,11,0.5,13.5],"texture":"#particle","cullface":"up"}}},{"from":[3,18.5,8.75],"to":[4,19,9.25],"faces":{"down":{"uv":[0,13.5,1,14],"texture":"#particle","cullface":"up"},"north":{"uv":[1,13.5,0,14],"texture":"#particle","cullface":"up"},"south":{"uv":[0,13.5,1,14],"texture":"#particle","cullface":"up"},"west":{"uv":[0,13.5,0.5,14],"texture":"#particle","cullface":"up"},"east":{"uv":[0.5,13.5,1,14],"texture":"#particle","cullface":"up"}}},{"from":[12,18.5,8.75],"to":[13,19,9.25],"faces":{"down":{"uv":[9,13.5,10,14],"texture":"#particle","cullface":"up"},"north":{"uv":[10,13.5,9,14],"texture":"#particle","cullface":"up"},"south":{"uv":[9,13.5,10,14],"texture":"#particle","cullface":"up"},"west":{"uv":[9,13.5,9.5,14],"texture":"#particle","cullface":"up"},"east":{"uv":[9.5,13.5,10,14],"texture":"#particle","cullface":"up"}}},{"from":[3.5,21.5,8.75],"to":[12.5,25,9.25],"faces":{"up":{"uv":[0.5,7.5,9.5,8],"texture":"#particle","cullface":"up"},"north":{"uv":[9.5,7.5,0.5,11],"texture":"#particle","cullface":"up"},"south":{"uv":[0.5,7.5,9.5,11],"texture":"#particle","cullface":"up"},"west":{"uv":[0.5,7.5,1,11],"texture":"#particle","cullface":"up"},"east":{"uv":[9,7.5,9.5,11],"texture":"#particle","cullface":"up"}}},{"from":[4,25,8.75],"to":[12,26,9.25],"faces":{"up":{"uv":[1,6.5,9,7],"texture":"#particle","cullface":"up"},"north":{"uv":[9,6.5,1,7.5],"texture":"#particle","cullface":"up"},"south":{"uv":[1,6.5,9,7.5],"texture":"#particle","cullface":"up"},"west":{"uv":[1,6.5,1.5,7.5],"texture":"#particle","cullface":"up"},"east":{"uv":[8.5,6.5,9,7.5],"texture":"#particle","cullface":"up"}}},{"from":[4.5,26,8.75],"to":[11.5,27,9.25],"faces":{"up":{"uv":[9,15,16,15.5],"texture":"#particle","cullface":"up"},"north":{"uv":[16,15,9,16],"texture":"#particle","cullface":"up"},"south":{"uv":[9,15,16,16],"texture":"#particle","cullface":"up"},"west":{"uv":[9,15,9.5,16],"texture":"#particle","cullface":"up"},"east":{"uv":[9,15,9.5,16],"texture":"#particle","cullface":"up"}}},{"from":[5,27,8.75],"to":[11,28,9.25],"faces":{"up":{"uv":[9.5,14,15.5,14.5],"texture":"#particle","cullface":"up"},"north":{"uv":[15.5,14,9.5,15],"texture":"#particle","cullface":"up"},"south":{"uv":[9.5,14,15.5,15],"texture":"#particle","cullface":"up"},"west":{"uv":[9.5,14,10,15],"texture":"#particle","cullface":"up"},"east":{"uv":[15,14,15.5,15],"texture":"#particle","cullface":"up"}}},{"from":[5.5,28,8.75],"to":[10.5,29,9.25],"faces":{"up":{"uv":[10,13,15,14],"texture":"#particle","cullface":"up"},"north":{"uv":[15,13,10,14],"texture":"#particle","cullface":"up"},"south":{"uv":[10,13,15,14],"texture":"#particle","cullface":"up"},"west":{"uv":[10,13,10.5,14],"texture":"#particle","cullface":"up"},"east":{"uv":[14.5,13,15,14],"texture":"#particle","cullface":"up"}}},{"from":[6,29,8.75],"to":[10,29.5,9.25],"faces":{"up":{"uv":[10.5,12.5,14.5,13],"texture":"#particle","cullface":"up"},"north":{"uv":[14.5,12.5,10.5,13],"texture":"#particle","cullface":"up"},"south":{"uv":[10.5,12.5,14.5,13],"texture":"#particle","cullface":"up"},"west":{"uv":[10.5,12.5,11,13],"texture":"#particle","cullface":"up"},"east":{"uv":[10.5,12.5,11,13],"texture":"#particle","cullface":"up"}}},{"from":[6.5,29.5,8.75],"to":[9.5,30,9.25],"faces":{"up":{"uv":[11,12,14,12.5],"texture":"#particle","cullface":"up"},"north":{"uv":[14,12,11,12.5],"texture":"#particle","cullface":"up"},"south":{"uv":[11,12,14,12.5],"texture":"#particle","cullface":"up"},"west":{"uv":[11,12,11.5,12.5],"texture":"#particle","cullface":"up"},"east":{"uv":[11,12,11.5,12.5],"texture":"#particle","cullface":"up"}}},{"from":[7,30,8.75],"to":[9,30.5,9.25],"faces":{"up":{"uv":[11.5,11.5,13.5,12],"texture":"#particle","cullface":"up"},"north":{"uv":[13.5,11.5,11.5,12],"texture":"#particle","cullface":"up"},"south":{"uv":[11.5,11.5,13.5,12],"texture":"#particle","cullface":"up"},"west":{"uv":[11.5,11.5,12,12],"texture":"#particle","cullface":"up"},"east":{"uv":[11.5,11.5,12,12],"texture":"#particle","cullface":"up"}}},{"from":[7.5,30.5,8.75],"to":[8.5,31,9.25],"faces":{"up":{"uv":[9.5,13,10.5,13.5],"texture":"#particle","cullface":"up"},"north":{"uv":[9.5,13,10.5,13.5],"texture":"#particle","cullface":"up"},"south":{"uv":[9.5,13,10.5,13.5],"texture":"#particle","cullface":"up"},"west":{"uv":[9.5,13,10,13.5],"texture":"#particle","cullface":"up"},"east":{"uv":[9.5,13,10,13.5],"texture":"#particle","cullface":"up"}}},{"from":[5.5,9,8.75],"to":[6.5,9.5,9.25],"faces":{"down":{"uv":[6,0,7,0.5],"texture":"#texture"},"up":{"uv":[6,0,7,0.5],"texture":"#texture"},"north":{"uv":[6,0,7,0.5],"texture":"#texture"},"south":{"uv":[6,0,7,0.5],"texture":"#texture"}}},{"from":[3.5,9,8.75],"to":[4,9.5,9.25],"faces":{"up":{"uv":[4.5,0,5,0.5],"texture":"#texture"},"north":{"uv":[4.5,0,5,0.5],"texture":"#texture"},"south":{"uv":[4.5,0,5,0.5],"texture":"#texture"}}},{"from":[6.5,8,8.75],"to":[7,8.5,9.25],"faces":{"down":{"uv":[4.5,0,5,0.5],"texture":"#texture"},"north":{"uv":[4.5,0,5,0.5],"texture":"#texture"},"south":{"uv":[4.5,0,5,0.5],"texture":"#texture"}}},{"from":[5.5,6,8.75],"to":[6,6.5,9.25],"faces":{"down":{"uv":[4.5,0,5,0.5],"texture":"#texture"},"north":{"uv":[4.5,0,5,0.5],"texture":"#texture"},"south":{"uv":[4.5,0,5,0.5],"texture":"#texture"},"east":{"uv":[4.5,0,5,0.5],"texture":"#texture"}}},{"from":[5,7.5,8.5],"to":[6,8,9.5],"faces":{"down":{"uv":[0.5,0,1.5,1],"texture":"#texture"},"up":{"uv":[0.5,0,1.5,1],"texture":"#texture"},"north":{"uv":[4.5,3,5.5,3.5],"texture":"#texture"},"south":{"uv":[4.5,3,5.5,3.5],"texture":"#texture"},"west":{"uv":[3.5,1,4.5,1.5],"texture":"#texture"},"east":{"uv":[3.5,1,4.5,1.5],"texture":"#texture"}}},{"from":[5.5,8,8.5],"to":[6,8.5,9.5],"faces":{"up":{"uv":[5,2.5,5.5,3.5],"texture":"#texture"},"north":{"uv":[5,2.5,5.5,3],"texture":"#texture"},"south":{"uv":[5,2.5,5.5,3],"texture":"#texture"},"west":{"uv":[5,2,6,2.5],"texture":"#texture"},"east":{"uv":[5,2,6,2.5],"texture":"#texture"}}},{"from":[6,8.5,8.5],"to":[7,9,9.5],"faces":{"down":{"uv":[0.5,0,1.5,1],"texture":"#texture"},"up":{"uv":[0.5,0,1.5,1],"texture":"#texture"},"north":{"uv":[4.5,3,5.5,3.5],"texture":"#texture"},"south":{"uv":[4.5,3,5.5,3.5],"texture":"#texture"},"west":{"uv":[3.5,1,4.5,1.5],"texture":"#texture"}}},{"from":[6.5,9,8.5],"to":[7.5,9.5,9.5],"faces":{"down":{"uv":[0.5,0,1.5,1],"texture":"#texture"},"up":{"uv":[0.5,0,1.5,1],"texture":"#texture"},"north":{"uv":[4.5,3,5.5,3.5],"texture":"#texture"},"south":{"uv":[4.5,3,5.5,3.5],"texture":"#texture"},"west":{"uv":[3.5,1,4.5,1.5],"texture":"#texture"}}},{"from":[5,9.5,8.5],"to":[6,10,9.5],"faces":{"down":{"uv":[0.5,0,1.5,1],"texture":"#texture"},"up":{"uv":[0.5,0,1.5,1],"texture":"#texture"},"north":{"uv":[4.5,3,5.5,3.5],"texture":"#texture"},"south":{"uv":[4.5,3,5.5,3.5],"texture":"#texture"},"west":{"uv":[3.5,1,4.5,1.5],"texture":"#texture"},"east":{"uv":[3.5,1,4.5,1.5],"texture":"#texture"}}},{"from":[3.5,8.5,8.5],"to":[4.5,9,9.5],"faces":{"down":{"uv":[0.5,0,1.5,1],"texture":"#texture"},"up":{"uv":[0.5,0,1.5,1],"texture":"#texture"},"north":{"uv":[4.5,3,5.5,3.5],"texture":"#texture"},"south":{"uv":[4.5,3,5.5,3.5],"texture":"#texture"},"west":{"uv":[3.5,1,4.5,1.5],"texture":"#texture"},"east":{"uv":[3.5,1,4.5,1.5],"texture":"#texture"}}},{"from":[6,11,8.25],"to":[6.5,13.5,9.75],"faces":{"down":{"uv":[5.5,3.75,6,5.25],"texture":"#particle"},"north":{"uv":[9,3,9.5,5.5],"texture":"#particle"},"south":{"uv":[9,3,9.5,5.5],"texture":"#particle"},"west":{"uv":[9,3,9.5,5.5],"texture":"#particle"}}},{"from":[4.5,13.5,8.25],"to":[5,14.5,9.75],"faces":{"down":{"uv":[10.5,2,11,3],"texture":"#particle"},"north":{"uv":[10.5,2,11,3],"texture":"#particle"},"south":{"uv":[10.5,2,11,3],"texture":"#particle"},"west":{"uv":[11,1,11.5,2],"texture":"#particle"},"east":{"uv":[11,1,11.5,2],"texture":"#particle"}}},{"from":[4,14.5,8.25],"to":[4.5,15.5,9.75],"faces":{"down":{"uv":[10.5,2,11,3],"texture":"#particle"},"north":{"uv":[10.5,2,11,3],"texture":"#particle"},"south":{"uv":[10.5,2,11,3],"texture":"#particle"},"west":{"uv":[11,1,11.5,2],"texture":"#particle"}}},{"from":[3.5,15.5,8.25],"to":[4,16.5,9.75],"faces":{"down":{"uv":[10.5,2,11,3],"texture":"#particle","cullface":"up"},"up":{"uv":[10.5,2,11,3],"texture":"#particle","cullface":"up"},"north":{"uv":[10.5,2,11,3],"texture":"#particle","cullface":"up"},"south":{"uv":[10.5,2,11,3],"texture":"#particle","cullface":"up"},"west":{"uv":[11,1,11.5,2],"texture":"#particle","cullface":"up"},"east":{"uv":[11,1,11.5,2],"texture":"#particle","cullface":"up"}}},{"from":[12,15.5,8.25],"to":[12.5,16.5,9.75],"faces":{"down":{"uv":[10.5,2,11,3],"texture":"#particle","cullface":"up"},"up":{"uv":[10.5,2,11,3],"texture":"#particle","cullface":"up"},"north":{"uv":[10.5,2,11,3],"texture":"#particle","cullface":"up"},"south":{"uv":[10.5,2,11,3],"texture":"#particle","cullface":"up"},"west":{"uv":[11,1,11.5,2],"texture":"#particle","cullface":"up"},"east":{"uv":[11,1,11.5,2],"texture":"#particle","cullface":"up"}}},{"from":[11.5,14.5,8.25],"to":[12,15.5,9.75],"faces":{"down":{"uv":[10.5,2,11,3],"texture":"#particle"},"north":{"uv":[10.5,2,11,3],"texture":"#particle"},"south":{"uv":[10.5,2,11,3],"texture":"#particle"},"east":{"uv":[11,1,11.5,2],"texture":"#particle"}}},{"from":[-16,-16,9],"to":[32,31,9.0625],"faces":{"north":{"uv":[0,0,16,15.5],"texture":"#holypulse"},"south":{"uv":[16,0,0,15.5],"texture":"#holypulse"}}}],"display":{"thirdperson_righthand":{"rotation":[0,90,0],"translation":[-1.51,24,3.21],"scale":[2.1,2.3,1.5]},"thirdperson_lefthand":{"rotation":[0,90,0],"translation":[-1.51,24,3.21],"scale":[2.1,2.3,1.5]},"ground":{"rotation":[90,0,0],"translation":[0,0,0],"scale":[1,1,1]},"fixed":{"rotation":[0,0,45],"translation":[0,0.5,-2.65],"scale":[0.7,0.7,0.7]},"firstperson_righthand":{"rotation":[-4,98,-10],"translation":[2.27,-0.76,-1.7],"scale":[1.2,1.5,1.5]},"firstperson_lefthand":{"rotation":[-4,98,-10],"translation":[2.27,-0.76,-1.7],"scale":[1.2,1.5,1.5]},"gui":{"rotation":[0,0,-45],"translation":[0.7,0.7,0],"scale":[0.5,0.5,0.5]}}}