{"__comment":"designedbynoxywithbdcraftcubikpro0.90beta-http://bdcraft.net","textures":{"texture":"items/toothcrusher","toothcrusher2":"items/toothcrusher2"},"elements":[{"from":[7.5,0,10.5],"to":[8.5,13,11],"faces":{"south":{"uv":[1,2.5,2,15.5],"texture":"#texture"},"west":{"uv":[1,2.5,1.5,15.5],"texture":"#texture"},"east":{"uv":[1.5,2.5,2,15.5],"texture":"#texture"}}},{"from":[7,0,9.5],"to":[9,13,10.5],"faces":{"north":{"uv":[0.5,2.5,2.5,15.5],"texture":"#texture"},"south":{"uv":[0.5,2.5,2.5,15.5],"texture":"#texture"},"west":{"uv":[0.5,2.5,1.5,15.5],"texture":"#texture"},"east":{"uv":[1.5,2.5,2.5,15.5],"texture":"#texture"}}},{"from":[7.5,0,9],"to":[8.5,13,9.5],"faces":{"north":{"uv":[1,2.5,2,15.5],"texture":"#texture"},"west":{"uv":[1.5,2.5,2,15.5],"texture":"#texture"},"east":{"uv":[1,2.5,1.5,15.5],"texture":"#texture"}}},{"from":[6.5,13,8.5],"to":[9.5,14,11.5],"faces":{"down":{"uv":[6.5,7.5,3.5,4.5],"texture":"#texture"},"up":{"uv":[3.5,4.5,6.5,7.5],"texture":"#texture"},"north":{"uv":[0,1.5,3,2.5],"texture":"#texture"},"south":{"uv":[0,1.5,3,2.5],"texture":"#texture"},"west":{"uv":[0,1.5,3,2.5],"texture":"#texture"},"east":{"uv":[0,1.5,3,2.5],"texture":"#texture"}}},{"from":[7,14,9],"to":[9,16,11],"faces":{"north":{"uv":[3,11.5,5,13.5],"texture":"#texture"},"south":{"uv":[3,11.5,5,13.5],"texture":"#texture"},"west":{"uv":[3,11.5,5,13.5],"texture":"#texture"},"east":{"uv":[3,11.5,5,13.5],"texture":"#texture"}}},{"from":[6.5,16,8.5],"to":[9.5,17.5,11.5],"faces":{"down":{"uv":[6.5,8,3.5,5],"texture":"#texture","cullface":"up"},"up":{"uv":[3.5,6,6.5,9],"texture":"#texture","cullface":"up"},"north":{"uv":[10.5,7,13.5,8.5],"texture":"#texture","cullface":"up"},"south":{"uv":[10.5,7,13.5,8.5],"texture":"#texture","cullface":"up"},"west":{"uv":[11,6,14,7.5],"texture":"#texture","cullface":"up"},"east":{"uv":[11,6,14,7.5],"texture":"#texture","cullface":"up"}}},{"from":[7,17.5,9],"to":[9,22.5,11],"faces":{"north":{"uv":[0.5,6.5,2.5,11.5],"texture":"#texture","cullface":"up"},"south":{"uv":[0.5,6.5,2.5,11.5],"texture":"#texture","cullface":"up"},"west":{"uv":[0.5,6.5,2.5,11.5],"texture":"#texture","cullface":"up"},"east":{"uv":[0.5,6.5,2.5,11.5],"texture":"#texture","cullface":"up"}}},{"from":[6,17.5,9],"to":[6.5,26,11],"faces":{"down":{"uv":[6.5,6.5,6,4.5],"texture":"#texture","cullface":"up"},"up":{"uv":[6,5,6.5,7],"texture":"#texture","cullface":"up"},"north":{"uv":[6,1.5,6.5,10],"texture":"#texture","cullface":"up"},"south":{"uv":[6,1.5,6.5,10],"texture":"#texture","cullface":"up"},"east":{"uv":[0.5,2.5,2.5,11],"texture":"#texture","cullface":"up"}}},{"from":[5.5,17,8.5],"to":[6,26.5,11.5],"faces":{"down":{"uv":[2,11.5,1.5,8.5],"texture":"#texture","cullface":"up"},"up":{"uv":[1,5,1.5,8],"texture":"#texture","cullface":"up"},"north":{"uv":[5.5,1,6,10.5],"texture":"#texture","cullface":"up"},"south":{"uv":[5.5,1,6,10.5],"texture":"#texture","cullface":"up"},"east":{"uv":[5.5,1,6,10.5],"texture":"#texture","cullface":"up"}}},{"from":[5,16.5,8],"to":[5.5,27,12],"faces":{"down":{"uv":[1.5,8,1,4],"texture":"#texture","cullface":"up"},"up":{"uv":[1.5,4,2,8],"texture":"#texture","cullface":"up"},"north":{"uv":[5,0.5,5.5,11],"texture":"#texture","cullface":"up"},"south":{"uv":[5,0.5,5.5,11],"texture":"#texture","cullface":"up"},"east":{"uv":[5,0.5,5.5,11],"texture":"#texture","cullface":"up"}}},{"from":[3,16.5,7.5],"to":[5,27,12.5],"faces":{"down":{"uv":[5,8.5,3,3.5],"texture":"#texture","cullface":"up"},"up":{"uv":[3,3,5,8],"texture":"#texture","cullface":"up"},"north":{"uv":[13,0.5,15,11],"texture":"#texture","cullface":"up"},"south":{"uv":[3,0.5,5,11],"texture":"#texture","cullface":"up"},"west":{"uv":[6.5,0.5,11.5,11],"texture":"#texture","cullface":"up"},"east":{"uv":[6.5,0.5,11.5,11],"texture":"#texture","cullface":"up"}}},{"from":[7,17.5,12],"to":[9,26,12.5],"faces":{"down":{"uv":[2.5,11,0.5,10.5],"texture":"#texture","cullface":"up"},"up":{"uv":[0.5,2.5,2.5,3],"texture":"#texture","cullface":"up"},"north":{"uv":[0.5,3,2.5,11],"texture":"#texture","cullface":"up"},"west":{"uv":[6,1.5,6.5,10],"texture":"#texture","cullface":"up"},"east":{"uv":[6,1.5,6.5,10],"texture":"#texture","cullface":"up"}}},{"from":[6.5,17,12.5],"to":[9.5,26.5,13],"faces":{"down":{"uv":[10.5,1,7.5,0.5],"texture":"#texture","cullface":"up"},"up":{"uv":[7.5,10,10.5,10.5],"texture":"#texture","cullface":"up"},"north":{"uv":[3,1,6,10.5],"texture":"#texture","cullface":"up"},"west":{"uv":[12,1,12.5,10.5],"texture":"#texture","cullface":"up"},"east":{"uv":[12,1,12.5,10.5],"texture":"#texture","cullface":"up"}}},{"from":[6,16.5,13],"to":[10,27,13.5],"faces":{"down":{"uv":[11,1,7,0.5],"texture":"#texture","cullface":"up"},"up":{"uv":[7,10.5,11,11],"texture":"#texture","cullface":"up"},"north":{"uv":[7,0.5,11,11],"texture":"#texture","cullface":"up"},"west":{"uv":[7,0.5,7.5,11],"texture":"#texture","cullface":"up"},"east":{"uv":[10.5,0.5,11,11],"texture":"#texture","cullface":"up"}}},{"from":[5.5,16.5,13.5],"to":[10.5,27,15.5],"faces":{"down":{"uv":[11.5,11,6.5,10.5],"texture":"#texture","cullface":"up"},"up":{"uv":[6.5,0.5,11.5,1],"texture":"#texture","cullface":"up"},"north":{"uv":[6.5,0.5,11.5,11],"texture":"#texture","cullface":"up"},"south":{"uv":[6.5,0.5,11.5,11],"texture":"#texture","cullface":"up"},"west":{"uv":[3,0.5,5,11],"texture":"#texture","cullface":"up"},"east":{"uv":[3,0.5,5,11],"texture":"#texture","cullface":"up"}}},{"from":[7,17.5,7.5],"to":[9,26,8],"faces":{"down":{"uv":[2.5,13.5,0.5,13],"texture":"#texture","cullface":"up"},"up":{"uv":[0.5,2.5,2.5,3],"texture":"#texture","cullface":"up"},"south":{"uv":[0.5,3,2.5,11.5],"texture":"#texture","cullface":"up"},"west":{"uv":[6,1.5,6.5,10],"texture":"#texture","cullface":"up"},"east":{"uv":[6,1.5,6.5,10],"texture":"#texture","cullface":"up"}}},{"from":[6.5,17,7],"to":[9.5,26.5,7.5],"faces":{"down":{"uv":[10.5,10.5,7.5,10],"texture":"#texture","cullface":"up"},"up":{"uv":[7.5,0.5,10.5,1],"texture":"#texture","cullface":"up"},"south":{"uv":[12,1,15,10.5],"texture":"#texture","cullface":"up"},"west":{"uv":[7,1,7.5,10.5],"texture":"#texture","cullface":"up"},"east":{"uv":[10.5,1,11,10],"texture":"#texture","cullface":"up"}}},{"from":[6,16.5,6.5],"to":[10,27,7],"faces":{"down":{"uv":[11,11,7,10.5],"texture":"#texture","cullface":"up"},"up":{"uv":[7,0.5,11,1],"texture":"#texture","cullface":"up"},"south":{"uv":[7,0.5,11,11],"texture":"#texture","cullface":"up"},"west":{"uv":[7,0.5,7.5,11],"texture":"#texture","cullface":"up"},"east":{"uv":[10.5,0.5,11,11],"texture":"#texture","cullface":"up"}}},{"from":[5.5,16.5,4.5],"to":[10.5,27,6.5],"faces":{"down":{"uv":[15,8,10,6],"texture":"#texture","cullface":"up"},"up":{"uv":[10,3,15,5],"texture":"#texture","cullface":"up"},"north":{"uv":[6.5,0.5,11.5,11],"texture":"#texture","cullface":"up"},"south":{"uv":[6.5,0.5,11.5,11],"texture":"#texture","cullface":"up"},"west":{"uv":[13,0.5,15,11],"texture":"#texture","cullface":"up"},"east":{"uv":[3,0.5,5.5,11],"texture":"#texture","cullface":"up"}}},{"from":[9.5,17.5,9],"to":[10,26,11],"faces":{"down":{"uv":[12.5,6.5,12,4.5],"texture":"#texture","cullface":"up"},"up":{"uv":[11.5,9,12,11],"texture":"#texture","cullface":"up"},"north":{"uv":[11.5,1.5,12,10],"texture":"#texture","cullface":"up"},"south":{"uv":[11.5,1.5,12,10],"texture":"#texture","cullface":"up"},"west":{"uv":[13,1.5,15,10],"texture":"#texture","cullface":"up"}}},{"from":[10,17,8.5],"to":[10.5,26.5,11.5],"faces":{"down":{"uv":[13,4.5,13.5,7.5],"texture":"#texture","cullface":"up"},"up":{"uv":[13,4.5,13.5,7.5],"texture":"#texture","cullface":"up"},"north":{"uv":[12,1,12.5,10.5],"texture":"#texture","cullface":"up"},"south":{"uv":[12,1,12.5,10.5],"texture":"#texture","cullface":"up"},"west":{"uv":[12,1,15,10.5],"texture":"#texture","cullface":"up"}}},{"from":[10.5,16.5,8],"to":[11,27,12],"faces":{"down":{"uv":[5.5,7.5,5,3],"texture":"#texture","cullface":"up"},"up":{"uv":[5,3.5,5.5,8],"texture":"#texture","cullface":"up"},"north":{"uv":[12.5,0.5,13,11],"texture":"#texture","cullface":"up"},"south":{"uv":[12.5,0.5,13,11],"texture":"#texture","cullface":"up"},"west":{"uv":[7,0.5,11,11],"texture":"#texture","cullface":"up"}}},{"from":[11,16.5,7.5],"to":[13,27,12.5],"faces":{"down":{"uv":[5,8.5,3,3.5],"texture":"#texture","cullface":"up"},"up":{"uv":[3,3,5,8],"texture":"#texture","cullface":"up"},"north":{"uv":[13,0.5,15,11],"texture":"#texture","cullface":"up"},"south":{"uv":[3,0.5,5,11],"texture":"#texture","cullface":"up"},"west":{"uv":[6.5,0.5,11.5,11],"texture":"#texture","cullface":"up"},"east":{"uv":[6.5,0.5,11.5,11],"texture":"#texture","cullface":"up"}}},{"from":[2.5,26,9],"to":[3,26.5,11],"faces":{"up":{"uv":[7.5,13.5,8,15.5],"texture":"#texture","cullface":"up"},"north":{"uv":[4,13.5,4.5,14],"texture":"#texture","cullface":"up"},"south":{"uv":[4,13.5,4.5,14],"texture":"#texture","cullface":"up"},"west":{"uv":[6,13.5,8,14],"texture":"#texture","cullface":"up"}}},{"from":[1,25,9],"to":[1.5,25.5,11],"faces":{"down":{"uv":[14.5,13,15,15],"texture":"#texture","cullface":"up"},"up":{"uv":[14.5,13,15,15],"texture":"#texture","cullface":"up"},"north":{"uv":[2.5,14.5,3,15],"texture":"#texture","cullface":"up"},"south":{"uv":[2.5,14.5,3,15],"texture":"#texture","cullface":"up"},"west":{"uv":[6,14.5,8,15],"texture":"#texture","cullface":"up"}}},{"from":[1.5,25,8.5],"to":[3,26,11.5],"faces":{"down":{"uv":[14,12.5,15.5,15.5],"texture":"#texture","cullface":"up"},"up":{"uv":[14.5,12.5,16,15.5],"texture":"#texture","cullface":"up"},"north":{"uv":[4.5,14,3,15],"texture":"#texture","cullface":"up"},"south":{"uv":[3,14,4.5,15],"texture":"#texture","cullface":"up"},"west":{"uv":[13,13,16,13.5],"texture":"#texture","cullface":"up"}}},{"from":[1.5,24.5,9],"to":[3,25,11],"faces":{"down":{"uv":[15.5,15,14,13],"texture":"#texture","cullface":"up"},"north":{"uv":[4.5,15,3,15.5],"texture":"#texture","cullface":"up"},"south":{"uv":[3,15,4.5,15.5],"texture":"#texture","cullface":"up"},"west":{"uv":[6,15,8,15.5],"texture":"#texture","cullface":"up"}}},{"from":[2.5,24,9],"to":[3,24.5,11],"faces":{"down":{"uv":[9,16,8.5,14],"texture":"#texture","cullface":"up"},"north":{"uv":[4,15.5,4.5,16],"texture":"#texture","cullface":"up"},"south":{"uv":[4,15.5,4.5,16],"texture":"#texture","cullface":"up"},"west":{"uv":[6,15.5,8,16],"texture":"#texture","cullface":"up"}}},{"from":[2.5,22.5,9],"to":[3,23,11],"faces":{"up":{"uv":[7.5,13.5,8,15.5],"texture":"#texture","cullface":"up"},"north":{"uv":[4,13.5,4.5,14],"texture":"#texture","cullface":"up"},"south":{"uv":[4,13.5,4.5,14],"texture":"#texture","cullface":"up"},"west":{"uv":[6,13.5,8,14],"texture":"#texture","cullface":"up"}}},{"from":[1,21.5,9],"to":[1.5,22,11],"faces":{"down":{"uv":[14.5,13,15,15],"texture":"#texture","cullface":"up"},"up":{"uv":[14.5,13,15,15],"texture":"#texture","cullface":"up"},"north":{"uv":[2.5,14.5,3,15],"texture":"#texture","cullface":"up"},"south":{"uv":[2.5,14.5,3,15],"texture":"#texture","cullface":"up"},"west":{"uv":[6,14.5,8,15],"texture":"#texture","cullface":"up"}}},{"from":[1.5,21.5,8.5],"to":[3,22.5,11.5],"faces":{"down":{"uv":[14,12.5,15.5,15.5],"texture":"#texture","cullface":"up"},"up":{"uv":[14.5,12.5,16,15.5],"texture":"#texture","cullface":"up"},"north":{"uv":[4.5,14,3,15],"texture":"#texture","cullface":"up"},"south":{"uv":[3,14,4.5,15],"texture":"#texture","cullface":"up"},"west":{"uv":[13,13,16,13.5],"texture":"#texture","cullface":"up"}}},{"from":[1.5,21,9],"to":[3,21.5,11],"faces":{"down":{"uv":[15.5,15,14,13],"texture":"#texture","cullface":"up"},"north":{"uv":[4.5,15,3,15.5],"texture":"#texture","cullface":"up"},"south":{"uv":[3,15,4.5,15.5],"texture":"#texture","cullface":"up"},"west":{"uv":[6,15,8,15.5],"texture":"#texture","cullface":"up"}}},{"from":[2.5,20.5,9],"to":[3,21,11],"faces":{"down":{"uv":[9,16,8.5,14],"texture":"#texture","cullface":"up"},"north":{"uv":[4,15.5,4.5,16],"texture":"#texture","cullface":"up"},"south":{"uv":[4,15.5,4.5,16],"texture":"#texture","cullface":"up"},"west":{"uv":[6,15.5,8,16],"texture":"#texture","cullface":"up"}}},{"from":[2.5,19,9],"to":[3,19.5,11],"faces":{"up":{"uv":[7.5,13.5,8,15.5],"texture":"#texture","cullface":"up"},"north":{"uv":[4,13.5,4.5,14],"texture":"#texture","cullface":"up"},"south":{"uv":[4,13.5,4.5,14],"texture":"#texture","cullface":"up"},"west":{"uv":[6,13.5,8,14],"texture":"#texture","cullface":"up"}}},{"from":[1,18,9],"to":[1.5,18.5,11],"faces":{"down":{"uv":[14.5,13,15,15],"texture":"#texture","cullface":"up"},"up":{"uv":[14.5,13,15,15],"texture":"#texture","cullface":"up"},"north":{"uv":[2.5,14.5,3,15],"texture":"#texture","cullface":"up"},"south":{"uv":[2.5,14.5,3,15],"texture":"#texture","cullface":"up"},"west":{"uv":[6,14.5,8,15],"texture":"#texture","cullface":"up"}}},{"from":[1.5,18,8.5],"to":[3,19,11.5],"faces":{"down":{"uv":[14,12.5,15.5,15.5],"texture":"#texture","cullface":"up"},"up":{"uv":[14.5,12.5,16,15.5],"texture":"#texture","cullface":"up"},"north":{"uv":[4.5,14,3,15],"texture":"#texture","cullface":"up"},"south":{"uv":[3,14,4.5,15],"texture":"#texture","cullface":"up"},"west":{"uv":[13,13,16,13.5],"texture":"#texture","cullface":"up"}}},{"from":[1.5,17.5,9],"to":[3,18,11],"faces":{"down":{"uv":[15.5,15,14,13],"texture":"#texture","cullface":"up"},"north":{"uv":[4.5,15,3,15.5],"texture":"#texture","cullface":"up"},"south":{"uv":[3,15,4.5,15.5],"texture":"#texture","cullface":"up"},"west":{"uv":[6,15,8,15.5],"texture":"#texture","cullface":"up"}}},{"from":[2.5,17,9],"to":[3,17.5,11],"faces":{"down":{"uv":[9,16,8.5,14],"texture":"#texture","cullface":"up"},"north":{"uv":[4,15.5,4.5,16],"texture":"#texture","cullface":"up"},"south":{"uv":[4,15.5,4.5,16],"texture":"#texture","cullface":"up"},"west":{"uv":[6,15.5,8,16],"texture":"#texture","cullface":"up"}}},{"from":[13,26,9],"to":[13.5,26.5,11],"faces":{"up":{"uv":[7.5,13.5,8,15.5],"texture":"#texture","cullface":"up"},"north":{"uv":[4,13.5,4.5,14],"texture":"#texture","cullface":"up"},"south":{"uv":[4,13.5,4.5,14],"texture":"#texture","cullface":"up"},"east":{"uv":[6,13.5,8,14],"texture":"#texture","cullface":"up"}}},{"from":[13,25,8.5],"to":[14.5,26,11.5],"faces":{"down":{"uv":[14,12.5,15.5,15.5],"texture":"#texture","cullface":"up"},"up":{"uv":[14.5,12.5,16,15.5],"texture":"#texture","cullface":"up"},"north":{"uv":[3,14,4.5,15],"texture":"#texture","cullface":"up"},"south":{"uv":[4.5,14,3,15],"texture":"#texture","cullface":"up"},"east":{"uv":[13,13,16,13.5],"texture":"#texture","cullface":"up"}}},{"from":[13,24.5,9],"to":[14.5,25,11],"faces":{"down":{"uv":[15.5,15,14,13],"texture":"#texture","cullface":"up"},"north":{"uv":[3,15,4.5,15.5],"texture":"#texture","cullface":"up"},"south":{"uv":[4.5,15,3,15.5],"texture":"#texture","cullface":"up"},"east":{"uv":[6,15,8,15.5],"texture":"#texture","cullface":"up"}}},{"from":[14.5,25,9],"to":[15,25.5,11],"faces":{"down":{"uv":[14.5,13,15,15],"texture":"#texture","cullface":"up"},"up":{"uv":[14.5,13,15,15],"texture":"#texture","cullface":"up"},"north":{"uv":[2.5,14.5,3,15],"texture":"#texture","cullface":"up"},"south":{"uv":[2.5,14.5,3,15],"texture":"#texture","cullface":"up"},"east":{"uv":[6,14.5,8,15],"texture":"#texture","cullface":"up"}}},{"from":[13,24,9],"to":[13.5,24.5,11],"faces":{"down":{"uv":[9,16,8.5,14],"texture":"#texture","cullface":"up"},"north":{"uv":[4,15.5,4.5,16],"texture":"#texture","cullface":"up"},"south":{"uv":[4,15.5,4.5,16],"texture":"#texture","cullface":"up"},"east":{"uv":[6,15.5,8,16],"texture":"#texture","cullface":"up"}}},{"from":[13,22.5,9],"to":[13.5,23,11],"faces":{"up":{"uv":[7.5,13.5,8,15.5],"texture":"#texture","cullface":"up"},"north":{"uv":[4,13.5,4.5,14],"texture":"#texture","cullface":"up"},"south":{"uv":[4,13.5,4.5,14],"texture":"#texture","cullface":"up"},"east":{"uv":[6,13.5,8,14],"texture":"#texture","cullface":"up"}}},{"from":[13,21.5,8.5],"to":[14.5,22.5,11.5],"faces":{"down":{"uv":[14,12.5,15.5,15.5],"texture":"#texture","cullface":"up"},"up":{"uv":[14.5,12.5,16,15.5],"texture":"#texture","cullface":"up"},"north":{"uv":[3,14,4.5,15],"texture":"#texture","cullface":"up"},"south":{"uv":[4.5,14,3,15],"texture":"#texture","cullface":"up"},"east":{"uv":[13,13,16,13.5],"texture":"#texture","cullface":"up"}}},{"from":[13,21,9],"to":[14.5,21.5,11],"faces":{"down":{"uv":[15.5,15,14,13],"texture":"#texture","cullface":"up"},"north":{"uv":[3,15,4.5,15.5],"texture":"#texture","cullface":"up"},"south":{"uv":[4.5,15,3,15.5],"texture":"#texture","cullface":"up"},"east":{"uv":[6,15,8,15.5],"texture":"#texture","cullface":"up"}}},{"from":[14.5,21.5,9],"to":[15,22,11],"faces":{"down":{"uv":[14.5,13,15,15],"texture":"#texture","cullface":"up"},"up":{"uv":[14.5,13,15,15],"texture":"#texture","cullface":"up"},"north":{"uv":[2.5,14.5,3,15],"texture":"#texture","cullface":"up"},"south":{"uv":[2.5,14.5,3,15],"texture":"#texture","cullface":"up"},"east":{"uv":[6,14.5,8,15],"texture":"#texture","cullface":"up"}}},{"from":[13,20.5,9],"to":[13.5,21,11],"faces":{"down":{"uv":[9,16,8.5,14],"texture":"#texture","cullface":"up"},"north":{"uv":[4,15.5,4.5,16],"texture":"#texture","cullface":"up"},"south":{"uv":[4,15.5,4.5,16],"texture":"#texture","cullface":"up"},"east":{"uv":[6,15.5,8,16],"texture":"#texture","cullface":"up"}}},{"from":[13,19,9],"to":[13.5,19.5,11],"faces":{"up":{"uv":[7.5,13.5,8,15.5],"texture":"#texture","cullface":"up"},"north":{"uv":[4,13.5,4.5,14],"texture":"#texture","cullface":"up"},"south":{"uv":[4,13.5,4.5,14],"texture":"#texture","cullface":"up"},"east":{"uv":[6,13.5,8,14],"texture":"#texture","cullface":"up"}}},{"from":[13,18,8.5],"to":[14.5,19,11.5],"faces":{"down":{"uv":[14,12.5,15.5,15.5],"texture":"#texture","cullface":"up"},"up":{"uv":[14.5,12.5,16,15.5],"texture":"#texture","cullface":"up"},"north":{"uv":[3,14,4.5,15],"texture":"#texture","cullface":"up"},"south":{"uv":[4.5,14,3,15],"texture":"#texture","cullface":"up"},"east":{"uv":[13,13,16,13.5],"texture":"#texture","cullface":"up"}}},{"from":[13,17.5,9],"to":[14.5,18,11],"faces":{"down":{"uv":[15.5,15,14,13],"texture":"#texture","cullface":"up"},"north":{"uv":[3,15,4.5,15.5],"texture":"#texture","cullface":"up"},"south":{"uv":[4.5,15,3,15.5],"texture":"#texture","cullface":"up"},"east":{"uv":[6,15,8,15.5],"texture":"#texture","cullface":"up"}}},{"from":[14.5,18,9],"to":[15,18.5,11],"faces":{"down":{"uv":[14.5,13,15,15],"texture":"#texture","cullface":"up"},"up":{"uv":[14.5,13,15,15],"texture":"#texture","cullface":"up"},"north":{"uv":[2.5,14.5,3,15],"texture":"#texture","cullface":"up"},"south":{"uv":[2.5,14.5,3,15],"texture":"#texture","cullface":"up"},"east":{"uv":[6,14.5,8,15],"texture":"#texture","cullface":"up"}}},{"from":[13,17,9],"to":[13.5,17.5,11],"faces":{"down":{"uv":[9,16,8.5,14],"texture":"#texture","cullface":"up"},"north":{"uv":[4,15.5,4.5,16],"texture":"#texture","cullface":"up"},"south":{"uv":[4,15.5,4.5,16],"texture":"#texture","cullface":"up"},"east":{"uv":[6,15.5,8,16],"texture":"#texture","cullface":"up"}}},{"from":[7,26,4],"to":[9,26.5,4.5],"faces":{"up":{"uv":[8,13.5,6,14],"texture":"#texture","cullface":"up"},"north":{"uv":[6,13.5,8,14],"texture":"#texture","cullface":"up"},"west":{"uv":[7.5,13.5,8,14],"texture":"#texture","cullface":"up"},"east":{"uv":[6,13.5,6.5,14],"texture":"#texture","cullface":"up"}}},{"from":[6.5,25,3],"to":[9.5,26,4.5],"faces":{"down":{"uv":[14,12.5,15.5,15.5],"texture":"#texture","cullface":"up"},"up":{"uv":[14.5,12.5,16,15.5],"texture":"#texture","cullface":"up"},"north":{"uv":[8.5,14,5.5,15],"texture":"#texture","cullface":"up"},"west":{"uv":[3,14,4.5,15],"texture":"#texture","cullface":"up"},"east":{"uv":[4.5,14,3,15],"texture":"#texture","cullface":"up"}}},{"from":[7,24.5,3],"to":[9,25,4.5],"faces":{"down":{"uv":[14,14,12,12.5],"texture":"#texture","cullface":"up"},"north":{"uv":[8,15,6,15.5],"texture":"#texture","cullface":"up"},"west":{"uv":[3,15,4.5,15.5],"texture":"#texture","cullface":"up"},"east":{"uv":[4.5,15,3,15.5],"texture":"#texture","cullface":"up"}}},{"from":[7,24,4],"to":[9,24.5,4.5],"faces":{"down":{"uv":[6,16,8,15.5],"texture":"#texture","cullface":"up"},"north":{"uv":[8,15.5,6,16],"texture":"#texture","cullface":"up"},"west":{"uv":[6,15.5,6.5,16],"texture":"#texture","cullface":"up"},"east":{"uv":[6,15.5,6.5,16],"texture":"#texture","cullface":"up"}}},{"from":[7,25,2.5],"to":[9,25.5,3],"faces":{"down":{"uv":[14.5,13,15,15],"texture":"#texture","cullface":"up"},"up":{"uv":[14.5,13,15,15],"texture":"#texture","cullface":"up"},"north":{"uv":[2.5,14.5,3,15],"texture":"#texture","cullface":"up"},"west":{"uv":[6,14.5,8,15],"texture":"#texture","cullface":"up"},"east":{"uv":[6,14.5,8,15],"texture":"#texture","cullface":"up"}}},{"from":[7,22.5,4],"to":[9,23,4.5],"faces":{"up":{"uv":[8,13.5,6,14],"texture":"#texture","cullface":"up"},"north":{"uv":[6,13.5,8,14],"texture":"#texture","cullface":"up"},"west":{"uv":[7.5,13.5,8,14],"texture":"#texture","cullface":"up"},"east":{"uv":[6,13.5,6.5,14],"texture":"#texture","cullface":"up"}}},{"from":[6.5,21.5,3],"to":[9.5,22.5,4.5],"faces":{"down":{"uv":[14,12.5,15.5,15.5],"texture":"#texture","cullface":"up"},"up":{"uv":[14.5,12.5,16,15.5],"texture":"#texture","cullface":"up"},"north":{"uv":[8.5,14,5.5,15],"texture":"#texture","cullface":"up"},"west":{"uv":[3,14,4.5,15],"texture":"#texture","cullface":"up"},"east":{"uv":[4.5,14,3,15],"texture":"#texture","cullface":"up"}}},{"from":[7,21,3],"to":[9,21.5,4.5],"faces":{"down":{"uv":[14,14,12,12.5],"texture":"#texture","cullface":"up"},"north":{"uv":[8,15,6,15.5],"texture":"#texture","cullface":"up"},"west":{"uv":[3,15,4.5,15.5],"texture":"#texture","cullface":"up"},"east":{"uv":[4.5,15,3,15.5],"texture":"#texture","cullface":"up"}}},{"from":[7,20.5,4],"to":[9,21,4.5],"faces":{"down":{"uv":[6,16,8,15.5],"texture":"#texture","cullface":"up"},"north":{"uv":[8,15.5,6,16],"texture":"#texture","cullface":"up"},"west":{"uv":[6,15.5,6.5,16],"texture":"#texture","cullface":"up"},"east":{"uv":[6,15.5,6.5,16],"texture":"#texture","cullface":"up"}}},{"from":[7,18,2.5],"to":[9,18.5,3],"faces":{"down":{"uv":[14.5,13,15,15],"texture":"#texture","cullface":"up"},"up":{"uv":[14.5,13,15,15],"texture":"#texture","cullface":"up"},"north":{"uv":[2.5,14.5,3,15],"texture":"#texture","cullface":"up"},"west":{"uv":[6,14.5,8,15],"texture":"#texture","cullface":"up"},"east":{"uv":[6,14.5,8,15],"texture":"#texture","cullface":"up"}}},{"from":[7,19,4],"to":[9,19.5,4.5],"faces":{"up":{"uv":[8,13.5,6,14],"texture":"#texture","cullface":"up"},"north":{"uv":[6,13.5,8,14],"texture":"#texture","cullface":"up"},"west":{"uv":[7.5,13.5,8,14],"texture":"#texture","cullface":"up"},"east":{"uv":[6,13.5,6.5,14],"texture":"#texture","cullface":"up"}}},{"from":[6.5,18,3],"to":[9.5,19,4.5],"faces":{"down":{"uv":[14,12.5,15.5,15.5],"texture":"#texture","cullface":"up"},"up":{"uv":[14.5,12.5,16,15.5],"texture":"#texture","cullface":"up"},"north":{"uv":[8.5,14,5.5,15],"texture":"#texture","cullface":"up"},"west":{"uv":[3,14,4.5,15],"texture":"#texture","cullface":"up"},"east":{"uv":[4.5,14,3,15],"texture":"#texture","cullface":"up"}}},{"from":[7,17.5,3],"to":[9,18,4.5],"faces":{"down":{"uv":[14,14,12,12.5],"texture":"#texture","cullface":"up"},"north":{"uv":[8,15,6,15.5],"texture":"#texture","cullface":"up"},"west":{"uv":[3,15,4.5,15.5],"texture":"#texture","cullface":"up"},"east":{"uv":[4.5,15,3,15.5],"texture":"#texture","cullface":"up"}}},{"from":[7,17,4],"to":[9,17.5,4.5],"faces":{"down":{"uv":[6,16,8,15.5],"texture":"#texture","cullface":"up"},"north":{"uv":[8,15.5,6,16],"texture":"#texture","cullface":"up"},"west":{"uv":[6,15.5,6.5,16],"texture":"#texture","cullface":"up"},"east":{"uv":[6,15.5,6.5,16],"texture":"#texture","cullface":"up"}}},{"from":[7,18,2.5],"to":[9,18.5,3],"faces":{"down":{"uv":[14.5,13,15,15],"texture":"#texture","cullface":"up"},"up":{"uv":[14.5,13,15,15],"texture":"#texture","cullface":"up"},"north":{"uv":[2.5,14.5,3,15],"texture":"#texture","cullface":"up"},"west":{"uv":[6,14.5,8,15],"texture":"#texture","cullface":"up"},"east":{"uv":[6,14.5,8,15],"texture":"#texture","cullface":"up"}}},{"from":[7,26,15.5],"to":[9,26.5,16],"faces":{"up":{"uv":[8,13.5,6,14],"texture":"#texture","cullface":"up"},"south":{"uv":[8,13.5,6,14],"texture":"#texture","cullface":"up"},"west":{"uv":[7.5,13.5,8,14],"texture":"#texture","cullface":"up"},"east":{"uv":[6,13.5,6.5,14],"texture":"#texture","cullface":"up"}}},{"from":[6.5,25,15.5],"to":[9.5,26,17],"faces":{"down":{"uv":[14,12.5,15.5,15.5],"texture":"#texture","cullface":"south"},"up":{"uv":[14.5,12.5,16,15.5],"texture":"#texture","cullface":"south"},"south":{"uv":[5.5,14,8.5,15],"texture":"#texture","cullface":"south"},"west":{"uv":[4.5,14,3,15],"texture":"#texture","cullface":"south"},"east":{"uv":[3,14,4.5,15],"texture":"#texture","cullface":"south"}}},{"from":[7,24.5,15.5],"to":[9,25,17],"faces":{"down":{"uv":[14,14,12,12.5],"texture":"#texture","cullface":"south"},"south":{"uv":[6,15,8,15.5],"texture":"#texture","cullface":"south"},"west":{"uv":[4.5,15,3,15.5],"texture":"#texture","cullface":"south"},"east":{"uv":[3,15,4.5,15.5],"texture":"#texture","cullface":"south"}}},{"from":[7,24,15.5],"to":[9,24.5,16],"faces":{"down":{"uv":[6,16,8,15.5],"texture":"#texture","cullface":"up"},"south":{"uv":[6,15.5,8,16],"texture":"#texture","cullface":"up"},"west":{"uv":[6,15.5,6.5,16],"texture":"#texture","cullface":"up"},"east":{"uv":[6,15.5,6.5,16],"texture":"#texture","cullface":"up"}}},{"from":[7,25,17],"to":[9,25.5,17.5],"faces":{"down":{"uv":[14.5,13,15,15],"texture":"#texture","cullface":"south"},"up":{"uv":[14.5,13,15,15],"texture":"#texture","cullface":"south"},"south":{"uv":[2.5,14.5,3,15],"texture":"#texture","cullface":"south"},"west":{"uv":[6,14.5,8,15],"texture":"#texture","cullface":"south"},"east":{"uv":[6,14.5,8,15],"texture":"#texture","cullface":"south"}}},{"from":[7,22.5,15.5],"to":[9,23,16],"faces":{"up":{"uv":[8,13.5,6,14],"texture":"#texture","cullface":"up"},"south":{"uv":[8,13.5,6,14],"texture":"#texture","cullface":"up"},"west":{"uv":[7.5,13.5,8,14],"texture":"#texture","cullface":"up"},"east":{"uv":[6,13.5,6.5,14],"texture":"#texture","cullface":"up"}}},{"from":[6.5,21.5,15.5],"to":[9.5,22.5,17],"faces":{"down":{"uv":[14,12.5,15.5,15.5],"texture":"#texture","cullface":"south"},"up":{"uv":[14.5,12.5,16,15.5],"texture":"#texture","cullface":"south"},"south":{"uv":[5.5,14,8.5,15],"texture":"#texture","cullface":"south"},"west":{"uv":[4.5,14,3,15],"texture":"#texture","cullface":"south"},"east":{"uv":[3,14,4.5,15],"texture":"#texture","cullface":"south"}}},{"from":[7,21,15.5],"to":[9,21.5,17],"faces":{"down":{"uv":[14,14,12,12.5],"texture":"#texture","cullface":"south"},"south":{"uv":[6,15,8,15.5],"texture":"#texture","cullface":"south"},"west":{"uv":[4.5,15,3,15.5],"texture":"#texture","cullface":"south"},"east":{"uv":[3,15,4.5,15.5],"texture":"#texture","cullface":"south"}}},{"from":[7,20.5,15.5],"to":[9,21,16],"faces":{"down":{"uv":[6,16,8,15.5],"texture":"#texture","cullface":"up"},"south":{"uv":[6,15.5,8,16],"texture":"#texture","cullface":"up"},"west":{"uv":[6,15.5,6.5,16],"texture":"#texture","cullface":"up"},"east":{"uv":[6,15.5,6.5,16],"texture":"#texture","cullface":"up"}}},{"from":[7,21.5,17],"to":[9,22,17.5],"faces":{"down":{"uv":[14.5,13,15,15],"texture":"#texture","cullface":"south"},"up":{"uv":[14.5,13,15,15],"texture":"#texture","cullface":"south"},"south":{"uv":[2.5,14.5,3,15],"texture":"#texture","cullface":"south"},"west":{"uv":[6,14.5,8,15],"texture":"#texture","cullface":"south"},"east":{"uv":[6,14.5,8,15],"texture":"#texture","cullface":"south"}}},{"from":[7,25,17],"to":[9,25.5,17.5],"faces":{"down":{"uv":[14.5,13,15,15],"texture":"#texture","cullface":"south"},"up":{"uv":[14.5,13,15,15],"texture":"#texture","cullface":"south"},"south":{"uv":[2.5,14.5,3,15],"texture":"#texture","cullface":"south"},"west":{"uv":[6,14.5,8,15],"texture":"#texture","cullface":"south"},"east":{"uv":[6,14.5,8,15],"texture":"#texture","cullface":"south"}}},{"from":[7,19,15.5],"to":[9,19.5,16],"faces":{"up":{"uv":[8,13.5,6,14],"texture":"#texture","cullface":"up"},"south":{"uv":[8,13.5,6,14],"texture":"#texture","cullface":"up"},"west":{"uv":[7.5,13.5,8,14],"texture":"#texture","cullface":"up"},"east":{"uv":[6,13.5,6.5,14],"texture":"#texture","cullface":"up"}}},{"from":[6.5,18,15.5],"to":[9.5,19,17],"faces":{"down":{"uv":[14,12.5,15.5,15.5],"texture":"#texture","cullface":"south"},"up":{"uv":[14.5,12.5,16,15.5],"texture":"#texture","cullface":"south"},"south":{"uv":[5.5,14,8.5,15],"texture":"#texture","cullface":"south"},"west":{"uv":[4.5,14,3,15],"texture":"#texture","cullface":"south"},"east":{"uv":[3,14,4.5,15],"texture":"#texture","cullface":"south"}}},{"from":[7,17.5,15.5],"to":[9,18,17],"faces":{"down":{"uv":[14,14,12,12.5],"texture":"#texture","cullface":"south"},"south":{"uv":[6,15,8,15.5],"texture":"#texture","cullface":"south"},"west":{"uv":[4.5,15,3,15.5],"texture":"#texture","cullface":"south"},"east":{"uv":[3,15,4.5,15.5],"texture":"#texture","cullface":"south"}}},{"from":[7,17,15.5],"to":[9,17.5,16],"faces":{"down":{"uv":[6,16,8,15.5],"texture":"#texture","cullface":"up"},"south":{"uv":[6,15.5,8,16],"texture":"#texture","cullface":"up"},"west":{"uv":[6,15.5,6.5,16],"texture":"#texture","cullface":"up"},"east":{"uv":[6,15.5,6.5,16],"texture":"#texture","cullface":"up"}}},{"from":[7,18,17],"to":[9,18.5,17.5],"faces":{"down":{"uv":[14.5,13,15,15],"texture":"#texture","cullface":"south"},"up":{"uv":[14.5,13,15,15],"texture":"#texture","cullface":"south"},"south":{"uv":[2.5,14.5,3,15],"texture":"#texture","cullface":"south"},"west":{"uv":[6,14.5,8,15],"texture":"#texture","cullface":"south"},"east":{"uv":[6,14.5,8,15],"texture":"#texture","cullface":"south"}}},{"from":[7,21.5,2.5],"to":[9,22,3],"faces":{"down":{"uv":[14.5,13,15,15],"texture":"#texture","cullface":"up"},"up":{"uv":[14.5,13,15,15],"texture":"#texture","cullface":"up"},"north":{"uv":[2.5,14.5,3,15],"texture":"#texture","cullface":"up"},"west":{"uv":[6,14.5,8,15],"texture":"#texture","cullface":"up"},"east":{"uv":[6,14.5,8,15],"texture":"#texture","cullface":"up"}}},{"from":[6.5,22.5,8],"to":[9.5,24,12],"faces":{"down":{"uv":[6.5,8,3.5,5],"texture":"#texture","cullface":"up"},"up":{"uv":[3.5,6,6.5,9],"texture":"#texture","cullface":"up"},"north":{"uv":[10.5,7,13.5,8.5],"texture":"#texture","cullface":"up"},"south":{"uv":[10.5,7,13.5,8.5],"texture":"#texture","cullface":"up"},"west":{"uv":[11,6,14,7.5],"texture":"#texture","cullface":"up"},"east":{"uv":[11,6,14,7.5],"texture":"#texture","cullface":"up"}}},{"from":[6.5,-0.5,8.5],"to":[9.5,0,11.5],"faces":{"up":{"uv":[0,0,3,3],"texture":"#toothcrusher2","cullface":"down"},"north":{"uv":[6.5,5.5,9.5,6],"texture":"#toothcrusher2","cullface":"down"},"south":{"uv":[6.5,5.5,9.5,6],"texture":"#toothcrusher2","cullface":"down"},"west":{"uv":[6.5,5.5,9.5,6],"texture":"#toothcrusher2","cullface":"down"},"east":{"uv":[6.5,5.5,9.5,6],"texture":"#toothcrusher2","cullface":"down"}}},{"from":[6,-4.5,8],"to":[10,-0.5,12],"faces":{"down":{"uv":[5.5,3,2.5,0],"texture":"#toothcrusher2","cullface":"down"},"up":{"uv":[2.5,2,5.5,5],"texture":"#toothcrusher2","cullface":"down"},"north":{"uv":[6,6,10,10],"texture":"#toothcrusher2","cullface":"down"},"south":{"uv":[6,6,10,10],"texture":"#toothcrusher2","cullface":"down"},"west":{"uv":[6,6,10,10],"texture":"#toothcrusher2","cullface":"down"},"east":{"uv":[6,6,10,10],"texture":"#toothcrusher2","cullface":"down"}}},{"from":[6.5,-5,8.5],"to":[9.5,-4.5,11.5],"faces":{"down":{"uv":[4,3.5,1,0.5],"texture":"#toothcrusher2","cullface":"down"},"north":{"uv":[1,1,4,1.5],"texture":"#toothcrusher2","cullface":"down"},"south":{"uv":[1,1,4,1.5],"texture":"#toothcrusher2","cullface":"down"},"west":{"uv":[1,1,4,1.5],"texture":"#toothcrusher2","cullface":"down"},"east":{"uv":[1,1,4,1.5],"texture":"#toothcrusher2","cullface":"down"}}},{"from":[5.5,-2,9],"to":[6,-1.5,11],"faces":{"up":{"uv":[7.5,13.5,8,15.5],"texture":"#texture","cullface":"down"},"north":{"uv":[4,13.5,4.5,14],"texture":"#texture","cullface":"down"},"south":{"uv":[4,13.5,4.5,14],"texture":"#texture","cullface":"down"},"west":{"uv":[6,13.5,8,14],"texture":"#texture","cullface":"down"}}},{"from":[4.5,-3,8.5],"to":[6,-2,11.5],"faces":{"down":{"uv":[14,12.5,15.5,15.5],"texture":"#texture","cullface":"down"},"up":{"uv":[14.5,12.5,16,15.5],"texture":"#texture","cullface":"down"},"north":{"uv":[4.5,14,3,15],"texture":"#texture","cullface":"down"},"south":{"uv":[3,14,4.5,15],"texture":"#texture","cullface":"down"},"west":{"uv":[13,13,16,13.5],"texture":"#texture","cullface":"down"}}},{"from":[4.5,-3.5,9],"to":[6,-3,11],"faces":{"down":{"uv":[15.5,15,14,13],"texture":"#texture","cullface":"down"},"north":{"uv":[4.5,15,3,15.5],"texture":"#texture","cullface":"down"},"south":{"uv":[3,15,4.5,15.5],"texture":"#texture","cullface":"down"},"west":{"uv":[6,15,8,15.5],"texture":"#texture","cullface":"down"}}},{"from":[4,-3,9],"to":[4.5,-2.5,11],"faces":{"down":{"uv":[14.5,13,15,15],"texture":"#texture","cullface":"down"},"up":{"uv":[14.5,13,15,15],"texture":"#texture","cullface":"down"},"north":{"uv":[2.5,14.5,3,15],"texture":"#texture","cullface":"down"},"south":{"uv":[2.5,14.5,3,15],"texture":"#texture","cullface":"down"},"west":{"uv":[6,14.5,8,15],"texture":"#texture","cullface":"down"}}},{"from":[5.5,-4,9],"to":[6,-3.5,11],"faces":{"down":{"uv":[9,16,8.5,14],"texture":"#texture","cullface":"down"},"north":{"uv":[4,15.5,4.5,16],"texture":"#texture","cullface":"down"},"south":{"uv":[4,15.5,4.5,16],"texture":"#texture","cullface":"down"},"west":{"uv":[6,15.5,8,16],"texture":"#texture","cullface":"down"}}},{"from":[10,-4,9],"to":[10.5,-3.5,11],"faces":{"down":{"uv":[9,16,8.5,14],"texture":"#texture","cullface":"down"},"north":{"uv":[4,15.5,4.5,16],"texture":"#texture","cullface":"down"},"south":{"uv":[4,15.5,4.5,16],"texture":"#texture","cullface":"down"},"east":{"uv":[6,15.5,8,16],"texture":"#texture","cullface":"down"}}},{"from":[10,-3,8.5],"to":[11.5,-2,11.5],"faces":{"down":{"uv":[14,12.5,15.5,15.5],"texture":"#texture","cullface":"down"},"up":{"uv":[14.5,12.5,16,15.5],"texture":"#texture","cullface":"down"},"north":{"uv":[3,14,4.5,15],"texture":"#texture","cullface":"down"},"south":{"uv":[4.5,14,3,15],"texture":"#texture","cullface":"down"},"east":{"uv":[13,13,16,13.5],"texture":"#texture","cullface":"down"}}},{"from":[10,-3.5,9],"to":[11.5,-3,11],"faces":{"down":{"uv":[15.5,15,14,13],"texture":"#texture","cullface":"down"},"north":{"uv":[3,15,4.5,15.5],"texture":"#texture","cullface":"down"},"south":{"uv":[4.5,15,3,15.5],"texture":"#texture","cullface":"down"},"east":{"uv":[6,15,8,15.5],"texture":"#texture","cullface":"down"}}},{"from":[11.5,-3,9],"to":[12,-2.5,11],"faces":{"down":{"uv":[14.5,13,15,15],"texture":"#texture","cullface":"down"},"up":{"uv":[14.5,13,15,15],"texture":"#texture","cullface":"down"},"north":{"uv":[2.5,14.5,3,15],"texture":"#texture","cullface":"down"},"south":{"uv":[2.5,14.5,3,15],"texture":"#texture","cullface":"down"},"east":{"uv":[6,14.5,8,15],"texture":"#texture","cullface":"down"}}},{"from":[10,-2,9],"to":[10.5,-1.5,11],"faces":{"up":{"uv":[7.5,13.5,8,15.5],"texture":"#texture","cullface":"down"},"north":{"uv":[4,13.5,4.5,14],"texture":"#texture","cullface":"down"},"south":{"uv":[4,13.5,4.5,14],"texture":"#texture","cullface":"down"},"east":{"uv":[6,13.5,8,14],"texture":"#texture","cullface":"down"}}},{"from":[7,-4,12],"to":[9,-3.5,12.5],"faces":{"down":{"uv":[6,16,8,15.5],"texture":"#texture","cullface":"down"},"south":{"uv":[6,15.5,8,16],"texture":"#texture","cullface":"down"},"west":{"uv":[6,15.5,6.5,16],"texture":"#texture","cullface":"down"},"east":{"uv":[6,15.5,6.5,16],"texture":"#texture","cullface":"down"}}},{"from":[7,-3.5,12],"to":[9,-3,13.5],"faces":{"down":{"uv":[14,14,12,12.5],"texture":"#texture","cullface":"down"},"south":{"uv":[6,15,8,15.5],"texture":"#texture","cullface":"down"},"west":{"uv":[4.5,15,3,15.5],"texture":"#texture","cullface":"down"},"east":{"uv":[3,15,4.5,15.5],"texture":"#texture","cullface":"down"}}},{"from":[6.5,-3,12],"to":[9.5,-2,13.5],"faces":{"down":{"uv":[14,12.5,15.5,15.5],"texture":"#texture","cullface":"down"},"up":{"uv":[14.5,12.5,16,15.5],"texture":"#texture","cullface":"down"},"south":{"uv":[5.5,14,8.5,15],"texture":"#texture","cullface":"down"},"west":{"uv":[4.5,14,3,15],"texture":"#texture","cullface":"down"},"east":{"uv":[3,14,4.5,15],"texture":"#texture","cullface":"down"}}},{"from":[7,-3,13.5],"to":[9,-2.5,14],"faces":{"down":{"uv":[14.5,13,15,15],"texture":"#texture","cullface":"down"},"up":{"uv":[14.5,13,15,15],"texture":"#texture","cullface":"down"},"south":{"uv":[2.5,14.5,3,15],"texture":"#texture","cullface":"down"},"west":{"uv":[6,14.5,8,15],"texture":"#texture","cullface":"down"},"east":{"uv":[6,14.5,8,15],"texture":"#texture","cullface":"down"}}},{"from":[7,-2,12],"to":[9,-1.5,12.5],"faces":{"up":{"uv":[8,13.5,6,14],"texture":"#texture","cullface":"down"},"south":{"uv":[8,13.5,6,14],"texture":"#texture","cullface":"down"},"west":{"uv":[7.5,13.5,8,14],"texture":"#texture","cullface":"down"},"east":{"uv":[6,13.5,6.5,14],"texture":"#texture","cullface":"down"}}},{"from":[7,25,2.5],"to":[9,25.5,3],"faces":{"down":{"uv":[14.5,13,15,15],"texture":"#texture","cullface":"up"},"up":{"uv":[14.5,13,15,15],"texture":"#texture","cullface":"up"},"north":{"uv":[2.5,14.5,3,15],"texture":"#texture","cullface":"up"},"west":{"uv":[6,14.5,8,15],"texture":"#texture","cullface":"up"},"east":{"uv":[6,14.5,8,15],"texture":"#texture","cullface":"up"}}},{"from":[7,-2,7.5],"to":[9,-1.5,8],"faces":{"up":{"uv":[8,13.5,6,14],"texture":"#texture","cullface":"down"},"north":{"uv":[6,13.5,8,14],"texture":"#texture","cullface":"down"},"west":{"uv":[7.5,13.5,8,14],"texture":"#texture","cullface":"down"},"east":{"uv":[6,13.5,6.5,14],"texture":"#texture","cullface":"down"}}},{"from":[6.5,-3,6.5],"to":[9.5,-2,8],"faces":{"down":{"uv":[14,12.5,15.5,15.5],"texture":"#texture","cullface":"down"},"up":{"uv":[14.5,12.5,16,15.5],"texture":"#texture","cullface":"down"},"north":{"uv":[8.5,14,5.5,15],"texture":"#texture","cullface":"down"},"west":{"uv":[3,14,4.5,15],"texture":"#texture","cullface":"down"},"east":{"uv":[4.5,14,3,15],"texture":"#texture","cullface":"down"}}},{"from":[7,-3.5,6.5],"to":[9,-3,8],"faces":{"down":{"uv":[14,14,12,12.5],"texture":"#texture","cullface":"down"},"north":{"uv":[8,15,6,15.5],"texture":"#texture","cullface":"down"},"west":{"uv":[3,15,4.5,15.5],"texture":"#texture","cullface":"down"},"east":{"uv":[4.5,15,3,15.5],"texture":"#texture","cullface":"down"}}},{"from":[7,-4,7.5],"to":[9,-3.5,8],"faces":{"down":{"uv":[6,16,8,15.5],"texture":"#texture","cullface":"down"},"north":{"uv":[8,15.5,6,16],"texture":"#texture","cullface":"down"},"west":{"uv":[6,15.5,6.5,16],"texture":"#texture","cullface":"down"},"east":{"uv":[6,15.5,6.5,16],"texture":"#texture","cullface":"down"}}},{"from":[7,-3,6],"to":[9,-2.5,6.5],"faces":{"down":{"uv":[14.5,13,15,15],"texture":"#texture","cullface":"down"},"up":{"uv":[14.5,13,15,15],"texture":"#texture","cullface":"down"},"north":{"uv":[2.5,14.5,3,15],"texture":"#texture","cullface":"down"},"west":{"uv":[6,14.5,8,15],"texture":"#texture","cullface":"down"},"east":{"uv":[6,14.5,8,15],"texture":"#texture","cullface":"down"}}}],"display":{"thirdperson_righthand":{"rotation":[0,90,0],"translation":[-3.4,5.86,3.02],"scale":[2.1,2.29,1.5]},"thirdperson_lefthand":{"rotation":[0,90,0],"translation":[-3.4,5.86,3.02],"scale":[2.1,2.29,1.5]},"ground":{"rotation":[90,0,0],"translation":[0,0,0],"scale":[1,1,1]},"fixed":{"rotation":[0,0,45],"translation":[2.27,-2.27,-2.65],"scale":[0.7,0.7,0.7]},"firstperson_righthand":{"rotation":[-4,98,-10],"translation":[2.27,-5.29,-1.7],"scale":[1.2,1.5,1.5]},"firstperson_lefthand":{"rotation":[-4,98,-10],"translation":[2.27,-5.29,-1.7],"scale":[1.2,1.5,1.5]},"gui":{"rotation":[94,40,-91],"translation":[-2.46,-1.32,13.19],"scale":[0.5,0.6,0.5]}}}