{"__comment":"DesignedbyMickyp123withBDcraftCubikPRO0.95Beta-http://bdcraft.net","textures":{"texture":"items/stone_axe1"},"elements":[{"__comment":"axe1x64","from":[-1,14.25,15.5],"to":[-0.25,15.375,19.625],"faces":{"down":{"uv":[0.25,6.5,3,6.25],"rotation":90,"texture":"#texture","cullface":"west"},"up":{"uv":[0.25,5.75,3,6],"rotation":270,"texture":"#texture","cullface":"west"},"north":{"uv":[3,5.75,2.75,6.5],"texture":"#texture","cullface":"west"},"south":{"uv":[0.25,5.75,0.5,6.5],"texture":"#texture","cullface":"west"},"west":{"uv":[3,5.75,0.25,6.5],"texture":"#texture","cullface":"west"}}},{"__comment":"axe1x64","from":[-1,13.875,15.5],"to":[-0.25,14.25,19.25],"faces":{"down":{"uv":[0.5,6.75,3,6.5],"rotation":90,"texture":"#texture","cullface":"west"},"north":{"uv":[3,6.5,2.75,6.75],"texture":"#texture","cullface":"west"},"south":{"uv":[0.5,6.5,0.75,6.75],"texture":"#texture","cullface":"west"},"west":{"uv":[3,6.5,0.5,6.75],"texture":"#texture","cullface":"west"}}},{"__comment":"axe1x64","from":[-1,16.3125,18.125],"to":[-0.25,18.375,18.875],"faces":{"down":{"uv":[0.75,5.75,1.25,5.5],"rotation":90,"texture":"#texture"},"up":{"uv":[0.75,3.75,1.25,4],"rotation":270,"texture":"#texture"},"north":{"uv":[1.25,3.75,1,5.75],"texture":"#texture"},"south":{"uv":[0.75,3.75,1,5.75],"texture":"#texture"},"west":{"uv":[1.25,3.75,0.75,5.75],"texture":"#texture"},"east":{"uv":[0.75,3.75,1.25,5.75],"texture":"#texture"}}},{"__comment":"axe1x64","from":[-1,18.375,18.125],"to":[-0.25,19.125,18.5],"faces":{"up":{"uv":[1,3.25,1.25,3.5],"rotation":270,"texture":"#texture"},"north":{"uv":[1.25,3.25,1,3.75],"texture":"#texture"},"south":{"uv":[1,3.25,1.25,3.75],"texture":"#texture"},"west":{"uv":[1.25,3.25,1,3.75],"texture":"#texture"}}},{"__comment":"axe1x64","from":[-1,10.125,17.375],"to":[-0.25,12.75,18.5],"faces":{"down":{"uv":[1,9.25,1.75,9],"rotation":90,"texture":"#texture"},"up":{"uv":[1,7.5,1.75,7.75],"rotation":270,"texture":"#texture"},"north":{"uv":[1.75,7.5,1.5,9.25],"texture":"#texture"},"south":{"uv":[1,7.5,1.25,9.25],"texture":"#texture"},"west":{"uv":[1.75,7.5,1,9.25],"texture":"#texture"},"east":{"uv":[1,7.5,1.75,9.25],"texture":"#texture"}}},{"__comment":"axe1x64","from":[-1,19.125,17.75],"to":[-0.25,19.875,18.125],"faces":{"down":{"uv":[1.25,3.25,1.5,3],"rotation":90,"texture":"#texture"},"up":{"uv":[1.25,2.75,1.5,3],"rotation":270,"texture":"#texture"},"north":{"uv":[1.5,2.75,1.25,3.25],"texture":"#texture"},"south":{"uv":[1.25,2.75,1.5,3.25],"texture":"#texture"},"west":{"uv":[1.5,2.75,1.25,3.25],"texture":"#texture"},"east":{"uv":[1.25,2.75,1.5,3.25],"texture":"#texture"}}},{"__comment":"axe1x64","from":[-1,15.375,17.75],"to":[-0.25,17.625,18.125],"faces":{"up":{"uv":[1.25,4.25,1.5,4.5],"rotation":270,"texture":"#texture"},"north":{"uv":[1.5,4.25,1.25,5.75],"texture":"#texture"},"south":{"uv":[1.25,4.25,1.5,5.75],"texture":"#texture"},"west":{"uv":[1.5,4.25,1.25,5.75],"texture":"#texture"}}},{"__comment":"axe1x64","from":[-1,12.75,16.25],"to":[-0.25,13.875,18.125],"faces":{"down":{"uv":[1.25,7.5,2.5,7.25],"rotation":90,"texture":"#texture"},"north":{"uv":[2.5,6.75,2.25,7.5],"texture":"#texture"},"south":{"uv":[1.25,6.75,1.5,7.5],"texture":"#texture"},"west":{"uv":[2.5,6.75,1.25,7.5],"texture":"#texture"},"east":{"uv":[1.25,6.75,2.5,7.5],"texture":"#texture"}}},{"__comment":"axe1x64","from":[-1,8.625,17.375],"to":[-0.25,10.125,18.125],"faces":{"down":{"uv":[1.25,10.25,1.75,10],"rotation":90,"texture":"#texture"},"north":{"uv":[1.75,9.25,1.5,10.25],"texture":"#texture"},"south":{"uv":[1.25,9.25,1.5,10.25],"texture":"#texture"},"west":{"uv":[1.75,9.25,1.25,10.25],"texture":"#texture"},"east":{"uv":[1.25,9.25,1.75,10.25],"texture":"#texture"}}},{"__comment":"axe1x64","from":[-1,15.1875,17.375],"to":[-0.25,16.875,17.75],"faces":{"up":{"uv":[1.5,4.75,1.75,5],"rotation":270,"texture":"#texture"},"north":{"uv":[1.75,4.75,1.5,5.75],"texture":"#texture"},"south":{"uv":[1.5,4.75,1.75,5.75],"texture":"#texture"},"west":{"uv":[1.75,4.75,1.5,5.75],"texture":"#texture"},"east":{"uv":[1.5,4.75,1.75,5.75],"texture":"#texture"}}},{"__comment":"axe1x64","from":[-1,8.25,17],"to":[-0.25,8.625,17.75],"faces":{"down":{"uv":[1.5,10.5,2,10.25],"rotation":90,"texture":"#texture"},"up":{"uv":[1.5,10.25,2,10.5],"rotation":270,"texture":"#texture"},"north":{"uv":[2,10.25,1.75,10.5],"texture":"#texture"},"south":{"uv":[1.5,10.25,1.75,10.5],"texture":"#texture"},"west":{"uv":[2,10.25,1.5,10.5],"texture":"#texture"}}},{"__comment":"axe1x64","from":[-1,15.375,14.375],"to":[-0.25,15.75,17.375],"faces":{"down":{"uv":[1.75,5.75,3.75,5.5],"rotation":90,"texture":"#texture","cullface":"west"},"up":{"uv":[1.75,5.5,3.75,5.75],"rotation":270,"texture":"#texture","cullface":"west"},"north":{"uv":[3.75,5.5,3.5,5.75],"texture":"#texture","cullface":"west"},"west":{"uv":[3.75,5.5,1.75,5.75],"texture":"#texture","cullface":"west"}}},{"__comment":"axe1x64","from":[-1,11.25,17],"to":[-0.25,12.75,17.375],"faces":{"down":{"uv":[1.75,8.25,2,8],"rotation":90,"texture":"#texture"},"north":{"uv":[2,7.5,1.75,8.25],"texture":"#texture"},"west":{"uv":[2,7.5,1.75,8.25],"texture":"#texture"},"east":{"uv":[1.75,7.5,2,8.25],"texture":"#texture"}}},{"__comment":"axe1x64","from":[-1,9.5625,17],"to":[-0.25,10.5,17.375],"faces":{"down":{"uv":[1.75,9.5,2,9.25],"rotation":90,"texture":"#texture"},"up":{"uv":[1.75,9,2,9.25],"rotation":270,"texture":"#texture"},"north":{"uv":[2,9,1.75,9.5],"texture":"#texture"},"south":{"uv":[1.75,9,2,9.5],"texture":"#texture"},"west":{"uv":[2,9,1.75,9.5],"texture":"#texture"}}},{"__comment":"axe1x64","from":[-1,12,16.625],"to":[-0.25,12.75,17],"faces":{"down":{"uv":[2,8,2.25,7.75],"rotation":90,"texture":"#texture"},"north":{"uv":[2.25,7.5,2,8],"texture":"#texture"},"west":{"uv":[2.25,7.5,2,8],"texture":"#texture"},"east":{"uv":[2,7.5,2.25,8],"texture":"#texture"}}},{"__comment":"axe1x64","from":[-1,12.375,16.25],"to":[-0.25,12.75,16.625],"faces":{"down":{"uv":[2.25,7.75,2.5,7.5],"rotation":90,"texture":"#texture"},"north":{"uv":[2.5,7.5,2.25,7.75],"texture":"#texture"},"west":{"uv":[2.5,7.5,2.25,7.75],"texture":"#texture"}}},{"__comment":"axe1x64","from":[-1,13.125,15.875],"to":[-0.25,13.875,16.25],"faces":{"down":{"uv":[2.5,7.25,2.75,7],"rotation":90,"texture":"#texture","cullface":"west"},"north":{"uv":[2.75,6.75,2.5,7.25],"texture":"#texture","cullface":"west"},"west":{"uv":[2.75,6.75,2.5,7.25],"texture":"#texture","cullface":"west"},"east":{"uv":[2.5,6.75,2.75,7.25],"texture":"#texture","cullface":"west"}}},{"__comment":"axe1x64","from":[-1,15.75,14],"to":[-0.25,16.125,15.875],"faces":{"down":{"uv":[2.75,5.5,4,5.25],"rotation":90,"texture":"#texture","cullface":"west"},"up":{"uv":[2.75,5.25,4,5.5],"rotation":270,"texture":"#texture","cullface":"west"},"north":{"uv":[4,5.25,3.75,5.5],"texture":"#texture","cullface":"west"},"south":{"uv":[2.75,5.25,3,5.5],"texture":"#texture","cullface":"west"},"west":{"uv":[4,5.25,2.75,5.5],"texture":"#texture","cullface":"west"}}},{"__comment":"axe1x64","from":[-1.0625,14.25,15.125],"to":[-0.5,15.375,15.5],"faces":{"down":{"uv":[3,6.25,3.25,6],"rotation":90,"texture":"#texture","cullface":"west"},"north":{"uv":[3.25,5.75,3,6.25],"texture":"#texture","cullface":"west"},"west":{"uv":[3.25,5.75,3,6.25],"texture":"#texture","cullface":"west"},"east":{"uv":[3,5.75,3.25,6.25],"texture":"#texture","cullface":"west"}}},{"__comment":"axe1x64","from":[-1,16.125,13.625],"to":[-0.25,16.5,15.125],"faces":{"down":{"uv":[3.25,5.5,4.25,5.25],"rotation":90,"texture":"#texture"},"up":{"uv":[3.25,5.25,4.25,5.5],"rotation":270,"texture":"#texture"},"north":{"uv":[4.25,5,4,5.25],"texture":"#texture"},"south":{"uv":[3.25,5,3.5,5.25],"texture":"#texture"},"west":{"uv":[4.25,5.25,3.25,5.5],"texture":"#texture"}}},{"__comment":"axe1x64","from":[-1,15,14.75],"to":[-0.25,15.375,15.125],"faces":{"down":{"uv":[3.25,6,3.5,5.75],"rotation":90,"texture":"#texture","cullface":"west"},"north":{"uv":[3.5,5.75,3.25,6],"texture":"#texture","cullface":"west"},"south":{"uv":[3.25,5.75,3.5,6],"texture":"#texture","cullface":"west"},"west":{"uv":[3.5,5.75,3.25,6],"texture":"#texture","cullface":"west"}}},{"__comment":"axe1x64","from":[-1,16.3125,14],"to":[-0.25,16.875,14.75],"faces":{"up":{"uv":[3.5,4.75,4,5],"rotation":270,"texture":"#texture"},"north":{"uv":[4,4.75,3.75,5],"texture":"#texture"},"south":{"uv":[3.5,4.75,3.75,5],"texture":"#texture"},"west":{"uv":[4,4.75,3.5,5],"texture":"#texture"},"east":{"uv":[3.5,4.75,4,5],"texture":"#texture"}}},{"__comment":"axe1x64","from":[-1,18,8.375],"to":[-0.25,18.75,10.625],"faces":{"down":{"uv":[6.25,4,7.75,3.75],"rotation":90,"texture":"#texture"},"up":{"uv":[6.25,3.5,7.75,3.75],"rotation":270,"texture":"#texture"},"north":{"uv":[7.75,3.5,7.5,4],"texture":"#texture"},"south":{"uv":[6.25,3.5,6.5,4],"texture":"#texture"},"west":{"uv":[7.75,3.5,6.25,4],"texture":"#texture"},"east":{"uv":[6.25,3.5,7.75,4],"texture":"#texture"}}},{"__comment":"axe1x64","from":[-1,18.75,8.375],"to":[-0.25,19.5,10.25],"faces":{"up":{"uv":[6.5,3,7.75,3.25],"rotation":270,"texture":"#texture"},"north":{"uv":[7.75,3,7.5,3.5],"texture":"#texture"},"south":{"uv":[6.5,3,6.75,3.5],"texture":"#texture"},"west":{"uv":[7.75,3,6.5,3.5],"texture":"#texture"},"east":{"uv":[6.5,3,7.75,3.5],"texture":"#texture"}}},{"__comment":"axe1x64","from":[-1,17.4375,8],"to":[-0.25,18,10.25],"faces":{"down":{"uv":[6.5,4.25,8,4],"rotation":90,"texture":"#texture"},"up":{"uv":[6.5,4,8,4.25],"rotation":270,"texture":"#texture"},"north":{"uv":[8,4,7.75,4.25],"texture":"#texture"},"south":{"uv":[6.5,4,6.75,4.25],"texture":"#texture"},"west":{"uv":[8,4,6.5,4.25],"texture":"#texture"},"east":{"uv":[6.5,4,8,4.25],"texture":"#texture"}}},{"__comment":"axe1x64","from":[-1,19.125,8.75],"to":[-0.25,19.875,9.875],"faces":{"up":{"uv":[6.75,2.75,7.5,3],"rotation":270,"texture":"#texture"},"north":{"uv":[7.5,2.75,7.25,3],"texture":"#texture"},"south":{"uv":[6.75,2.75,7,3],"texture":"#texture"},"west":{"uv":[7.5,2.75,6.75,3],"texture":"#texture"}}},{"__comment":"axe1x64","from":[-1,17.25,7.625],"to":[-0.25,17.625,9.875],"faces":{"down":{"uv":[6.75,4.5,8.25,4.25],"rotation":90,"texture":"#texture"},"up":{"uv":[6.75,4.25,8.25,4.5],"rotation":270,"texture":"#texture"},"north":{"uv":[8.25,4.25,8,4.5],"texture":"#texture"},"south":{"uv":[6.75,4.25,7,4.5],"texture":"#texture"},"west":{"uv":[8.25,4.25,6.75,4.5],"texture":"#texture"}}},{"__comment":"axe1x64","from":[-1,20.25,9.125],"to":[-0.25,21,9.5],"faces":{"down":{"uv":[7,2.75,7.25,2.5],"rotation":90,"texture":"#texture"},"up":{"uv":[7,2,7.25,2.25],"rotation":270,"texture":"#texture"},"north":{"uv":[7.25,2,7,2.75],"texture":"#texture"},"south":{"uv":[7,2,7.25,2.75],"texture":"#texture"},"west":{"uv":[7.25,2,7,2.75],"texture":"#texture"}}},{"__comment":"axe1x64","from":[-1,19.875,8.75],"to":[-0.25,20.625,9.125],"faces":{"up":{"uv":[7.25,2.25,7.5,2.5],"rotation":270,"texture":"#texture"},"north":{"uv":[7.5,2.25,7.25,2.75],"texture":"#texture"},"south":{"uv":[7.25,2.25,7.5,2.75],"texture":"#texture"},"west":{"uv":[7.5,2.25,7.25,2.75],"texture":"#texture"}}},{"__comment":"axe1x64","from":[-1,16.5,7.625],"to":[-0.25,17.25,9.125],"faces":{"down":{"uv":[7.25,4.75,8.25,4.5],"rotation":90,"texture":"#texture"},"north":{"uv":[8.25,4.5,8,4.75],"texture":"#texture"},"south":{"uv":[7.25,4.5,7.5,4.75],"texture":"#texture"},"west":{"uv":[8.25,4.5,7.25,4.75],"texture":"#texture"},"east":{"uv":[7.25,4.5,8.25,4.75],"texture":"#texture"}}},{"__comment":"axe1x64","from":[-1.0625,16.125,7.625],"to":[-0.5,16.875,8.75],"faces":{"down":{"uv":[7.5,5.25,8.25,5],"rotation":90,"texture":"#texture"},"north":{"uv":[8.25,4.75,8,5.25],"texture":"#texture"},"south":{"uv":[7.5,4.75,7.75,5.25],"texture":"#texture"},"west":{"uv":[8.25,4.75,7.5,5.25],"texture":"#texture"},"east":{"uv":[7.5,4.75,8.25,5.25],"texture":"#texture"}}},{"__comment":"axe1x64","from":[-1,18,8],"to":[-0.25,18.375,8.375],"faces":{"up":{"uv":[7.75,3.75,8,4],"rotation":270,"texture":"#texture"},"north":{"uv":[8,3.75,7.75,4],"texture":"#texture"},"west":{"uv":[8,3.75,7.75,4],"texture":"#texture"}}},{"__comment":"axe1x64","from":[-1,15.375,7.625],"to":[-0.25,16.125,8.375],"faces":{"down":{"uv":[7.75,5.75,8.25,5.5],"rotation":90,"texture":"#texture","cullface":"west"},"up":{"uv":[7.75,5.25,8.25,5.5],"rotation":270,"texture":"#texture","cullface":"west"},"north":{"uv":[8.25,5.25,8,5.75],"texture":"#texture","cullface":"west"},"south":{"uv":[7.75,5.25,8,5.75],"texture":"#texture","cullface":"west"},"west":{"uv":[8.25,5.25,7.75,5.75],"texture":"#texture","cullface":"west"}}},{"__comment":"stone_axex64","from":[-0.25,14.25,14.75],"to":[1.25,15.375,20],"faces":{"down":{"uv":[0,6.5,3.5,6.25],"rotation":90,"texture":"#texture","cullface":"west"},"up":{"uv":[0,5.75,3.5,6],"rotation":270,"texture":"#texture","cullface":"west"},"north":{"uv":[3.5,5.75,3.25,6.5],"texture":"#texture","cullface":"west"},"south":{"uv":[0,5.75,0.25,6.5],"texture":"#texture","cullface":"west"},"west":{"uv":[3.5,5.75,0,6.5],"texture":"#texture","cullface":"west"},"east":{"uv":[0,5.75,3.5,6.5],"texture":"#texture","cullface":"west"}}},{"__comment":"stone_axex64","from":[-0.25,18,17.75],"to":[1.25,18.375,19.625],"faces":{"down":{"uv":[0.25,4,1.5,3.75],"rotation":90,"texture":"#texture"},"up":{"uv":[0.25,3.75,1.5,4],"rotation":270,"texture":"#texture"},"north":{"uv":[1.5,3.75,1.25,4],"texture":"#texture"},"south":{"uv":[0.25,3.75,0.5,4],"texture":"#texture"},"west":{"uv":[1.5,3.75,0.25,4],"texture":"#texture"},"east":{"uv":[0.25,3.75,1.5,4],"texture":"#texture"}}},{"__comment":"stone_axex64","from":[-0.25,15.375,17.75],"to":[1.25,17.625,19.625],"faces":{"up":{"uv":[0.25,4.25,1.5,4.5],"rotation":270,"texture":"#texture"},"north":{"uv":[1.5,4.25,1.25,5.75],"texture":"#texture"},"south":{"uv":[0.25,4.25,0.5,5.75],"texture":"#texture"},"west":{"uv":[1.5,4.25,0.25,5.75],"texture":"#texture"},"east":{"uv":[0.25,4.25,1.5,5.75],"texture":"#texture"}}},{"__comment":"stone_axex64","from":[-0.25,13.125,19.25],"to":[1.25,14.25,19.625],"faces":{"down":{"uv":[0.25,7.25,0.5,7],"rotation":90,"texture":"#texture","cullface":"south"},"north":{"uv":[0.5,6.5,0.25,7.25],"texture":"#texture","cullface":"south"},"south":{"uv":[0.25,6.5,0.5,7.25],"texture":"#texture","cullface":"south"},"west":{"uv":[0.5,6.5,0.25,7.25],"texture":"#texture","cullface":"south"},"east":{"uv":[0.25,6.5,0.5,7.25],"texture":"#texture","cullface":"south"}}},{"__comment":"stone_axex64","from":[-0.25,18.375,17.75],"to":[1.25,19.5,19.25],"faces":{"up":{"uv":[0.5,3,1.5,3.25],"rotation":270,"texture":"#texture"},"north":{"uv":[1.5,3,1.25,3.75],"texture":"#texture"},"south":{"uv":[0.5,3,0.75,3.75],"texture":"#texture"},"west":{"uv":[1.5,3,0.5,3.75],"texture":"#texture"},"east":{"uv":[0.5,3,1.5,3.75],"texture":"#texture"}}},{"__comment":"stone_axex64","from":[-0.25,17.625,18.125],"to":[1.25,18,19.25],"faces":{"north":{"uv":[1.25,4,1,4.25],"texture":"#texture"},"south":{"uv":[0.5,4,0.75,4.25],"texture":"#texture"},"west":{"uv":[1.25,4,0.5,4.25],"texture":"#texture"},"east":{"uv":[0.5,4,1.25,4.25],"texture":"#texture"}}},{"__comment":"stone_axex64","from":[-0.25,13.5,15.125],"to":[1.25,14.25,19.25],"faces":{"down":{"uv":[0.5,7,3.25,6.75],"rotation":90,"texture":"#texture","cullface":"west"},"north":{"uv":[3.25,6.5,3,7],"texture":"#texture","cullface":"west"},"west":{"uv":[3.25,6.5,0.5,7],"texture":"#texture","cullface":"west"},"east":{"uv":[0.5,6.5,3.25,7],"texture":"#texture","cullface":"west"}}},{"__comment":"stone_axex64","from":[-0.25,10.5,16.625],"to":[1.25,12.375,19.25],"faces":{"down":{"uv":[0.5,9,2.25,8.75],"rotation":90,"texture":"#texture","cullface":"south"},"up":{"uv":[0.5,7.75,2.25,8],"rotation":270,"texture":"#texture","cullface":"south"},"north":{"uv":[2.25,7.75,2,9],"texture":"#texture","cullface":"south"},"south":{"uv":[0.5,7.75,0.75,9],"texture":"#texture","cullface":"south"},"west":{"uv":[2.25,7.75,0.5,9],"texture":"#texture","cullface":"south"},"east":{"uv":[0.5,7.75,2.25,9],"texture":"#texture","cullface":"south"}}},{"__comment":"stone_axex64","from":[-0.25,19.5,17.375],"to":[1.25,20.25,18.875],"faces":{"down":{"uv":[0.75,3,1.75,2.75],"rotation":90,"texture":"#texture"},"up":{"uv":[0.75,2.5,1.75,2.75],"rotation":270,"texture":"#texture"},"north":{"uv":[1.75,2.5,1.5,3],"texture":"#texture"},"south":{"uv":[0.75,2.5,1,3],"texture":"#texture"},"west":{"uv":[1.75,2.5,0.75,3],"texture":"#texture"},"east":{"uv":[0.75,2.5,1.75,3],"texture":"#texture"}}},{"__comment":"stone_axex64","from":[-0.25,12.375,15.875],"to":[1.25,12.75,18.875],"faces":{"down":{"uv":[0.75,7.75,2.75,7.5],"rotation":90,"texture":"#texture","cullface":"west"},"up":{"uv":[0.75,7.5,2.75,7.75],"rotation":270,"texture":"#texture","cullface":"west"},"north":{"uv":[2.75,7.5,2.5,7.75],"texture":"#texture","cullface":"west"},"south":{"uv":[0.75,7.5,1,7.75],"texture":"#texture","cullface":"west"},"west":{"uv":[2.75,7.5,0.75,7.75],"texture":"#texture","cullface":"west"},"east":{"uv":[0.75,7.5,2.75,7.75],"texture":"#texture","cullface":"west"}}},{"__comment":"stone_axex64","from":[-0.25,9.375,16.625],"to":[1.25,10.5,18.875],"faces":{"down":{"uv":[0.75,9.75,2.25,9.5],"rotation":90,"texture":"#texture","cullface":"south"},"north":{"uv":[2.25,9,2,9.75],"texture":"#texture","cullface":"south"},"south":{"uv":[0.75,9,1,9.75],"texture":"#texture","cullface":"south"},"west":{"uv":[2.25,9,0.75,9.75],"texture":"#texture","cullface":"south"},"east":{"uv":[0.75,9,2.25,9.75],"texture":"#texture","cullface":"south"}}},{"__comment":"stone_axex64","from":[-0.25,20.25,16],"to":[1.25,21,18.5],"faces":{"down":{"uv":[1,2.5,2.25,2.25],"rotation":90,"texture":"#texture"},"up":{"uv":[1,2,2.25,2.25],"rotation":270,"texture":"#texture"},"north":{"uv":[2.25,2,2,2.5],"texture":"#texture"},"south":{"uv":[1,2,1.25,2.5],"texture":"#texture"},"west":{"uv":[2.25,2,1,2.5],"texture":"#texture"},"east":{"uv":[1,2,2.25,2.5],"texture":"#texture"}}},{"__comment":"stone_axex64","from":[-0.25,12.75,15.5],"to":[1.25,13.5,18.5],"faces":{"down":{"uv":[1,7.5,3,7.25],"rotation":90,"texture":"#texture","cullface":"west"},"north":{"uv":[3,7,2.75,7.5],"texture":"#texture","cullface":"west"},"south":{"uv":[1,7,1.25,7.5],"texture":"#texture","cullface":"west"},"west":{"uv":[3,7,1,7.5],"texture":"#texture","cullface":"west"},"east":{"uv":[1,7,3,7.5],"texture":"#texture","cullface":"west"}}},{"__comment":"stone_axex64","from":[-0.25,8.25,16.625],"to":[1.25,9.375,18.5],"faces":{"down":{"uv":[1,10.5,2.25,10.25],"rotation":90,"texture":"#texture","cullface":"south"},"north":{"uv":[2.25,9.75,2,10.5],"texture":"#texture","cullface":"south"},"south":{"uv":[1,9.75,1.25,10.5],"texture":"#texture","cullface":"south"},"west":{"uv":[2.25,9.75,1,10.5],"texture":"#texture","cullface":"south"},"east":{"uv":[1,9.75,2.25,10.5],"texture":"#texture","cullface":"south"}}},{"__comment":"stone_axex64","from":[-0.25,21,15.875],"to":[1.25,21.375,18.125],"faces":{"down":{"uv":[1.25,2,2.75,1.75],"rotation":90,"texture":"#texture"},"up":{"uv":[1.25,1.75,2.75,2],"rotation":270,"texture":"#texture"},"north":{"uv":[2.75,1.75,2.5,2],"texture":"#texture"},"south":{"uv":[1.25,1.75,1.5,2],"texture":"#texture"},"west":{"uv":[2.75,1.75,1.25,2],"texture":"#texture"},"east":{"uv":[1.25,1.75,2.75,2],"texture":"#texture"}}},{"__comment":"stone_axex64","from":[-0.25,7.875,16.25],"to":[1.25,8.25,18.125],"faces":{"down":{"uv":[1.25,10.75,2.5,10.5],"rotation":90,"texture":"#texture","cullface":"south"},"up":{"uv":[1.25,10.5,2.5,10.75],"rotation":270,"texture":"#texture","cullface":"south"},"north":{"uv":[2.5,10.5,2.25,10.75],"texture":"#texture","cullface":"south"},"south":{"uv":[1.25,10.5,1.5,10.75],"texture":"#texture","cullface":"south"},"west":{"uv":[2.5,10.5,1.25,10.75],"texture":"#texture","cullface":"south"},"east":{"uv":[1.25,10.5,2.5,10.75],"texture":"#texture","cullface":"south"}}},{"__comment":"stone_axex64","from":[-0.25,21.375,15.875],"to":[1.25,21.75,17.75],"faces":{"up":{"uv":[1.5,1.5,2.75,1.75],"rotation":270,"texture":"#texture"},"north":{"uv":[2.75,1.5,2.5,1.75],"texture":"#texture"},"south":{"uv":[1.5,1.5,1.75,1.75],"texture":"#texture"},"west":{"uv":[2.75,1.5,1.5,1.75],"texture":"#texture"},"east":{"uv":[1.5,1.5,2.75,1.75],"texture":"#texture"}}},{"__comment":"stone_axex64","from":[-0.25,19.125,17.375],"to":[1.25,19.5,17.75],"faces":{"down":{"uv":[1.5,3.25,1.75,3],"rotation":90,"texture":"#texture"},"north":{"uv":[1.75,3,1.5,3.25],"texture":"#texture"},"west":{"uv":[1.75,3,1.5,3.25],"texture":"#texture"},"east":{"uv":[1.5,3,1.75,3.25],"texture":"#texture"}}},{"__comment":"stone_axex64","from":[-0.25,15.375,17.375],"to":[1.25,16.875,17.75],"faces":{"up":{"uv":[1.5,4.75,1.75,5],"rotation":270,"texture":"#texture"},"north":{"uv":[1.75,4.75,1.5,5.75],"texture":"#texture"}}},{"__comment":"stone_axex64","from":[-0.25,7.125,15.875],"to":[1.25,7.875,17.75],"faces":{"down":{"uv":[1.5,11.25,2.75,11],"rotation":90,"texture":"#texture","cullface":"west"},"up":{"uv":[1.5,10.75,2.75,11],"rotation":270,"texture":"#texture","cullface":"west"},"north":{"uv":[2.75,10.75,2.5,11.25],"texture":"#texture","cullface":"west"},"south":{"uv":[1.5,10.75,1.75,11.25],"texture":"#texture","cullface":"west"},"west":{"uv":[2.75,10.75,1.5,11.25],"texture":"#texture","cullface":"west"},"east":{"uv":[1.5,10.75,2.75,11.25],"texture":"#texture","cullface":"west"}}},{"__comment":"stone_axex64","from":[-0.25,21.75,15.875],"to":[1.25,22.125,17.375],"faces":{"up":{"uv":[1.75,1.25,2.75,1.5],"rotation":270,"texture":"#texture"},"north":{"uv":[2.75,1.25,2.5,1.5],"texture":"#texture"},"south":{"uv":[1.75,1.25,2,1.5],"texture":"#texture"},"west":{"uv":[2.75,1.25,1.75,1.5],"texture":"#texture"},"east":{"uv":[1.75,1.25,2.75,1.5],"texture":"#texture"}}},{"__comment":"stone_axex64","from":[-0.25,19.875,17],"to":[1.25,20.25,17.375],"faces":{"down":{"uv":[1.75,2.75,2,2.5],"rotation":90,"texture":"#texture"},"north":{"uv":[2,2.5,1.75,2.75],"texture":"#texture"},"west":{"uv":[2,2.5,1.75,2.75],"texture":"#texture"},"east":{"uv":[1.75,2.5,2,2.75],"texture":"#texture"}}},{"__comment":"stone_axex64","from":[-0.25,15.375,13.625],"to":[1.25,16.125,17.375],"faces":{"down":{"uv":[1.75,5.75,4.25,5.5],"rotation":90,"texture":"#texture"},"up":{"uv":[1.75,5.25,4.25,5.5],"rotation":270,"texture":"#texture"},"north":{"uv":[4.25,5.25,4,5.75],"texture":"#texture"},"west":{"uv":[4.25,5.25,1.75,5.75],"texture":"#texture"},"east":{"uv":[1.75,5.25,4.25,5.75],"texture":"#texture"}}},{"__comment":"stone_axex64","from":[-0.25,6,15.5],"to":[1.25,7.125,17.375],"faces":{"down":{"uv":[1.75,12,3,11.75],"rotation":90,"texture":"#texture","cullface":"west"},"up":{"uv":[1.75,11.25,3,11.5],"rotation":270,"texture":"#texture","cullface":"west"},"north":{"uv":[3,11.25,2.75,12],"texture":"#texture","cullface":"west"},"south":{"uv":[1.75,11.25,2,12],"texture":"#texture","cullface":"west"},"west":{"uv":[3,11.25,1.75,12],"texture":"#texture","cullface":"west"},"east":{"uv":[1.75,11.25,3,12],"texture":"#texture","cullface":"west"}}},{"__comment":"stone_axex64","from":[-0.25,22.125,15.5],"to":[1.25,22.5,17],"faces":{"down":{"uv":[2,1.25,3,1],"rotation":90,"texture":"#texture"},"up":{"uv":[2,1,3,1.25],"rotation":270,"texture":"#texture"},"north":{"uv":[3,1,2.75,1.25],"texture":"#texture"},"south":{"uv":[2,1,2.25,1.25],"texture":"#texture"},"west":{"uv":[3,1,2,1.25],"texture":"#texture"},"east":{"uv":[2,1,3,1.25],"texture":"#texture"}}},{"__comment":"stone_axex64","from":[-0.25,22.5,15.125],"to":[1.25,22.875,16.625],"faces":{"down":{"uv":[2.25,1,3.25,0.75],"rotation":90,"texture":"#texture"},"up":{"uv":[2.25,0.75,3.25,1],"rotation":270,"texture":"#texture"},"north":{"uv":[3.25,0.75,3,1],"texture":"#texture"},"south":{"uv":[2.25,0.75,2.5,1],"texture":"#texture"},"west":{"uv":[3.25,0.75,2.25,1],"texture":"#texture"},"east":{"uv":[2.25,0.75,3.25,1],"texture":"#texture"}}},{"__comment":"stone_axex64","from":[-0.25,11.625,16.25],"to":[1.25,12.375,16.625],"faces":{"down":{"uv":[2.25,8.25,2.5,8],"rotation":90,"texture":"#texture","cullface":"south"},"north":{"uv":[2.5,7.75,2.25,8.25],"texture":"#texture","cullface":"south"},"west":{"uv":[2.5,7.75,2.25,8.25],"texture":"#texture","cullface":"south"},"east":{"uv":[2.25,7.75,2.5,8.25],"texture":"#texture","cullface":"south"}}},{"__comment":"stone_axex64","from":[-0.25,9.75,16.25],"to":[1.25,10.5,16.625],"faces":{"down":{"uv":[2.25,9.5,2.5,9.25],"rotation":90,"texture":"#texture","cullface":"south"},"up":{"uv":[2.25,9,2.5,9.25],"rotation":270,"texture":"#texture","cullface":"south"},"north":{"uv":[2.5,9,2.25,9.5],"texture":"#texture","cullface":"south"},"west":{"uv":[2.5,9,2.25,9.5],"texture":"#texture","cullface":"south"},"east":{"uv":[2.25,9,2.5,9.5],"texture":"#texture","cullface":"south"}}},{"__comment":"stone_axex64","from":[-0.25,8.25,16.25],"to":[1.25,9,16.625],"faces":{"up":{"uv":[2.25,10,2.5,10.25],"rotation":270,"texture":"#texture","cullface":"south"},"north":{"uv":[2.5,10,2.25,10.5],"texture":"#texture","cullface":"south"},"west":{"uv":[2.5,10,2.25,10.5],"texture":"#texture","cullface":"south"},"east":{"uv":[2.25,10,2.5,10.5],"texture":"#texture","cullface":"south"}}},{"__comment":"stone_axex64","from":[-0.25,5.625,14.75],"to":[1.25,6,16.625],"faces":{"down":{"uv":[2.25,12.25,3.5,12],"rotation":90,"texture":"#texture","cullface":"west"},"up":{"uv":[2.25,12,3.5,12.25],"rotation":270,"texture":"#texture","cullface":"west"},"north":{"uv":[3.5,12,3.25,12.25],"texture":"#texture","cullface":"west"},"south":{"uv":[2.25,12,2.5,12.25],"texture":"#texture","cullface":"west"},"west":{"uv":[3.5,12,2.25,12.25],"texture":"#texture","cullface":"west"},"east":{"uv":[2.25,12,3.5,12.25],"texture":"#texture","cullface":"west"}}},{"__comment":"stone_axex64","from":[-0.25,22.875,14.75],"to":[1.25,23.25,16.25],"faces":{"down":{"uv":[2.5,0.75,3.5,0.5],"rotation":90,"texture":"#texture"},"up":{"uv":[2.5,0.5,3.5,0.75],"rotation":270,"texture":"#texture"},"north":{"uv":[3.5,0.5,3.25,0.75],"texture":"#texture"},"south":{"uv":[2.5,0.5,2.75,0.75],"texture":"#texture"},"west":{"uv":[3.5,0.5,2.5,0.75],"texture":"#texture"},"east":{"uv":[2.5,0.5,3.5,0.75],"texture":"#texture"}}},{"__comment":"stone_axex64","from":[-0.25,12,15.875],"to":[1.25,12.375,16.25],"faces":{"down":{"uv":[2.5,8,2.75,7.75],"rotation":90,"texture":"#texture","cullface":"west"},"north":{"uv":[2.75,7.75,2.5,8],"texture":"#texture","cullface":"west"},"west":{"uv":[2.75,7.75,2.5,8],"texture":"#texture","cullface":"west"},"east":{"uv":[2.5,7.75,2.75,8],"texture":"#texture","cullface":"west"}}},{"__comment":"stone_axex64","from":[-0.25,23.25,14.375],"to":[1.25,23.625,15.875],"faces":{"down":{"uv":[2.75,0.5,3.75,0.25],"rotation":90,"texture":"#texture","cullface":"up"},"up":{"uv":[2.75,0.25,3.75,0.5],"rotation":270,"texture":"#texture","cullface":"up"},"north":{"uv":[3.75,0.25,3.5,0.5],"texture":"#texture","cullface":"up"},"south":{"uv":[2.75,0.25,3,0.5],"texture":"#texture","cullface":"up"},"west":{"uv":[3.75,0.25,2.75,0.5],"texture":"#texture","cullface":"up"},"east":{"uv":[2.75,0.25,3.75,0.5],"texture":"#texture","cullface":"up"}}},{"__comment":"stone_axex64","from":[-0.25,16.125,12.875],"to":[1.25,16.5,15.875],"faces":{"down":{"uv":[2.75,5.25,4.75,5],"rotation":90,"texture":"#texture","cullface":"up"},"up":{"uv":[2.75,5,4.75,5.25],"rotation":270,"texture":"#texture","cullface":"up"},"north":{"uv":[4.75,5,4.5,5.25],"texture":"#texture","cullface":"up"},"south":{"uv":[2.75,5,3,5.25],"texture":"#texture","cullface":"up"},"west":{"uv":[4.75,5,2.75,5.25],"texture":"#texture","cullface":"up"},"east":{"uv":[2.75,5,4.75,5.25],"texture":"#texture","cullface":"up"}}},{"__comment":"stone_axex64","from":[-0.25,5.25,14.375],"to":[1.25,5.625,15.875],"faces":{"down":{"uv":[2.75,12.5,3.75,12.25],"rotation":90,"texture":"#texture","cullface":"west"},"up":{"uv":[2.75,12.25,3.75,12.5],"rotation":270,"texture":"#texture","cullface":"west"},"north":{"uv":[3.75,12.25,3.5,12.5],"texture":"#texture","cullface":"west"},"south":{"uv":[2.75,12.25,3,12.5],"texture":"#texture","cullface":"west"},"west":{"uv":[3.75,12.25,2.75,12.5],"texture":"#texture","cullface":"west"},"east":{"uv":[2.75,12.25,3.75,12.5],"texture":"#texture","cullface":"west"}}},{"__comment":"stone_axex64","from":[-0.25,16.5,12.5],"to":[1.25,16.875,15.5],"faces":{"down":{"uv":[3,5,5,4.75],"rotation":90,"texture":"#texture","cullface":"up"},"up":{"uv":[3,4.75,5,5],"rotation":270,"texture":"#texture","cullface":"up"},"north":{"uv":[5,4.75,4.75,5],"texture":"#texture","cullface":"up"},"south":{"uv":[3,4.75,3.25,5],"texture":"#texture","cullface":"up"},"west":{"uv":[5,4.75,3,5],"texture":"#texture","cullface":"up"},"east":{"uv":[3,4.75,5,5],"texture":"#texture","cullface":"up"}}},{"__comment":"stone_axex64","from":[-0.25,6,15.125],"to":[1.25,6.75,15.5],"faces":{"up":{"uv":[3,11.5,3.25,11.75],"rotation":270,"texture":"#texture","cullface":"west"},"north":{"uv":[3.25,11.5,3,12],"texture":"#texture","cullface":"west"},"west":{"uv":[3.25,11.5,3,12],"texture":"#texture","cullface":"west"},"east":{"uv":[3,11.5,3.25,12],"texture":"#texture","cullface":"west"}}},{"__comment":"stone_axex64","from":[-0.25,4.875,14],"to":[1.25,5.25,15.5],"faces":{"down":{"uv":[3,12.75,4,12.5],"rotation":90,"texture":"#texture","cullface":"west"},"up":{"uv":[3,12.5,4,12.75],"rotation":270,"texture":"#texture","cullface":"west"},"north":{"uv":[4,12.5,3.75,12.75],"texture":"#texture","cullface":"west"},"south":{"uv":[3,12.5,3.25,12.75],"texture":"#texture","cullface":"west"},"west":{"uv":[4,12.5,3,12.75],"texture":"#texture","cullface":"west"},"east":{"uv":[3,12.5,4,12.75],"texture":"#texture","cullface":"west"}}},{"__comment":"stone_axex64","from":[-0.25,23.625,13.25],"to":[1.25,24,15.125],"faces":{"down":{"uv":[3.25,0.25,4.5,0],"rotation":90,"texture":"#texture","cullface":"up"},"up":{"uv":[3.25,0,4.5,0.25],"rotation":270,"texture":"#texture","cullface":"up"},"north":{"uv":[4.5,0,4.25,0.25],"texture":"#texture","cullface":"up"},"south":{"uv":[3.25,0,3.5,0.25],"texture":"#texture","cullface":"up"},"west":{"uv":[4.5,0,3.25,0.25],"texture":"#texture","cullface":"up"},"east":{"uv":[3.25,0,4.5,0.25],"texture":"#texture","cullface":"up"}}},{"__comment":"stone_axex64","from":[-0.25,16.875,11.75],"to":[1.25,17.25,15.125],"faces":{"down":{"uv":[3.25,4.75,5.5,4.5],"rotation":90,"texture":"#texture","cullface":"up"},"up":{"uv":[3.25,4.5,5.5,4.75],"rotation":270,"texture":"#texture","cullface":"up"},"north":{"uv":[5.5,4.5,5.25,4.75],"texture":"#texture","cullface":"up"},"south":{"uv":[3.25,4.5,3.5,4.75],"texture":"#texture","cullface":"up"},"west":{"uv":[5.5,4.5,3.25,4.75],"texture":"#texture","cullface":"up"},"east":{"uv":[3.25,4.5,5.5,4.75],"texture":"#texture","cullface":"up"}}},{"__comment":"stone_axex64","from":[-0.25,13.875,14.75],"to":[1.25,14.25,15.125],"faces":{"down":{"uv":[3.25,6.75,3.5,6.5],"rotation":90,"texture":"#texture","cullface":"west"},"north":{"uv":[3.5,6.5,3.25,6.75],"texture":"#texture","cullface":"west"},"west":{"uv":[3.5,6.5,3.25,6.75],"texture":"#texture","cullface":"west"},"east":{"uv":[3.25,6.5,3.5,6.75],"texture":"#texture","cullface":"west"}}},{"__comment":"stone_axex64","from":[-0.25,6,14.75],"to":[1.25,6.375,15.125],"faces":{"up":{"uv":[3.25,11.75,3.5,12],"rotation":270,"texture":"#texture","cullface":"west"},"north":{"uv":[3.5,11.75,3.25,12],"texture":"#texture","cullface":"west"},"west":{"uv":[3.5,11.75,3.25,12],"texture":"#texture","cullface":"west"},"east":{"uv":[3.25,11.75,3.5,12],"texture":"#texture","cullface":"west"}}},{"__comment":"stone_axex64","from":[-0.25,4.5,13.25],"to":[1.25,4.875,15.125],"faces":{"down":{"uv":[3.25,13,4.5,12.75],"rotation":90,"texture":"#texture","cullface":"west"},"up":{"uv":[3.25,12.75,4.5,13],"rotation":270,"texture":"#texture","cullface":"west"},"north":{"uv":[4.5,12.75,4.25,13],"texture":"#texture","cullface":"west"},"south":{"uv":[3.25,12.75,3.5,13],"texture":"#texture","cullface":"west"},"west":{"uv":[4.5,12.75,3.25,13],"texture":"#texture","cullface":"west"},"east":{"uv":[3.25,12.75,4.5,13],"texture":"#texture","cullface":"west"}}},{"__comment":"stone_axex64","from":[-0.25,14.625,14.375],"to":[1.25,15.375,14.75],"faces":{"down":{"uv":[3.5,6.25,3.75,6],"rotation":90,"texture":"#texture","cullface":"west"},"north":{"uv":[3.75,5.75,3.5,6.25],"texture":"#texture","cullface":"west"},"west":{"uv":[3.75,5.75,3.5,6.25],"texture":"#texture","cullface":"west"},"east":{"uv":[3.5,5.75,3.75,6.25],"texture":"#texture","cullface":"west"}}},{"__comment":"stone_axex64","from":[-0.25,17.25,11.375],"to":[1.25,17.625,14.375],"faces":{"down":{"uv":[3.75,4.5,5.75,4.25],"rotation":90,"texture":"#texture","cullface":"up"},"up":{"uv":[3.75,4.25,5.75,4.5],"rotation":270,"texture":"#texture","cullface":"up"},"north":{"uv":[5.75,4.25,5.5,4.5],"texture":"#texture","cullface":"up"},"south":{"uv":[3.75,4.25,4,4.5],"texture":"#texture","cullface":"up"},"west":{"uv":[5.75,4.25,3.75,4.5],"texture":"#texture","cullface":"up"},"east":{"uv":[3.75,4.25,5.75,4.5],"texture":"#texture","cullface":"up"}}},{"__comment":"stone_axex64","from":[-0.25,15,14],"to":[1.25,15.375,14.375],"faces":{"down":{"uv":[3.75,6,4,5.75],"rotation":90,"texture":"#texture","cullface":"west"},"north":{"uv":[4,5.75,3.75,6],"texture":"#texture","cullface":"west"},"west":{"uv":[4,5.75,3.75,6],"texture":"#texture","cullface":"west"},"east":{"uv":[3.75,5.75,4,6],"texture":"#texture","cullface":"west"}}},{"__comment":"stone_axex64","from":[-0.25,4.125,12.5],"to":[1.25,4.5,14.375],"faces":{"down":{"uv":[3.75,13.25,5,13],"rotation":90,"texture":"#texture","cullface":"west"},"up":{"uv":[3.75,13,5,13.25],"rotation":270,"texture":"#texture","cullface":"west"},"north":{"uv":[5,13,4.75,13.25],"texture":"#texture","cullface":"west"},"south":{"uv":[3.75,13,4,13.25],"texture":"#texture","cullface":"west"},"west":{"uv":[5,13,3.75,13.25],"texture":"#texture","cullface":"west"},"east":{"uv":[3.75,13,5,13.25],"texture":"#texture","cullface":"west"}}},{"__comment":"stone_axex64","from":[-0.25,17.625,6.875],"to":[1.25,18.375,13.625],"faces":{"down":{"uv":[4.25,4.25,8.75,4],"rotation":90,"texture":"#texture","cullface":"up"},"up":{"uv":[4.25,3.75,8.75,4],"rotation":270,"texture":"#texture","cullface":"up"},"north":{"uv":[8.75,3.75,8.5,4.25],"texture":"#texture","cullface":"up"},"south":{"uv":[4.25,3.75,4.5,4.25],"texture":"#texture","cullface":"up"},"west":{"uv":[8.75,3.75,4.25,4.25],"texture":"#texture","cullface":"up"},"east":{"uv":[4.25,3.75,8.75,4.25],"texture":"#texture","cullface":"up"}}},{"__comment":"stone_axex64","from":[-0.25,15.75,13.25],"to":[1.25,16.125,13.625],"faces":{"down":{"uv":[4.25,5.5,4.5,5.25],"rotation":90,"texture":"#texture","cullface":"west"},"north":{"uv":[4.5,5.25,4.25,5.5],"texture":"#texture","cullface":"west"},"west":{"uv":[4.5,5.25,4.25,5.5],"texture":"#texture","cullface":"west"},"east":{"uv":[4.25,5.25,4.5,5.5],"texture":"#texture","cullface":"west"}}},{"__comment":"stone_axex64","from":[-0.25,3.75,12.125],"to":[1.25,4.125,13.25],"faces":{"down":{"uv":[4.5,13.5,5.25,13.25],"rotation":90,"texture":"#texture","cullface":"west"},"up":{"uv":[4.5,13.25,5.25,13.5],"rotation":270,"texture":"#texture","cullface":"west"},"north":{"uv":[5.25,13.25,5,13.5],"texture":"#texture","cullface":"west"},"south":{"uv":[4.5,13.25,4.75,13.5],"texture":"#texture","cullface":"west"},"west":{"uv":[5.25,13.25,4.5,13.5],"texture":"#texture","cullface":"west"},"east":{"uv":[4.5,13.25,5.25,13.5],"texture":"#texture","cullface":"west"}}},{"__comment":"stone_axex64","from":[-0.25,18.375,7.25],"to":[1.25,18.75,12.5],"faces":{"up":{"uv":[5,3.5,8.5,3.75],"rotation":270,"texture":"#texture","cullface":"up"},"north":{"uv":[8.5,3.5,8.25,3.75],"texture":"#texture","cullface":"up"},"south":{"uv":[5,3.5,5.25,3.75],"texture":"#texture","cullface":"up"},"west":{"uv":[8.5,3.5,5,3.75],"texture":"#texture","cullface":"up"},"east":{"uv":[5,3.5,8.5,3.75],"texture":"#texture","cullface":"up"}}},{"__comment":"stone_axex64","from":[-0.25,3.375,11.75],"to":[1.25,3.75,12.5],"faces":{"down":{"uv":[5,13.75,5.5,13.5],"rotation":90,"texture":"#texture","cullface":"west"},"up":{"uv":[5,13.5,5.5,13.75],"rotation":270,"texture":"#texture","cullface":"west"},"north":{"uv":[5.5,13.5,5.25,13.75],"texture":"#texture","cullface":"west"},"south":{"uv":[5,13.5,5.25,13.75],"texture":"#texture","cullface":"west"},"west":{"uv":[5.5,13.5,5,13.75],"texture":"#texture","cullface":"west"},"east":{"uv":[5,13.5,5.5,13.75],"texture":"#texture","cullface":"west"}}},{"__comment":"stone_axex64","from":[-0.25,18.75,7.625],"to":[1.25,19.125,11],"faces":{"up":{"uv":[6,3.25,8.25,3.5],"rotation":270,"texture":"#texture","cullface":"up"},"north":{"uv":[8.25,3.25,8,3.5],"texture":"#texture","cullface":"up"},"south":{"uv":[6,3.25,6.25,3.5],"texture":"#texture","cullface":"up"},"west":{"uv":[8.25,3.25,6,3.5],"texture":"#texture","cullface":"up"},"east":{"uv":[6,3.25,8.25,3.5],"texture":"#texture","cullface":"up"}}},{"__comment":"stone_axex64","from":[-0.25,22.5,9.875],"to":[1.25,22.875,10.625],"faces":{"down":{"uv":[6.25,1,6.75,0.75],"rotation":90,"texture":"#texture","cullface":"up"},"up":{"uv":[6.25,0.75,6.75,1],"rotation":270,"texture":"#texture","cullface":"up"},"north":{"uv":[6.75,0.75,6.5,1],"texture":"#texture","cullface":"up"},"south":{"uv":[6.25,0.75,6.5,1],"texture":"#texture","cullface":"up"},"west":{"uv":[6.75,0.75,6.25,1],"texture":"#texture","cullface":"up"},"east":{"uv":[6.25,0.75,6.75,1],"texture":"#texture","cullface":"up"}}},{"__comment":"stone_axex64","from":[-0.25,19.125,8],"to":[1.25,19.875,10.625],"faces":{"up":{"uv":[6.25,2.75,8,3],"rotation":270,"texture":"#texture","cullface":"up"},"north":{"uv":[8,2.75,7.75,3.25],"texture":"#texture","cullface":"up"},"south":{"uv":[6.25,2.75,6.5,3.25],"texture":"#texture","cullface":"up"},"west":{"uv":[8,2.75,6.25,3.25],"texture":"#texture","cullface":"up"},"east":{"uv":[6.25,2.75,8,3.25],"texture":"#texture","cullface":"up"}}},{"__comment":"stone_axex64","from":[-0.25,21.75,9.5],"to":[1.25,22.5,10.25],"faces":{"down":{"uv":[6.5,1.5,7,1.25],"rotation":90,"texture":"#texture","cullface":"up"},"up":{"uv":[6.5,1,7,1.25],"rotation":270,"texture":"#texture","cullface":"up"},"north":{"uv":[7,1,6.75,1.5],"texture":"#texture","cullface":"up"},"south":{"uv":[6.5,1,6.75,1.5],"texture":"#texture","cullface":"up"},"west":{"uv":[7,1,6.5,1.5],"texture":"#texture","cullface":"up"},"east":{"uv":[6.5,1,7,1.5],"texture":"#texture","cullface":"up"}}},{"__comment":"stone_axex64","from":[-0.25,19.875,8.75],"to":[1.25,21.375,10.25],"faces":{"up":{"uv":[6.5,1.75,7.5,2],"rotation":270,"texture":"#texture","cullface":"up"},"north":{"uv":[7.5,1.75,7.25,2.75],"texture":"#texture","cullface":"up"},"south":{"uv":[6.5,1.75,6.75,2.75],"texture":"#texture","cullface":"up"},"west":{"uv":[7.5,1.75,6.5,2.75],"texture":"#texture","cullface":"up"},"east":{"uv":[6.5,1.75,7.5,2.75],"texture":"#texture","cullface":"up"}}},{"__comment":"stone_axex64","from":[-0.25,17.25,6.875],"to":[1.25,17.625,10.25],"faces":{"down":{"uv":[6.5,4.5,8.75,4.25],"rotation":90,"texture":"#texture","cullface":"up"},"north":{"uv":[8.75,4.25,8.5,4.5],"texture":"#texture","cullface":"up"},"south":{"uv":[6.5,4.25,6.75,4.5],"texture":"#texture","cullface":"up"},"west":{"uv":[8.75,4.25,6.5,4.5],"texture":"#texture","cullface":"up"},"east":{"uv":[6.5,4.25,8.75,4.5],"texture":"#texture","cullface":"up"}}},{"__comment":"stone_axex64","from":[-0.25,21.375,8.75],"to":[1.25,21.75,9.875],"faces":{"up":{"uv":[6.75,1.5,7.5,1.75],"rotation":270,"texture":"#texture","cullface":"up"},"north":{"uv":[7.5,1.5,7.25,1.75],"texture":"#texture","cullface":"up"},"south":{"uv":[6.75,1.5,7,1.75],"texture":"#texture","cullface":"up"},"west":{"uv":[7.5,1.5,6.75,1.75],"texture":"#texture","cullface":"up"},"east":{"uv":[6.75,1.5,7.5,1.75],"texture":"#texture","cullface":"up"}}},{"__comment":"stone_axex64","from":[-0.25,16.875,6.875],"to":[1.25,17.25,9.875],"faces":{"down":{"uv":[6.75,4.75,8.75,4.5],"rotation":90,"texture":"#texture","cullface":"up"},"north":{"uv":[8.75,4.5,8.5,4.75],"texture":"#texture","cullface":"up"},"south":{"uv":[6.75,4.5,7,4.75],"texture":"#texture","cullface":"up"},"west":{"uv":[8.75,4.5,6.75,4.75],"texture":"#texture","cullface":"up"},"east":{"uv":[6.75,4.5,8.75,4.75],"texture":"#texture","cullface":"up"}}},{"__comment":"stone_axex64","from":[-0.25,21.75,9.125],"to":[1.25,22.125,9.5],"faces":{"up":{"uv":[7,1.25,7.25,1.5],"rotation":270,"texture":"#texture","cullface":"up"},"north":{"uv":[7.25,1.25,7,1.5],"texture":"#texture","cullface":"up"},"west":{"uv":[7.25,1.25,7,1.5],"texture":"#texture","cullface":"up"},"east":{"uv":[7,1.25,7.25,1.5],"texture":"#texture","cullface":"up"}}},{"__comment":"stone_axex64","from":[-0.25,16.125,6.5],"to":[1.25,16.875,9.125],"faces":{"down":{"uv":[7.25,5.25,9,5],"rotation":90,"texture":"#texture","cullface":"up"},"up":{"uv":[7.25,4.75,9,5],"rotation":270,"texture":"#texture","cullface":"up"},"north":{"uv":[9,4.75,8.75,5.25],"texture":"#texture","cullface":"up"},"south":{"uv":[7.25,4.75,7.5,5.25],"texture":"#texture","cullface":"up"},"west":{"uv":[9,4.75,7.25,5.25],"texture":"#texture","cullface":"up"},"east":{"uv":[7.25,4.75,9,5.25],"texture":"#texture","cullface":"up"}}},{"__comment":"stone_axex64","from":[-0.25,19.875,8.375],"to":[1.25,21,8.75],"faces":{"up":{"uv":[7.5,2,7.75,2.25],"rotation":270,"texture":"#texture","cullface":"up"},"north":{"uv":[7.75,2,7.5,2.75],"texture":"#texture","cullface":"up"},"west":{"uv":[7.75,2,7.5,2.75],"texture":"#texture","cullface":"up"},"east":{"uv":[7.5,2,7.75,2.75],"texture":"#texture","cullface":"up"}}},{"__comment":"stone_axex64","from":[-0.25,15.375,6.5],"to":[1.25,16.125,8.75],"faces":{"down":{"uv":[7.5,5.75,9,5.5],"rotation":90,"texture":"#texture","cullface":"west"},"north":{"uv":[9,5.25,8.75,5.75],"texture":"#texture","cullface":"west"},"south":{"uv":[7.5,5.25,7.75,5.75],"texture":"#texture","cullface":"west"},"west":{"uv":[9,5.25,7.5,5.75],"texture":"#texture","cullface":"west"},"east":{"uv":[7.5,5.25,9,5.75],"texture":"#texture","cullface":"west"}}},{"__comment":"stone_axex64","from":[-0.25,8.25,8.375],"to":[1.25,9,8.75],"faces":{"down":{"uv":[7.5,10.5,7.75,10.25],"rotation":90,"texture":"#texture","cullface":"west"},"up":{"uv":[7.5,10,7.75,10.25],"rotation":270,"texture":"#texture","cullface":"west"},"north":{"uv":[7.75,10,7.5,10.5],"texture":"#texture","cullface":"west"},"south":{"uv":[7.5,10,7.75,10.5],"texture":"#texture","cullface":"west"},"west":{"uv":[7.75,10,7.5,10.5],"texture":"#texture","cullface":"west"},"east":{"uv":[7.5,10,7.75,10.5],"texture":"#texture","cullface":"west"}}},{"__comment":"stone_axex64","from":[-0.25,19.875,8],"to":[1.25,20.625,8.375],"faces":{"up":{"uv":[7.75,2.25,8,2.5],"rotation":270,"texture":"#texture","cullface":"up"},"north":{"uv":[8,2.25,7.75,2.75],"texture":"#texture","cullface":"up"},"west":{"uv":[8,2.25,7.75,2.75],"texture":"#texture","cullface":"up"},"east":{"uv":[7.75,2.25,8,2.75],"texture":"#texture","cullface":"up"}}},{"__comment":"stone_axex64","from":[-0.25,15,6.5],"to":[1.25,15.375,8.375],"faces":{"down":{"uv":[7.75,6,9,5.75],"rotation":90,"texture":"#texture","cullface":"west"},"north":{"uv":[9,5.75,8.75,6],"texture":"#texture","cullface":"west"},"south":{"uv":[7.75,5.75,8,6],"texture":"#texture","cullface":"west"},"west":{"uv":[9,5.75,7.75,6],"texture":"#texture","cullface":"west"},"east":{"uv":[7.75,5.75,9,6],"texture":"#texture","cullface":"west"}}},{"__comment":"stone_axex64","from":[-0.25,8.625,8],"to":[1.25,12.375,8.375],"faces":{"down":{"uv":[7.75,10.25,8,10],"rotation":90,"texture":"#texture","cullface":"west"},"up":{"uv":[7.75,7.75,8,8],"rotation":270,"texture":"#texture","cullface":"west"},"north":{"uv":[8,7.75,7.75,10.25],"texture":"#texture","cullface":"west"},"south":{"uv":[7.75,7.75,8,10.25],"texture":"#texture","cullface":"west"},"west":{"uv":[8,7.75,7.75,10.25],"texture":"#texture","cullface":"west"},"east":{"uv":[7.75,7.75,8,10.25],"texture":"#texture","cullface":"west"}}},{"__comment":"stone_axex64","from":[-0.25,19.125,7.625],"to":[1.25,19.5,8],"faces":{"up":{"uv":[8,3,8.25,3.25],"rotation":270,"texture":"#texture","cullface":"up"},"north":{"uv":[8.25,3,8,3.25],"texture":"#texture","cullface":"up"},"west":{"uv":[8.25,3,8,3.25],"texture":"#texture","cullface":"up"},"east":{"uv":[8,3,8.25,3.25],"texture":"#texture","cullface":"up"}}},{"__comment":"stone_axex64","from":[-0.25,9.75,7.625],"to":[1.25,15,8],"faces":{"down":{"uv":[8,9.5,8.25,9.25],"rotation":90,"texture":"#texture","cullface":"west"},"north":{"uv":[8.25,6,8,9.5],"texture":"#texture","cullface":"west"},"south":{"uv":[8,6,8.25,9.5],"texture":"#texture","cullface":"west"},"west":{"uv":[8.25,6,8,9.5],"texture":"#texture","cullface":"west"},"east":{"uv":[8,6,8.25,9.5],"texture":"#texture","cullface":"west"}}},{"__comment":"stone_axex64","from":[-0.25,11.25,7.25],"to":[1.25,15,7.625],"faces":{"down":{"uv":[8.25,8.5,8.5,8.25],"rotation":90,"texture":"#texture","cullface":"west"},"north":{"uv":[8.5,6,8.25,8.5],"texture":"#texture","cullface":"west"},"west":{"uv":[8.5,6,8.25,8.5],"texture":"#texture","cullface":"west"},"east":{"uv":[8.25,6,8.5,8.5],"texture":"#texture","cullface":"west"}}},{"__comment":"stone_axex64","from":[-0.25,12,6.875],"to":[1.25,15,7.25],"faces":{"down":{"uv":[8.5,8,8.75,7.75],"rotation":90,"texture":"#texture","cullface":"west"},"north":{"uv":[8.75,6,8.5,8],"texture":"#texture","cullface":"west"},"west":{"uv":[8.75,6,8.5,8],"texture":"#texture","cullface":"west"},"east":{"uv":[8.5,6,8.75,8],"texture":"#texture","cullface":"west"}}},{"__comment":"stone_axex64","from":[-0.25,14.625,6.5],"to":[1.25,15,6.875],"faces":{"down":{"uv":[8.75,6.25,9,6],"rotation":90,"texture":"#texture","cullface":"west"},"north":{"uv":[9,6,8.75,6.25],"texture":"#texture","cullface":"west"},"west":{"uv":[9,6,8.75,6.25],"texture":"#texture","cullface":"west"},"east":{"uv":[8.75,6,9,6.25],"texture":"#texture","cullface":"west"}}},{"__comment":"stone_axex64","from":[0,17.625,13.625],"to":[1,18,18.125],"faces":{"down":{"uv":[9,2,12,1.75],"rotation":90,"texture":"#texture"},"up":{"uv":[9,1.75,12,2],"rotation":270,"texture":"#texture"},"west":{"uv":[12,1.75,9,2],"texture":"#texture"},"east":{"uv":[9,1.75,12,2],"texture":"#texture"}}},{"__comment":"stone_axex64","from":[0,18,15.125],"to":[1,19.125,17.75],"faces":{"up":{"uv":[9.25,1,11,1.25],"rotation":270,"texture":"#texture"},"north":{"uv":[11,1,10.75,1.75],"texture":"#texture"},"south":{"uv":[9.25,1,9.5,1.75],"texture":"#texture"},"west":{"uv":[11,1,9.25,1.75],"texture":"#texture"},"east":{"uv":[9.25,1,11,1.75],"texture":"#texture"}}},{"__comment":"stone_axex64","from":[0,16.875,15.125],"to":[1,17.625,17.75],"faces":{"down":{"uv":[9.25,2.5,11,2.25],"rotation":90,"texture":"#texture"},"north":{"uv":[11,2,10.75,2.5],"texture":"#texture"},"west":{"uv":[11,2,9.25,2.5],"texture":"#texture"},"east":{"uv":[9.25,2,11,2.5],"texture":"#texture"}}},{"__comment":"stone_axex64","from":[0,19.125,15.875],"to":[1,19.875,17.375],"faces":{"up":{"uv":[9.5,0.5,10.5,0.75],"rotation":270,"texture":"#texture"},"north":{"uv":[10.5,0.5,10.25,1],"texture":"#texture"},"south":{"uv":[9.5,0.5,9.75,1],"texture":"#texture"},"west":{"uv":[10.5,0.5,9.5,1],"texture":"#texture"},"east":{"uv":[9.5,0.5,10.5,1],"texture":"#texture"}}},{"__comment":"stone_axex64","from":[0,16.125,15.875],"to":[1,16.875,17.375],"faces":{"north":{"uv":[10.5,2.5,10.25,3],"texture":"#texture"},"west":{"uv":[10.5,2.5,9.5,3],"texture":"#texture"},"east":{"uv":[9.5,2.5,10.5,3],"texture":"#texture"}}},{"__comment":"stone_axex64","from":[0,19.875,16.375],"to":[1,20.25,17.125],"faces":{"west":{"uv":[10.25,0.25,9.75,0.5],"texture":"#texture"},"east":{"uv":[9.75,0.25,10.25,0.5],"texture":"#texture"}}},{"__comment":"stone_axex64","from":[0,19.875,16],"to":[1,20.25,16.375],"faces":{"north":{"uv":[10.25,0,10,0.25],"texture":"#texture"},"west":{"uv":[10.25,0,10,0.25],"texture":"#texture"},"east":{"uv":[10,0,10.25,0.25],"texture":"#texture"}}},{"__comment":"stone_axex64","from":[0,10.5,15.875],"to":[1,11.625,16.625],"faces":{"down":{"uv":[10,6.75,10.5,6.5],"rotation":90,"texture":"#texture","cullface":"south"},"up":{"uv":[10,6,10.5,6.25],"rotation":270,"texture":"#texture","cullface":"south"},"north":{"uv":[10.5,6,10.25,6.75],"texture":"#texture","cullface":"south"},"west":{"uv":[10.5,6,10,6.75],"texture":"#texture","cullface":"south"},"east":{"uv":[10,6,10.5,6.75],"texture":"#texture","cullface":"south"}}},{"__comment":"stone_axex64","from":[0,-1.625,10.375],"to":[1,15.375,11.375],"faces":{"north":{"uv":[10.75,7.5,10.5,16],"texture":"#texture","cullface":"down"},"south":{"uv":[10,7.5,10.25,16],"texture":"#texture","cullface":"down"},"west":{"uv":[10.75,7.5,10,16],"texture":"#texture","cullface":"down"},"east":{"uv":[10,7.5,10.75,16],"texture":"#texture","cullface":"down"}}},{"__comment":"stone_axex64","from":[0,11.625,15.125],"to":[1,12,16.25],"faces":{"down":{"uv":[10.25,6,11,5.75],"rotation":90,"texture":"#texture","cullface":"south"},"up":{"uv":[10.25,5.75,11,6],"rotation":270,"texture":"#texture","cullface":"south"},"north":{"uv":[11,5.75,10.75,6],"texture":"#texture","cullface":"south"},"west":{"uv":[11,5.75,10.25,6],"texture":"#texture","cullface":"south"},"east":{"uv":[10.25,5.75,11,6],"texture":"#texture","cullface":"south"}}},{"__comment":"stone_axex64","from":[0,19.125,15.5],"to":[1,19.5,15.875],"faces":{"up":{"uv":[10.5,0.75,10.75,1],"rotation":270,"texture":"#texture","cullface":"up"},"north":{"uv":[10.75,0.75,10.5,1],"texture":"#texture","cullface":"up"},"west":{"uv":[10.75,0.75,10.5,1],"texture":"#texture","cullface":"up"},"east":{"uv":[10.5,0.75,10.75,1],"texture":"#texture","cullface":"up"}}},{"__comment":"stone_axex64","from":[0,16.5,15.5],"to":[1,16.875,15.875],"faces":{"west":{"uv":[10.75,2.5,10.5,2.75],"texture":"#texture","cullface":"up"},"east":{"uv":[10.5,2.5,10.75,2.75],"texture":"#texture","cullface":"up"}}},{"__comment":"stone_axex64","from":[0,12,14.75],"to":[1,12.75,15.875],"faces":{"down":{"uv":[10.5,5.75,11.25,5.5],"rotation":90,"texture":"#texture"},"up":{"uv":[10.5,5.25,11.25,5.5],"rotation":270,"texture":"#texture"},"north":{"uv":[11.25,5.25,11,5.75],"texture":"#texture"},"south":{"uv":[10.5,5.25,10.75,5.75],"texture":"#texture"},"west":{"uv":[11.25,5.25,10.5,5.75],"texture":"#texture","cullface":"west"},"east":{"uv":[10.5,5.25,11.25,5.75],"texture":"#texture"}}},{"__comment":"stone_axex64","from":[0,11.25,15.5],"to":[1,11.625,15.875],"faces":{"down":{"uv":[10.5,6.25,10.75,6],"rotation":90,"texture":"#texture"},"north":{"uv":[10.75,6,10.5,6.25],"texture":"#texture"},"west":{"uv":[10.75,6,10.5,6.25],"texture":"#texture","cullface":"west"},"east":{"uv":[10.5,6,10.75,6.25],"texture":"#texture"}}},{"__comment":"stone_axex64","from":[0,12.75,12.875],"to":[1,13.5,15.5],"faces":{"down":{"uv":[10.75,5.25,12.5,5],"rotation":90,"texture":"#texture"},"up":{"uv":[10.75,4.75,12.5,5],"rotation":270,"texture":"#texture"},"north":{"uv":[12.5,4.75,12.25,5.25],"texture":"#texture"},"west":{"uv":[12.5,4.75,10.75,5.25],"texture":"#texture","cullface":"west"},"east":{"uv":[10.75,4.75,12.5,5.25],"texture":"#texture"}}},{"__comment":"stone_axex64","from":[0,18,14.375],"to":[1,18.75,15.125],"faces":{"up":{"uv":[11,1.25,11.5,1.5],"rotation":270,"texture":"#texture","cullface":"up"},"north":{"uv":[11.5,1.25,11.25,1.75],"texture":"#texture","cullface":"up"},"west":{"uv":[11.5,1.25,11,1.75],"texture":"#texture","cullface":"up"},"east":{"uv":[11,1.25,11.5,1.75],"texture":"#texture","cullface":"up"}}},{"__comment":"stone_axex64","from":[0,17.25,14.375],"to":[1,17.625,15.125],"faces":{"west":{"uv":[11.5,2,11,2.25],"texture":"#texture","cullface":"up"},"east":{"uv":[11,2,11.5,2.25],"texture":"#texture","cullface":"up"}}},{"__comment":"stone_axex64","from":[0,13.5,13.25],"to":[1,13.875,15.125],"faces":{"up":{"uv":[11,4.5,12.25,4.75],"rotation":270,"texture":"#texture"},"north":{"uv":[12.25,4.5,12,4.75],"texture":"#texture"},"west":{"uv":[12.25,4.5,11,4.75],"texture":"#texture","cullface":"west"},"east":{"uv":[11,4.5,12.25,4.75],"texture":"#texture"}}},{"__comment":"stone_axex64","from":[0,13.875,12.875],"to":[1,14.625,14.75],"faces":{"down":{"uv":[11.25,4.5,12.5,4.25],"rotation":90,"texture":"#texture"},"up":{"uv":[11.25,4,12.5,4.25],"rotation":270,"texture":"#texture"},"north":{"uv":[12.5,4,12.25,4.5],"texture":"#texture"},"south":{"uv":[11.25,4,11.5,4.5],"texture":"#texture"},"west":{"uv":[12.5,4,11.25,4.5],"texture":"#texture","cullface":"west"},"east":{"uv":[11.25,4,12.5,4.5],"texture":"#texture"}}},{"__comment":"stone_axex64","from":[0,12.375,14.375],"to":[1,12.75,14.75],"faces":{"down":{"uv":[11.25,5.5,11.5,5.25],"rotation":90,"texture":"#texture"},"north":{"uv":[11.5,5.25,11.25,5.5],"texture":"#texture"},"west":{"uv":[11.5,5.25,11.25,5.5],"texture":"#texture","cullface":"west"},"east":{"uv":[11.25,5.25,11.5,5.5],"texture":"#texture"}}},{"__comment":"stone_axex64","from":[0,18,13.625],"to":[1,18.375,14.375],"faces":{"up":{"uv":[11.5,1.5,12,1.75],"rotation":270,"texture":"#texture","cullface":"up"},"west":{"uv":[12,1.5,11.5,1.75],"texture":"#texture","cullface":"up"},"east":{"uv":[11.5,1.5,12,1.75],"texture":"#texture","cullface":"up"}}},{"__comment":"stone_axex64","from":[0,14.625,12.125],"to":[1,15,14.375],"faces":{"down":{"uv":[11.5,4,13,3.75],"rotation":90,"texture":"#texture"},"up":{"uv":[11.5,3.75,13,4],"rotation":270,"texture":"#texture"},"north":{"uv":[13,3.75,12.75,4],"texture":"#texture"},"west":{"uv":[13,3.75,11.5,4],"texture":"#texture","cullface":"west"},"east":{"uv":[11.5,3.75,13,4],"texture":"#texture"}}},{"__comment":"stone_axex64","from":[0,15,11.375],"to":[1,15.375,14],"faces":{"down":{"uv":[11.75,3.75,13.5,3.5],"rotation":90,"texture":"#texture"},"up":{"uv":[11.75,3.5,13.5,3.75],"rotation":270,"texture":"#texture"},"west":{"uv":[13.5,3.5,11.75,3.75],"texture":"#texture","cullface":"west"},"east":{"uv":[11.75,3.5,13.5,3.75],"texture":"#texture"}}},{"__comment":"stone_axex64","from":[0,15.375,8.75],"to":[1,15.75,13.625],"faces":{"down":{"uv":[12,3.5,15.25,3.25],"rotation":90,"texture":"#texture"},"up":{"uv":[12,3.25,15.25,3.5],"rotation":270,"texture":"#texture"},"west":{"uv":[15.25,3.25,12,3.5],"texture":"#texture","cullface":"west"},"east":{"uv":[12,3.25,15.25,3.5],"texture":"#texture"}}},{"__comment":"stone_axex64","from":[0,15.75,8.75],"to":[1,16.125,13.25],"faces":{"up":{"uv":[12.25,3,15.25,3.25],"rotation":270,"texture":"#texture","cullface":"up"},"west":{"uv":[15.25,3,12.25,3.25],"texture":"#texture","cullface":"up"},"east":{"uv":[12.25,3,15.25,3.25],"texture":"#texture","cullface":"up"}}},{"__comment":"stone_axex64","from":[0,16.125,9.125],"to":[1,16.5,12.875],"faces":{"up":{"uv":[12.5,2.75,15,3],"rotation":270,"texture":"#texture","cullface":"up"},"west":{"uv":[15,2.75,12.5,3],"texture":"#texture","cullface":"up"},"east":{"uv":[12.5,2.75,15,3],"texture":"#texture","cullface":"up"}}},{"__comment":"stone_axex64","from":[0,14.25,12.5],"to":[1,14.625,12.875],"faces":{"down":{"uv":[12.5,4.25,12.75,4],"rotation":90,"texture":"#texture"},"north":{"uv":[12.75,4,12.5,4.25],"texture":"#texture"},"west":{"uv":[12.75,4,12.5,4.25],"texture":"#texture","cullface":"west"},"east":{"uv":[12.5,4,12.75,4.25],"texture":"#texture"}}},{"__comment":"stone_axex64","from":[0,12.75,12.5],"to":[1,13.125,12.875],"faces":{"down":{"uv":[12.5,5.25,12.75,5],"rotation":90,"texture":"#texture"},"up":{"uv":[12.5,5,12.75,5.25],"rotation":270,"texture":"#texture"},"north":{"uv":[12.75,5,12.5,5.25],"texture":"#texture"},"west":{"uv":[12.75,5,12.5,5.25],"texture":"#texture","cullface":"west"},"east":{"uv":[12.5,5,12.75,5.25],"texture":"#texture"}}},{"__comment":"stone_axex64","from":[0,16.5,9.125],"to":[1,16.875,12.5],"faces":{"up":{"uv":[12.75,2.5,15,2.75],"rotation":270,"texture":"#texture","cullface":"up"},"west":{"uv":[15,2.5,12.75,2.75],"texture":"#texture","cullface":"up"},"east":{"uv":[12.75,2.5,15,2.75],"texture":"#texture","cullface":"up"}}},{"__comment":"stone_axex64","from":[0,16.875,9.875],"to":[1,17.25,11.75],"faces":{"up":{"uv":[13.25,2.25,14.5,2.5],"rotation":270,"texture":"#texture","cullface":"up"},"west":{"uv":[14.5,2.25,13.25,2.5],"texture":"#texture","cullface":"up"},"east":{"uv":[13.25,2.25,14.5,2.5],"texture":"#texture","cullface":"up"}}},{"__comment":"stone_axex64","from":[0,17.25,10.25],"to":[1,17.625,11.375],"faces":{"west":{"uv":[14.25,2,13.5,2.25],"texture":"#texture","cullface":"up"},"east":{"uv":[13.5,2,14.25,2.25],"texture":"#texture","cullface":"up"}}},{"__comment":"stone_axex64","from":[-0.25,-5.75,12.25],"to":[1.25,-4.625,13.375],"faces":{"down":{"uv":[13.5,13.25,14.25,13],"rotation":90,"texture":"#texture","cullface":"down"},"up":{"uv":[13.5,12.5,14.25,12.75],"rotation":270,"texture":"#texture","cullface":"down"},"north":{"uv":[14.25,12.5,14,13.25],"texture":"#texture","cullface":"down"},"south":{"uv":[13.5,12.5,13.75,13.25],"texture":"#texture","cullface":"down"},"west":{"uv":[14.25,12.5,13.5,13.25],"texture":"#texture","cullface":"down"},"east":{"uv":[13.5,12.5,14.25,13.25],"texture":"#texture","cullface":"down"}}},{"__comment":"stone_axex64","from":[-0.25,-8,11.875],"to":[1.25,-7.625,13.375],"faces":{"down":{"uv":[13.5,14.75,14.5,14.5],"rotation":90,"texture":"#texture","cullface":"down"},"up":{"uv":[13.5,14.5,14.5,14.75],"rotation":270,"texture":"#texture","cullface":"down"},"north":{"uv":[14.5,14.5,14.25,14.75],"texture":"#texture","cullface":"down"},"south":{"uv":[13.5,14.5,13.75,14.75],"texture":"#texture","cullface":"down"},"west":{"uv":[14.5,14.5,13.5,14.75],"texture":"#texture","cullface":"down"},"east":{"uv":[13.5,14.5,14.5,14.75],"texture":"#texture","cullface":"down"}}},{"__comment":"stone_axex64","from":[-0.25,-4.625,11.875],"to":[1.25,-3.5,13],"faces":{"down":{"uv":[13.75,12.5,14.5,12.25],"rotation":90,"texture":"#texture","cullface":"down"},"up":{"uv":[13.75,11.75,14.5,12],"rotation":270,"texture":"#texture","cullface":"down"},"north":{"uv":[14.5,11.75,14.25,12.5],"texture":"#texture","cullface":"down"},"south":{"uv":[13.75,11.75,14,12.5],"texture":"#texture","cullface":"down"},"west":{"uv":[14.5,11.75,13.75,12.5],"texture":"#texture","cullface":"down"},"east":{"uv":[13.75,11.75,14.5,12.5],"texture":"#texture","cullface":"down"}}},{"__comment":"stone_axex64","from":[-0.25,-7.625,12.25],"to":[1.25,-5.75,13],"faces":{"north":{"uv":[14.25,13.25,14,14.5],"texture":"#texture","cullface":"down"},"south":{"uv":[13.75,13.25,14,14.5],"texture":"#texture","cullface":"down"},"west":{"uv":[14.25,13.25,13.75,14.5],"texture":"#texture","cullface":"down"},"east":{"uv":[13.75,13.25,14.25,14.5],"texture":"#texture","cullface":"down"}}},{"__comment":"stone_axex64","from":[-0.25,-8.75,11.5],"to":[1.25,-8,13],"faces":{"down":{"uv":[13.75,15.25,14.75,15],"rotation":90,"texture":"#texture","cullface":"down"},"up":{"uv":[13.75,14.75,14.75,15],"rotation":270,"texture":"#texture","cullface":"down"},"north":{"uv":[14.75,14.75,14.5,15.25],"texture":"#texture","cullface":"down"},"south":{"uv":[13.75,14.75,14,15.25],"texture":"#texture","cullface":"down"},"west":{"uv":[14.75,14.75,13.75,15.25],"texture":"#texture","cullface":"down"},"east":{"uv":[13.75,14.75,14.75,15.25],"texture":"#texture","cullface":"down"}}},{"__comment":"stone_axex64","from":[0,15,8.375],"to":[1,15.375,10.375],"faces":{"down":{"uv":[14,3.75,15.5,3.5],"rotation":90,"texture":"#texture"},"up":{"uv":[14,3.5,15.5,3.75],"rotation":270,"texture":"#texture"},"west":{"uv":[15.5,3.5,14,3.75],"texture":"#texture","cullface":"west"},"east":{"uv":[14,3.5,15.5,3.75],"texture":"#texture"}}},{"__comment":"stone_axex64","from":[-0.25,-3.5,12.25],"to":[1.25,-3.125,12.625],"faces":{"up":{"uv":[14,11.5,14.25,11.75],"rotation":270,"texture":"#texture","cullface":"down"},"north":{"uv":[14.25,11.5,14,11.75],"texture":"#texture","cullface":"down"},"south":{"uv":[14,11.5,14.25,11.75],"texture":"#texture","cullface":"down"},"west":{"uv":[14.25,11.5,14,11.75],"texture":"#texture","cullface":"down"},"east":{"uv":[14,11.5,14.25,11.75],"texture":"#texture","cullface":"down"}}},{"__comment":"stone_axex64","from":[-0.25,-9.125,10],"to":[1.25,-8.75,12.625],"faces":{"down":{"uv":[14,15.5,15.75,15.25],"rotation":90,"texture":"#texture","cullface":"down"},"up":{"uv":[14,15.25,15.75,15.5],"rotation":270,"texture":"#texture","cullface":"down"},"north":{"uv":[15.75,15.25,15.5,15.5],"texture":"#texture","cullface":"down"},"south":{"uv":[14,15.25,14.25,15.5],"texture":"#texture","cullface":"down"},"west":{"uv":[15.75,15.25,14,15.5],"texture":"#texture","cullface":"down"},"east":{"uv":[14,15.25,15.75,15.5],"texture":"#texture","cullface":"down"}}},{"__comment":"stone_axex64","from":[0,14.625,8],"to":[1,15,10.25],"faces":{"down":{"uv":[14.25,4,15.75,3.75],"rotation":90,"texture":"#texture"},"up":{"uv":[14.25,3.75,15.75,4],"rotation":270,"texture":"#texture"},"south":{"uv":[14.25,3.75,14.5,4],"texture":"#texture"},"west":{"uv":[15.75,3.75,14.25,4],"texture":"#texture","cullface":"west"},"east":{"uv":[14.25,3.75,15.75,4],"texture":"#texture"}}},{"__comment":"stone_axex64","from":[-0.25,-5.375,10],"to":[1.25,-4.625,12.25],"faces":{"down":{"uv":[14.25,13,15.75,12.75],"rotation":90,"texture":"#texture","cullface":"down"},"up":{"uv":[14.25,12.5,15.75,12.75],"rotation":270,"texture":"#texture","cullface":"down"},"north":{"uv":[15.75,12.5,15.5,13],"texture":"#texture","cullface":"down"},"west":{"uv":[15.75,12.5,14.25,13],"texture":"#texture","cullface":"down"},"east":{"uv":[14.25,12.5,15.75,13],"texture":"#texture","cullface":"down"}}},{"__comment":"stone_axex64","from":[-0.25,-9.5,9.625],"to":[1.25,-9.125,12.25],"faces":{"down":{"uv":[14.25,15.75,16,15.5],"rotation":90,"texture":"#texture","cullface":"down"},"up":{"uv":[14.25,15.5,16,15.75],"rotation":270,"texture":"#texture","cullface":"down"},"north":{"uv":[16,15.5,15.75,15.75],"texture":"#texture","cullface":"down"},"south":{"uv":[14.25,15.5,14.5,15.75],"texture":"#texture","cullface":"down"},"west":{"uv":[16,15.5,14.25,15.75],"texture":"#texture","cullface":"down"},"east":{"uv":[14.25,15.5,16,15.75],"texture":"#texture","cullface":"down"}}},{"__comment":"stone_axex64","from":[0,14.25,8],"to":[1,14.625,9.875],"faces":{"down":{"uv":[14.5,4.25,15.75,4],"rotation":90,"texture":"#texture"},"south":{"uv":[14.5,4,14.75,4.25],"texture":"#texture"},"west":{"uv":[15.75,4,14.5,4.25],"texture":"#texture","cullface":"west"},"east":{"uv":[14.5,4,15.75,4.25],"texture":"#texture"}}},{"__comment":"stone_axex64","from":[-0.25,-4.625,10],"to":[1.25,-3.875,11.875],"faces":{"up":{"uv":[14.5,12,15.75,12.25],"rotation":270,"texture":"#texture","cullface":"down"},"north":{"uv":[15.75,12,15.5,12.5],"texture":"#texture","cullface":"down"},"west":{"uv":[15.75,12,14.5,12.5],"texture":"#texture","cullface":"down"},"east":{"uv":[14.5,12,15.75,12.5],"texture":"#texture","cullface":"down"}}},{"__comment":"stone_axex64","from":[-0.25,-9.875,9.625],"to":[1.25,-9.5,11.875],"faces":{"down":{"uv":[0,16,1.5,15.75],"rotation":90,"texture":"#texture","cullface":"down"},"north":{"uv":[0.25,15.75,0,16],"texture":"#texture","cullface":"down"},"south":{"uv":[0,15.75,0.25,16],"texture":"#texture","cullface":"down"},"west":{"uv":[1.5,15.75,0,16],"texture":"#texture","cullface":"down"},"east":{"uv":[0,15.375,1.5,15.625],"texture":"#texture","cullface":"down"}}},{"__comment":"stone_axex64","from":[0,13.875,8],"to":[1,14.25,9.5],"faces":{"down":{"uv":[14.75,4.5,15.75,4.25],"rotation":90,"texture":"#texture"},"south":{"uv":[14.75,4.25,15,4.5],"texture":"#texture"},"west":{"uv":[15.75,4.25,14.75,4.5],"texture":"#texture","cullface":"west"},"east":{"uv":[14.75,4.25,15.75,4.5],"texture":"#texture"}}},{"__comment":"stone_axex64","from":[-0.25,-3.875,10.375],"to":[1.25,-1.625,11.5],"faces":{"up":{"uv":[14.75,10.5,15.5,10.75],"rotation":270,"texture":"#texture","cullface":"down"},"north":{"uv":[15.5,10.5,15.25,12],"texture":"#texture","cullface":"down"},"south":{"uv":[14.75,10.5,15,12],"texture":"#texture","cullface":"down"},"west":{"uv":[15.5,10.5,14.75,12],"texture":"#texture","cullface":"down"},"east":{"uv":[14.75,10.5,15.5,12],"texture":"#texture","cullface":"down"}}},{"__comment":"stone_axex64","from":[-0.25,-8.75,10.375],"to":[1.25,-8.375,11.5],"faces":{"up":{"uv":[14.75,15,15.5,15.25],"rotation":270,"texture":"#texture","cullface":"down"},"north":{"uv":[15.5,15,15.25,15.25],"texture":"#texture","cullface":"down"},"west":{"uv":[15.5,15,14.75,15.25],"texture":"#texture","cullface":"down"},"east":{"uv":[14.75,15,15.5,15.25],"texture":"#texture","cullface":"down"}}},{"__comment":"stone_axex64","from":[0,13.125,8],"to":[1,13.875,9.125],"faces":{"down":{"uv":[15,5,15.75,4.75],"rotation":90,"texture":"#texture"},"south":{"uv":[15,4.5,15.25,5],"texture":"#texture"},"west":{"uv":[15.75,4.5,15,5],"texture":"#texture","cullface":"west"},"east":{"uv":[15,4.5,15.75,5],"texture":"#texture"}}},{"__comment":"stone_axex64","from":[-0.25,-8.375,10.375],"to":[1.25,-5.375,11.125],"faces":{"north":{"uv":[15.5,13,15.25,15],"texture":"#texture","cullface":"down"},"south":{"uv":[15,13,15.25,15],"texture":"#texture","cullface":"down"},"west":{"uv":[15.5,13,15,15],"texture":"#texture","cullface":"down"},"east":{"uv":[15,13,15.5,15],"texture":"#texture","cullface":"down"}}},{"__comment":"stone_axex64","from":[0,12,8.375],"to":[1,13.125,8.75],"faces":{"down":{"uv":[15.25,5.75,15.5,5.5],"rotation":90,"texture":"#texture"},"north":{"uv":[15.5,5,15.25,5.75],"texture":"#texture"},"south":{"uv":[15.25,5,15.5,5.75],"texture":"#texture"},"west":{"uv":[15.5,5,15.25,5.75],"texture":"#texture","cullface":"west"},"east":{"uv":[15.25,5,15.5,5.75],"texture":"#texture"}}},{"__comment":"stone_axex64","from":[0,12.375,8],"to":[1,13.125,8.375],"faces":{"west":{"uv":[15.75,5,15.5,5.5],"texture":"#texture","cullface":"west"},"east":{"uv":[15.5,5,15.75,5.5],"texture":"#texture"}}},{"__comment":"axe1x64*","from":[1.25,14.25,15.5],"to":[2,15.375,19.625],"faces":{"down":{"uv":[0.25,6.5,3,6.25],"rotation":90,"texture":"#texture","cullface":"south"},"up":{"uv":[0.25,5.75,3,6],"rotation":270,"texture":"#texture","cullface":"south"},"north":{"uv":[3,5.75,2.75,6.5],"texture":"#texture","cullface":"south"},"south":{"uv":[0.25,5.75,0.5,6.5],"texture":"#texture","cullface":"south"},"east":{"uv":[0.25,5.75,3,6.5],"texture":"#texture","cullface":"south"}}},{"__comment":"axe1x64*","from":[1.25,13.875,15.5],"to":[2,14.25,19.25],"faces":{"down":{"uv":[0.5,6.75,3,6.5],"rotation":90,"texture":"#texture","cullface":"south"},"north":{"uv":[3,6.5,2.75,6.75],"texture":"#texture","cullface":"south"},"south":{"uv":[0.5,6.5,0.75,6.75],"texture":"#texture","cullface":"south"},"east":{"uv":[0.5,6.5,3,6.75],"texture":"#texture","cullface":"south"}}},{"__comment":"axe1x64*","from":[1.25,16.3125,18.125],"to":[2,18.375,18.875],"faces":{"down":{"uv":[0.75,5.75,1.25,5.5],"rotation":90,"texture":"#texture"},"up":{"uv":[0.75,3.75,1.25,4],"rotation":270,"texture":"#texture"},"north":{"uv":[1.25,3.75,1,5.75],"texture":"#texture"},"south":{"uv":[0.75,3.75,1,5.75],"texture":"#texture"},"west":{"uv":[1.25,3.75,0.75,5.75],"texture":"#texture"},"east":{"uv":[0.75,3.75,1.25,5.75],"texture":"#texture"}}},{"__comment":"axe1x64*","from":[1.25,18.375,18.125],"to":[2,19.125,18.5],"faces":{"up":{"uv":[1,3.25,1.25,3.5],"rotation":270,"texture":"#texture"},"north":{"uv":[1.25,3.25,1,3.75],"texture":"#texture"},"south":{"uv":[1,3.25,1.25,3.75],"texture":"#texture"},"east":{"uv":[1,3.25,1.25,3.75],"texture":"#texture"}}},{"__comment":"axe1x64*","from":[1.25,10.125,17.375],"to":[2,12.75,18.5],"faces":{"down":{"uv":[1,9.25,1.75,9],"rotation":90,"texture":"#texture","cullface":"south"},"up":{"uv":[1,7.5,1.75,7.75],"rotation":270,"texture":"#texture","cullface":"south"},"north":{"uv":[1.75,7.5,1.5,9.25],"texture":"#texture","cullface":"south"},"south":{"uv":[1,7.5,1.25,9.25],"texture":"#texture","cullface":"south"},"west":{"uv":[1.75,7.5,1,9.25],"texture":"#texture","cullface":"south"},"east":{"uv":[1,7.5,1.75,9.25],"texture":"#texture","cullface":"south"}}},{"__comment":"axe1x64*","from":[1.25,19.125,17.75],"to":[2,19.875,18.125],"faces":{"down":{"uv":[1.25,3.25,1.5,3],"rotation":90,"texture":"#texture"},"up":{"uv":[1.25,2.75,1.5,3],"rotation":270,"texture":"#texture"},"north":{"uv":[1.5,2.75,1.25,3.25],"texture":"#texture"},"south":{"uv":[1.25,2.75,1.5,3.25],"texture":"#texture"},"west":{"uv":[1.5,2.75,1.25,3.25],"texture":"#texture"},"east":{"uv":[1.25,2.75,1.5,3.25],"texture":"#texture"}}},{"__comment":"axe1x64*","from":[1.25,15.375,17.75],"to":[2,17.625,18.125],"faces":{"up":{"uv":[1.25,4.25,1.5,4.5],"rotation":270,"texture":"#texture","cullface":"south"},"north":{"uv":[1.5,4.25,1.25,5.75],"texture":"#texture","cullface":"south"},"south":{"uv":[1.25,4.25,1.5,5.75],"texture":"#texture","cullface":"south"},"east":{"uv":[1.25,4.25,1.5,5.75],"texture":"#texture","cullface":"south"}}},{"__comment":"axe1x64*","from":[1.25,12.75,16.25],"to":[2,13.875,18.125],"faces":{"down":{"uv":[1.25,7.5,2.5,7.25],"rotation":90,"texture":"#texture","cullface":"south"},"north":{"uv":[2.5,6.75,2.25,7.5],"texture":"#texture","cullface":"south"},"south":{"uv":[1.25,6.75,1.5,7.5],"texture":"#texture","cullface":"south"},"west":{"uv":[2.5,6.75,1.25,7.5],"texture":"#texture","cullface":"south"},"east":{"uv":[1.25,6.75,2.5,7.5],"texture":"#texture","cullface":"south"}}},{"__comment":"axe1x64*","from":[1.25,8.625,17.375],"to":[2,10.125,18.125],"faces":{"down":{"uv":[1.25,10.25,1.75,10],"rotation":90,"texture":"#texture","cullface":"south"},"north":{"uv":[1.75,9.25,1.5,10.25],"texture":"#texture","cullface":"south"},"south":{"uv":[1.25,9.25,1.5,10.25],"texture":"#texture","cullface":"south"},"west":{"uv":[1.75,9.25,1.25,10.25],"texture":"#texture","cullface":"south"},"east":{"uv":[1.25,9.25,1.75,10.25],"texture":"#texture","cullface":"south"}}},{"__comment":"axe1x64*","from":[1.25,15.1875,17.375],"to":[2,16.875,17.75],"faces":{"up":{"uv":[1.5,4.75,1.75,5],"rotation":270,"texture":"#texture","cullface":"south"},"north":{"uv":[1.75,4.75,1.5,5.75],"texture":"#texture","cullface":"south"},"south":{"uv":[1.5,4.75,1.75,5.75],"texture":"#texture","cullface":"south"},"west":{"uv":[1.75,4.75,1.5,5.75],"texture":"#texture","cullface":"south"},"east":{"uv":[1.5,4.75,1.75,5.75],"texture":"#texture","cullface":"south"}}},{"__comment":"axe1x64*","from":[1.25,8.25,17],"to":[2,8.625,17.75],"faces":{"down":{"uv":[1.5,10.5,2,10.25],"rotation":90,"texture":"#texture","cullface":"south"},"up":{"uv":[1.5,10.25,2,10.5],"rotation":270,"texture":"#texture","cullface":"south"},"north":{"uv":[2,10.25,1.75,10.5],"texture":"#texture","cullface":"south"},"south":{"uv":[1.5,10.25,1.75,10.5],"texture":"#texture","cullface":"south"},"east":{"uv":[1.5,10.25,2,10.5],"texture":"#texture","cullface":"south"}}},{"__comment":"axe1x64*","from":[1.25,15.375,14.375],"to":[2,15.75,17.375],"faces":{"down":{"uv":[1.75,5.75,3.75,5.5],"rotation":90,"texture":"#texture","cullface":"south"},"up":{"uv":[1.75,5.5,3.75,5.75],"rotation":270,"texture":"#texture","cullface":"south"},"north":{"uv":[3.75,5.5,3.5,5.75],"texture":"#texture","cullface":"south"},"east":{"uv":[1.75,5.5,3.75,5.75],"texture":"#texture","cullface":"south"}}},{"__comment":"axe1x64*","from":[1.25,11.25,17],"to":[2,12.75,17.375],"faces":{"down":{"uv":[1.75,8.25,2,8],"rotation":90,"texture":"#texture","cullface":"south"},"north":{"uv":[2,7.5,1.75,8.25],"texture":"#texture","cullface":"south"},"west":{"uv":[2,7.5,1.75,8.25],"texture":"#texture","cullface":"south"},"east":{"uv":[1.75,7.5,2,8.25],"texture":"#texture","cullface":"south"}}},{"__comment":"axe1x64*","from":[1.25,9.5625,17],"to":[2,10.5,17.375],"faces":{"down":{"uv":[1.75,9.5,2,9.25],"rotation":90,"texture":"#texture","cullface":"south"},"up":{"uv":[1.75,9,2,9.25],"rotation":270,"texture":"#texture","cullface":"south"},"north":{"uv":[2,9,1.75,9.5],"texture":"#texture","cullface":"south"},"south":{"uv":[1.75,9,2,9.5],"texture":"#texture","cullface":"south"},"east":{"uv":[1.75,9,2,9.5],"texture":"#texture","cullface":"south"}}},{"__comment":"axe1x64*","from":[1.25,12,16.625],"to":[2,12.75,17],"faces":{"down":{"uv":[2,8,2.25,7.75],"rotation":90,"texture":"#texture","cullface":"south"},"north":{"uv":[2.25,7.5,2,8],"texture":"#texture","cullface":"south"},"west":{"uv":[2.25,7.5,2,8],"texture":"#texture","cullface":"south"},"east":{"uv":[2,7.5,2.25,8],"texture":"#texture","cullface":"south"}}},{"__comment":"axe1x64*","from":[1.25,12.375,16.25],"to":[2,12.75,16.625],"faces":{"down":{"uv":[2.25,7.75,2.5,7.5],"rotation":90,"texture":"#texture","cullface":"south"},"north":{"uv":[2.5,7.5,2.25,7.75],"texture":"#texture","cullface":"south"},"east":{"uv":[2.25,7.5,2.5,7.75],"texture":"#texture","cullface":"south"}}},{"__comment":"axe1x64*","from":[1.25,13.125,15.875],"to":[2,13.875,16.25],"faces":{"down":{"uv":[2.5,7.25,2.75,7],"rotation":90,"texture":"#texture","cullface":"south"},"north":{"uv":[2.75,6.75,2.5,7.25],"texture":"#texture","cullface":"south"},"west":{"uv":[2.75,6.75,2.5,7.25],"texture":"#texture","cullface":"south"},"east":{"uv":[2.5,6.75,2.75,7.25],"texture":"#texture","cullface":"south"}}},{"__comment":"axe1x64*","from":[1.25,15.75,14],"to":[2,16.125,15.875],"faces":{"down":{"uv":[2.75,5.5,4,5.25],"rotation":90,"texture":"#texture","cullface":"up"},"up":{"uv":[2.75,5.25,4,5.5],"rotation":270,"texture":"#texture","cullface":"up"},"north":{"uv":[4,5.25,3.75,5.5],"texture":"#texture","cullface":"up"},"south":{"uv":[2.75,5.25,3,5.5],"texture":"#texture","cullface":"up"},"east":{"uv":[2.75,5.25,4,5.5],"texture":"#texture","cullface":"up"}}},{"__comment":"axe1x64*","from":[1.1875,14.25,15.125],"to":[1.75,15.375,15.5],"faces":{"down":{"uv":[3,6.25,3.25,6],"rotation":90,"texture":"#texture"},"north":{"uv":[3.25,5.75,3,6.25],"texture":"#texture"},"east":{"uv":[3,5.75,3.25,6.25],"texture":"#texture"}}},{"__comment":"axe1x64*","from":[1.25,16.125,13.625],"to":[2,16.5,15.125],"faces":{"down":{"uv":[3.25,5.25,4.25,5],"rotation":90,"texture":"#texture","cullface":"up"},"up":{"uv":[3.25,5,4.25,5.25],"rotation":270,"texture":"#texture","cullface":"up"},"north":{"uv":[4.25,5,4,5.25],"texture":"#texture","cullface":"up"},"south":{"uv":[3.25,5,3.5,5.25],"texture":"#texture","cullface":"up"},"east":{"uv":[3.25,5,4.25,5.25],"texture":"#texture","cullface":"up"}}},{"__comment":"axe1x64*","from":[1.25,15,14.75],"to":[2,15.375,15.125],"faces":{"down":{"uv":[3.25,6,3.5,5.75],"rotation":90,"texture":"#texture"},"north":{"uv":[3.5,5.75,3.25,6],"texture":"#texture"},"south":{"uv":[3.25,5.75,3.5,6],"texture":"#texture"},"east":{"uv":[3.25,5.75,3.5,6],"texture":"#texture"}}},{"__comment":"axe1x64*","from":[1.25,16.3125,14],"to":[2,16.875,14.75],"faces":{"up":{"uv":[3.5,4.75,4,5],"rotation":270,"texture":"#texture","cullface":"up"},"north":{"uv":[4,4.75,3.75,5],"texture":"#texture","cullface":"up"},"south":{"uv":[3.5,4.75,3.75,5],"texture":"#texture","cullface":"up"},"west":{"uv":[4,4.75,3.5,5],"texture":"#texture","cullface":"up"},"east":{"uv":[3.5,4.75,4,5],"texture":"#texture","cullface":"up"}}},{"__comment":"axe1x64*","from":[1.25,18,8.375],"to":[2,18.75,10.625],"faces":{"down":{"uv":[6.25,4,7.75,3.75],"rotation":90,"texture":"#texture","cullface":"up"},"up":{"uv":[6.25,3.5,7.75,3.75],"rotation":270,"texture":"#texture","cullface":"up"},"north":{"uv":[7.75,3.5,7.5,4],"texture":"#texture","cullface":"up"},"south":{"uv":[6.25,3.5,6.5,4],"texture":"#texture","cullface":"up"},"west":{"uv":[7.75,3.5,6.25,4],"texture":"#texture","cullface":"up"},"east":{"uv":[6.25,3.5,7.75,4],"texture":"#texture","cullface":"up"}}},{"__comment":"axe1x64*","from":[1.25,18.75,8.375],"to":[2,19.5,10.25],"faces":{"up":{"uv":[6.5,3,7.75,3.25],"rotation":270,"texture":"#texture","cullface":"up"},"north":{"uv":[7.75,3,7.5,3.5],"texture":"#texture","cullface":"up"},"south":{"uv":[6.5,3,6.75,3.5],"texture":"#texture","cullface":"up"},"west":{"uv":[7.75,3,6.5,3.5],"texture":"#texture","cullface":"up"},"east":{"uv":[6.5,3,7.75,3.5],"texture":"#texture","cullface":"up"}}},{"__comment":"axe1x64*","from":[1.25,17.4375,8],"to":[2,18,10.25],"faces":{"down":{"uv":[6.5,4.25,8,4],"rotation":90,"texture":"#texture","cullface":"up"},"up":{"uv":[6.5,4,8,4.25],"rotation":270,"texture":"#texture","cullface":"up"},"north":{"uv":[8,4,7.75,4.25],"texture":"#texture","cullface":"up"},"south":{"uv":[6.5,4,6.75,4.25],"texture":"#texture","cullface":"up"},"west":{"uv":[8,4,6.5,4.25],"texture":"#texture","cullface":"up"},"east":{"uv":[6.5,4,8,4.25],"texture":"#texture","cullface":"up"}}},{"__comment":"axe1x64*","from":[1.25,19.125,8.75],"to":[2,19.875,9.875],"faces":{"up":{"uv":[6.75,2.75,7.5,3],"rotation":270,"texture":"#texture","cullface":"up"},"north":{"uv":[7.5,2.75,7.25,3],"texture":"#texture","cullface":"up"},"south":{"uv":[6.75,2.75,7,3],"texture":"#texture","cullface":"up"},"east":{"uv":[6.75,2.75,7.5,3],"texture":"#texture","cullface":"up"}}},{"__comment":"axe1x64*","from":[1.25,17.25,7.625],"to":[2,17.625,9.875],"faces":{"down":{"uv":[6.75,4.5,8.25,4.25],"rotation":90,"texture":"#texture","cullface":"up"},"up":{"uv":[6.75,4.25,8.25,4.5],"rotation":270,"texture":"#texture","cullface":"up"},"north":{"uv":[8.25,4.25,8,4.5],"texture":"#texture","cullface":"up"},"south":{"uv":[6.75,4.25,7,4.5],"texture":"#texture","cullface":"up"},"east":{"uv":[6.75,4.25,8.25,4.5],"texture":"#texture","cullface":"up"}}},{"__comment":"axe1x64*","from":[1.25,20.25,9.125],"to":[2,21,9.5],"faces":{"down":{"uv":[7,2.75,7.25,2.5],"rotation":90,"texture":"#texture","cullface":"up"},"up":{"uv":[7,2,7.25,2.25],"rotation":270,"texture":"#texture","cullface":"up"},"north":{"uv":[7.25,2,7,2.75],"texture":"#texture","cullface":"up"},"south":{"uv":[7,2,7.25,2.75],"texture":"#texture","cullface":"up"},"east":{"uv":[7,2,7.25,2.75],"texture":"#texture","cullface":"up"}}},{"__comment":"axe1x64*","from":[1.25,19.875,8.75],"to":[2,20.625,9.125],"faces":{"up":{"uv":[7.25,2.25,7.5,2.5],"rotation":270,"texture":"#texture","cullface":"up"},"north":{"uv":[7.5,2.25,7.25,2.75],"texture":"#texture","cullface":"up"},"south":{"uv":[7.25,2.25,7.5,2.75],"texture":"#texture","cullface":"up"},"east":{"uv":[7.25,2.25,7.5,2.75],"texture":"#texture","cullface":"up"}}},{"__comment":"axe1x64*","from":[1.25,16.5,7.625],"to":[2,17.25,9.125],"faces":{"down":{"uv":[7.25,4.75,8.25,4.5],"rotation":90,"texture":"#texture","cullface":"up"},"north":{"uv":[8.25,4.5,8,4.75],"texture":"#texture","cullface":"up"},"south":{"uv":[7.25,4.5,7.5,4.75],"texture":"#texture","cullface":"up"},"west":{"uv":[8.25,4.5,7.25,4.75],"texture":"#texture","cullface":"up"},"east":{"uv":[7.25,4.5,8.25,4.75],"texture":"#texture","cullface":"up"}}},{"__comment":"axe1x64*","from":[1.1875,16.125,7.625],"to":[1.75,16.875,8.75],"faces":{"down":{"uv":[7.5,5.25,8.25,5],"rotation":90,"texture":"#texture","cullface":"up"},"north":{"uv":[8.25,4.75,8,5.25],"texture":"#texture","cullface":"up"},"south":{"uv":[7.5,4.75,7.75,5.25],"texture":"#texture","cullface":"up"},"east":{"uv":[7.5,4.75,8.25,5.25],"texture":"#texture","cullface":"up"}}},{"__comment":"axe1x64*","from":[1.25,18,8],"to":[2,18.375,8.375],"faces":{"up":{"uv":[7.75,3.75,8,4],"rotation":270,"texture":"#texture","cullface":"up"},"north":{"uv":[8,3.75,7.75,4],"texture":"#texture","cullface":"up"},"east":{"uv":[7.75,3.75,8,4],"texture":"#texture","cullface":"up"}}},{"__comment":"axe1x64*","from":[1.25,15.375,7.625],"to":[2,16.125,8.375],"faces":{"down":{"uv":[7.75,5.75,8.25,5.5],"rotation":90,"texture":"#texture","cullface":"up"},"up":{"uv":[7.75,5.25,8.25,5.5],"rotation":270,"texture":"#texture","cullface":"up"},"north":{"uv":[8.25,5.25,8,5.75],"texture":"#texture","cullface":"up"},"south":{"uv":[7.75,5.25,8,5.75],"texture":"#texture","cullface":"up"},"east":{"uv":[7.75,5.25,8.25,5.75],"texture":"#texture","cullface":"up"}}},{"__comment":"stone_axex64*","from":[0.25,-1.5,10.125],"to":[0.875,14.5,11.625],"faces":{"down":{"uv":[10,16,10.75,15.75],"rotation":90,"texture":"#texture","cullface":"down"},"up":{"uv":[10,7.5,10.75,7.75],"rotation":270,"texture":"#texture","cullface":"down"},"north":{"uv":[10.75,7.5,10.5,16],"texture":"#texture","cullface":"down"},"south":{"uv":[10,7.5,10.25,16],"texture":"#texture","cullface":"down"},"west":{"uv":[10.75,7.5,10,16],"texture":"#texture","cullface":"down"},"east":{"uv":[10,7.5,10.75,16],"texture":"#texture","cullface":"down"}}},{"__comment":"stone_axex64*","from":[0,18.75,10.375],"to":[1,20.875,11.25],"faces":{"up":{"uv":[10,7.5,10.75,7.75],"rotation":270,"texture":"#texture","cullface":"up"},"north":{"uv":[10.75,7.5,10.5,16],"texture":"#texture","cullface":"up"},"south":{"uv":[10,7.5,10.25,16],"texture":"#texture","cullface":"up"},"west":{"uv":[10.75,7.5,10,16],"texture":"#texture","cullface":"up"},"east":{"uv":[10,7.5,10.75,16],"texture":"#texture","cullface":"up"}}}],"display":{"thirdperson_righthand":{"rotation":[0,180,0],"translation":[-14.74,16.06,8.31],"scale":[2,2,2]},"thirdperson_lefthand":{"rotation":[0,180,0],"translation":[14.93,16.05,8.31],"scale":[2,2,2]},"ground":{"rotation":[0,0,90],"translation":[7.37,0,0],"scale":[1,1,1]},"fixed":{"rotation":[90,-45,90],"translation":[2.46,2.27,5.67],"scale":[0.8,0.8,0.8]},"firstperson_righthand":{"rotation":[-13,-180,0],"translation":[1.7,8.31,-1.7],"scale":[1.8,1.8,2]},"firstperson_lefthand":{"rotation":[-13,-173,0],"translation":[29,7.18,-10.39],"scale":[1.8,1.8,2]},"gui":{"rotation":[94,40,-91],"translation":[-1.32,3.02,3.59],"scale":[0.7,0.6,0.7]}}}