{"__comment":"toinserver","textures":{"texture":"items/diamond_sword/stone_sword"},"elements":[{"__comment":"Blade4","from":[8,13.5,6.5],"to":[8.5,16,9],"faces":{"north":{"uv":[0.001,0.001,0.499,2.499],"texture":"#texture"},"south":{"uv":[2.001,0.001,2.499,2.499],"texture":"#texture"},"west":{"uv":[0.001,0.001,2.499,2.499],"texture":"#texture"},"east":{"uv":[2.499,0.001,0.001,2.499],"texture":"#texture"}}},{"__comment":"Blade3","from":[8,6,6.5],"to":[8.5,13.5,9.5],"faces":{"up":{"uv":[0.001,2.501,2.999,2.999],"rotation":90,"texture":"#texture"},"north":{"uv":[0.499,2.501,0.001,9.999],"texture":"#texture"},"south":{"uv":[2.501,2.501,2.999,9.999],"texture":"#texture"},"west":{"uv":[0.001,2.501,2.999,9.999],"texture":"#texture"},"east":{"uv":[2.999,2.501,0.001,9.999],"texture":"#texture"}}},{"__comment":"Blade2","from":[8,0.5,6.5],"to":[8.5,6,10],"faces":{"down":{"uv":[3.499,15.499,0.001,15.001],"rotation":270,"texture":"#texture"},"up":{"uv":[0.001,10.001,3.499,10.499],"rotation":90,"texture":"#texture"},"north":{"uv":[0.499,10.001,0.001,15.499],"texture":"#texture"},"south":{"uv":[3.001,10.001,3.499,15.499],"texture":"#texture"},"west":{"uv":[0.001,10.001,3.499,15.499],"texture":"#texture"},"east":{"uv":[3.499,10.001,0.001,15.499],"texture":"#texture"}}},{"__comment":"Blade1","from":[7.75,0,7],"to":[8.75,0.5,9.5],"faces":{"down":{"uv":[0.501,15.501,2.999,15.999],"rotation":270,"texture":"#texture"},"north":{"uv":[0.999,15.501,0.501,15.999],"texture":"#texture"},"south":{"uv":[2.501,15.501,2.999,15.999],"texture":"#texture"},"west":{"uv":[0.501,15.501,2.999,15.999],"texture":"#texture"},"east":{"uv":[2.999,15.501,0.501,15.999],"texture":"#texture"}}},{"__comment":"Blade5","from":[8,16,6.5],"to":[8.5,24.5,9],"faces":{"up":{"uv":[3.501,7.501,5.999,7.999],"rotation":90,"texture":"#texture"},"north":{"uv":[3.999,7.501,3.501,15.999],"texture":"#texture"},"south":{"uv":[5.501,7.501,5.999,15.999],"texture":"#texture"},"west":{"uv":[3.501,7.501,5.999,15.999],"texture":"#texture"},"east":{"uv":[5.999,7.501,3.501,15.999],"texture":"#texture"}}},{"__comment":"Blade6","from":[8,24.5,7],"to":[8.5,25,9],"faces":{"up":{"uv":[4.001,7.001,5.999,7.499],"rotation":90,"texture":"#texture"},"north":{"uv":[4.499,7.001,4.001,7.499],"texture":"#texture"},"south":{"uv":[5.501,7.001,5.999,7.499],"texture":"#texture"},"west":{"uv":[4.001,7.001,5.999,7.499],"texture":"#texture"},"east":{"uv":[5.999,7.001,4.001,7.499],"texture":"#texture"}}},{"__comment":"Blade7","from":[8,25,7.5],"to":[8.5,25.5,8.5],"faces":{"up":{"uv":[4.501,6.501,5.499,6.999],"rotation":90,"texture":"#texture"},"north":{"uv":[4.501,6.501,4.999,6.999],"texture":"#texture"},"south":{"uv":[5.001,6.501,5.499,6.999],"texture":"#texture"},"west":{"uv":[4.501,6.501,5.499,6.999],"texture":"#texture"},"east":{"uv":[5.499,6.501,4.501,6.999],"texture":"#texture"}}},{"__comment":"Greeble","from":[7.5,10.5,7],"to":[9,13,8],"faces":{"down":{"uv":[1.499,5.499,0.501,5.001],"rotation":270,"texture":"#texture"},"up":{"uv":[0.501,3.001,1.499,3.499],"rotation":90,"texture":"#texture"},"north":{"uv":[0.999,3.001,0.501,5.499],"texture":"#texture"},"south":{"uv":[1.001,3.001,1.499,5.499],"texture":"#texture"},"west":{"uv":[0.501,3.001,1.499,5.499],"texture":"#texture"},"east":{"uv":[1.499,3.001,0.501,5.499],"texture":"#texture"}}},{"__comment":"Greeble","from":[7.75,11.5,8],"to":[8.75,12.5,9],"faces":{"down":{"uv":[1.501,4.001,2.499,4.499],"rotation":270,"texture":"#texture"},"up":{"uv":[1.501,3.501,2.499,3.999],"rotation":90,"texture":"#texture"},"south":{"uv":[2.001,3.501,2.499,4.499],"texture":"#texture"},"west":{"uv":[1.501,3.501,2.499,4.499],"texture":"#texture"},"east":{"uv":[2.499,3.501,1.501,4.499],"texture":"#texture"}}},{"__comment":"Greeble","from":[7.5,11,8],"to":[9,11.5,8.5],"faces":{"down":{"uv":[1.999,4.999,1.501,4.501],"rotation":270,"texture":"#texture"},"up":{"uv":[1.501,4.501,1.999,4.999],"rotation":90,"texture":"#texture"},"south":{"uv":[1.501,4.501,1.999,4.999],"texture":"#texture"},"west":{"uv":[1.501,4.501,1.999,4.999],"texture":"#texture"},"east":{"uv":[1.501,4.501,1.999,4.999],"texture":"#texture"}}},{"__comment":"Greeble","from":[7.75,11,6.5],"to":[8.75,12.5,7],"faces":{"down":{"uv":[0.499,4.999,0.001,4.501],"rotation":270,"texture":"#texture"},"up":{"uv":[0.001,3.501,0.499,3.999],"rotation":90,"texture":"#texture"},"north":{"uv":[0.499,3.501,0.001,4.999],"texture":"#texture"},"west":{"uv":[0.001,3.501,0.499,4.999],"texture":"#texture"},"east":{"uv":[0.001,3.501,0.499,4.999],"texture":"#texture"}}},{"__comment":"Greeble","from":[7.5,14,7],"to":[9,16,8],"faces":{"down":{"uv":[1.499,0.499,0.501,0.001],"rotation":270,"texture":"#texture"},"up":{"uv":[0.501,1.501,1.499,1.999],"rotation":90,"texture":"#texture"},"north":{"uv":[0.999,0.001,0.501,1.999],"texture":"#texture"},"south":{"uv":[1.001,0.001,1.499,1.999],"texture":"#texture"},"west":{"uv":[0.501,0.001,1.499,1.999],"texture":"#texture"},"east":{"uv":[1.499,0.001,0.501,1.999],"texture":"#texture"}}},{"__comment":"Greeble","from":[7.75,16,7],"to":[8.75,16.5,8.5],"faces":{"down":{"uv":[5.499,15.999,4.001,15.501],"rotation":270,"texture":"#texture"},"up":{"uv":[4.001,15.501,5.499,15.999],"rotation":90,"texture":"#texture"},"north":{"uv":[4.001,15.501,4.499,15.999],"texture":"#texture"},"south":{"uv":[5.001,15.501,5.499,15.999],"texture":"#texture"},"west":{"uv":[4.001,15.501,5.499,15.999],"texture":"#texture"},"east":{"uv":[4.001,15.501,5.499,15.999],"texture":"#texture"}}},{"__comment":"Greeble","from":[7.75,15.5,8],"to":[8.75,16,8.5],"faces":{"south":{"uv":[1.501,0.001,1.999,0.499],"texture":"#texture"},"west":{"uv":[1.501,0.001,1.999,0.499],"texture":"#texture"},"east":{"uv":[1.501,0.001,1.999,0.499],"texture":"#texture"}}},{"__comment":"Greeble","from":[7.75,13.5,6.5],"to":[8.75,16,7],"faces":{"down":{"uv":[0.499,1.999,0.001,1.501],"rotation":270,"texture":"#texture"},"up":{"uv":[0.001,0.001,0.499,0.499],"rotation":90,"texture":"#texture"},"north":{"uv":[0.001,0.001,0.499,2.499],"texture":"#texture"},"south":{"uv":[0.001,0.001,0.499,2.499],"texture":"#texture"},"west":{"uv":[0.001,0.001,0.499,2.499],"texture":"#texture"},"east":{"uv":[0.001,0.001,0.499,2.499],"texture":"#texture"}}},{"__comment":"Greeble","from":[7.75,13.5,7],"to":[8.75,14,8.75],"faces":{"down":{"uv":[0.501,2.001,2.249,2.499],"rotation":270,"texture":"#texture"},"up":{"uv":[0.501,2.001,2.249,2.499],"rotation":90,"texture":"#texture"},"south":{"uv":[2.001,2.001,2.499,2.499],"texture":"#texture"},"west":{"uv":[0.501,2.001,2.249,2.499],"texture":"#texture"},"east":{"uv":[2.249,2.001,0.501,2.499],"texture":"#texture"}}},{"__comment":"Greeble","from":[7.5,14.5,8],"to":[9,15.5,8.75],"faces":{"down":{"uv":[2.249,1.499,1.501,0.501],"rotation":270,"texture":"#texture"},"up":{"uv":[1.501,0.501,2.249,1.499],"rotation":90,"texture":"#texture"},"south":{"uv":[2.001,0.501,2.499,1.499],"texture":"#texture"},"west":{"uv":[1.501,0.501,2.249,1.499],"texture":"#texture"},"east":{"uv":[2.249,0.501,1.501,1.499],"texture":"#texture"}}},{"__comment":"Greeble","from":[7.5,13,8],"to":[9,13.5,9],"faces":{"down":{"uv":[2.499,2.999,1.501,2.501],"rotation":270,"texture":"#texture"},"up":{"uv":[1.501,2.501,2.499,2.999],"rotation":90,"texture":"#texture"},"north":{"uv":[1.501,2.501,1.999,2.999],"texture":"#texture"},"south":{"uv":[2.001,2.501,2.499,2.999],"texture":"#texture"},"west":{"uv":[1.501,2.501,2.499,2.999],"texture":"#texture"},"east":{"uv":[1.501,2.501,2.499,2.999],"texture":"#texture"}}},{"__comment":"Greeble","from":[7.5,18,7],"to":[9,20,9],"faces":{"down":{"uv":[5.999,13.999,4.001,13.501],"rotation":270,"texture":"#texture"},"up":{"uv":[4.001,12.001,5.999,12.499],"rotation":90,"texture":"#texture"},"north":{"uv":[4.001,12.001,4.499,13.999],"texture":"#texture"},"south":{"uv":[5.501,12.001,5.999,13.999],"texture":"#texture"},"west":{"uv":[4.001,12.001,5.999,13.999],"texture":"#texture"},"east":{"uv":[5.999,12.001,4.001,13.999],"texture":"#texture"}}},{"__comment":"Greeble","from":[7.75,17,6.5],"to":[8.75,19,8],"faces":{"down":{"uv":[3.501,14.501,4.999,14.999],"rotation":270,"texture":"#texture"},"up":{"uv":[3.501,13.001,4.999,13.499],"rotation":90,"texture":"#texture"},"north":{"uv":[3.501,13.001,3.999,14.999],"texture":"#texture"},"south":{"uv":[4.501,12.501,4.999,14.499],"texture":"#texture"},"west":{"uv":[3.501,13.001,4.999,14.999],"texture":"#texture"},"east":{"uv":[4.999,13.001,3.501,14.999],"texture":"#texture"}}},{"__comment":"Greeble","from":[7.5,17,7],"to":[9,17.5,9],"faces":{"down":{"uv":[4.001,14.501,5.999,14.999],"rotation":270,"texture":"#texture"},"up":{"uv":[4.001,14.501,5.999,14.999],"rotation":90,"texture":"#texture"},"north":{"uv":[4.001,14.501,4.499,14.999],"texture":"#texture"},"south":{"uv":[5.501,14.501,5.999,14.999],"texture":"#texture"},"west":{"uv":[4.001,14.501,5.999,14.999],"texture":"#texture"},"east":{"uv":[4.001,14.501,5.999,14.999],"texture":"#texture"}}},{"__comment":"Greeble","from":[7.75,16.5,8.5],"to":[8.75,18,9],"faces":{"down":{"uv":[5.999,14.499,5.501,14.001],"rotation":270,"texture":"#texture"},"north":{"uv":[5.501,14.001,5.999,15.499],"texture":"#texture"},"south":{"uv":[5.501,14.001,5.999,15.499],"texture":"#texture"},"west":{"uv":[5.501,14.001,5.999,15.499],"texture":"#texture"},"east":{"uv":[5.501,14.001,5.999,15.499],"texture":"#texture"}}},{"__comment":"Greeble","from":[7.75,20,8],"to":[8.75,20.5,9],"faces":{"up":{"uv":[5.001,11.501,5.999,11.999],"rotation":90,"texture":"#texture"},"north":{"uv":[5.001,11.501,5.499,11.999],"texture":"#texture"},"west":{"uv":[5.001,11.501,5.999,11.999],"texture":"#texture"},"east":{"uv":[5.999,11.501,5.001,11.999],"texture":"#texture"}}},{"__comment":"Greeble","from":[7.75,20.5,8.5],"to":[8.75,22.5,9],"faces":{"up":{"uv":[5.501,9.501,5.999,9.999],"rotation":90,"texture":"#texture"},"north":{"uv":[5.501,9.501,5.999,11.499],"texture":"#texture"},"south":{"uv":[5.501,9.501,5.999,11.499],"texture":"#texture"},"west":{"uv":[5.501,9.501,5.999,11.499],"texture":"#texture"},"east":{"uv":[5.501,9.501,5.999,11.499],"texture":"#texture"}}},{"__comment":"Greeble","from":[7.75,21.5,8],"to":[8.75,22.5,8.5],"faces":{"down":{"uv":[5.499,10.499,5.001,10.001],"rotation":270,"texture":"#texture"},"up":{"uv":[5.001,9.501,5.499,9.999],"rotation":90,"texture":"#texture"},"north":{"uv":[5.001,9.501,5.499,10.499],"texture":"#texture"},"west":{"uv":[5.001,9.501,5.499,10.499],"texture":"#texture"},"east":{"uv":[5.001,9.501,5.499,10.499],"texture":"#texture"}}},{"__comment":"Greeble","from":[7.5,20.5,7],"to":[9,21.5,8],"faces":{"down":{"uv":[4.999,11.499,4.001,11.001],"rotation":270,"texture":"#texture"},"up":{"uv":[4.001,10.501,4.999,10.999],"rotation":90,"texture":"#texture"},"north":{"uv":[4.001,10.501,4.499,11.499],"texture":"#texture"},"south":{"uv":[4.501,10.501,4.999,11.499],"texture":"#texture"},"west":{"uv":[4.001,10.501,4.999,11.499],"texture":"#texture"},"east":{"uv":[4.999,10.501,4.001,11.499],"texture":"#texture"}}},{"__comment":"Greeble","from":[7.75,19.5,6.5],"to":[8.75,20.5,7],"faces":{"down":{"uv":[3.999,12.499,3.501,12.001],"rotation":270,"texture":"#texture"},"up":{"uv":[3.501,11.501,3.999,11.999],"rotation":90,"texture":"#texture"},"north":{"uv":[3.501,11.501,3.999,12.499],"texture":"#texture"},"south":{"uv":[3.501,11.501,3.999,12.499],"texture":"#texture"},"west":{"uv":[3.501,11.501,3.999,12.499],"texture":"#texture"},"east":{"uv":[3.501,11.501,3.999,12.499],"texture":"#texture"}}},{"__comment":"Greeble","from":[7.75,21.5,6.5],"to":[8.75,22.5,7.5],"faces":{"down":{"uv":[3.501,9.501,4.499,9.999],"rotation":270,"texture":"#texture"},"up":{"uv":[3.501,10.001,4.499,10.499],"rotation":90,"texture":"#texture"},"north":{"uv":[3.501,9.501,3.999,10.499],"texture":"#texture"},"south":{"uv":[4.001,9.501,4.499,10.499],"texture":"#texture"},"west":{"uv":[3.501,9.501,4.499,10.499],"texture":"#texture"},"east":{"uv":[4.499,9.501,3.501,10.499],"texture":"#texture"}}},{"__comment":"Greeble","from":[7.5,22.5,6.75],"to":[9,24,8],"faces":{"down":{"uv":[3.751,9.001,4.999,9.499],"rotation":270,"texture":"#texture"},"up":{"uv":[3.751,8.001,4.999,8.499],"rotation":90,"texture":"#texture"},"north":{"uv":[3.501,8.001,3.999,9.499],"texture":"#texture"},"south":{"uv":[4.501,8.001,4.999,9.499],"texture":"#texture"},"west":{"uv":[3.751,8.001,4.999,9.499],"texture":"#texture"},"east":{"uv":[4.999,8.001,3.751,9.499],"texture":"#texture"}}},{"__comment":"Greeble","from":[7.75,23.5,7],"to":[8.75,24.5,9],"faces":{"down":{"uv":[4.001,8.001,5.999,8.499],"rotation":270,"texture":"#texture"},"up":{"uv":[4.001,7.501,5.999,7.999],"rotation":90,"texture":"#texture"},"north":{"uv":[4.001,7.501,4.499,8.499],"texture":"#texture"},"south":{"uv":[5.501,7.501,5.999,8.499],"texture":"#texture"},"west":{"uv":[4.001,7.501,5.999,8.499],"texture":"#texture"},"east":{"uv":[5.999,7.501,4.001,8.499],"texture":"#texture"}}},{"__comment":"Greeble","from":[7.5,8,7],"to":[9,10,8.5],"faces":{"down":{"uv":[0.501,7.501,1.999,7.999],"rotation":270,"texture":"#texture"},"up":{"uv":[0.501,6.001,1.999,6.499],"rotation":90,"texture":"#texture"},"north":{"uv":[0.501,6.001,0.999,7.999],"texture":"#texture"},"south":{"uv":[1.501,6.001,1.999,7.999],"texture":"#texture"},"west":{"uv":[0.501,6.001,1.999,7.999],"texture":"#texture"},"east":{"uv":[1.999,6.001,0.501,7.999],"texture":"#texture"}}},{"__comment":"Greeble","from":[8,15.25,9],"to":[8.5,24.25,9.25],"faces":{"down":{"uv":[2.999,12.499,2.501,12.001],"rotation":270,"texture":"#texture"},"up":{"uv":[2.501,3.501,2.999,3.999],"rotation":90,"texture":"#texture"},"north":{"uv":[2.501,3.501,2.999,12.749],"texture":"#texture"},"south":{"uv":[2.501,3.501,2.999,12.499],"texture":"#texture"},"west":{"uv":[2.501,3.501,2.999,12.499],"texture":"#texture"},"east":{"uv":[2.501,3.501,2.999,12.499],"texture":"#texture"}}},{"__comment":"Greeble","from":[7.75,6.75,8.5],"to":[8.75,10.5,9.5],"faces":{"down":{"uv":[2.001,9.001,2.999,9.499],"rotation":270,"texture":"#texture"},"up":{"uv":[2.001,5.501,2.999,5.999],"rotation":90,"texture":"#texture"},"north":{"uv":[2.001,5.501,2.499,9.249],"texture":"#texture"},"south":{"uv":[2.501,5.501,2.999,9.249],"texture":"#texture"},"west":{"uv":[2.001,5.501,2.999,9.249],"texture":"#texture"},"east":{"uv":[2.999,5.501,2.001,9.249],"texture":"#texture"}}},{"__comment":"Greeble","from":[7.75,10.5,9],"to":[8.75,11.5,9.5],"faces":{"up":{"uv":[2.501,4.501,2.999,4.999],"rotation":90,"texture":"#texture"},"north":{"uv":[2.501,4.501,2.999,5.499],"texture":"#texture"},"south":{"uv":[2.501,4.501,2.999,5.499],"texture":"#texture"},"west":{"uv":[2.501,4.501,2.999,5.499],"texture":"#texture"},"east":{"uv":[2.501,4.501,2.999,5.499],"texture":"#texture"}}},{"__comment":"Greeble","from":[7.75,7.5,7],"to":[8.75,8,8],"faces":{"down":{"uv":[1.001,8.001,1.999,8.499],"rotation":270,"texture":"#texture"},"north":{"uv":[1.001,8.001,1.499,8.499],"texture":"#texture"},"south":{"uv":[1.501,8.001,1.999,8.499],"texture":"#texture"},"west":{"uv":[1.001,8.001,1.999,8.499],"texture":"#texture"},"east":{"uv":[1.001,8.001,1.999,8.499],"texture":"#texture"}}},{"__comment":"Greeble","from":[8,9,6.25],"to":[8.5,16,6.75],"faces":{"down":{"uv":[0.001,6.501,0.499,6.999],"rotation":270,"texture":"#texture"},"up":{"uv":[0.001,0.001,0.499,0.499],"rotation":90,"texture":"#texture"},"north":{"uv":[0.001,0.001,0.499,6.999],"texture":"#texture"},"south":{"uv":[0.001,0.001,0.499,6.999],"texture":"#texture"},"west":{"uv":[0.001,0.001,0.499,6.999],"texture":"#texture"},"east":{"uv":[0.001,0.001,0.499,6.999],"texture":"#texture"}}},{"__comment":"Greeble","from":[7.5,4.5,7],"to":[9,7,8.5],"faces":{"down":{"uv":[0.501,11.001,1.999,11.499],"rotation":270,"texture":"#texture"},"up":{"uv":[0.501,6.001,1.999,6.499],"rotation":90,"texture":"#texture"},"north":{"uv":[0.501,9.001,0.999,11.499],"texture":"#texture"},"south":{"uv":[0.501,9.001,0.999,11.499],"texture":"#texture"},"west":{"uv":[0.501,9.001,1.999,11.499],"texture":"#texture"},"east":{"uv":[1.999,9.001,0.501,11.499],"texture":"#texture"}}},{"__comment":"Greeble","from":[7.5,4.5,8.5],"to":[9,6,9.5],"faces":{"down":{"uv":[2.001,11.001,2.999,11.499],"rotation":270,"texture":"#texture"},"up":{"uv":[2.001,10.001,2.999,10.499],"rotation":90,"texture":"#texture"},"south":{"uv":[2.999,10.001,2.501,11.499],"texture":"#texture"},"west":{"uv":[2.001,10.001,2.999,11.499],"texture":"#texture"},"east":{"uv":[2.999,10.001,2.001,11.499],"texture":"#texture"}}},{"__comment":"Greeble","from":[7.75,6,8.5],"to":[8.75,6.5,9],"faces":{"up":{"uv":[2.001,9.501,2.499,9.999],"rotation":90,"texture":"#texture"},"south":{"uv":[2.001,9.501,2.499,9.999],"texture":"#texture"},"west":{"uv":[2.001,9.501,2.499,9.999],"texture":"#texture"},"east":{"uv":[2.001,9.501,2.499,9.999],"texture":"#texture"}}},{"__comment":"Greeble","from":[7.75,4,7.5],"to":[8.75,4.5,8.5],"faces":{"down":{"uv":[1.001,11.501,1.999,11.999],"rotation":270,"texture":"#texture"},"north":{"uv":[1.001,11.501,1.499,11.999],"texture":"#texture"},"south":{"uv":[1.501,11.501,1.999,11.999],"texture":"#texture"},"west":{"uv":[1.001,11.501,1.999,11.999],"texture":"#texture"},"east":{"uv":[1.999,11.501,1.001,11.999],"texture":"#texture"}}},{"__comment":"Greeble","from":[7.75,4.75,6.75],"to":[8.75,7,7],"faces":{"down":{"uv":[0.749,11.499,0.501,11.001],"rotation":270,"texture":"#texture"},"up":{"uv":[0.501,9.001,0.749,9.499],"rotation":90,"texture":"#texture"},"north":{"uv":[0.501,9.001,0.749,11.249],"texture":"#texture"},"west":{"uv":[0.501,9.001,0.749,11.249],"texture":"#texture"},"east":{"uv":[0.501,9.001,0.749,11.249],"texture":"#texture"}}},{"__comment":"Greeble","from":[7.5,2,7],"to":[9,3.5,8.5],"faces":{"down":{"uv":[0.501,13.501,1.999,13.999],"rotation":270,"texture":"#texture"},"up":{"uv":[0.501,12.501,1.999,12.999],"rotation":90,"texture":"#texture"},"north":{"uv":[0.501,12.501,0.999,13.999],"texture":"#texture"},"south":{"uv":[1.501,12.501,1.999,13.999],"texture":"#texture"},"west":{"uv":[0.501,12.501,1.999,13.999],"texture":"#texture"},"east":{"uv":[1.999,12.501,0.501,13.999],"texture":"#texture"}}},{"__comment":"Greeble","from":[7.75,3.5,7],"to":[8.75,4,7.5],"faces":{"up":{"uv":[0.501,12.001,0.999,12.499],"rotation":90,"texture":"#texture"},"north":{"uv":[0.501,12.001,0.999,12.499],"texture":"#texture"},"south":{"uv":[0.501,12.001,0.999,12.499],"texture":"#texture"},"west":{"uv":[0.501,12.001,0.999,12.499],"texture":"#texture"},"east":{"uv":[0.501,12.001,0.999,12.499],"texture":"#texture"}}},{"__comment":"Greeble","from":[7.5,2,9],"to":[9,4,9.75],"faces":{"down":{"uv":[2.501,13.501,3.249,13.999],"rotation":270,"texture":"#texture"},"up":{"uv":[2.501,12.001,3.249,12.499],"rotation":90,"texture":"#texture"},"north":{"uv":[2.501,12.001,2.999,13.999],"texture":"#texture"},"south":{"uv":[3.001,12.001,3.499,13.999],"texture":"#texture"},"west":{"uv":[2.501,12.001,3.249,13.999],"texture":"#texture"},"east":{"uv":[3.249,12.001,2.501,13.999],"texture":"#texture"}}},{"__comment":"Greeble","from":[7.5,3.5,8.5],"to":[9,4,9],"faces":{"down":{"uv":[2.499,12.499,2.001,12.001],"rotation":270,"texture":"#texture"},"up":{"uv":[2.001,12.001,2.499,12.499],"rotation":90,"texture":"#texture"},"north":{"uv":[2.001,12.001,2.499,12.499],"texture":"#texture"},"west":{"uv":[2.001,12.001,2.499,12.499],"texture":"#texture"},"east":{"uv":[2.001,12.001,2.499,12.499],"texture":"#texture"}}},{"__comment":"Greeble","from":[7.5,0.5,7],"to":[9,1.5,9.5],"faces":{"down":{"uv":[0.501,15.499,2.999,15.001],"rotation":270,"texture":"#texture"},"up":{"uv":[0.501,14.501,2.999,14.999],"rotation":90,"texture":"#texture"},"north":{"uv":[0.501,14.501,0.999,15.499],"texture":"#texture"},"south":{"uv":[2.501,14.501,2.999,15.499],"texture":"#texture"},"west":{"uv":[0.501,14.501,2.999,15.499],"texture":"#texture"},"east":{"uv":[2.999,14.501,0.501,15.499],"texture":"#texture"}}},{"__comment":"Greeble","from":[7.75,1.5,8.5],"to":[8.75,2,9],"faces":{"up":{"uv":[2.001,14.001,2.499,14.499],"rotation":90,"texture":"#texture"},"north":{"uv":[2.001,14.001,2.499,14.499],"texture":"#texture"},"south":{"uv":[2.001,14.001,2.499,14.499],"texture":"#texture"},"west":{"uv":[2.001,14.001,2.499,14.499],"texture":"#texture"},"east":{"uv":[2.001,14.001,2.499,14.499],"texture":"#texture"}}},{"__comment":"Rope1","from":[7.5,5.75,6.25],"to":[8.25,7.25,6.75],"faces":{"down":{"uv":[11.001,14.001,11.749,14.499],"rotation":180,"texture":"#texture"},"up":{"uv":[11.001,13.001,11.749,13.499],"rotation":180,"texture":"#texture"},"north":{"uv":[11.001,13.001,11.749,14.499],"texture":"#texture"},"south":{"uv":[11.749,13.001,11.001,14.499],"texture":"#texture"},"west":{"uv":[6.001,14.501,6.499,15.999],"texture":"#texture"},"east":{"uv":[11.499,13.001,11.001,14.499],"texture":"#texture"}}},{"__comment":"Rope1","from":[8.25,6,6.25],"to":[9,7.5,6.75],"faces":{"down":{"uv":[10.251,13.501,10.999,13.999],"texture":"#texture"},"up":{"uv":[10.251,12.501,10.999,12.999],"rotation":180,"texture":"#texture"},"north":{"uv":[10.251,12.501,10.999,13.999],"texture":"#texture"},"south":{"uv":[10.999,12.501,10.251,13.999],"texture":"#texture"},"west":{"uv":[10.501,12.501,10.999,13.999],"texture":"#texture"},"east":{"uv":[15.999,14.001,15.501,15.499],"texture":"#texture"}}},{"__comment":"Rope1","from":[7.25,6,6.5],"to":[7.75,7.5,7.5],"faces":{"down":{"uv":[6.501,15.001,7.499,15.499],"rotation":270,"texture":"#texture"},"up":{"uv":[6.501,14.001,7.499,14.499],"rotation":90,"texture":"#texture"},"north":{"uv":[6.501,14.001,6.999,15.499],"texture":"#texture"},"south":{"uv":[7.001,14.001,7.499,15.499],"texture":"#texture"},"west":{"uv":[6.501,14.001,7.499,15.499],"texture":"#texture"},"east":{"uv":[7.499,14.001,6.501,15.499],"texture":"#texture"}}},{"__comment":"Rope1","from":[7,6.5,7.5],"to":[7.5,8,8.5],"faces":{"down":{"uv":[7.501,14.501,8.499,14.999],"rotation":270,"texture":"#texture"},"up":{"uv":[7.501,13.501,8.499,13.999],"rotation":90,"texture":"#texture"},"north":{"uv":[7.501,13.501,7.999,14.999],"texture":"#texture"},"south":{"uv":[8.001,13.501,8.499,14.999],"texture":"#texture"},"west":{"uv":[7.501,13.501,8.499,14.999],"texture":"#texture"},"east":{"uv":[8.499,13.501,7.501,14.999],"texture":"#texture"}}},{"__comment":"Rope1","from":[7.25,7,8.5],"to":[7.75,8.5,9.5],"faces":{"down":{"uv":[8.501,14.001,9.499,14.499],"rotation":270,"texture":"#texture"},"up":{"uv":[8.501,13.001,9.499,13.499],"rotation":90,"texture":"#texture"},"north":{"uv":[8.501,13.001,8.999,14.499],"texture":"#texture"},"south":{"uv":[9.001,13.001,9.499,14.499],"texture":"#texture"},"west":{"uv":[8.501,13.001,9.499,14.499],"texture":"#texture"}}},{"__comment":"Rope1","from":[7.5,7.25,9.25],"to":[8.25,8.75,9.75],"faces":{"down":{"uv":[10.999,13.999,10.251,13.501],"rotation":180,"texture":"#texture"},"up":{"uv":[10.251,12.501,10.999,12.999],"texture":"#texture"},"north":{"uv":[10.999,12.501,10.251,13.999],"texture":"#texture"},"south":{"uv":[10.251,12.501,10.999,13.999],"texture":"#texture"},"west":{"uv":[10.001,12.501,10.499,13.999],"texture":"#texture"},"east":{"uv":[10.501,12.501,10.999,13.999],"texture":"#texture"}}},{"__comment":"Rope1","from":[8.25,7,9.25],"to":[9,8.5,9.75],"faces":{"down":{"uv":[11.749,14.499,11.001,14.001],"rotation":180,"texture":"#texture"},"up":{"uv":[11.001,13.001,11.749,13.499],"texture":"#texture"},"north":{"uv":[11.749,13.001,11.001,14.499],"texture":"#texture"},"south":{"uv":[11.001,13.001,11.749,14.499],"texture":"#texture"},"west":{"uv":[11.001,13.001,11.499,14.499],"texture":"#texture"},"east":{"uv":[11.501,13.001,11.999,14.499],"texture":"#texture"}}},{"__comment":"Rope1","from":[8.75,6.75,9],"to":[9.25,8.25,9.5],"faces":{"down":{"uv":[12.999,14.499,12.501,14.001],"rotation":270,"texture":"#texture"},"up":{"uv":[12.501,13.001,12.999,13.499],"rotation":270,"texture":"#texture"},"north":{"uv":[12.501,13.001,12.999,14.499],"texture":"#texture"},"south":{"uv":[12.501,13.001,12.999,14.499],"texture":"#texture"},"east":{"uv":[12.501,13.001,12.999,14.499],"texture":"#texture"}}},{"__comment":"Rope1","from":[9,6.5,7],"to":[9.5,8,9],"faces":{"down":{"uv":[14.999,14.999,13.001,14.501],"rotation":270,"texture":"#texture"},"up":{"uv":[13.001,13.501,14.999,13.999],"rotation":270,"texture":"#texture"},"north":{"uv":[14.501,13.501,14.999,14.999],"texture":"#texture"},"south":{"uv":[13.001,13.501,13.499,14.999],"texture":"#texture"},"west":{"uv":[14.999,13.501,13.001,14.999],"texture":"#texture"},"east":{"uv":[13.001,13.501,14.999,14.999],"texture":"#texture"}}},{"__comment":"Rope1","from":[8.75,6.25,6.5],"to":[9.25,7.75,7],"faces":{"down":{"uv":[15.499,14.499,15.001,14.001],"rotation":270,"texture":"#texture"},"up":{"uv":[15.001,14.001,15.499,14.499],"rotation":270,"texture":"#texture"},"north":{"uv":[15.001,14.001,15.499,15.499],"texture":"#texture"},"south":{"uv":[15.001,14.001,15.499,15.499],"texture":"#texture"},"west":{"uv":[15.499,14.001,15.001,15.499],"texture":"#texture"},"east":{"uv":[15.001,14.001,15.499,15.499],"texture":"#texture"}}},{"__comment":"Rope2","from":[7.5,12.75,6],"to":[9,14.25,6.5],"faces":{"down":{"uv":[11.749,2.499,10.251,2.001],"texture":"#texture"},"north":{"uv":[10.251,1.001,11.749,2.499],"texture":"#texture"},"south":{"uv":[11.749,1.001,10.251,2.499],"texture":"#texture"},"west":{"uv":[10.001,1.001,10.499,2.499],"texture":"#texture"},"east":{"uv":[11.501,1.001,11.999,2.499],"texture":"#texture"}}},{"__comment":"Rope2","from":[7.25,13,6.5],"to":[7.75,14.5,7],"faces":{"down":{"uv":[8.499,2.999,8.001,2.501],"rotation":270,"texture":"#texture"},"up":{"uv":[8.001,1.501,8.499,1.999],"rotation":90,"texture":"#texture"},"north":{"uv":[8.001,1.501,8.499,2.999],"texture":"#texture"},"south":{"uv":[8.001,1.501,8.499,2.999],"texture":"#texture"},"west":{"uv":[8.001,1.501,8.499,2.999],"texture":"#texture"},"east":{"uv":[8.001,1.501,8.499,2.999],"texture":"#texture"}}},{"__comment":"Rope2","from":[7,13.5,7],"to":[7.5,15,8],"faces":{"down":{"uv":[10.999,2.499,10.001,2.001],"rotation":270,"texture":"#texture"},"up":{"uv":[10.001,1.001,10.999,1.499],"rotation":90,"texture":"#texture"},"north":{"uv":[10.001,1.001,10.499,2.499],"texture":"#texture"},"south":{"uv":[10.501,1.001,10.999,2.499],"texture":"#texture"},"west":{"uv":[10.001,1.001,10.999,2.499],"texture":"#texture"},"east":{"uv":[10.999,1.001,10.001,2.499],"texture":"#texture"}}},{"__comment":"Rope2","from":[7.25,13.75,7.5],"to":[7.75,14.75,8.5],"faces":{"down":{"uv":[10.999,6.499,10.001,6.001],"rotation":270,"texture":"#texture"},"up":{"uv":[10.001,5.501,10.999,5.999],"rotation":90,"texture":"#texture"},"north":{"uv":[10.001,5.501,10.499,6.499],"texture":"#texture"},"south":{"uv":[10.501,5.501,10.999,6.499],"texture":"#texture"},"west":{"uv":[10.001,5.501,10.999,6.499],"texture":"#texture"},"east":{"uv":[10.999,5.501,10.001,6.499],"texture":"#texture"}}},{"__comment":"Rope2","from":[7.25,14.75,7.5],"to":[7.5,15.25,8.5],"faces":{"up":{"uv":[10.001,5.001,10.999,5.499],"rotation":90,"texture":"#texture"},"north":{"uv":[10.001,5.001,10.499,5.499],"texture":"#texture"},"west":{"uv":[10.001,5.001,10.999,5.499],"texture":"#texture"},"east":{"uv":[10.999,5.001,10.001,5.499],"texture":"#texture"}}},{"__comment":"Rope2","from":[7.25,14.25,8.5],"to":[7.75,15.75,9],"faces":{"down":{"uv":[8.999,6.999,8.501,6.501],"rotation":270,"texture":"#texture"},"up":{"uv":[8.501,5.501,8.999,5.999],"rotation":90,"texture":"#texture"},"north":{"uv":[8.501,5.501,8.999,6.999],"texture":"#texture"},"south":{"uv":[8.501,5.501,8.999,6.999],"texture":"#texture"},"west":{"uv":[8.501,5.501,8.999,6.999],"texture":"#texture"},"east":{"uv":[8.501,5.501,8.999,6.999],"texture":"#texture"}}},{"__comment":"Rope2","from":[7.5,14.5,9],"to":[9,16,9.5],"faces":{"down":{"uv":[11.749,6.499,10.251,6.001],"rotation":180,"texture":"#texture"},"up":{"uv":[10.251,5.001,11.749,5.499],"rotation":180,"texture":"#texture"},"north":{"uv":[11.749,5.001,10.251,6.499],"texture":"#texture"},"south":{"uv":[10.251,5.001,11.749,6.499],"texture":"#texture"},"west":{"uv":[10.001,5.001,10.499,6.499],"texture":"#texture"},"east":{"uv":[11.501,5.001,11.999,6.499],"texture":"#texture"}}},{"__comment":"Rope2","from":[8.75,14.25,8],"to":[9.25,15.75,9.25],"faces":{"down":{"uv":[13.999,5.499,12.751,5.001],"rotation":270,"texture":"#texture"},"up":{"uv":[12.751,5.001,13.999,5.499],"rotation":270,"texture":"#texture"},"north":{"uv":[13.501,5.001,13.999,6.499],"texture":"#texture"},"south":{"uv":[12.501,5.001,12.999,6.499],"texture":"#texture"},"west":{"uv":[13.999,5.001,12.751,6.499],"texture":"#texture"},"east":{"uv":[12.751,5.001,13.999,6.499],"texture":"#texture"}}},{"__comment":"Rope2","from":[9,14.25,7],"to":[9.5,15.25,8],"faces":{"down":{"uv":[14.999,6.499,14.001,6.001],"rotation":270,"texture":"#texture"},"up":{"uv":[14.001,5.501,14.999,5.999],"rotation":270,"texture":"#texture"},"north":{"uv":[14.001,5.501,14.499,6.499],"texture":"#texture"},"south":{"uv":[14.501,5.501,14.999,6.499],"texture":"#texture"},"east":{"uv":[14.001,5.501,14.999,6.499],"texture":"#texture"}}},{"__comment":"Rope2","from":[8.75,14,6.5],"to":[9.25,15.5,7],"faces":{"up":{"uv":[15.001,5.501,15.499,5.999],"rotation":270,"texture":"#texture"},"north":{"uv":[15.001,5.501,15.499,6.999],"texture":"#texture"},"south":{"uv":[15.001,5.501,15.499,6.999],"texture":"#texture"},"east":{"uv":[15.001,5.501,15.499,6.999],"texture":"#texture"}}},{"__comment":"Rope2","from":[7.25,14.25,6],"to":[9,15.75,6.5],"faces":{"down":{"uv":[11.999,6.499,10.251,6.001],"texture":"#texture"},"up":{"uv":[10.251,5.001,11.999,5.499],"rotation":180,"texture":"#texture"},"north":{"uv":[10.251,5.001,11.999,6.499],"texture":"#texture"},"south":{"uv":[11.999,5.001,10.251,6.499],"texture":"#texture"},"west":{"uv":[10.001,5.001,10.499,6.499],"texture":"#texture"},"east":{"uv":[11.501,5.001,11.999,6.499],"texture":"#texture"}}},{"__comment":"Rope2","from":[7,14,6.25],"to":[7.5,15.5,6.75],"faces":{"down":{"uv":[6.999,7.499,6.501,7.001],"rotation":270,"texture":"#texture"},"up":{"uv":[6.501,6.001,6.999,6.499],"rotation":90,"texture":"#texture"},"north":{"uv":[6.501,6.001,6.999,7.499],"texture":"#texture"},"south":{"uv":[6.501,6.001,6.999,7.499],"texture":"#texture"},"west":{"uv":[6.501,6.001,6.999,7.499],"texture":"#texture"},"east":{"uv":[6.501,6.001,6.999,7.499],"texture":"#texture"}}},{"__comment":"Rope2","from":[6.75,13.75,6.75],"to":[7.25,15.25,7.25],"faces":{"down":{"uv":[7.499,7.999,7.001,7.501],"rotation":270,"texture":"#texture"},"up":{"uv":[7.001,6.501,7.499,6.999],"rotation":90,"texture":"#texture"},"north":{"uv":[7.001,6.501,7.499,7.999],"texture":"#texture"},"south":{"uv":[7.001,6.501,7.499,7.999],"texture":"#texture"},"west":{"uv":[7.001,6.501,7.499,7.999],"texture":"#texture"},"east":{"uv":[7.001,6.501,7.499,7.999],"texture":"#texture"}}},{"__comment":"Rope2","from":[6.5,13.25,7.25],"to":[7,14.75,8.25],"faces":{"down":{"uv":[7.501,8.001,8.499,8.499],"rotation":270,"texture":"#texture"},"up":{"uv":[7.501,7.001,8.499,7.499],"rotation":90,"texture":"#texture"},"north":{"uv":[7.501,7.001,7.999,8.499],"texture":"#texture"},"south":{"uv":[8.001,7.001,8.499,8.499],"texture":"#texture"},"west":{"uv":[7.501,7.001,8.499,8.499],"texture":"#texture"},"east":{"uv":[7.501,7.001,8.499,8.499],"texture":"#texture"}}},{"__comment":"Rope2","from":[6.75,12.75,7.75],"to":[7.25,13.75,8.75],"faces":{"down":{"uv":[8.001,8.501,8.999,8.999],"rotation":270,"texture":"#texture"},"up":{"uv":[8.001,8.001,8.999,8.499],"rotation":90,"texture":"#texture"},"north":{"uv":[8.001,8.001,8.499,8.999],"texture":"#texture"},"south":{"uv":[8.501,8.001,8.999,8.999],"texture":"#texture"},"west":{"uv":[8.001,8.001,8.999,8.999],"texture":"#texture"},"east":{"uv":[8.001,8.001,8.999,8.999],"texture":"#texture"}}},{"__comment":"Rope2","from":[7,12.25,8.25],"to":[7.5,13.25,9.25],"faces":{"down":{"uv":[8.501,9.001,9.499,9.499],"rotation":270,"texture":"#texture"},"up":{"uv":[8.501,8.501,9.499,8.999],"rotation":90,"texture":"#texture"},"north":{"uv":[8.501,8.501,8.999,9.499],"texture":"#texture"},"south":{"uv":[9.001,8.501,9.499,9.499],"texture":"#texture"},"west":{"uv":[8.501,8.501,9.499,9.499],"texture":"#texture"},"east":{"uv":[8.501,8.501,9.499,9.499],"texture":"#texture"}}},{"__comment":"Rope2","from":[7.5,11.25,9.25],"to":[9,12.75,9.75],"faces":{"down":{"uv":[11.749,6.499,10.251,6.001],"rotation":180,"texture":"#texture"},"up":{"uv":[10.251,5.001,11.749,5.499],"rotation":180,"texture":"#texture"},"north":{"uv":[11.749,5.001,10.251,6.499],"texture":"#texture"},"south":{"uv":[10.251,5.001,11.749,6.499],"texture":"#texture"},"west":{"uv":[10.001,5.001,10.499,6.499],"texture":"#texture"},"east":{"uv":[11.501,5.001,11.999,6.499],"texture":"#texture"}}},{"__comment":"Rope2","from":[7,11.75,8.75],"to":[7.5,12.25,9.25],"faces":{"down":{"uv":[9.001,9.501,9.499,9.999],"rotation":270,"texture":"#texture"},"north":{"uv":[9.001,9.501,9.499,9.999],"texture":"#texture"},"south":{"uv":[9.001,9.501,9.499,9.999],"texture":"#texture"},"west":{"uv":[9.001,9.501,9.499,9.999],"texture":"#texture"},"east":{"uv":[9.001,9.501,9.499,9.999],"texture":"#texture"}}},{"__comment":"Rope2","from":[7.25,11.5,9],"to":[7.75,13,9.5],"faces":{"down":{"uv":[9.999,10.499,9.501,10.001],"rotation":270,"texture":"#texture"},"up":{"uv":[9.501,9.001,9.999,9.499],"rotation":90,"texture":"#texture"},"north":{"uv":[9.501,9.001,9.999,10.499],"texture":"#texture"},"south":{"uv":[9.501,9.001,9.999,10.499],"texture":"#texture"},"west":{"uv":[9.501,9.001,9.999,10.499],"texture":"#texture"},"east":{"uv":[9.501,9.001,9.999,10.499],"texture":"#texture"}}},{"__comment":"Rope2","from":[9,11.5,8.5],"to":[9.5,13,9.5],"faces":{"down":{"uv":[12.001,10.001,12.999,10.499],"rotation":90,"texture":"#texture"},"up":{"uv":[12.001,9.001,12.999,9.499],"rotation":270,"texture":"#texture"},"north":{"uv":[12.501,9.001,12.999,10.499],"texture":"#texture"},"south":{"uv":[12.001,9.001,12.499,10.499],"texture":"#texture"},"west":{"uv":[12.999,9.001,12.001,10.499],"texture":"#texture"},"east":{"uv":[12.001,9.001,12.999,10.499],"texture":"#texture"}}},{"__comment":"Rope2","from":[9.25,11.75,8],"to":[9.75,13.25,9],"faces":{"down":{"uv":[13.001,9.501,13.999,9.999],"rotation":90,"texture":"#texture"},"up":{"uv":[13.001,8.501,13.999,8.999],"rotation":270,"texture":"#texture"},"north":{"uv":[13.501,8.501,13.999,9.999],"texture":"#texture"},"south":{"uv":[13.001,8.501,13.499,9.999],"texture":"#texture"},"west":{"uv":[13.999,8.501,13.001,9.999],"texture":"#texture"},"east":{"uv":[13.001,8.501,13.999,9.999],"texture":"#texture"}}},{"__comment":"Rope2","from":[9,12.25,7],"to":[9.5,13.75,8],"faces":{"down":{"uv":[14.001,9.001,14.999,9.499],"rotation":90,"texture":"#texture"},"up":{"uv":[14.001,8.001,14.999,8.499],"rotation":270,"texture":"#texture"},"north":{"uv":[14.501,8.001,14.999,9.499],"texture":"#texture"},"south":{"uv":[14.001,8.001,14.499,9.499],"texture":"#texture"},"west":{"uv":[14.999,8.001,14.001,9.499],"texture":"#texture"},"east":{"uv":[14.001,8.001,14.999,9.499],"texture":"#texture"}}},{"__comment":"Rope2","from":[8.75,12.5,6.25],"to":[9.25,14,7.25],"faces":{"down":{"uv":[15.001,8.501,15.999,8.999],"rotation":90,"texture":"#texture"},"up":{"uv":[15.001,7.501,15.999,7.999],"rotation":270,"texture":"#texture"},"north":{"uv":[15.501,7.501,15.999,8.999],"texture":"#texture"},"south":{"uv":[15.001,7.501,15.499,8.999],"texture":"#texture"},"west":{"uv":[15.999,7.501,15.001,8.999],"texture":"#texture"},"east":{"uv":[15.001,7.501,15.999,8.999],"texture":"#texture"}}},{"__comment":"Rope3","from":[7.25,17.5,6.5],"to":[7.75,19,7],"faces":{"down":{"uv":[6.999,3.999,6.501,3.501],"rotation":270,"texture":"#texture"},"up":{"uv":[6.501,2.501,6.999,2.999],"rotation":90,"texture":"#texture"},"north":{"uv":[6.501,2.501,6.999,3.999],"texture":"#texture"},"south":{"uv":[6.501,2.501,6.999,3.999],"texture":"#texture"},"west":{"uv":[6.501,2.501,6.999,3.999],"texture":"#texture"}}},{"__comment":"Rope3","from":[7.5,17.5,6],"to":[9,18.5,6.5],"faces":{"down":{"uv":[11.749,10.499,10.251,10.001],"rotation":180,"texture":"#texture"},"up":{"uv":[10.251,9.001,11.749,9.499],"texture":"#texture"},"north":{"uv":[10.251,9.001,11.749,9.999],"texture":"#texture"},"south":{"uv":[10.251,9.001,11.749,9.999],"texture":"#texture"},"west":{"uv":[11.501,1.001,11.999,1.999],"texture":"#texture"},"east":{"uv":[10.001,5.001,10.499,5.999],"texture":"#texture"}}},{"__comment":"Rope3","from":[7,18,7],"to":[7.5,19.5,8],"faces":{"down":{"uv":[7.001,3.001,7.999,3.499],"rotation":270,"texture":"#texture"},"up":{"uv":[7.001,2.001,7.999,2.499],"rotation":90,"texture":"#texture"},"north":{"uv":[7.001,2.001,7.499,3.499],"texture":"#texture"},"south":{"uv":[7.501,2.001,7.999,3.499],"texture":"#texture"},"west":{"uv":[7.001,2.001,7.999,3.499],"texture":"#texture"}}},{"__comment":"Rope3","from":[7,18.5,8],"to":[7.5,20,9],"faces":{"down":{"uv":[8.001,2.501,8.999,2.999],"rotation":270,"texture":"#texture"},"up":{"uv":[8.001,1.501,8.999,1.999],"rotation":90,"texture":"#texture"},"north":{"uv":[8.001,1.501,8.499,2.999],"texture":"#texture"},"south":{"uv":[8.501,1.501,8.999,2.999],"texture":"#texture"},"west":{"uv":[8.001,1.501,8.999,2.999],"texture":"#texture"}}},{"__comment":"Rope3","from":[7.5,19,9],"to":[9,20.5,9.5],"faces":{"down":{"uv":[11.749,2.499,10.251,2.001],"texture":"#texture"},"up":{"uv":[11.749,1.001,10.251,1.499],"rotation":180,"texture":"#texture"},"north":{"uv":[11.749,1.001,10.251,2.499],"texture":"#texture"},"south":{"uv":[10.251,1.001,11.749,2.499],"texture":"#texture"},"west":{"uv":[10.001,1.001,10.499,2.499],"texture":"#texture"},"east":{"uv":[11.501,1.001,11.999,2.499],"texture":"#texture"}}},{"__comment":"Rope3","from":[8.75,18.25,8.75],"to":[9.25,20.25,9.25],"faces":{"down":{"uv":[12.999,2.999,12.501,2.501],"rotation":270,"texture":"#texture"},"up":{"uv":[12.501,1.001,12.999,1.499],"rotation":90,"texture":"#texture"},"north":{"uv":[12.501,1.001,12.999,2.999],"texture":"#texture"},"south":{"uv":[12.501,1.001,12.999,2.999],"texture":"#texture"},"west":{"uv":[12.501,1.001,12.999,2.999],"texture":"#texture"},"east":{"uv":[12.501,1.001,12.999,2.999],"texture":"#texture"}}},{"__comment":"Rope3","from":[9,18,8.25],"to":[9.5,20,8.75],"faces":{"down":{"uv":[13.499,3.499,13.001,3.001],"rotation":270,"texture":"#texture"},"up":{"uv":[13.001,1.501,13.499,1.999],"rotation":90,"texture":"#texture"},"north":{"uv":[13.001,1.501,13.499,3.499],"texture":"#texture"},"south":{"uv":[13.001,1.501,13.499,3.499],"texture":"#texture"},"east":{"uv":[13.001,1.501,13.499,3.499],"texture":"#texture"}}},{"__comment":"Rope3","from":[9,17.5,7.75],"to":[9.5,19.5,8.25],"faces":{"down":{"uv":[13.999,3.999,13.501,3.501],"rotation":270,"texture":"#texture"},"up":{"uv":[13.501,2.001,13.999,2.499],"rotation":90,"texture":"#texture"},"north":{"uv":[13.501,2.001,13.999,3.999],"texture":"#texture"},"south":{"uv":[13.501,2.001,13.999,3.999],"texture":"#texture"},"west":{"uv":[13.501,2.001,13.999,3.999],"texture":"#texture"},"east":{"uv":[13.501,2.001,13.999,3.999],"texture":"#texture"}}},{"__comment":"Rope3","from":[9,17.5,7.25],"to":[9.5,19,7.75],"faces":{"down":{"uv":[14.499,3.999,14.001,3.501],"rotation":270,"texture":"#texture"},"up":{"uv":[14.001,2.501,14.499,2.999],"rotation":90,"texture":"#texture"},"north":{"uv":[14.001,2.501,14.499,3.999],"texture":"#texture"},"west":{"uv":[14.001,2.501,14.499,3.999],"texture":"#texture"},"east":{"uv":[14.001,2.501,14.499,3.999],"texture":"#texture"}}},{"__comment":"Rope3","from":[8.75,17.25,6.25],"to":[9.25,18.75,7.25],"faces":{"down":{"uv":[14.501,4.001,15.499,4.499],"rotation":90,"texture":"#texture"},"up":{"uv":[14.501,3.001,15.499,3.499],"rotation":270,"texture":"#texture"},"north":{"uv":[15.001,3.001,15.499,4.499],"texture":"#texture"},"south":{"uv":[14.501,3.001,14.999,4.499],"texture":"#texture"},"west":{"uv":[14.501,3.001,15.499,4.499],"texture":"#texture"},"east":{"uv":[14.501,3.001,15.499,4.499],"texture":"#texture"}}},{"from":[7.5,-0.5,7.25],"to":[9,0,9.25],"faces":{"down":{"uv":[0.501,7.499,2.499,6.001],"rotation":270,"texture":"#texture"},"up":{"uv":[0.501,3.001,2.499,3.499],"rotation":90,"texture":"#texture"},"north":{"uv":[0.501,9.001,0.999,10.499],"rotation":90,"texture":"#texture"},"south":{"uv":[2.001,12.501,2.499,13.999],"rotation":90,"texture":"#texture"},"west":{"uv":[0.501,3.001,2.499,3.499],"texture":"#texture"},"east":{"uv":[2.499,3.001,0.501,3.499],"texture":"#texture"}}},{"from":[7.75,-1,7.5],"to":[8.75,-0.5,9.25],"faces":{"down":{"uv":[2.751,0.499,4.499,0.001],"rotation":270,"texture":"#texture"},"north":{"uv":[7.501,6.001,7.999,6.999],"rotation":90,"texture":"#texture"},"south":{"uv":[10.501,9.501,10.999,10.499],"rotation":90,"texture":"#texture"},"west":{"uv":[2.751,0.001,4.499,0.499],"texture":"#texture"},"east":{"uv":[4.499,0.001,2.751,0.499],"texture":"#texture"}}},{"from":[7.75,-4.5,7.75],"to":[8.75,-1,9.25],"faces":{"north":{"uv":[3.001,0.501,3.499,3.999],"texture":"#texture"},"south":{"uv":[4.001,0.501,4.499,3.999],"texture":"#texture"},"west":{"uv":[3.001,0.501,4.499,3.999],"texture":"#texture"},"east":{"uv":[4.499,0.501,3.001,3.999],"texture":"#texture"}}},{"from":[7.25,-6,7.75],"to":[9.25,-4.5,9.75],"faces":{"down":{"uv":[8.499,12.499,6.501,10.501],"rotation":270,"texture":"#texture"},"up":{"uv":[6.501,10.501,8.499,12.499],"rotation":90,"texture":"#texture"},"north":{"uv":[0.001,12.501,1.999,13.999],"texture":"#texture"},"south":{"uv":[6.501,11.001,8.499,12.499],"texture":"#texture"},"west":{"uv":[6.501,11.001,8.499,12.499],"texture":"#texture"},"east":{"uv":[8.499,11.001,6.501,12.499],"texture":"#texture"}}},{"from":[7.75,-4.5,9.25],"to":[8.75,-4,9.75],"faces":{"up":{"uv":[8.001,10.501,8.499,11.499],"rotation":90,"texture":"#texture"},"south":{"uv":[8.001,10.501,8.499,11.499],"rotation":90,"texture":"#texture"},"west":{"uv":[8.001,11.001,8.499,11.499],"texture":"#texture"},"east":{"uv":[8.001,10.501,8.499,10.999],"texture":"#texture"}}}],"display":{"thirdperson_righthand":{"rotation":[0,0,0],"translation":[0,8.31,1.51],"scale":[1,1,1]},"thirdperson_lefthand":{"rotation":[0,0,0],"translation":[0,8.31,1.51],"scale":[1,1,1]},"ground":{"rotation":[0,0,-90],"translation":[0,-0.19,0],"scale":[0.5,0.5,0.5]},"fixed":{"rotation":[-90,-45,-90],"translation":[-0.38,-0.76,-0.38],"scale":[0.7,0.7,0.7]},"firstperson_righthand":{"rotation":[0,0,0],"translation":[0,6.05,0],"scale":[0.45,0.45,0.45]},"firstperson_lefthand":{"rotation":[0,0,0],"translation":[0,6.05,0],"scale":[0.45,0.45,0.45]},"gui":{"rotation":[90,-45,90],"translation":[0.94,-0.57,0],"scale":[0.65,0.65,0.65]}}}