{"__comment":"toinserver","textures":{"texture":"items/diamond_sword/cutlass"},"elements":[{"__comment":"Blade","from":[8,5.5,7.75],"to":[9.5,21.5,8.25],"faces":{"down":{"uv":[0.501,15.501,1.999,15.999],"texture":"#texture"},"up":{"uv":[0.501,0.001,1.999,0.499],"texture":"#texture"},"north":{"uv":[1.999,0.001,0.501,15.999],"texture":"#texture"},"south":{"uv":[0.501,0.001,1.999,15.999],"texture":"#texture"},"west":{"uv":[0.501,0.001,0.999,15.999],"texture":"#texture"},"east":{"uv":[1.501,0.001,1.999,15.999],"texture":"#texture"}}},{"__comment":"Blade","from":[7.5,5.5,7.75],"to":[8,8,8.25],"faces":{"down":{"uv":[0.001,15.501,0.499,15.999],"texture":"#texture"},"up":{"uv":[0.001,13.501,0.499,13.999],"texture":"#texture"},"north":{"uv":[0.499,13.501,0.001,15.999],"texture":"#texture"},"south":{"uv":[0.001,13.501,0.499,15.999],"texture":"#texture"},"west":{"uv":[0.001,13.501,0.499,15.999],"texture":"#texture"},"east":{"uv":[0.001,13.501,0.499,15.999],"texture":"#texture"}}},{"__comment":"Blade","from":[9.5,9,7.875],"to":[10,21.5,8.125],"faces":{"down":{"uv":[2.001,12.001,2.499,12.499],"texture":"#texture"},"up":{"uv":[2.001,0.001,2.499,0.499],"texture":"#texture"},"north":{"uv":[2.499,0.001,2.001,12.499],"texture":"#texture"},"south":{"uv":[2.001,0.001,2.499,12.499],"texture":"#texture"},"west":{"uv":[2.001,0.001,2.499,12.499],"texture":"#texture"},"east":{"uv":[2.001,0.001,2.499,12.499],"texture":"#texture"}}},{"__comment":"Blade","from":[7.5,18,7.875],"to":[8,21.5,8.125],"faces":{"down":{"uv":[0.001,3.001,0.499,3.499],"texture":"#texture"},"up":{"uv":[0.001,0.001,0.499,0.499],"texture":"#texture"},"north":{"uv":[0.499,0.001,0.001,3.499],"texture":"#texture"},"south":{"uv":[0.001,0.001,0.499,3.499],"texture":"#texture"},"west":{"uv":[0.001,0.001,0.499,3.499],"texture":"#texture"},"east":{"uv":[0.001,0.001,0.499,3.499],"texture":"#texture"}}},{"__comment":"Blade","from":[9.5,21.5,7.875],"to":[10,22,8.125],"faces":{"down":{"uv":[2.001,12.001,2.499,12.499],"texture":"#texture"},"up":{"uv":[2.001,0.001,2.499,0.499],"texture":"#texture"},"north":{"uv":[2.499,0.001,2.001,0.624],"texture":"#texture"},"south":{"uv":[2.001,0.001,2.499,0.499],"texture":"#texture"},"west":{"uv":[2.001,0.001,2.499,0.624],"texture":"#texture"},"east":{"uv":[2.001,0.001,2.499,0.624],"texture":"#texture"}}},{"__comment":"Blade","from":[8,21.5,7.75],"to":[9,24,8.25],"faces":{"down":{"uv":[4.501,15.501,5.499,15.999],"texture":"#texture"},"up":{"uv":[4.501,13.501,5.499,13.999],"texture":"#texture"},"north":{"uv":[5.499,13.501,4.501,15.999],"texture":"#texture"},"south":{"uv":[4.501,13.501,5.499,15.999],"texture":"#texture"},"west":{"uv":[4.501,13.501,4.999,15.999],"texture":"#texture"},"east":{"uv":[5.001,13.501,5.499,15.999],"texture":"#texture"}}},{"__comment":"Blade","from":[7.5,21.5,7.875],"to":[9.5,24.5,8.125],"faces":{"down":{"uv":[4.001,15.501,5.999,15.999],"texture":"#texture"},"up":{"uv":[4.001,13.001,5.999,13.499],"texture":"#texture"},"north":{"uv":[5.999,13.001,4.001,15.999],"texture":"#texture"},"south":{"uv":[4.001,13.001,5.999,15.999],"texture":"#texture"},"west":{"uv":[4.001,13.001,4.499,15.999],"texture":"#texture"},"east":{"uv":[5.501,13.001,5.999,15.999],"texture":"#texture"}}},{"__comment":"Blade","from":[7,23,7.875],"to":[7.5,24.5,8.125],"faces":{"down":{"uv":[3.501,14.501,3.999,14.999],"texture":"#texture"},"up":{"uv":[3.501,13.001,3.999,13.499],"texture":"#texture"},"north":{"uv":[3.999,13.001,3.501,14.999],"texture":"#texture"},"south":{"uv":[3.501,13.001,3.999,14.999],"texture":"#texture"},"west":{"uv":[3.501,13.001,3.999,14.999],"texture":"#texture"},"east":{"uv":[3.501,13.001,3.999,14.999],"texture":"#texture"}}},{"__comment":"Blade","from":[6.5,24.5,7.875],"to":[9,25.5,8.125],"faces":{"down":{"uv":[3.001,12.501,5.499,12.999],"texture":"#texture"},"up":{"uv":[3.001,12.001,5.499,12.499],"texture":"#texture"},"north":{"uv":[5.499,12.001,3.001,12.999],"texture":"#texture"},"south":{"uv":[3.001,12.001,5.499,12.999],"texture":"#texture"},"west":{"uv":[3.001,12.001,3.499,12.999],"texture":"#texture"},"east":{"uv":[5.001,12.001,5.499,12.999],"texture":"#texture"}}},{"__comment":"Blade","from":[6.5,25.5,7.875],"to":[8.5,26,8.125],"faces":{"down":{"uv":[3.001,11.501,4.999,11.999],"texture":"#texture"},"up":{"uv":[3.001,11.501,4.999,11.999],"texture":"#texture"},"north":{"uv":[4.999,11.501,3.001,11.999],"texture":"#texture"},"south":{"uv":[3.001,11.501,4.999,11.999],"texture":"#texture"},"west":{"uv":[3.001,11.501,3.499,11.999],"texture":"#texture"},"east":{"uv":[4.501,11.501,4.999,11.999],"texture":"#texture"}}},{"__comment":"Blade","from":[6.5,26,7.875],"to":[8,26.5,8.125],"faces":{"down":{"uv":[3.001,11.001,4.499,11.499],"texture":"#texture"},"up":{"uv":[3.001,11.001,4.499,11.499],"texture":"#texture"},"north":{"uv":[4.499,11.001,3.001,11.499],"texture":"#texture"},"south":{"uv":[3.001,11.001,4.499,11.499],"texture":"#texture"},"west":{"uv":[3.001,11.001,3.499,11.499],"texture":"#texture"},"east":{"uv":[4.001,11.001,4.499,11.499],"texture":"#texture"}}},{"__comment":"Blade","from":[6,26.5,7.875],"to":[7.5,27,8.125],"faces":{"down":{"uv":[2.501,10.501,3.999,10.999],"texture":"#texture"},"up":{"uv":[2.501,10.501,3.999,10.999],"texture":"#texture"},"north":{"uv":[3.999,10.501,2.501,10.999],"texture":"#texture"},"south":{"uv":[2.501,10.501,3.999,10.999],"texture":"#texture"},"west":{"uv":[2.501,10.501,2.999,10.999],"texture":"#texture"},"east":{"uv":[3.501,10.501,3.999,10.999],"texture":"#texture"}}},{"__comment":"Blade","from":[6,27,7.875],"to":[6.5,27.5,8.125],"faces":{"down":{"uv":[2.501,10.001,2.999,10.499],"texture":"#texture"},"up":{"uv":[2.501,10.001,2.999,10.499],"texture":"#texture"},"north":{"uv":[2.999,10.001,2.501,10.499],"texture":"#texture"},"south":{"uv":[2.501,10.001,2.999,10.499],"texture":"#texture"},"west":{"uv":[2.501,10.001,2.999,10.499],"texture":"#texture"},"east":{"uv":[2.501,10.001,2.999,10.499],"texture":"#texture"}}},{"__comment":"Blade","from":[7.5,24,7.75],"to":[8,25,8.25],"faces":{"down":{"uv":[4.001,13.001,4.499,13.499],"texture":"#texture"},"up":{"uv":[4.001,12.501,4.499,12.999],"texture":"#texture"},"north":{"uv":[4.499,12.501,4.001,13.499],"texture":"#texture"},"south":{"uv":[4.001,12.501,4.499,13.499],"texture":"#texture"},"west":{"uv":[4.001,12.501,4.499,13.499],"texture":"#texture"},"east":{"uv":[4.001,12.501,4.499,13.499],"texture":"#texture"}}},{"from":[7,5,7.5],"to":[10,5.5,8.5],"faces":{"down":{"uv":[7.001,10.501,9.999,10.999],"texture":"#texture"},"up":{"uv":[7.001,10.501,9.999,10.999],"texture":"#texture"},"north":{"uv":[9.999,10.501,7.001,10.999],"texture":"#texture"},"south":{"uv":[7.001,10.501,9.999,10.999],"texture":"#texture"},"west":{"uv":[7.001,10.501,7.499,10.999],"texture":"#texture"},"east":{"uv":[9.501,10.501,9.999,10.999],"texture":"#texture"}}},{"from":[7,4.5,7],"to":[10,5,9],"faces":{"down":{"uv":[7.001,11.001,9.999,11.499],"texture":"#texture"},"up":{"uv":[7.001,11.001,9.999,11.499],"texture":"#texture"},"north":{"uv":[9.999,11.001,7.001,11.499],"texture":"#texture"},"south":{"uv":[7.001,11.001,9.999,11.499],"texture":"#texture"},"west":{"uv":[7.001,11.001,7.499,11.499],"texture":"#texture"},"east":{"uv":[9.501,11.001,9.999,11.499],"texture":"#texture"}}},{"from":[6.5,4.5,7.5],"to":[7,5,8.5],"faces":{"down":{"uv":[6.501,11.001,6.999,11.499],"texture":"#texture"},"up":{"uv":[6.501,11.001,6.999,11.499],"texture":"#texture"},"north":{"uv":[6.999,11.001,6.501,11.499],"texture":"#texture"},"south":{"uv":[6.501,11.001,6.999,11.499],"texture":"#texture"},"west":{"uv":[6.501,11.001,6.999,11.499],"texture":"#texture"},"east":{"uv":[6.501,11.001,6.999,11.499],"texture":"#texture"}}},{"from":[10,4.5,7.25],"to":[10.5,5,8.75],"faces":{"down":{"uv":[10.001,11.001,10.499,11.499],"texture":"#texture"},"up":{"uv":[10.001,11.001,10.499,11.499],"texture":"#texture"},"north":{"uv":[10.499,11.001,10.001,11.499],"texture":"#texture"},"south":{"uv":[10.001,11.001,10.499,11.499],"texture":"#texture"},"west":{"uv":[10.001,11.001,10.499,11.499],"texture":"#texture"},"east":{"uv":[10.001,11.001,10.499,11.499],"texture":"#texture"}}},{"from":[10,4,7.25],"to":[10.5,4.5,8.75],"faces":{"down":{"uv":[10.001,11.501,10.499,11.999],"texture":"#texture"},"up":{"uv":[10.001,11.501,10.499,11.999],"texture":"#texture"},"north":{"uv":[10.499,11.501,10.001,11.999],"texture":"#texture"},"south":{"uv":[10.001,11.501,10.499,11.999],"texture":"#texture"},"west":{"uv":[10.001,11.501,10.499,11.999],"texture":"#texture"},"east":{"uv":[10.001,11.501,10.499,11.999],"texture":"#texture"}}},{"from":[10.5,1,7.5],"to":[11,4.5,8.5],"faces":{"down":{"uv":[10.501,14.501,10.999,14.999],"texture":"#texture"},"up":{"uv":[10.501,11.501,10.999,11.999],"texture":"#texture"},"north":{"uv":[10.999,11.501,10.501,14.999],"texture":"#texture"},"south":{"uv":[10.501,11.501,10.999,14.999],"texture":"#texture"},"west":{"uv":[10.501,11.501,10.999,14.999],"texture":"#texture"},"east":{"uv":[10.501,11.501,10.999,14.999],"texture":"#texture"}}},{"from":[10,0.5,7.5],"to":[10.5,1.5,8.5],"faces":{"down":{"uv":[10.001,15.001,10.499,15.499],"texture":"#texture"},"up":{"uv":[10.001,14.501,10.499,14.999],"texture":"#texture"},"north":{"uv":[10.499,14.501,10.001,15.499],"texture":"#texture"},"south":{"uv":[10.001,14.501,10.499,15.499],"texture":"#texture"},"west":{"uv":[10.001,14.501,10.499,15.499],"texture":"#texture"},"east":{"uv":[10.001,14.501,10.499,15.499],"texture":"#texture"}}},{"from":[8,0.5,7.25],"to":[10,1,8.75],"faces":{"down":{"uv":[8.001,15.001,9.999,15.499],"texture":"#texture"},"up":{"uv":[8.001,15.001,9.999,15.499],"texture":"#texture"},"north":{"uv":[9.999,15.001,8.001,15.499],"texture":"#texture"},"south":{"uv":[8.001,15.001,9.999,15.499],"texture":"#texture"},"west":{"uv":[8.001,15.001,8.499,15.499],"texture":"#texture"},"east":{"uv":[9.501,15.001,9.999,15.499],"texture":"#texture"}}},{"from":[8.5,0,7.25],"to":[9,0.5,8.75],"faces":{"down":{"uv":[8.501,15.501,8.999,15.999],"texture":"#texture"},"up":{"uv":[8.501,15.501,8.999,15.999],"texture":"#texture"},"north":{"uv":[8.999,15.501,8.501,15.999],"texture":"#texture"},"south":{"uv":[8.501,15.501,8.999,15.999],"texture":"#texture"},"west":{"uv":[8.501,15.501,8.999,15.999],"texture":"#texture"},"east":{"uv":[8.501,15.501,8.999,15.999],"texture":"#texture"}}},{"from":[8,0,7.5],"to":[8.5,0.5,8.5],"faces":{"down":{"uv":[8.001,15.501,8.499,15.999],"texture":"#texture"},"up":{"uv":[8.001,15.501,8.499,15.999],"texture":"#texture"},"north":{"uv":[8.499,15.501,8.001,15.999],"texture":"#texture"},"south":{"uv":[8.001,15.501,8.499,15.999],"texture":"#texture"},"west":{"uv":[8.001,15.501,8.499,15.999],"texture":"#texture"},"east":{"uv":[8.001,15.501,8.499,15.999],"texture":"#texture"}}},{"from":[8.25,1,7.5],"to":[8.75,4.5,8.5],"faces":{"down":{"uv":[8.251,14.501,8.749,14.999],"texture":"#texture"},"up":{"uv":[8.251,11.501,8.749,11.999],"texture":"#texture"},"north":{"uv":[8.749,11.501,8.251,14.999],"texture":"#texture"},"south":{"uv":[8.251,11.501,8.749,14.999],"texture":"#texture"},"west":{"uv":[8.001,11.501,8.499,14.999],"texture":"#texture"},"east":{"uv":[8.501,11.501,8.999,14.999],"texture":"#texture"}}},{"from":[8,1,7.75],"to":[8.25,4.5,8.25],"faces":{"down":{"uv":[8.001,14.501,8.499,14.999],"texture":"#texture"},"up":{"uv":[8.001,11.501,8.499,11.999],"texture":"#texture"},"north":{"uv":[8.499,11.501,8.001,14.999],"texture":"#texture"},"south":{"uv":[8.001,11.501,8.499,14.999],"texture":"#texture"},"west":{"uv":[8.001,11.501,8.499,14.999],"texture":"#texture"},"east":{"uv":[8.001,11.501,8.499,14.999],"texture":"#texture"}}},{"from":[8.75,1,7.75],"to":[9,4.5,8.25],"faces":{"down":{"uv":[8.501,14.501,8.999,14.999],"texture":"#texture"},"up":{"uv":[8.501,11.501,8.999,11.999],"texture":"#texture"},"north":{"uv":[8.999,11.501,8.501,14.999],"texture":"#texture"},"south":{"uv":[8.501,11.501,8.999,14.999],"texture":"#texture"},"west":{"uv":[8.501,11.501,8.999,14.999],"texture":"#texture"},"east":{"uv":[8.501,11.501,8.999,14.999],"texture":"#texture"}}}],"display":{"thirdperson_righthand":{"rotation":[0,90,0],"translation":[0,4.16,1.89],"scale":[1.2,1.2,1.2]},"thirdperson_lefthand":{"rotation":[0,-90,0],"translation":[0,4.16,1.89],"scale":[1.2,1.2,1.2]},"ground":{"rotation":[90,0,0],"translation":[0,0,-2.65],"scale":[0.5,0.5,0.5]},"fixed":{"rotation":[0,0,-45],"translation":[-2.8,-3.2,0],"scale":[0.8,0.8,0.8]},"firstperson_righthand":{"rotation":[0,90,0],"translation":[0,3.4,0],"scale":[0.5,0.5,0.5]},"firstperson_lefthand":{"rotation":[0,-90,0],"translation":[0,3.4,0],"scale":[0.5,0.5,0.5]},"gui":{"rotation":[0,180,-45],"translation":[2.65,-2.83,0],"scale":[0.7,0.7,0.7]}}}