{"parent":"item/handheld","textures":{"layer0":"items/diamond_sword/s4"},"display":{"thirdperson_righthand":{"rotation":[0,-90,45],"translation":[0,4,1],"scale":[2,2,2]},"thirdperson_lefthand":{"rotation":[0,90,-45],"translation":[0,4,1],"scale":[2,2,2]},"head":{"rotation":[0,180,-146],"translation":[0.2,-18.14,4],"scale":[3,3,3]},"ground":{"rotation":[-70,0,0],"translation":[0,0,0],"scale":[1.3,1.3,1.3]},"fixed":{"rotation":[0,0,0],"translation":[0,0,-0.38],"scale":[1.2,1.2,1.2]},"firstperson_righthand":{"rotation":[0,-90,90],"translation":[1,5,0],"scale":[1.5,1.5,1.5]},"firstperson_lefthand":{"rotation":[0,90,-90],"translation":[1,5,0],"scale":[1.5,1.5,1.5]},"gui":{"rotation":[0,0,0],"translation":[0,0,0],"scale":[1.0,1.0,1.0]}}}