{"__comment":"toinserver","ambientocclusion":false,"textures":{"texture":"items/diamond_sword/staff_wolf","staff_wolf_top":"items/diamond_sword/staff_wolf_top","staff_wolf_bottom":"items/diamond_sword/staff_wolf_bottom"},"elements":[{"__comment":"Wolfstaff","from":[6.375,14.125,7.875],"to":[9.5,14.25,8.125],"faces":{"down":{"uv":[9.624,8.124,6.501,7.876],"texture":"#staff_wolf_bottom"},"up":{"uv":[6.376,7.876,9.499,8.124],"texture":"#staff_wolf_top"},"north":{"uv":[9.499,1.751,6.376,1.874],"texture":"#texture"},"south":{"uv":[6.376,1.751,9.499,1.874],"texture":"#texture"},"west":{"uv":[7.876,1.751,8.124,1.874],"texture":"#staff_wolf_top"},"east":{"uv":[8.124,1.751,7.876,1.874],"texture":"#texture"}}},{"__comment":"Wolfstaff","from":[6.5,14.125,7.75],"to":[9.375,14.25,7.875],"faces":{"down":{"uv":[9.499,7.874,6.626,7.751],"texture":"#staff_wolf_bottom"},"up":{"uv":[6.501,7.751,9.374,7.874],"texture":"#staff_wolf_top"},"north":{"uv":[9.374,1.751,6.501,1.874],"texture":"#texture"},"west":{"uv":[7.751,1.751,7.874,1.874],"texture":"#staff_wolf_top"},"east":{"uv":[7.874,1.751,7.751,1.874],"texture":"#texture"}}},{"__comment":"Wolfstaff","from":[6.5,14,7.875],"to":[9.5,14.125,8.125],"faces":{"down":{"uv":[9.499,8.124,6.501,7.876],"texture":"#staff_wolf_bottom"},"north":{"uv":[9.499,1.876,6.501,1.999],"texture":"#texture"},"south":{"uv":[6.501,1.876,9.499,1.999],"texture":"#texture"},"west":{"uv":[7.876,1.876,8.124,1.999],"texture":"#staff_wolf_top"},"east":{"uv":[8.124,1.876,7.876,1.999],"texture":"#texture"}}},{"__comment":"Wolfstaff","from":[6.5,14.125,8.125],"to":[9.375,14.25,8.25],"faces":{"down":{"uv":[9.499,8.249,6.626,8.126],"texture":"#staff_wolf_bottom"},"up":{"uv":[6.501,8.126,9.374,8.249],"texture":"#staff_wolf_top"},"south":{"uv":[6.501,1.751,9.374,1.874],"texture":"#texture"},"west":{"uv":[8.126,1.751,8.249,1.874],"texture":"#staff_wolf_top"},"east":{"uv":[8.249,1.751,8.126,1.874],"texture":"#texture"}}},{"__comment":"Wolfstaff","from":[6.625,14,7.625],"to":[9.25,14.125,7.875],"faces":{"down":{"uv":[9.374,7.874,6.751,7.626],"texture":"#staff_wolf_bottom"},"up":{"uv":[6.626,7.626,9.249,7.874],"texture":"#staff_wolf_top"},"north":{"uv":[9.249,1.876,6.626,1.999],"texture":"#texture"},"west":{"uv":[7.626,1.876,7.874,1.999],"texture":"#staff_wolf_top"},"east":{"uv":[7.874,1.876,7.626,1.999],"texture":"#texture"}}},{"__comment":"Wolfstaff","from":[6.625,13.875,7.75],"to":[7.25,14,8.25],"faces":{"down":{"uv":[9.374,8.249,8.751,7.751],"texture":"#staff_wolf_bottom"},"up":{"uv":[6.626,7.751,7.249,8.249],"texture":"#staff_wolf_top"},"north":{"uv":[7.249,2.001,6.626,2.124],"texture":"#texture"},"south":{"uv":[6.626,2.001,7.249,2.124],"texture":"#texture"},"west":{"uv":[7.751,2.001,8.249,2.124],"texture":"#staff_wolf_top"},"east":{"uv":[8.249,2.001,7.751,2.124],"texture":"#texture"}}},{"__comment":"Wolfstaff","from":[6.625,14.25,7.75],"to":[9.25,14.375,8.25],"faces":{"down":{"uv":[9.374,8.249,6.751,7.751],"texture":"#staff_wolf_bottom"},"up":{"uv":[6.626,7.751,9.249,8.249],"texture":"#staff_wolf_top"},"north":{"uv":[9.249,1.626,6.626,1.749],"texture":"#texture"},"south":{"uv":[6.626,1.626,9.249,1.749],"texture":"#texture"},"west":{"uv":[7.751,1.626,8.249,1.749],"texture":"#staff_wolf_top"},"east":{"uv":[8.249,1.626,7.751,1.749],"texture":"#texture"}}},{"__comment":"Wolfstaff","from":[6.625,14,8.125],"to":[9.25,14.125,8.375],"faces":{"down":{"uv":[9.374,8.374,6.751,8.126],"texture":"#staff_wolf_bottom"},"up":{"uv":[6.626,8.126,9.249,8.374],"texture":"#staff_wolf_top"},"south":{"uv":[6.626,1.876,9.249,1.999],"texture":"#texture"},"west":{"uv":[8.126,1.876,8.374,1.999],"texture":"#staff_wolf_top"},"east":{"uv":[8.374,1.876,8.126,1.999],"texture":"#texture"}}},{"__comment":"Wolfstaff","from":[6.75,13.875,7.5],"to":[6.875,14,7.75],"faces":{"down":{"uv":[9.249,7.749,9.126,7.501],"texture":"#staff_wolf_bottom"},"up":{"uv":[6.751,7.501,6.874,7.749],"texture":"#staff_wolf_top"},"north":{"uv":[6.874,2.001,6.751,2.124],"texture":"#texture"},"west":{"uv":[7.501,2.001,7.749,2.124],"texture":"#staff_wolf_top"},"east":{"uv":[7.749,2.001,7.501,2.124],"texture":"#texture"}}},{"__comment":"Wolfstaff","from":[6.75,14.125,7.625],"to":[9.125,14.375,7.75],"faces":{"up":{"uv":[6.751,7.626,9.124,7.749],"texture":"#staff_wolf_top"},"north":{"uv":[9.124,1.626,6.751,1.874],"texture":"#texture"},"south":{"uv":[6.751,1.626,9.124,1.874],"texture":"#texture"},"west":{"uv":[7.626,1.626,7.749,1.874],"texture":"#staff_wolf_top"},"east":{"uv":[7.749,1.626,7.626,1.874],"texture":"#texture"}}},{"__comment":"Wolfstaff","from":[6.75,13.75,7.75],"to":[7,13.875,8.25],"faces":{"down":{"uv":[9.249,8.249,9.001,7.751],"texture":"#staff_wolf_bottom"},"north":{"uv":[6.999,2.126,6.751,2.249],"texture":"#texture"},"south":{"uv":[6.751,2.126,6.999,2.249],"texture":"#texture"},"west":{"uv":[7.751,2.126,8.249,2.249],"texture":"#staff_wolf_top"},"east":{"uv":[8.249,2.126,7.751,2.249],"texture":"#texture"}}},{"__comment":"Wolfstaff","from":[6.75,14.375,7.75],"to":[9.125,14.5,8.25],"faces":{"up":{"uv":[6.751,7.751,9.124,8.249],"texture":"#staff_wolf_top"},"north":{"uv":[9.124,1.501,6.751,1.624],"texture":"#texture"},"south":{"uv":[6.751,1.501,9.124,1.624],"texture":"#texture"},"west":{"uv":[7.751,1.501,8.249,1.624],"texture":"#staff_wolf_top"},"east":{"uv":[8.249,1.501,7.751,1.624],"texture":"#texture"}}},{"__comment":"Wolfstaff","from":[6.75,14.625,7.75],"to":[9,14.75,8.25],"faces":{"down":{"uv":[9.249,8.249,7.001,7.751],"texture":"#staff_wolf_bottom"},"up":{"uv":[6.751,7.751,8.999,8.249],"texture":"#staff_wolf_top"},"north":{"uv":[8.999,1.251,6.751,1.374],"texture":"#texture"},"south":{"uv":[6.751,1.251,8.999,1.374],"texture":"#texture"},"west":{"uv":[7.751,1.251,8.249,1.374],"texture":"#staff_wolf_top"},"east":{"uv":[8.249,1.251,7.751,1.374],"texture":"#texture"}}},{"__comment":"Wolfstaff","from":[6.75,14.75,7.875],"to":[9,14.875,8.125],"faces":{"up":{"uv":[6.751,7.876,8.999,8.124],"texture":"#staff_wolf_top"},"north":{"uv":[8.999,1.126,6.751,1.249],"texture":"#texture"},"south":{"uv":[6.751,1.126,8.999,1.249],"texture":"#texture"},"west":{"uv":[7.876,1.126,8.124,1.249],"texture":"#staff_wolf_top"},"east":{"uv":[8.124,1.126,7.876,1.249],"texture":"#texture"}}},{"__comment":"Wolfstaff","from":[6.75,13.875,8.25],"to":[6.875,14,8.5],"faces":{"down":{"uv":[9.249,8.499,9.126,8.251],"texture":"#staff_wolf_bottom"},"up":{"uv":[6.751,8.251,6.874,8.499],"texture":"#staff_wolf_top"},"south":{"uv":[6.751,2.001,6.874,2.124],"texture":"#texture"},"west":{"uv":[8.251,2.001,8.499,2.124],"texture":"#staff_wolf_top"},"east":{"uv":[8.499,2.001,8.251,2.124],"texture":"#texture"}}},{"__comment":"Wolfstaff","from":[6.75,14.125,8.25],"to":[9.125,14.375,8.375],"faces":{"up":{"uv":[6.751,8.251,9.124,8.374],"texture":"#staff_wolf_top"},"north":{"uv":[9.124,1.626,6.751,1.874],"texture":"#texture"},"south":{"uv":[6.751,1.626,9.124,1.874],"texture":"#texture"},"west":{"uv":[8.251,1.626,8.374,1.874],"texture":"#staff_wolf_top"},"east":{"uv":[8.374,1.626,8.251,1.874],"texture":"#texture"}}},{"__comment":"Wolfstaff","from":[6.875,14,7.5],"to":[7.25,14.25,7.625],"faces":{"down":{"uv":[9.124,7.624,8.751,7.501],"texture":"#staff_wolf_bottom"},"up":{"uv":[6.876,7.501,7.249,7.624],"texture":"#staff_wolf_top"},"north":{"uv":[7.249,1.751,6.876,1.999],"texture":"#texture"},"south":{"uv":[6.876,1.751,7.249,1.999],"texture":"#texture"},"west":{"uv":[7.501,1.751,7.624,1.999],"texture":"#staff_wolf_top"},"east":{"uv":[7.624,1.751,7.501,1.999],"texture":"#texture"}}},{"__comment":"Wolfstaff","from":[6.875,13.875,7.625],"to":[7,14,7.75],"faces":{"down":{"uv":[9.124,7.749,9.001,7.626],"texture":"#staff_wolf_bottom"},"north":{"uv":[6.999,2.001,6.876,2.124],"texture":"#texture"},"east":{"uv":[7.749,2.001,7.626,2.124],"texture":"#texture"}}},{"__comment":"Wolfstaff","from":[6.875,14.375,7.625],"to":[7,14.875,7.75],"faces":{"up":{"uv":[6.876,7.626,6.999,7.749],"texture":"#staff_wolf_top"},"north":{"uv":[6.999,1.126,6.876,1.624],"texture":"#texture"},"south":{"uv":[6.876,1.126,6.999,1.624],"texture":"#texture"},"west":{"uv":[7.626,1.126,7.749,1.624],"texture":"#staff_wolf_top"},"east":{"uv":[7.749,1.126,7.626,1.624],"texture":"#texture"}}},{"__comment":"Wolfstaff","from":[6.875,14.5,7.75],"to":[7,14.625,8.375],"faces":{"down":{"uv":[9.124,8.374,9.001,7.751],"texture":"#staff_wolf_bottom"},"up":{"uv":[6.876,7.751,6.999,8.374],"texture":"#staff_wolf_top"},"south":{"uv":[6.876,1.376,6.999,1.499],"texture":"#texture"},"west":{"uv":[7.751,1.376,8.374,1.499],"texture":"#staff_wolf_top"},"east":{"uv":[8.374,1.376,7.751,1.499],"texture":"#texture"}}},{"__comment":"Wolfstaff","from":[6.875,14.75,7.75],"to":[8.75,15,7.875],"faces":{"up":{"uv":[6.876,7.751,8.749,7.874],"texture":"#staff_wolf_top"},"north":{"uv":[8.749,1.001,6.876,1.249],"texture":"#texture"},"south":{"uv":[6.876,1.001,8.749,1.249],"texture":"#texture"},"west":{"uv":[7.751,1.001,7.874,1.249],"texture":"#staff_wolf_top"},"east":{"uv":[7.874,1.001,7.751,1.249],"texture":"#texture"}}},{"__comment":"Wolfstaff","from":[6.875,13.625,7.875],"to":[7.125,13.75,8.125],"faces":{"down":{"uv":[9.124,8.124,8.876,7.876],"texture":"#staff_wolf_bottom"},"up":{"uv":[6.876,7.876,7.124,8.124],"texture":"#staff_wolf_top"},"north":{"uv":[7.124,2.251,6.876,2.374],"texture":"#texture"},"south":{"uv":[6.876,2.251,7.124,2.374],"texture":"#texture"},"west":{"uv":[7.876,2.251,8.124,2.374],"texture":"#staff_wolf_top"},"east":{"uv":[8.124,2.251,7.876,2.374],"texture":"#texture"}}},{"__comment":"Wolfstaff","from":[6.875,14.875,7.875],"to":[8.75,15,8.25],"faces":{"down":{"uv":[9.124,8.249,7.251,7.876],"texture":"#staff_wolf_bottom"},"up":{"uv":[6.876,7.876,8.749,8.249],"texture":"#staff_wolf_top"},"south":{"uv":[6.876,1.001,8.749,1.124],"texture":"#texture"},"west":{"uv":[7.876,1.001,8.249,1.124],"texture":"#staff_wolf_top"},"east":{"uv":[8.249,1.001,7.876,1.124],"texture":"#texture"}}},{"__comment":"Wolfstaff","from":[6.875,15,7.875],"to":[8.875,15.125,8.125],"faces":{"down":{"uv":[9.124,8.124,7.126,7.876],"texture":"#staff_wolf_bottom"},"up":{"uv":[6.876,7.876,8.874,8.124],"texture":"#staff_wolf_top"},"north":{"uv":[8.874,0.876,6.876,0.999],"texture":"#texture"},"south":{"uv":[6.876,0.876,8.874,0.999],"texture":"#texture"},"west":{"uv":[7.876,0.876,8.124,0.999],"texture":"#staff_wolf_top"},"east":{"uv":[8.124,0.876,7.876,0.999],"texture":"#texture"}}},{"__comment":"Wolfstaff","from":[6.875,14.75,8.125],"to":[8.75,14.875,8.375],"faces":{"down":{"uv":[9.124,8.374,7.251,8.126],"texture":"#staff_wolf_bottom"},"up":{"uv":[6.876,8.126,8.749,8.374],"texture":"#staff_wolf_top"},"south":{"uv":[6.876,1.126,8.749,1.249],"texture":"#texture"},"west":{"uv":[8.126,1.126,8.374,1.249],"texture":"#staff_wolf_top"},"east":{"uv":[8.374,1.126,8.126,1.249],"texture":"#texture"}}},{"__comment":"Wolfstaff","from":[6.875,13.875,8.25],"to":[7,14,8.375],"faces":{"down":{"uv":[9.124,8.374,9.001,8.251],"texture":"#staff_wolf_bottom"},"south":{"uv":[6.876,2.001,6.999,2.124],"texture":"#texture"},"east":{"uv":[8.374,2.001,8.251,2.124],"texture":"#texture"}}},{"__comment":"Wolfstaff","from":[6.875,14.375,8.25],"to":[9,14.5,8.375],"faces":{"up":{"uv":[6.876,8.251,8.999,8.374],"texture":"#staff_wolf_top"},"south":{"uv":[6.876,1.501,8.999,1.624],"texture":"#texture"},"west":{"uv":[8.251,1.501,8.374,1.624],"texture":"#staff_wolf_top"},"east":{"uv":[8.374,1.501,8.251,1.624],"texture":"#texture"}}},{"__comment":"Wolfstaff","from":[6.875,14.625,8.25],"to":[8.75,14.75,8.375],"faces":{"down":{"uv":[9.124,8.374,7.251,8.251],"texture":"#staff_wolf_bottom"},"south":{"uv":[6.876,1.251,8.749,1.374],"texture":"#texture"},"west":{"uv":[8.251,1.251,8.374,1.374],"texture":"#staff_wolf_top"},"east":{"uv":[8.374,1.251,8.251,1.374],"texture":"#texture"}}},{"__comment":"Wolfstaff","from":[6.875,14,8.375],"to":[7.25,14.25,8.5],"faces":{"down":{"uv":[9.124,8.499,8.751,8.376],"texture":"#staff_wolf_bottom"},"up":{"uv":[6.876,8.376,7.249,8.499],"texture":"#staff_wolf_top"},"north":{"uv":[7.249,1.751,6.876,1.999],"texture":"#texture"},"south":{"uv":[6.876,1.751,7.249,1.999],"texture":"#texture"},"west":{"uv":[8.376,1.751,8.499,1.999],"texture":"#staff_wolf_top"},"east":{"uv":[8.499,1.751,8.376,1.999],"texture":"#texture"}}},{"__comment":"Wolfstaff","from":[7,14.25,7.5],"to":[8.875,14.5,7.625],"faces":{"down":{"uv":[8.999,7.624,7.126,7.501],"texture":"#staff_wolf_bottom"},"up":{"uv":[7.001,7.501,8.874,7.624],"texture":"#staff_wolf_top"},"north":{"uv":[8.874,1.501,7.001,1.749],"texture":"#texture"},"south":{"uv":[7.001,1.501,8.874,1.749],"texture":"#texture"},"west":{"uv":[7.501,1.501,7.624,1.749],"texture":"#staff_wolf_top"},"east":{"uv":[7.624,1.501,7.501,1.749],"texture":"#texture"}}},{"__comment":"Wolfstaff","from":[7,14.75,7.5],"to":[8.625,14.875,7.75],"faces":{"down":{"uv":[8.999,7.749,7.376,7.501],"texture":"#staff_wolf_bottom"},"up":{"uv":[7.001,7.501,8.624,7.749],"texture":"#staff_wolf_top"},"north":{"uv":[8.624,1.126,7.001,1.249],"texture":"#texture"},"west":{"uv":[7.501,1.126,7.749,1.249],"texture":"#staff_wolf_top"},"east":{"uv":[7.749,1.126,7.501,1.249],"texture":"#texture"}}},{"__comment":"Wolfstaff","from":[7,14.375,7.625],"to":[9,14.5,7.75],"faces":{"up":{"uv":[7.001,7.626,8.999,7.749],"texture":"#staff_wolf_top"},"north":{"uv":[8.999,1.501,7.001,1.624],"texture":"#texture"},"east":{"uv":[7.749,1.501,7.626,1.624],"texture":"#texture"}}},{"__comment":"Wolfstaff","from":[7,14.625,7.625],"to":[8.75,14.75,7.75],"faces":{"down":{"uv":[8.999,7.749,7.251,7.626],"texture":"#staff_wolf_bottom"},"up":{"uv":[7.001,7.626,8.749,7.749],"texture":"#staff_wolf_top"},"north":{"uv":[8.749,1.251,7.001,1.374],"texture":"#texture"},"east":{"uv":[7.749,1.251,7.626,1.374],"texture":"#texture"}}},{"__comment":"Wolfstaff","from":[7,14.875,7.625],"to":[8.625,15.125,7.75],"faces":{"up":{"uv":[7.001,7.626,8.624,7.749],"texture":"#staff_wolf_top"},"north":{"uv":[8.624,0.876,7.001,1.124],"texture":"#texture"},"south":{"uv":[7.001,0.876,8.624,1.124],"texture":"#texture"},"west":{"uv":[7.626,0.876,7.749,1.124],"texture":"#staff_wolf_top"},"east":{"uv":[7.749,0.876,7.626,1.124],"texture":"#texture"}}},{"__comment":"Wolfstaff","from":[7,13.625,7.75],"to":[7.125,13.75,7.875],"faces":{"down":{"uv":[8.999,7.874,8.876,7.751],"texture":"#staff_wolf_bottom"},"up":{"uv":[7.001,7.751,7.124,7.874],"texture":"#staff_wolf_top"},"north":{"uv":[7.124,2.251,7.001,2.374],"texture":"#texture"},"west":{"uv":[7.751,2.251,7.874,2.374],"texture":"#staff_wolf_top"},"east":{"uv":[7.874,2.251,7.751,2.374],"texture":"#texture"}}},{"__comment":"Wolfstaff","from":[7,14.5,7.75],"to":[9,14.625,8.25],"faces":{"north":{"uv":[8.999,1.376,7.001,1.499],"texture":"#texture"},"south":{"uv":[7.001,1.376,8.999,1.499],"texture":"#texture"},"east":{"uv":[8.249,1.376,7.751,1.499],"texture":"#texture"}}},{"__comment":"Wolfstaff","from":[7,15,7.75],"to":[8.75,15.25,7.875],"faces":{"up":{"uv":[7.001,7.751,8.749,7.874],"texture":"#staff_wolf_top"},"north":{"uv":[8.749,0.751,7.001,0.999],"texture":"#texture"},"south":{"uv":[7.001,0.751,8.749,0.999],"texture":"#texture"},"west":{"uv":[7.751,0.751,7.874,0.999],"texture":"#staff_wolf_top"},"east":{"uv":[7.874,0.751,7.751,0.999],"texture":"#texture"}}},{"__comment":"Wolfstaff","from":[7,12.875,7.875],"to":[8.75,13,8.125],"faces":{"down":{"uv":[8.999,8.124,7.251,7.876],"texture":"#staff_wolf_bottom"},"up":{"uv":[7.001,7.876,8.749,8.124],"texture":"#staff_wolf_top"},"north":{"uv":[8.749,3.001,7.001,3.124],"texture":"#texture"},"south":{"uv":[7.001,3.001,8.749,3.124],"texture":"#texture"},"west":{"uv":[7.876,3.001,8.124,3.124],"texture":"#staff_wolf_top"},"east":{"uv":[8.124,3.001,7.876,3.124],"texture":"#texture"}}},{"__comment":"Wolfstaff","from":[7,13.75,7.875],"to":[7.125,13.875,8.125],"faces":{"north":{"uv":[7.124,2.126,7.001,2.249],"texture":"#texture"},"south":{"uv":[7.001,2.126,7.124,2.249],"texture":"#texture"},"east":{"uv":[8.124,2.126,7.876,2.249],"texture":"#texture"}}},{"__comment":"Wolfstaff","from":[7,15.125,7.875],"to":[8.875,15.25,8.25],"faces":{"down":{"uv":[8.999,8.249,7.126,7.876],"texture":"#staff_wolf_bottom"},"up":{"uv":[7.001,7.876,8.874,8.249],"texture":"#staff_wolf_top"},"north":{"uv":[8.874,0.751,7.001,0.874],"texture":"#texture"},"south":{"uv":[7.001,0.751,8.874,0.874],"texture":"#texture"},"west":{"uv":[7.876,0.751,8.249,0.874],"texture":"#staff_wolf_top"},"east":{"uv":[8.249,0.751,7.876,0.874],"texture":"#texture"}}},{"__comment":"Wolfstaff","from":[7,15.25,7.875],"to":[8.875,15.375,8.125],"faces":{"up":{"uv":[7.001,7.876,8.874,8.124],"texture":"#staff_wolf_top"},"north":{"uv":[8.874,0.626,7.001,0.749],"texture":"#texture"},"south":{"uv":[7.001,0.626,8.874,0.749],"texture":"#texture"},"west":{"uv":[7.876,0.626,8.124,0.749],"texture":"#staff_wolf_top"},"east":{"uv":[8.124,0.626,7.876,0.749],"texture":"#texture"}}},{"__comment":"Wolfstaff","from":[7,12.75,8],"to":[8.75,12.875,8.125],"faces":{"down":{"uv":[8.999,8.124,7.251,8.001],"texture":"#staff_wolf_bottom"},"north":{"uv":[8.749,3.126,7.001,3.249],"texture":"#texture"},"south":{"uv":[7.001,3.126,8.749,3.249],"texture":"#texture"},"west":{"uv":[8.001,3.126,8.124,3.249],"texture":"#staff_wolf_top"},"east":{"uv":[8.124,3.126,8.001,3.249],"texture":"#texture"}}},{"__comment":"Wolfstaff","from":[7,13.625,8.125],"to":[7.125,13.75,8.25],"faces":{"down":{"uv":[8.999,8.249,8.876,8.126],"texture":"#staff_wolf_bottom"},"up":{"uv":[7.001,8.126,7.124,8.249],"texture":"#staff_wolf_top"},"south":{"uv":[7.001,2.251,7.124,2.374],"texture":"#texture"},"west":{"uv":[8.126,2.251,8.249,2.374],"texture":"#staff_wolf_top"},"east":{"uv":[8.249,2.251,8.126,2.374],"texture":"#texture"}}},{"__comment":"Wolfstaff","from":[7,15,8.125],"to":[8.75,15.125,8.375],"faces":{"down":{"uv":[8.999,8.374,7.251,8.126],"texture":"#staff_wolf_bottom"},"up":{"uv":[7.001,8.126,8.749,8.374],"texture":"#staff_wolf_top"},"south":{"uv":[7.001,0.876,8.749,0.999],"texture":"#texture"},"west":{"uv":[8.126,0.876,8.374,0.999],"texture":"#staff_wolf_top"},"east":{"uv":[8.374,0.876,8.126,0.999],"texture":"#texture"}}},{"__comment":"Wolfstaff","from":[7,14.875,8.25],"to":[8.625,15,8.375],"faces":{"south":{"uv":[7.001,1.001,8.624,1.124],"texture":"#texture"},"west":{"uv":[8.251,1.001,8.374,1.124],"texture":"#staff_wolf_top"},"east":{"uv":[8.374,1.001,8.251,1.124],"texture":"#texture"}}},{"__comment":"Wolfstaff","from":[7,14.25,8.375],"to":[8.875,14.5,8.5],"faces":{"down":{"uv":[8.999,8.499,7.126,8.376],"texture":"#staff_wolf_bottom"},"up":{"uv":[7.001,8.376,8.874,8.499],"texture":"#staff_wolf_top"},"north":{"uv":[8.874,1.501,7.001,1.749],"texture":"#texture"},"south":{"uv":[7.001,1.501,8.874,1.749],"texture":"#texture"},"west":{"uv":[8.376,1.501,8.499,1.749],"texture":"#staff_wolf_top"},"east":{"uv":[8.499,1.501,8.376,1.749],"texture":"#texture"}}},{"__comment":"Wolfstaff","from":[7.125,14.125,7.375],"to":[8.875,14.25,7.5],"faces":{"down":{"uv":[8.874,7.499,7.126,7.376],"texture":"#staff_wolf_bottom"},"up":{"uv":[7.126,7.376,8.874,7.499],"texture":"#staff_wolf_top"},"north":{"uv":[8.874,1.751,7.126,1.874],"texture":"#texture"},"south":{"uv":[7.126,1.751,8.874,1.874],"texture":"#texture"},"west":{"uv":[7.376,1.751,7.499,1.874],"texture":"#staff_wolf_top"},"east":{"uv":[7.499,1.751,7.376,1.874],"texture":"#texture"}}},{"__comment":"Wolfstaff","from":[7.125,14.875,7.5],"to":[8.625,15.125,7.625],"faces":{"up":{"uv":[7.126,7.501,8.624,7.624],"texture":"#staff_wolf_top"},"north":{"uv":[8.624,0.876,7.126,1.124],"texture":"#texture"},"west":{"uv":[7.501,0.876,7.624,1.124],"texture":"#staff_wolf_top"},"east":{"uv":[7.624,0.876,7.501,1.124],"texture":"#texture"}}},{"__comment":"Wolfstaff","from":[7.125,14.5,7.625],"to":[8.875,14.625,7.75],"faces":{"up":{"uv":[7.126,7.626,8.874,7.749],"texture":"#staff_wolf_top"},"north":{"uv":[8.874,1.376,7.126,1.499],"texture":"#texture"},"west":{"uv":[7.626,1.376,7.749,1.499],"texture":"#staff_wolf_top"},"east":{"uv":[7.749,1.376,7.626,1.499],"texture":"#texture"}}},{"__comment":"Wolfstaff","from":[7.125,15.125,7.625],"to":[7.875,15.375,7.75],"faces":{"up":{"uv":[7.126,7.626,7.874,7.749],"texture":"#staff_wolf_top"},"north":{"uv":[7.874,0.626,7.126,0.874],"texture":"#texture"},"south":{"uv":[7.126,0.626,7.874,0.874],"texture":"#texture"},"west":{"uv":[7.626,0.626,7.749,0.874],"texture":"#staff_wolf_top"},"east":{"uv":[7.749,0.626,7.626,0.874],"texture":"#texture"}}},{"__comment":"Wolfstaff","from":[7.125,12.75,7.75],"to":[8.625,12.875,8],"faces":{"down":{"uv":[8.874,7.999,7.376,7.751],"texture":"#staff_wolf_bottom"},"up":{"uv":[7.126,7.751,8.624,7.999],"texture":"#staff_wolf_top"},"north":{"uv":[8.624,3.126,7.126,3.249],"texture":"#texture"},"west":{"uv":[7.751,3.126,7.999,3.249],"texture":"#staff_wolf_top"},"east":{"uv":[7.999,3.126,7.751,3.249],"texture":"#texture"}}},{"__comment":"Wolfstaff","from":[7.125,12.875,7.75],"to":[8.625,13,7.875],"faces":{"up":{"uv":[7.126,7.751,8.624,7.874],"texture":"#staff_wolf_top"},"north":{"uv":[8.624,3.001,7.126,3.124],"texture":"#texture"},"west":{"uv":[7.751,3.001,7.874,3.124],"texture":"#staff_wolf_top"},"east":{"uv":[7.874,3.001,7.751,3.124],"texture":"#texture"}}},{"__comment":"Wolfstaff","from":[7.125,15.25,7.75],"to":[7.375,15.625,7.875],"faces":{"up":{"uv":[7.126,7.751,7.374,7.874],"texture":"#staff_wolf_top"},"north":{"uv":[7.374,0.376,7.126,0.749],"texture":"#texture"},"south":{"uv":[7.126,0.376,7.374,0.749],"texture":"#texture"},"west":{"uv":[7.751,0.376,7.874,0.749],"texture":"#staff_wolf_top"},"east":{"uv":[7.874,0.376,7.751,0.749],"texture":"#texture"}}},{"__comment":"Wolfstaff","from":[7.125,12.5,7.875],"to":[8,12.75,8.125],"faces":{"down":{"uv":[8.874,8.124,8.001,7.876],"texture":"#staff_wolf_bottom"},"up":{"uv":[7.126,7.876,7.999,8.124],"texture":"#staff_wolf_top"},"north":{"uv":[7.999,3.251,7.126,3.499],"texture":"#texture"},"south":{"uv":[7.126,3.251,7.999,3.499],"texture":"#texture"},"west":{"uv":[7.876,3.251,8.124,3.499],"texture":"#staff_wolf_top"},"east":{"uv":[8.124,3.251,7.876,3.499],"texture":"#texture"}}},{"__comment":"Wolfstaff","from":[7.125,13.5,7.875],"to":[7.25,13.625,8.125],"faces":{"down":{"uv":[8.874,8.124,8.751,7.876],"texture":"#staff_wolf_bottom"},"up":{"uv":[7.126,7.876,7.249,8.124],"texture":"#staff_wolf_top"},"north":{"uv":[7.249,2.376,7.126,2.499],"texture":"#texture"},"south":{"uv":[7.126,2.376,7.249,2.499],"texture":"#texture"},"west":{"uv":[7.876,2.376,8.124,2.499],"texture":"#staff_wolf_top"},"east":{"uv":[8.124,2.376,7.876,2.499],"texture":"#texture"}}},{"__comment":"Wolfstaff","from":[7.125,15.375,7.875],"to":[7.375,15.625,8.25],"faces":{"down":{"uv":[8.874,8.249,8.626,7.876],"texture":"#staff_wolf_bottom"},"up":{"uv":[7.126,7.876,7.374,8.249],"texture":"#staff_wolf_top"},"south":{"uv":[7.126,0.376,7.374,0.624],"texture":"#texture"},"west":{"uv":[7.876,0.376,8.249,0.624],"texture":"#staff_wolf_top"},"east":{"uv":[8.249,0.376,7.876,0.624],"texture":"#texture"}}},{"__comment":"Wolfstaff","from":[7.125,15.625,7.875],"to":[7.375,15.75,8.125],"faces":{"up":{"uv":[7.126,7.876,7.374,8.124],"texture":"#staff_wolf_top"},"north":{"uv":[7.374,0.251,7.126,0.374],"texture":"#texture"},"south":{"uv":[7.126,0.251,7.374,0.374],"texture":"#texture"},"west":{"uv":[7.876,0.251,8.124,0.374],"texture":"#staff_wolf_top"},"east":{"uv":[8.124,0.251,7.876,0.374],"texture":"#texture"}}},{"__comment":"Wolfstaff","from":[7.125,12.75,8.125],"to":[8.625,13,8.25],"faces":{"down":{"uv":[8.874,8.249,7.376,8.126],"texture":"#staff_wolf_bottom"},"up":{"uv":[7.126,8.126,8.624,8.249],"texture":"#staff_wolf_top"},"north":{"uv":[8.624,3.001,7.126,3.249],"texture":"#texture"},"south":{"uv":[7.126,3.001,8.624,3.249],"texture":"#texture"},"west":{"uv":[8.126,3.001,8.249,3.249],"texture":"#staff_wolf_top"},"east":{"uv":[8.249,3.001,8.126,3.249],"texture":"#texture"}}},{"__comment":"Wolfstaff","from":[7.125,15.25,8.125],"to":[7.875,15.375,8.375],"faces":{"down":{"uv":[8.874,8.374,8.126,8.126],"texture":"#staff_wolf_bottom"},"up":{"uv":[7.126,8.126,7.874,8.374],"texture":"#staff_wolf_top"},"south":{"uv":[7.126,0.626,7.874,0.749],"texture":"#texture"},"west":{"uv":[8.126,0.626,8.374,0.749],"texture":"#staff_wolf_top"},"east":{"uv":[8.374,0.626,8.126,0.749],"texture":"#texture"}}},{"__comment":"Wolfstaff","from":[7.125,14.5,8.25],"to":[8.875,14.625,8.375],"faces":{"up":{"uv":[7.126,8.251,8.874,8.374],"texture":"#staff_wolf_top"},"south":{"uv":[7.126,1.376,8.874,1.499],"texture":"#texture"},"west":{"uv":[8.251,1.376,8.374,1.499],"texture":"#staff_wolf_top"},"east":{"uv":[8.374,1.376,8.251,1.499],"texture":"#texture"}}},{"__comment":"Wolfstaff","from":[7.125,15.125,8.25],"to":[8.75,15.25,8.375],"faces":{"up":{"uv":[7.126,8.251,8.749,8.374],"texture":"#staff_wolf_top"},"south":{"uv":[7.126,0.751,8.749,0.874],"texture":"#texture"},"west":{"uv":[8.251,0.751,8.374,0.874],"texture":"#staff_wolf_top"},"east":{"uv":[8.374,0.751,8.251,0.874],"texture":"#texture"}}},{"__comment":"Wolfstaff","from":[7.125,14.75,8.375],"to":[8.625,15.125,8.5],"faces":{"down":{"uv":[8.874,8.499,7.376,8.376],"texture":"#staff_wolf_bottom"},"up":{"uv":[7.126,8.376,8.624,8.499],"texture":"#staff_wolf_top"},"north":{"uv":[8.624,0.876,7.126,1.249],"texture":"#texture"},"south":{"uv":[7.126,0.876,8.624,1.249],"texture":"#texture"},"west":{"uv":[8.376,0.876,8.499,1.249],"texture":"#staff_wolf_top"},"east":{"uv":[8.499,0.876,8.376,1.249],"texture":"#texture"}}},{"__comment":"Wolfstaff","from":[7.125,14.125,8.5],"to":[8.875,14.25,8.625],"faces":{"down":{"uv":[8.874,8.624,7.126,8.501],"texture":"#staff_wolf_bottom"},"up":{"uv":[7.126,8.501,8.874,8.624],"texture":"#staff_wolf_top"},"north":{"uv":[8.874,1.751,7.126,1.874],"texture":"#texture"},"south":{"uv":[7.126,1.751,8.874,1.874],"texture":"#texture"},"west":{"uv":[8.501,1.751,8.624,1.874],"texture":"#staff_wolf_top"},"east":{"uv":[8.624,1.751,8.501,1.874],"texture":"#texture"}}},{"__comment":"Wolfstaff","from":[7.25,14.25,7.375],"to":[8.75,14.375,7.5],"faces":{"up":{"uv":[7.251,7.376,8.749,7.499],"texture":"#staff_wolf_top"},"north":{"uv":[8.749,1.626,7.251,1.749],"texture":"#texture"},"west":{"uv":[7.376,1.626,7.499,1.749],"texture":"#staff_wolf_top"},"east":{"uv":[7.499,1.626,7.376,1.749],"texture":"#texture"}}},{"__comment":"Wolfstaff","from":[7.25,14.125,7.5],"to":[9,14.25,7.625],"faces":{"down":{"uv":[8.749,7.624,7.001,7.501],"texture":"#staff_wolf_bottom"},"up":{"uv":[7.251,7.501,8.999,7.624],"texture":"#staff_wolf_top"},"north":{"uv":[8.999,1.751,7.251,1.874],"texture":"#texture"},"east":{"uv":[7.624,1.751,7.501,1.874],"texture":"#texture"}}},{"__comment":"Wolfstaff","from":[7.25,14.5,7.5],"to":[8.625,14.75,7.625],"faces":{"north":{"uv":[8.624,1.251,7.251,1.499],"texture":"#texture"},"south":{"uv":[7.251,1.251,8.624,1.499],"texture":"#texture"},"west":{"uv":[7.501,1.251,7.624,1.499],"texture":"#staff_wolf_top"},"east":{"uv":[7.624,1.251,7.501,1.499],"texture":"#texture"}}},{"__comment":"Wolfstaff","from":[7.25,15.125,7.5],"to":[7.875,15.25,7.625],"faces":{"up":{"uv":[7.251,7.501,7.874,7.624],"texture":"#staff_wolf_top"},"north":{"uv":[7.874,0.751,7.251,0.874],"texture":"#texture"},"west":{"uv":[7.501,0.751,7.624,0.874],"texture":"#staff_wolf_top"},"east":{"uv":[7.624,0.751,7.501,0.874],"texture":"#texture"}}},{"__comment":"Wolfstaff","from":[7.25,12.75,7.625],"to":[8.375,13,7.75],"faces":{"down":{"uv":[8.749,7.749,7.626,7.626],"texture":"#staff_wolf_bottom"},"up":{"uv":[7.251,7.626,8.374,7.749],"texture":"#staff_wolf_top"},"north":{"uv":[8.374,3.001,7.251,3.249],"texture":"#texture"},"south":{"uv":[7.251,3.001,8.374,3.249],"texture":"#texture"},"west":{"uv":[7.626,3.001,7.749,3.249],"texture":"#staff_wolf_top"},"east":{"uv":[7.749,3.001,7.626,3.249],"texture":"#texture"}}},{"__comment":"Wolfstaff","from":[7.25,15.375,7.625],"to":[7.375,15.5,7.75],"faces":{"up":{"uv":[7.251,7.626,7.374,7.749],"texture":"#staff_wolf_top"},"north":{"uv":[7.374,0.501,7.251,0.624],"texture":"#texture"},"west":{"uv":[7.626,0.501,7.749,0.624],"texture":"#staff_wolf_top"},"east":{"uv":[7.749,0.501,7.626,0.624],"texture":"#texture"}}},{"__comment":"Wolfstaff","from":[7.25,12.5,7.75],"to":[7.875,12.75,7.875],"faces":{"down":{"uv":[8.749,7.874,8.126,7.751],"texture":"#staff_wolf_bottom"},"north":{"uv":[7.874,3.251,7.251,3.499],"texture":"#texture"},"west":{"uv":[7.751,3.251,7.874,3.499],"texture":"#staff_wolf_top"},"east":{"uv":[7.874,3.251,7.751,3.499],"texture":"#texture"}}},{"__comment":"Wolfstaff","from":[7.25,12.125,7.875],"to":[8,12.5,8.125],"faces":{"down":{"uv":[8.749,8.124,8.001,7.876],"texture":"#staff_wolf_bottom"},"north":{"uv":[7.999,3.501,7.251,3.874],"texture":"#texture"},"south":{"uv":[7.251,3.501,7.999,3.874],"texture":"#texture"},"west":{"uv":[7.876,3.501,8.124,3.874],"texture":"#staff_wolf_top"},"east":{"uv":[8.124,3.501,7.876,3.874],"texture":"#texture"}}},{"__comment":"Wolfstaff","from":[7.25,13,7.875],"to":[8.75,13.125,8.125],"faces":{"up":{"uv":[7.251,7.876,8.749,8.124],"texture":"#staff_wolf_top"},"north":{"uv":[8.749,2.876,7.251,2.999],"texture":"#texture"},"south":{"uv":[7.251,2.876,8.749,2.999],"texture":"#texture"},"west":{"uv":[7.876,2.876,8.124,2.999],"texture":"#staff_wolf_top"},"east":{"uv":[8.124,2.876,7.876,2.999],"texture":"#texture"}}},{"__comment":"Wolfstaff","from":[7.25,13.875,7.875],"to":[7.375,14,8.125],"faces":{"down":{"uv":[8.749,8.124,8.626,7.876],"texture":"#staff_wolf_bottom"},"north":{"uv":[7.374,2.001,7.251,2.124],"texture":"#texture"},"south":{"uv":[7.251,2.001,7.374,2.124],"texture":"#texture"},"east":{"uv":[8.124,2.001,7.876,2.124],"texture":"#texture"}}},{"__comment":"Wolfstaff","from":[7.25,15.75,7.875],"to":[7.375,15.875,8.125],"faces":{"up":{"uv":[7.251,7.876,7.374,8.124],"texture":"#staff_wolf_top"},"north":{"uv":[7.374,0.126,7.251,0.249],"texture":"#texture"},"south":{"uv":[7.251,0.126,7.374,0.249],"texture":"#texture"},"west":{"uv":[7.876,0.126,8.124,0.249],"texture":"#staff_wolf_top"},"east":{"uv":[8.124,0.126,7.876,0.249],"texture":"#texture"}}},{"__comment":"Wolfstaff","from":[7.25,12.5,8.125],"to":[7.875,12.75,8.25],"faces":{"down":{"uv":[8.749,8.249,8.126,8.126],"texture":"#staff_wolf_bottom"},"south":{"uv":[7.251,3.251,7.874,3.499],"texture":"#texture"},"west":{"uv":[8.126,3.251,8.249,3.499],"texture":"#staff_wolf_top"},"east":{"uv":[8.249,3.251,8.126,3.499],"texture":"#texture"}}},{"__comment":"Wolfstaff","from":[7.25,12.625,8.25],"to":[8,13,8.375],"faces":{"down":{"uv":[8.749,8.374,8.001,8.251],"texture":"#staff_wolf_bottom"},"up":{"uv":[7.251,8.251,7.999,8.374],"texture":"#staff_wolf_top"},"north":{"uv":[7.999,3.001,7.251,3.374],"texture":"#texture"},"south":{"uv":[7.251,3.001,7.999,3.374],"texture":"#texture"},"west":{"uv":[8.251,3.001,8.374,3.374],"texture":"#staff_wolf_top"},"east":{"uv":[8.374,3.001,8.251,3.374],"texture":"#texture"}}},{"__comment":"Wolfstaff","from":[7.25,15.375,8.25],"to":[7.375,15.5,8.375],"faces":{"up":{"uv":[7.251,8.251,7.374,8.374],"texture":"#staff_wolf_top"},"south":{"uv":[7.251,0.501,7.374,0.624],"texture":"#texture"},"west":{"uv":[8.251,0.501,8.374,0.624],"texture":"#staff_wolf_top"},"east":{"uv":[8.374,0.501,8.251,0.624],"texture":"#texture"}}},{"__comment":"Wolfstaff","from":[7.25,14.125,8.375],"to":[9,14.25,8.5],"faces":{"down":{"uv":[8.749,8.499,7.001,8.376],"texture":"#staff_wolf_bottom"},"up":{"uv":[7.251,8.376,8.999,8.499],"texture":"#staff_wolf_top"},"south":{"uv":[7.251,1.751,8.999,1.874],"texture":"#texture"},"east":{"uv":[8.499,1.751,8.376,1.874],"texture":"#texture"}}},{"__comment":"Wolfstaff","from":[7.25,14.5,8.375],"to":[8.625,14.75,8.5],"faces":{"north":{"uv":[8.624,1.251,7.251,1.499],"texture":"#texture"},"south":{"uv":[7.251,1.251,8.624,1.499],"texture":"#texture"},"west":{"uv":[8.376,1.251,8.499,1.499],"texture":"#staff_wolf_top"},"east":{"uv":[8.499,1.251,8.376,1.499],"texture":"#texture"}}},{"__comment":"Wolfstaff","from":[7.25,15.125,8.375],"to":[7.875,15.25,8.5],"faces":{"up":{"uv":[7.251,8.376,7.874,8.499],"texture":"#staff_wolf_top"},"south":{"uv":[7.251,0.751,7.874,0.874],"texture":"#texture"},"west":{"uv":[8.376,0.751,8.499,0.874],"texture":"#staff_wolf_top"},"east":{"uv":[8.499,0.751,8.376,0.874],"texture":"#texture"}}},{"__comment":"Wolfstaff","from":[7.25,14.25,8.5],"to":[8.75,14.375,8.625],"faces":{"up":{"uv":[7.251,8.501,8.749,8.624],"texture":"#staff_wolf_top"},"south":{"uv":[7.251,1.626,8.749,1.749],"texture":"#texture"},"west":{"uv":[8.501,1.626,8.624,1.749],"texture":"#staff_wolf_top"},"east":{"uv":[8.624,1.626,8.501,1.749],"texture":"#texture"}}},{"__comment":"Wolfstaff","from":[7.375,14.375,7.375],"to":[8.625,14.625,7.5],"faces":{"up":{"uv":[7.376,7.376,8.624,7.499],"texture":"#staff_wolf_top"},"north":{"uv":[8.624,1.376,7.376,1.624],"texture":"#texture"},"south":{"uv":[7.376,1.376,8.624,1.624],"texture":"#texture"},"west":{"uv":[7.376,1.376,7.499,1.624],"texture":"#staff_wolf_top"},"east":{"uv":[7.499,1.376,7.376,1.624],"texture":"#texture"}}},{"__comment":"Wolfstaff","from":[7.375,12.5,7.625],"to":[7.75,12.75,7.75],"faces":{"down":{"uv":[8.624,7.749,8.251,7.626],"texture":"#staff_wolf_bottom"},"north":{"uv":[7.749,3.251,7.376,3.499],"texture":"#texture"},"west":{"uv":[7.626,3.251,7.749,3.499],"texture":"#staff_wolf_top"},"east":{"uv":[7.749,3.251,7.626,3.499],"texture":"#texture"}}},{"__comment":"Wolfstaff","from":[7.375,13,7.625],"to":[8.625,13.125,7.875],"faces":{"down":{"uv":[8.624,7.874,7.376,7.626],"texture":"#staff_wolf_bottom"},"up":{"uv":[7.376,7.626,8.624,7.874],"texture":"#staff_wolf_top"},"north":{"uv":[8.624,2.876,7.376,2.999],"texture":"#texture"},"west":{"uv":[7.626,2.876,7.874,2.999],"texture":"#staff_wolf_top"},"east":{"uv":[7.874,2.876,7.626,2.999],"texture":"#texture"}}},{"__comment":"Wolfstaff","from":[7.375,12.125,7.75],"to":[7.875,12.5,7.875],"faces":{"down":{"uv":[8.624,7.874,8.126,7.751],"texture":"#staff_wolf_bottom"},"north":{"uv":[7.874,3.501,7.376,3.874],"texture":"#texture"},"west":{"uv":[7.751,3.501,7.874,3.874],"texture":"#staff_wolf_top"},"east":{"uv":[7.874,3.501,7.751,3.874],"texture":"#texture"}}},{"__comment":"Wolfstaff","from":[7.375,15.25,7.75],"to":[8.125,15.5,7.875],"faces":{"up":{"uv":[7.376,7.751,8.124,7.874],"texture":"#staff_wolf_top"},"north":{"uv":[8.124,0.501,7.376,0.749],"texture":"#texture"},"south":{"uv":[7.376,0.501,8.124,0.749],"texture":"#texture"},"east":{"uv":[7.874,0.501,7.751,0.749],"texture":"#texture"}}},{"__comment":"Wolfstaff","from":[7.375,0,7.875],"to":[7.875,9.625,8.125],"faces":{"down":{"uv":[8.624,8.124,8.126,7.876],"texture":"#staff_wolf_bottom","cullface":"down"},"up":{"uv":[7.376,7.876,7.874,8.124],"texture":"#staff_wolf_top"},"north":{"uv":[7.874,6.376,7.376,15.999],"texture":"#texture"},"south":{"uv":[7.376,6.376,7.874,15.999],"texture":"#texture"},"west":{"uv":[7.876,6.376,8.124,15.999],"texture":"#staff_wolf_top"},"east":{"uv":[8.124,6.376,7.876,15.999],"texture":"#texture"}}},{"__comment":"Wolfstaff","from":[7.375,11.75,7.875],"to":[8,12.125,8.125],"faces":{"down":{"uv":[8.624,8.124,8.001,7.876],"texture":"#staff_wolf_bottom"},"north":{"uv":[7.999,3.876,7.376,4.249],"texture":"#texture"},"south":{"uv":[7.376,3.876,7.999,4.249],"texture":"#texture"},"west":{"uv":[7.876,3.876,8.124,4.249],"texture":"#staff_wolf_top"},"east":{"uv":[8.124,3.876,7.876,4.249],"texture":"#texture"}}},{"__comment":"Wolfstaff","from":[7.375,13.125,7.875],"to":[8.875,13.25,8.125],"faces":{"down":{"uv":[8.624,8.124,7.126,7.876],"texture":"#staff_wolf_bottom"},"up":{"uv":[7.376,7.876,8.874,8.124],"texture":"#staff_wolf_top"},"north":{"uv":[8.874,2.751,7.376,2.874],"texture":"#texture"},"south":{"uv":[7.376,2.751,8.874,2.874],"texture":"#texture"},"west":{"uv":[7.876,2.751,8.124,2.874],"texture":"#staff_wolf_top"},"east":{"uv":[8.124,2.751,7.876,2.874],"texture":"#texture"}}},{"__comment":"Wolfstaff","from":[7.375,15.375,7.875],"to":[8.125,15.5,8.25],"faces":{"down":{"uv":[8.624,8.249,7.876,7.876],"texture":"#staff_wolf_bottom"},"up":{"uv":[7.376,7.876,8.124,8.249],"texture":"#staff_wolf_top"},"south":{"uv":[7.376,0.501,8.124,0.624],"texture":"#texture"},"east":{"uv":[8.249,0.501,7.876,0.624],"texture":"#texture"}}},{"__comment":"Wolfstaff","from":[7.375,15.5,7.875],"to":[8.5,15.625,8.125],"faces":{"down":{"uv":[8.624,8.124,7.501,7.876],"texture":"#staff_wolf_bottom"},"up":{"uv":[7.376,7.876,8.499,8.124],"texture":"#staff_wolf_top"},"north":{"uv":[8.499,0.376,7.376,0.499],"texture":"#texture"},"south":{"uv":[7.376,0.376,8.499,0.499],"texture":"#texture"},"east":{"uv":[8.124,0.376,7.876,0.499],"texture":"#texture"}}},{"__comment":"Wolfstaff","from":[7.375,12.25,8.125],"to":[7.875,12.5,8.25],"faces":{"down":{"uv":[8.624,8.249,8.126,8.126],"texture":"#staff_wolf_bottom"},"south":{"uv":[7.376,3.501,7.874,3.749],"texture":"#texture"},"west":{"uv":[8.126,3.501,8.249,3.749],"texture":"#staff_wolf_top"},"east":{"uv":[8.249,3.501,8.126,3.749],"texture":"#texture"}}},{"__comment":"Wolfstaff","from":[7.375,13,8.125],"to":[8.625,13.125,8.375],"faces":{"down":{"uv":[8.624,8.374,7.376,8.126],"texture":"#staff_wolf_bottom"},"up":{"uv":[7.376,8.126,8.624,8.374],"texture":"#staff_wolf_top"},"south":{"uv":[7.376,2.876,8.624,2.999],"texture":"#texture"},"west":{"uv":[8.126,2.876,8.374,2.999],"texture":"#staff_wolf_top"},"east":{"uv":[8.374,2.876,8.126,2.999],"texture":"#texture"}}},{"__comment":"Wolfstaff","from":[7.375,12.375,8.25],"to":[7.75,12.625,8.375],"faces":{"down":{"uv":[8.624,8.374,8.251,8.251],"texture":"#staff_wolf_bottom"},"north":{"uv":[7.749,3.376,7.376,3.624],"texture":"#texture"},"south":{"uv":[7.376,3.376,7.749,3.624],"texture":"#texture"},"west":{"uv":[8.251,3.376,8.374,3.624],"texture":"#staff_wolf_top"},"east":{"uv":[8.374,3.376,8.251,3.624],"texture":"#texture"}}},{"__comment":"Wolfstaff","from":[7.375,14.375,8.5],"to":[8.625,14.625,8.625],"faces":{"up":{"uv":[7.376,8.501,8.624,8.624],"texture":"#staff_wolf_top"},"north":{"uv":[8.624,1.376,7.376,1.624],"texture":"#texture"},"south":{"uv":[7.376,1.376,8.624,1.624],"texture":"#texture"},"west":{"uv":[8.501,1.376,8.624,1.624],"texture":"#staff_wolf_top"},"east":{"uv":[8.624,1.376,8.501,1.624],"texture":"#texture"}}},{"__comment":"Wolfstaff","from":[7.5,14.625,7.375],"to":[8.5,14.75,7.5],"faces":{"up":{"uv":[7.501,7.376,8.499,7.499],"texture":"#staff_wolf_top"},"north":{"uv":[8.499,1.251,7.501,1.374],"texture":"#texture"},"west":{"uv":[7.376,1.251,7.499,1.374],"texture":"#staff_wolf_top"},"east":{"uv":[7.499,1.251,7.376,1.374],"texture":"#texture"}}},{"__comment":"Wolfstaff","from":[7.5,15,7.375],"to":[7.875,15.125,7.5],"faces":{"down":{"uv":[8.499,7.499,8.126,7.376],"texture":"#staff_wolf_bottom"},"up":{"uv":[7.501,7.376,7.874,7.499],"texture":"#staff_wolf_top"},"north":{"uv":[7.874,0.876,7.501,0.999],"texture":"#texture"},"west":{"uv":[7.376,0.876,7.499,0.999],"texture":"#staff_wolf_top"},"east":{"uv":[7.499,0.876,7.376,0.999],"texture":"#texture"}}},{"__comment":"Wolfstaff","from":[7.5,12.25,7.625],"to":[7.75,12.5,7.75],"faces":{"down":{"uv":[8.499,7.749,8.251,7.626],"texture":"#staff_wolf_bottom"},"north":{"uv":[7.749,3.501,7.501,3.749],"texture":"#texture"},"west":{"uv":[7.626,3.501,7.749,3.749],"texture":"#staff_wolf_top"},"east":{"uv":[7.749,3.501,7.626,3.749],"texture":"#texture"}}},{"__comment":"Wolfstaff","from":[7.5,0,7.75],"to":[7.75,9.75,7.875],"faces":{"down":{"uv":[8.499,7.874,8.251,7.751],"texture":"#staff_wolf_bottom","cullface":"down"},"up":{"uv":[7.501,7.751,7.749,7.874],"texture":"#staff_wolf_top"},"north":{"uv":[7.749,6.251,7.501,15.999],"texture":"#texture"},"south":{"uv":[7.501,6.251,7.749,15.999],"texture":"#texture"},"west":{"uv":[7.751,6.251,7.874,15.999],"texture":"#staff_wolf_top"},"east":{"uv":[7.874,6.251,7.751,15.999],"texture":"#texture"}}},{"__comment":"Wolfstaff","from":[7.5,11.875,7.75],"to":[7.875,12.125,7.875],"faces":{"down":{"uv":[8.499,7.874,8.126,7.751],"texture":"#staff_wolf_bottom"},"north":{"uv":[7.874,3.876,7.501,4.124],"texture":"#texture"},"west":{"uv":[7.751,3.876,7.874,4.124],"texture":"#staff_wolf_top"},"east":{"uv":[7.874,3.876,7.751,4.124],"texture":"#texture"}}},{"__comment":"Wolfstaff","from":[7.5,13.125,7.75],"to":[8.75,13.25,7.875],"faces":{"down":{"uv":[8.499,7.874,7.251,7.751],"texture":"#staff_wolf_bottom"},"up":{"uv":[7.501,7.751,8.749,7.874],"texture":"#staff_wolf_top"},"north":{"uv":[8.749,2.751,7.501,2.874],"texture":"#texture"},"west":{"uv":[7.751,2.751,7.874,2.874],"texture":"#staff_wolf_top"},"east":{"uv":[7.874,2.751,7.751,2.874],"texture":"#texture"}}},{"__comment":"Wolfstaff","from":[7.5,9.625,7.875],"to":[7.875,9.75,8.25],"faces":{"down":{"uv":[8.499,8.249,8.126,7.876],"texture":"#staff_wolf_bottom"},"up":{"uv":[7.501,7.876,7.874,8.249],"texture":"#staff_wolf_top"},"north":{"uv":[7.874,6.251,7.501,6.374],"texture":"#texture"},"south":{"uv":[7.501,6.251,7.874,6.374],"texture":"#texture"},"west":{"uv":[7.876,6.251,8.249,6.374],"texture":"#staff_wolf_top"},"east":{"uv":[8.249,6.251,7.876,6.374],"texture":"#texture"}}},{"__comment":"Wolfstaff","from":[7.5,9.75,7.875],"to":[8,10.25,8.125],"faces":{"down":{"uv":[8.499,8.124,8.001,7.876],"texture":"#staff_wolf_bottom"},"up":{"uv":[7.501,7.876,7.999,8.124],"texture":"#staff_wolf_top"},"north":{"uv":[7.999,5.751,7.501,6.249],"texture":"#texture"},"south":{"uv":[7.501,5.751,7.999,6.249],"texture":"#texture"},"west":{"uv":[7.876,5.751,8.124,6.249],"texture":"#staff_wolf_top"},"east":{"uv":[8.124,5.751,7.876,6.249],"texture":"#texture"}}},{"__comment":"Wolfstaff","from":[7.5,11.125,7.875],"to":[8.125,11.75,8.125],"faces":{"down":{"uv":[8.499,8.124,7.876,7.876],"texture":"#staff_wolf_bottom"},"up":{"uv":[7.501,7.876,8.124,8.124],"texture":"#staff_wolf_top"},"north":{"uv":[8.124,4.251,7.501,4.874],"texture":"#texture"},"south":{"uv":[7.501,4.251,8.124,4.874],"texture":"#texture"},"west":{"uv":[7.876,4.251,8.124,4.874],"texture":"#staff_wolf_top"},"east":{"uv":[8.124,4.251,7.876,4.874],"texture":"#texture"}}},{"__comment":"Wolfstaff","from":[7.5,13.25,7.875],"to":[8.875,13.5,8.125],"faces":{"up":{"uv":[7.501,7.876,8.874,8.124],"texture":"#staff_wolf_top"},"north":{"uv":[8.874,2.501,7.501,2.749],"texture":"#texture"},"south":{"uv":[7.501,2.501,8.874,2.749],"texture":"#texture"},"west":{"uv":[7.876,2.501,8.124,2.749],"texture":"#staff_wolf_top"},"east":{"uv":[8.124,2.501,7.876,2.749],"texture":"#texture"}}},{"__comment":"Wolfstaff","from":[7.5,13.875,7.875],"to":[9.625,14,8.125],"faces":{"down":{"uv":[8.499,8.124,6.376,7.876],"texture":"#staff_wolf_bottom"},"up":{"uv":[7.501,7.876,9.624,8.124],"texture":"#staff_wolf_top"},"north":{"uv":[9.624,2.001,7.501,2.124],"texture":"#texture"},"south":{"uv":[7.501,2.001,9.624,2.124],"texture":"#texture"},"west":{"uv":[7.876,2.001,8.124,2.124],"texture":"#staff_wolf_top"},"east":{"uv":[8.124,2.001,7.876,2.124],"texture":"#texture"}}},{"__comment":"Wolfstaff","from":[7.5,0,8.125],"to":[7.75,9.625,8.25],"faces":{"down":{"uv":[8.499,8.249,8.251,8.126],"texture":"#staff_wolf_bottom","cullface":"down"},"south":{"uv":[7.501,6.376,7.749,15.999],"texture":"#texture"},"west":{"uv":[8.126,6.376,8.249,15.999],"texture":"#staff_wolf_top"},"east":{"uv":[8.249,6.376,8.126,15.999],"texture":"#texture"}}},{"__comment":"Wolfstaff","from":[7.5,11.875,8.125],"to":[7.875,12.25,8.25],"faces":{"down":{"uv":[8.499,8.249,8.126,8.126],"texture":"#staff_wolf_bottom"},"north":{"uv":[7.874,3.751,7.501,4.124],"texture":"#texture"},"south":{"uv":[7.501,3.751,7.874,4.124],"texture":"#texture"},"west":{"uv":[8.126,3.751,8.249,4.124],"texture":"#staff_wolf_top"},"east":{"uv":[8.249,3.751,8.126,4.124],"texture":"#texture"}}},{"__comment":"Wolfstaff","from":[7.5,13.125,8.125],"to":[8.75,13.25,8.25],"faces":{"down":{"uv":[8.499,8.249,7.251,8.126],"texture":"#staff_wolf_bottom"},"up":{"uv":[7.501,8.126,8.749,8.249],"texture":"#staff_wolf_top"},"south":{"uv":[7.501,2.751,8.749,2.874],"texture":"#texture"},"west":{"uv":[8.126,2.751,8.249,2.874],"texture":"#staff_wolf_top"},"east":{"uv":[8.249,2.751,8.126,2.874],"texture":"#texture"}}},{"__comment":"Wolfstaff","from":[7.5,12.25,8.25],"to":[7.75,12.375,8.375],"faces":{"down":{"uv":[8.499,8.374,8.251,8.251],"texture":"#staff_wolf_bottom"},"south":{"uv":[7.501,3.626,7.749,3.749],"texture":"#texture"},"west":{"uv":[8.251,3.626,8.374,3.749],"texture":"#staff_wolf_top"},"east":{"uv":[8.374,3.626,8.251,3.749],"texture":"#texture"}}},{"__comment":"Wolfstaff","from":[7.5,14.625,8.5],"to":[8.5,14.75,8.625],"faces":{"up":{"uv":[7.501,8.501,8.499,8.624],"texture":"#staff_wolf_top"},"south":{"uv":[7.501,1.251,8.499,1.374],"texture":"#texture"},"west":{"uv":[8.501,1.251,8.624,1.374],"texture":"#staff_wolf_top"},"east":{"uv":[8.624,1.251,8.501,1.374],"texture":"#texture"}}},{"__comment":"Wolfstaff","from":[7.5,15,8.5],"to":[7.875,15.125,8.625],"faces":{"down":{"uv":[8.499,8.624,8.126,8.501],"texture":"#staff_wolf_bottom"},"up":{"uv":[7.501,8.501,7.874,8.624],"texture":"#staff_wolf_top"},"south":{"uv":[7.501,0.876,7.874,0.999],"texture":"#texture"},"west":{"uv":[8.501,0.876,8.624,0.999],"texture":"#staff_wolf_top"},"east":{"uv":[8.624,0.876,8.501,0.999],"texture":"#texture"}}},{"__comment":"Wolfstaff","from":[7.625,14.75,7.375],"to":[8.5,15,7.5],"faces":{"up":{"uv":[7.626,7.376,8.499,7.499],"texture":"#staff_wolf_top"},"north":{"uv":[8.499,1.001,7.626,1.249],"texture":"#texture"},"south":{"uv":[7.626,1.001,8.499,1.249],"texture":"#texture"},"west":{"uv":[7.376,1.001,7.499,1.249],"texture":"#staff_wolf_top"},"east":{"uv":[7.499,1.001,7.376,1.249],"texture":"#texture"}}},{"__comment":"Wolfstaff","from":[7.625,9.5,7.625],"to":[7.75,9.75,7.75],"faces":{"down":{"uv":[8.374,7.749,8.251,7.626],"texture":"#staff_wolf_bottom"},"up":{"uv":[7.626,7.626,7.749,7.749],"texture":"#staff_wolf_top"},"north":{"uv":[7.749,6.251,7.626,6.499],"texture":"#texture"},"west":{"uv":[7.626,6.251,7.749,6.499],"texture":"#staff_wolf_top"},"east":{"uv":[7.749,6.251,7.626,6.499],"texture":"#texture"}}},{"__comment":"Wolfstaff","from":[7.625,12,7.625],"to":[7.75,12.25,7.75],"faces":{"down":{"uv":[8.374,7.749,8.251,7.626],"texture":"#staff_wolf_bottom"},"north":{"uv":[7.749,3.751,7.626,3.999],"texture":"#texture"},"south":{"uv":[7.626,3.751,7.749,3.999],"texture":"#texture"},"west":{"uv":[7.626,3.751,7.749,3.999],"texture":"#staff_wolf_top"},"east":{"uv":[7.749,3.751,7.626,3.999],"texture":"#texture"}}},{"__comment":"Wolfstaff","from":[7.625,13.125,7.625],"to":[8.625,13.25,7.75],"faces":{"up":{"uv":[7.626,7.626,8.624,7.749],"texture":"#staff_wolf_top"},"north":{"uv":[8.624,2.751,7.626,2.874],"texture":"#texture"},"west":{"uv":[7.626,2.751,7.749,2.874],"texture":"#staff_wolf_top"},"east":{"uv":[7.749,2.751,7.626,2.874],"texture":"#texture"}}},{"__comment":"Wolfstaff","from":[7.625,9.75,7.75],"to":[7.875,10.125,7.875],"faces":{"down":{"uv":[8.374,7.874,8.126,7.751],"texture":"#staff_wolf_bottom"},"up":{"uv":[7.626,7.751,7.874,7.874],"texture":"#staff_wolf_top"},"north":{"uv":[7.874,5.876,7.626,6.249],"texture":"#texture"},"west":{"uv":[7.751,5.876,7.874,6.249],"texture":"#staff_wolf_top"},"east":{"uv":[7.874,5.876,7.751,6.249],"texture":"#texture"}}},{"__comment":"Wolfstaff","from":[7.625,11.25,7.75],"to":[8,11.875,7.875],"faces":{"down":{"uv":[8.374,7.874,8.001,7.751],"texture":"#staff_wolf_bottom"},"up":{"uv":[7.626,7.751,7.999,7.874],"texture":"#staff_wolf_top"},"north":{"uv":[7.999,4.126,7.626,4.749],"texture":"#texture"},"south":{"uv":[7.626,4.126,7.999,4.749],"texture":"#texture"},"west":{"uv":[7.751,4.126,7.874,4.749],"texture":"#staff_wolf_top"},"east":{"uv":[7.874,4.126,7.751,4.749],"texture":"#texture"}}},{"__comment":"Wolfstaff","from":[7.625,13.25,7.75],"to":[8.75,13.375,7.875],"faces":{"up":{"uv":[7.626,7.751,8.749,7.874],"texture":"#staff_wolf_top"},"north":{"uv":[8.749,2.626,7.626,2.749],"texture":"#texture"},"west":{"uv":[7.751,2.626,7.874,2.749],"texture":"#staff_wolf_top"},"east":{"uv":[7.874,2.626,7.751,2.749],"texture":"#texture"}}},{"__comment":"Wolfstaff","from":[7.625,13.875,7.75],"to":[9.375,14,7.875],"faces":{"down":{"uv":[8.374,7.874,6.626,7.751],"texture":"#staff_wolf_bottom"},"up":{"uv":[7.626,7.751,9.374,7.874],"texture":"#staff_wolf_top"},"north":{"uv":[9.374,2.001,7.626,2.124],"texture":"#texture"},"west":{"uv":[7.751,2.001,7.874,2.124],"texture":"#staff_wolf_top"},"east":{"uv":[7.874,2.001,7.751,2.124],"texture":"#texture"}}},{"__comment":"Wolfstaff","from":[7.625,10.25,7.875],"to":[8.125,11.125,8.125],"faces":{"down":{"uv":[8.374,8.124,7.876,7.876],"texture":"#staff_wolf_bottom"},"north":{"uv":[8.124,4.876,7.626,5.749],"texture":"#texture"},"south":{"uv":[7.626,4.876,8.124,5.749],"texture":"#texture"},"west":{"uv":[7.876,4.876,8.124,5.749],"texture":"#staff_wolf_top"},"east":{"uv":[8.124,4.876,7.876,5.749],"texture":"#texture"}}},{"__comment":"Wolfstaff","from":[7.625,13.5,7.875],"to":[9,13.875,8.125],"faces":{"down":{"uv":[8.374,8.124,7.001,7.876],"texture":"#staff_wolf_bottom"},"north":{"uv":[8.999,2.126,7.626,2.499],"texture":"#texture"},"south":{"uv":[7.626,2.126,8.999,2.499],"texture":"#texture"},"west":{"uv":[7.876,2.126,8.124,2.499],"texture":"#staff_wolf_top"},"east":{"uv":[8.124,2.126,7.876,2.499],"texture":"#texture"}}},{"__comment":"Wolfstaff","from":[7.625,9.75,8.125],"to":[7.875,10.125,8.25],"faces":{"up":{"uv":[7.626,8.126,7.874,8.249],"texture":"#staff_wolf_top"},"south":{"uv":[7.626,5.876,7.874,6.249],"texture":"#texture"},"west":{"uv":[8.126,5.876,8.249,6.249],"texture":"#staff_wolf_top"},"east":{"uv":[8.249,5.876,8.126,6.249],"texture":"#texture"}}},{"__comment":"Wolfstaff","from":[7.625,11.25,8.125],"to":[8,11.875,8.25],"faces":{"down":{"uv":[8.374,8.249,8.001,8.126],"texture":"#staff_wolf_bottom"},"up":{"uv":[7.626,8.126,7.999,8.249],"texture":"#staff_wolf_top"},"north":{"uv":[7.999,4.126,7.626,4.749],"texture":"#texture"},"south":{"uv":[7.626,4.126,7.999,4.749],"texture":"#texture"},"west":{"uv":[8.126,4.126,8.249,4.749],"texture":"#staff_wolf_top"},"east":{"uv":[8.249,4.126,8.126,4.749],"texture":"#texture"}}},{"__comment":"Wolfstaff","from":[7.625,13.25,8.125],"to":[8.75,13.375,8.25],"faces":{"up":{"uv":[7.626,8.126,8.749,8.249],"texture":"#staff_wolf_top"},"south":{"uv":[7.626,2.626,8.749,2.749],"texture":"#texture"},"west":{"uv":[8.126,2.626,8.249,2.749],"texture":"#staff_wolf_top"},"east":{"uv":[8.249,2.626,8.126,2.749],"texture":"#texture"}}},{"__comment":"Wolfstaff","from":[7.625,13.875,8.125],"to":[9.375,14,8.25],"faces":{"down":{"uv":[8.374,8.249,6.626,8.126],"texture":"#staff_wolf_bottom"},"up":{"uv":[7.626,8.126,9.374,8.249],"texture":"#staff_wolf_top"},"south":{"uv":[7.626,2.001,9.374,2.124],"texture":"#texture"},"west":{"uv":[8.126,2.001,8.249,2.124],"texture":"#staff_wolf_top"},"east":{"uv":[8.249,2.001,8.126,2.124],"texture":"#texture"}}},{"__comment":"Wolfstaff","from":[7.625,9.5,8.25],"to":[7.75,9.75,8.375],"faces":{"down":{"uv":[8.374,8.374,8.251,8.251],"texture":"#staff_wolf_bottom"},"up":{"uv":[7.626,8.251,7.749,8.374],"texture":"#staff_wolf_top"},"north":{"uv":[7.749,6.251,7.626,6.499],"texture":"#texture"},"south":{"uv":[7.626,6.251,7.749,6.499],"texture":"#texture"},"west":{"uv":[8.251,6.251,8.374,6.499],"texture":"#staff_wolf_top"},"east":{"uv":[8.374,6.251,8.251,6.499],"texture":"#texture"}}},{"__comment":"Wolfstaff","from":[7.625,12,8.25],"to":[7.75,12.25,8.375],"faces":{"down":{"uv":[8.374,8.374,8.251,8.251],"texture":"#staff_wolf_bottom"},"south":{"uv":[7.626,3.751,7.749,3.999],"texture":"#texture"},"west":{"uv":[8.251,3.751,8.374,3.999],"texture":"#staff_wolf_top"},"east":{"uv":[8.374,3.751,8.251,3.999],"texture":"#texture"}}},{"__comment":"Wolfstaff","from":[7.625,13.125,8.25],"to":[8.625,13.25,8.375],"faces":{"up":{"uv":[7.626,8.251,8.624,8.374],"texture":"#staff_wolf_top"},"south":{"uv":[7.626,2.751,8.624,2.874],"texture":"#texture"},"west":{"uv":[8.251,2.751,8.374,2.874],"texture":"#staff_wolf_top"},"east":{"uv":[8.374,2.751,8.251,2.874],"texture":"#texture"}}},{"__comment":"Wolfstaff","from":[7.625,14.75,8.5],"to":[8.5,15,8.625],"faces":{"up":{"uv":[7.626,8.501,8.499,8.624],"texture":"#staff_wolf_top"},"south":{"uv":[7.626,1.001,8.499,1.249],"texture":"#texture"},"west":{"uv":[8.501,1.001,8.624,1.249],"texture":"#staff_wolf_top"},"east":{"uv":[8.624,1.001,8.501,1.249],"texture":"#texture"}}},{"__comment":"Wolfstaff","from":[7.75,14,7.5],"to":[9.125,14.125,7.625],"faces":{"down":{"uv":[8.249,7.624,6.876,7.501],"texture":"#staff_wolf_bottom"},"up":{"uv":[7.751,7.501,9.124,7.624],"texture":"#staff_wolf_top"},"north":{"uv":[9.124,1.876,7.751,1.999],"texture":"#texture"},"west":{"uv":[7.501,1.876,7.624,1.999],"texture":"#staff_wolf_top"},"east":{"uv":[7.624,1.876,7.501,1.999],"texture":"#texture"}}},{"__comment":"Wolfstaff","from":[7.75,9.875,7.625],"to":[7.875,10.25,7.75],"faces":{"down":{"uv":[8.249,7.749,8.126,7.626],"texture":"#staff_wolf_bottom"},"up":{"uv":[7.751,7.626,7.874,7.749],"texture":"#staff_wolf_top"},"north":{"uv":[7.874,5.751,7.751,6.124],"texture":"#texture"},"south":{"uv":[7.751,5.751,7.874,6.124],"texture":"#texture"},"west":{"uv":[7.626,5.751,7.749,6.124],"texture":"#staff_wolf_top"},"east":{"uv":[7.749,5.751,7.626,6.124],"texture":"#texture"}}},{"__comment":"Wolfstaff","from":[7.75,11.25,7.625],"to":[7.875,11.75,7.75],"faces":{"down":{"uv":[8.249,7.749,8.126,7.626],"texture":"#staff_wolf_bottom"},"up":{"uv":[7.751,7.626,7.874,7.749],"texture":"#staff_wolf_top"},"north":{"uv":[7.874,4.251,7.751,4.749],"texture":"#texture"},"west":{"uv":[7.626,4.251,7.749,4.749],"texture":"#staff_wolf_top"},"east":{"uv":[7.749,4.251,7.626,4.749],"texture":"#texture"}}},{"__comment":"Wolfstaff","from":[7.75,12.625,7.625],"to":[8,12.75,7.75],"faces":{"down":{"uv":[8.249,7.749,8.001,7.626],"texture":"#staff_wolf_bottom"},"north":{"uv":[7.999,3.251,7.751,3.374],"texture":"#texture"},"south":{"uv":[7.751,3.251,7.999,3.374],"texture":"#texture"},"east":{"uv":[7.749,3.251,7.626,3.374],"texture":"#texture"}}},{"__comment":"Wolfstaff","from":[7.75,13.875,7.625],"to":[9.25,14,7.75],"faces":{"down":{"uv":[8.249,7.749,6.751,7.626],"texture":"#staff_wolf_bottom"},"north":{"uv":[9.249,2.001,7.751,2.124],"texture":"#texture"},"west":{"uv":[7.626,2.001,7.749,2.124],"texture":"#staff_wolf_top"},"east":{"uv":[7.749,2.001,7.626,2.124],"texture":"#texture"}}},{"__comment":"Wolfstaff","from":[7.75,9.625,7.75],"to":[7.875,9.75,7.875],"faces":{"down":{"uv":[8.249,7.874,8.126,7.751],"texture":"#staff_wolf_bottom"},"north":{"uv":[7.874,6.251,7.751,6.374],"texture":"#texture"},"east":{"uv":[7.874,6.251,7.751,6.374],"texture":"#texture"}}},{"__comment":"Wolfstaff","from":[7.75,10.125,7.75],"to":[8,11.25,7.875],"faces":{"down":{"uv":[8.249,7.874,8.001,7.751],"texture":"#staff_wolf_bottom"},"north":{"uv":[7.999,4.751,7.751,5.874],"texture":"#texture"},"south":{"uv":[7.751,4.751,7.999,5.874],"texture":"#texture"},"west":{"uv":[7.751,4.751,7.874,5.874],"texture":"#staff_wolf_top"},"east":{"uv":[7.874,4.751,7.751,5.874],"texture":"#texture"}}},{"__comment":"Wolfstaff","from":[7.75,13.375,7.75],"to":[8.875,13.625,7.875],"faces":{"down":{"uv":[8.249,7.874,7.126,7.751],"texture":"#staff_wolf_bottom"},"up":{"uv":[7.751,7.751,8.874,7.874],"texture":"#staff_wolf_top"},"north":{"uv":[8.874,2.376,7.751,2.624],"texture":"#texture"},"south":{"uv":[7.751,2.376,8.874,2.624],"texture":"#texture"},"west":{"uv":[7.751,2.376,7.874,2.624],"texture":"#staff_wolf_top"},"east":{"uv":[7.874,2.376,7.751,2.624],"texture":"#texture"}}},{"__comment":"Wolfstaff","from":[7.75,13.75,7.75],"to":[9.25,13.875,7.875],"faces":{"down":{"uv":[8.249,7.874,6.751,7.751],"texture":"#staff_wolf_bottom"},"north":{"uv":[9.249,2.126,7.751,2.249],"texture":"#texture"},"south":{"uv":[7.751,2.126,9.249,2.249],"texture":"#texture"},"west":{"uv":[7.751,2.126,7.874,2.249],"texture":"#staff_wolf_top"},"east":{"uv":[7.874,2.126,7.751,2.249],"texture":"#texture"}}},{"__comment":"Wolfstaff","from":[7.75,10.125,8.125],"to":[7.875,10.25,8.375],"faces":{"down":{"uv":[8.249,8.374,8.126,8.126],"texture":"#staff_wolf_bottom"},"up":{"uv":[7.751,8.126,7.874,8.374],"texture":"#staff_wolf_top"},"south":{"uv":[7.751,5.751,7.874,5.874],"texture":"#texture"},"west":{"uv":[8.126,5.751,8.374,5.874],"texture":"#staff_wolf_top"},"east":{"uv":[8.374,5.751,8.126,5.874],"texture":"#texture"}}},{"__comment":"Wolfstaff","from":[7.75,10.25,8.125],"to":[8,11.25,8.25],"faces":{"down":{"uv":[8.249,8.249,8.001,8.126],"texture":"#staff_wolf_bottom"},"north":{"uv":[7.999,4.751,7.751,5.749],"texture":"#texture"},"south":{"uv":[7.751,4.751,7.999,5.749],"texture":"#texture"},"west":{"uv":[8.126,4.751,8.249,5.749],"texture":"#staff_wolf_top"},"east":{"uv":[8.249,4.751,8.126,5.749],"texture":"#texture"}}},{"__comment":"Wolfstaff","from":[7.75,13.375,8.125],"to":[8.875,13.625,8.25],"faces":{"down":{"uv":[8.249,8.249,7.126,8.126],"texture":"#staff_wolf_bottom"},"up":{"uv":[7.751,8.126,8.874,8.249],"texture":"#staff_wolf_top"},"north":{"uv":[8.874,2.376,7.751,2.624],"texture":"#texture"},"south":{"uv":[7.751,2.376,8.874,2.624],"texture":"#texture"},"west":{"uv":[8.126,2.376,8.249,2.624],"texture":"#staff_wolf_top"},"east":{"uv":[8.249,2.376,8.126,2.624],"texture":"#texture"}}},{"__comment":"Wolfstaff","from":[7.75,13.75,8.125],"to":[9.25,13.875,8.25],"faces":{"down":{"uv":[8.249,8.249,6.751,8.126],"texture":"#staff_wolf_bottom"},"north":{"uv":[9.249,2.126,7.751,2.249],"texture":"#texture"},"south":{"uv":[7.751,2.126,9.249,2.249],"texture":"#texture"},"west":{"uv":[8.126,2.126,8.249,2.249],"texture":"#staff_wolf_top"},"east":{"uv":[8.249,2.126,8.126,2.249],"texture":"#texture"}}},{"__comment":"Wolfstaff","from":[7.75,9.875,8.25],"to":[7.875,10.125,8.375],"faces":{"down":{"uv":[8.249,8.374,8.126,8.251],"texture":"#staff_wolf_bottom"},"south":{"uv":[7.751,5.876,7.874,6.124],"texture":"#texture"},"west":{"uv":[8.251,5.876,8.374,6.124],"texture":"#staff_wolf_top"},"east":{"uv":[8.374,5.876,8.251,6.124],"texture":"#texture"}}},{"__comment":"Wolfstaff","from":[7.75,11.25,8.25],"to":[7.875,11.75,8.375],"faces":{"down":{"uv":[8.249,8.374,8.126,8.251],"texture":"#staff_wolf_bottom"},"up":{"uv":[7.751,8.251,7.874,8.374],"texture":"#staff_wolf_top"},"south":{"uv":[7.751,4.251,7.874,4.749],"texture":"#texture"},"west":{"uv":[8.251,4.251,8.374,4.749],"texture":"#staff_wolf_top"},"east":{"uv":[8.374,4.251,8.251,4.749],"texture":"#texture"}}},{"__comment":"Wolfstaff","from":[7.75,13.875,8.25],"to":[9.25,14,8.375],"faces":{"down":{"uv":[8.249,8.374,6.751,8.251],"texture":"#staff_wolf_bottom"},"south":{"uv":[7.751,2.001,9.249,2.124],"texture":"#texture"},"west":{"uv":[8.251,2.001,8.374,2.124],"texture":"#staff_wolf_top"},"east":{"uv":[8.374,2.001,8.251,2.124],"texture":"#texture"}}},{"__comment":"Wolfstaff","from":[7.75,14,8.375],"to":[9.125,14.125,8.5],"faces":{"down":{"uv":[8.249,8.499,6.876,8.376],"texture":"#staff_wolf_bottom"},"up":{"uv":[7.751,8.376,9.124,8.499],"texture":"#staff_wolf_top"},"south":{"uv":[7.751,1.876,9.124,1.999],"texture":"#texture"},"west":{"uv":[8.376,1.876,8.499,1.999],"texture":"#staff_wolf_top"},"east":{"uv":[8.499,1.876,8.376,1.999],"texture":"#texture"}}},{"__comment":"Wolfstaff","from":[7.875,14,7.375],"to":[9,14.125,7.5],"faces":{"down":{"uv":[8.124,7.499,7.001,7.376],"texture":"#staff_wolf_bottom"},"up":{"uv":[7.876,7.376,8.999,7.499],"texture":"#staff_wolf_top"},"north":{"uv":[8.999,1.876,7.876,1.999],"texture":"#texture"},"west":{"uv":[7.376,1.876,7.499,1.999],"texture":"#staff_wolf_top"},"east":{"uv":[7.499,1.876,7.376,1.999],"texture":"#texture"}}},{"__comment":"Wolfstaff","from":[7.875,13.875,7.5],"to":[9.125,14,7.625],"faces":{"down":{"uv":[8.124,7.624,6.876,7.501],"texture":"#staff_wolf_bottom"},"north":{"uv":[9.124,2.001,7.876,2.124],"texture":"#texture"},"west":{"uv":[7.501,2.001,7.624,2.124],"texture":"#staff_wolf_top"},"east":{"uv":[7.624,2.001,7.501,2.124],"texture":"#texture"}}},{"__comment":"Wolfstaff","from":[7.875,10.375,7.625],"to":[8,11.125,7.75],"faces":{"down":{"uv":[8.124,7.749,8.001,7.626],"texture":"#staff_wolf_bottom"},"up":{"uv":[7.876,7.626,7.999,7.749],"texture":"#staff_wolf_top"},"north":{"uv":[7.999,4.876,7.876,5.624],"texture":"#texture"},"west":{"uv":[7.626,4.876,7.749,5.624],"texture":"#staff_wolf_top"},"east":{"uv":[7.749,4.876,7.626,5.624],"texture":"#texture"}}},{"__comment":"Wolfstaff","from":[7.875,13.25,7.625],"to":[8.75,13.5,7.75],"faces":{"down":{"uv":[8.124,7.749,7.251,7.626],"texture":"#staff_wolf_bottom"},"up":{"uv":[7.876,7.626,8.749,7.749],"texture":"#staff_wolf_top"},"north":{"uv":[8.749,2.501,7.876,2.749],"texture":"#texture"},"south":{"uv":[7.876,2.501,8.749,2.749],"texture":"#texture"},"west":{"uv":[7.626,2.501,7.749,2.749],"texture":"#staff_wolf_top"},"east":{"uv":[7.749,2.501,7.626,2.749],"texture":"#texture"}}},{"__comment":"Wolfstaff","from":[7.875,13.75,7.625],"to":[9.125,13.875,7.75],"faces":{"down":{"uv":[8.124,7.749,6.876,7.626],"texture":"#staff_wolf_bottom"},"north":{"uv":[9.124,2.126,7.876,2.249],"texture":"#texture"},"west":{"uv":[7.626,2.126,7.749,2.249],"texture":"#staff_wolf_top"},"east":{"uv":[7.749,2.126,7.626,2.249],"texture":"#texture"}}},{"__comment":"Wolfstaff","from":[7.875,15.125,7.625],"to":[8.75,15.25,7.75],"faces":{"down":{"uv":[8.124,7.749,7.251,7.626],"texture":"#staff_wolf_bottom"},"up":{"uv":[7.876,7.626,8.749,7.749],"texture":"#staff_wolf_top"},"north":{"uv":[8.749,0.751,7.876,0.874],"texture":"#texture"},"east":{"uv":[7.749,0.751,7.626,0.874],"texture":"#texture"}}},{"__comment":"Wolfstaff","from":[7.875,9.875,7.75],"to":[8,10.125,7.875],"faces":{"down":{"uv":[8.124,7.874,8.001,7.751],"texture":"#staff_wolf_bottom"},"north":{"uv":[7.999,5.876,7.876,6.124],"texture":"#texture"},"east":{"uv":[7.874,5.876,7.751,6.124],"texture":"#texture"}}},{"__comment":"Wolfstaff","from":[7.875,12.625,7.75],"to":[8.25,12.75,7.875],"faces":{"down":{"uv":[8.124,7.874,7.751,7.751],"texture":"#staff_wolf_bottom"},"north":{"uv":[8.249,3.251,7.876,3.374],"texture":"#texture"},"south":{"uv":[7.876,3.251,8.249,3.374],"texture":"#texture"},"east":{"uv":[7.874,3.251,7.751,3.374],"texture":"#texture"}}},{"__comment":"Wolfstaff","from":[7.875,13.625,7.75],"to":[9.125,13.75,7.875],"faces":{"down":{"uv":[8.124,7.874,6.876,7.751],"texture":"#staff_wolf_bottom"},"north":{"uv":[9.124,2.251,7.876,2.374],"texture":"#texture"},"south":{"uv":[7.876,2.251,9.124,2.374],"texture":"#texture"},"west":{"uv":[7.751,2.251,7.874,2.374],"texture":"#staff_wolf_top"},"east":{"uv":[7.874,2.251,7.751,2.374],"texture":"#texture"}}},{"__comment":"Wolfstaff","from":[7.875,9.625,7.875],"to":[8,9.75,8.125],"faces":{"down":{"uv":[8.124,8.124,8.001,7.876],"texture":"#staff_wolf_bottom"},"north":{"uv":[7.999,6.251,7.876,6.374],"texture":"#texture"},"south":{"uv":[7.876,6.251,7.999,6.374],"texture":"#texture"},"east":{"uv":[8.124,6.251,7.876,6.374],"texture":"#texture"}}},{"__comment":"Wolfstaff","from":[7.875,9.875,8.125],"to":[8,10.25,8.25],"faces":{"down":{"uv":[8.124,8.249,8.001,8.126],"texture":"#staff_wolf_bottom"},"south":{"uv":[7.876,5.751,7.999,6.124],"texture":"#texture"},"west":{"uv":[8.126,5.751,8.249,6.124],"texture":"#staff_wolf_top"},"east":{"uv":[8.249,5.751,8.126,6.124],"texture":"#texture"}}},{"__comment":"Wolfstaff","from":[7.875,12.625,8.125],"to":[8.25,12.75,8.25],"faces":{"down":{"uv":[8.124,8.249,7.751,8.126],"texture":"#staff_wolf_bottom"},"north":{"uv":[8.249,3.251,7.876,3.374],"texture":"#texture"},"south":{"uv":[7.876,3.251,8.249,3.374],"texture":"#texture"},"east":{"uv":[8.249,3.251,8.126,3.374],"texture":"#texture"}}},{"__comment":"Wolfstaff","from":[7.875,13.625,8.125],"to":[9.125,13.75,8.25],"faces":{"down":{"uv":[8.124,8.249,6.876,8.126],"texture":"#staff_wolf_bottom"},"north":{"uv":[9.124,2.251,7.876,2.374],"texture":"#texture"},"south":{"uv":[7.876,2.251,9.124,2.374],"texture":"#texture"},"west":{"uv":[8.126,2.251,8.249,2.374],"texture":"#staff_wolf_top"},"east":{"uv":[8.249,2.251,8.126,2.374],"texture":"#texture"}}},{"__comment":"Wolfstaff","from":[7.875,15.25,8.125],"to":[8.875,15.375,8.25],"faces":{"up":{"uv":[7.876,8.126,8.874,8.249],"texture":"#staff_wolf_top"},"south":{"uv":[7.876,0.626,8.874,0.749],"texture":"#texture"},"east":{"uv":[8.249,0.626,8.126,0.749],"texture":"#texture"}}},{"__comment":"Wolfstaff","from":[7.875,10.375,8.25],"to":[8,11.125,8.375],"faces":{"down":{"uv":[8.124,8.374,8.001,8.251],"texture":"#staff_wolf_bottom"},"up":{"uv":[7.876,8.251,7.999,8.374],"texture":"#staff_wolf_top"},"south":{"uv":[7.876,4.876,7.999,5.624],"texture":"#texture"},"west":{"uv":[8.251,4.876,8.374,5.624],"texture":"#staff_wolf_top"},"east":{"uv":[8.374,4.876,8.251,5.624],"texture":"#texture"}}},{"__comment":"Wolfstaff","from":[7.875,13.25,8.25],"to":[8.75,13.5,8.375],"faces":{"down":{"uv":[8.124,8.374,7.251,8.251],"texture":"#staff_wolf_bottom"},"up":{"uv":[7.876,8.251,8.749,8.374],"texture":"#staff_wolf_top"},"north":{"uv":[8.749,2.501,7.876,2.749],"texture":"#texture"},"south":{"uv":[7.876,2.501,8.749,2.749],"texture":"#texture"},"west":{"uv":[8.251,2.501,8.374,2.749],"texture":"#staff_wolf_top"},"east":{"uv":[8.374,2.501,8.251,2.749],"texture":"#texture"}}},{"__comment":"Wolfstaff","from":[7.875,13.75,8.25],"to":[9.125,13.875,8.375],"faces":{"down":{"uv":[8.124,8.374,6.876,8.251],"texture":"#staff_wolf_bottom"},"south":{"uv":[7.876,2.126,9.124,2.249],"texture":"#texture"},"west":{"uv":[8.251,2.126,8.374,2.249],"texture":"#staff_wolf_top"},"east":{"uv":[8.374,2.126,8.251,2.249],"texture":"#texture"}}},{"__comment":"Wolfstaff","from":[7.875,13.875,8.375],"to":[9.125,14,8.5],"faces":{"down":{"uv":[8.124,8.499,6.876,8.376],"texture":"#staff_wolf_bottom"},"south":{"uv":[7.876,2.001,9.124,2.124],"texture":"#texture"},"west":{"uv":[8.376,2.001,8.499,2.124],"texture":"#staff_wolf_top"},"east":{"uv":[8.499,2.001,8.376,2.124],"texture":"#texture"}}},{"__comment":"Wolfstaff","from":[7.875,14,8.5],"to":[9,14.125,8.625],"faces":{"down":{"uv":[8.124,8.624,7.001,8.501],"texture":"#staff_wolf_bottom"},"up":{"uv":[7.876,8.501,8.999,8.624],"texture":"#staff_wolf_top"},"south":{"uv":[7.876,1.876,8.999,1.999],"texture":"#texture"},"west":{"uv":[8.501,1.876,8.624,1.999],"texture":"#staff_wolf_top"},"east":{"uv":[8.624,1.876,8.501,1.999],"texture":"#texture"}}},{"__comment":"Wolfstaff","from":[8,13.875,7.375],"to":[8.875,14,7.5],"faces":{"down":{"uv":[7.999,7.499,7.126,7.376],"texture":"#staff_wolf_bottom"},"north":{"uv":[8.874,2.001,8.001,2.124],"texture":"#texture"},"west":{"uv":[7.376,2.001,7.499,2.124],"texture":"#staff_wolf_top"},"east":{"uv":[7.499,2.001,7.376,2.124],"texture":"#texture"}}},{"__comment":"Wolfstaff","from":[8,13.75,7.5],"to":[9,13.875,7.625],"faces":{"down":{"uv":[7.999,7.624,7.001,7.501],"texture":"#staff_wolf_bottom"},"north":{"uv":[8.999,2.126,8.001,2.249],"texture":"#texture"},"west":{"uv":[7.501,2.126,7.624,2.249],"texture":"#staff_wolf_top"},"east":{"uv":[7.624,2.126,7.501,2.249],"texture":"#texture"}}},{"__comment":"Wolfstaff","from":[8,13.5,7.625],"to":[8.75,13.75,7.75],"faces":{"north":{"uv":[8.749,2.251,8.001,2.499],"texture":"#texture"},"south":{"uv":[8.001,2.251,8.749,2.499],"texture":"#texture"},"west":{"uv":[7.626,2.251,7.749,2.499],"texture":"#staff_wolf_top"},"east":{"uv":[7.749,2.251,7.626,2.499],"texture":"#texture"}}},{"__comment":"Wolfstaff","from":[8,10.375,7.75],"to":[8.125,11.125,7.875],"faces":{"down":{"uv":[7.999,7.874,7.876,7.751],"texture":"#staff_wolf_bottom"},"up":{"uv":[8.001,7.751,8.124,7.874],"texture":"#staff_wolf_top"},"north":{"uv":[8.124,4.876,8.001,5.624],"texture":"#texture"},"east":{"uv":[7.874,4.876,7.751,5.624],"texture":"#texture"}}},{"__comment":"Wolfstaff","from":[8,10,7.875],"to":[8.125,10.25,8.125],"faces":{"down":{"uv":[7.999,8.124,7.876,7.876],"texture":"#staff_wolf_bottom"},"north":{"uv":[8.124,5.751,8.001,5.999],"texture":"#texture"},"south":{"uv":[8.001,5.751,8.124,5.999],"texture":"#texture"},"east":{"uv":[8.124,5.751,7.876,5.999],"texture":"#texture"}}},{"__comment":"Wolfstaff","from":[8,11.75,7.875],"to":[8.125,12,8.125],"faces":{"up":{"uv":[8.001,7.876,8.124,8.124],"texture":"#staff_wolf_top"},"north":{"uv":[8.124,4.001,8.001,4.249],"texture":"#texture"},"south":{"uv":[8.001,4.001,8.124,4.249],"texture":"#texture"},"east":{"uv":[8.124,4.001,7.876,4.249],"texture":"#texture"}}},{"__comment":"Wolfstaff","from":[8,12.625,7.875],"to":[8.625,12.75,8.125],"faces":{"down":{"uv":[7.999,8.124,7.376,7.876],"texture":"#staff_wolf_bottom"},"up":{"uv":[8.001,7.876,8.624,8.124],"texture":"#staff_wolf_top"},"north":{"uv":[8.624,3.251,8.001,3.374],"texture":"#texture"},"south":{"uv":[8.001,3.251,8.624,3.374],"texture":"#texture"},"east":{"uv":[8.124,3.251,7.876,3.374],"texture":"#texture"}}},{"__comment":"Wolfstaff","from":[8,10.375,8.125],"to":[8.125,11.125,8.25],"faces":{"down":{"uv":[7.999,8.249,7.876,8.126],"texture":"#staff_wolf_bottom"},"up":{"uv":[8.001,8.126,8.124,8.249],"texture":"#staff_wolf_top"},"south":{"uv":[8.001,4.876,8.124,5.624],"texture":"#texture"},"east":{"uv":[8.249,4.876,8.126,5.624],"texture":"#texture"}}},{"__comment":"Wolfstaff","from":[8,12.75,8.25],"to":[8.375,13,8.375],"faces":{"down":{"uv":[7.999,8.374,7.626,8.251],"texture":"#staff_wolf_bottom"},"south":{"uv":[8.001,3.001,8.374,3.249],"texture":"#texture"},"east":{"uv":[8.374,3.001,8.251,3.249],"texture":"#texture"}}},{"__comment":"Wolfstaff","from":[8,13.5,8.25],"to":[8.75,13.75,8.375],"faces":{"north":{"uv":[8.749,2.251,8.001,2.499],"texture":"#texture"},"south":{"uv":[8.001,2.251,8.749,2.499],"texture":"#texture"},"west":{"uv":[8.251,2.251,8.374,2.499],"texture":"#staff_wolf_top"},"east":{"uv":[8.374,2.251,8.251,2.499],"texture":"#texture"}}},{"__comment":"Wolfstaff","from":[8,13.75,8.375],"to":[9,13.875,8.5],"faces":{"down":{"uv":[7.999,8.499,7.001,8.376],"texture":"#staff_wolf_bottom"},"south":{"uv":[8.001,2.126,8.999,2.249],"texture":"#texture"},"west":{"uv":[8.376,2.126,8.499,2.249],"texture":"#staff_wolf_top"},"east":{"uv":[8.499,2.126,8.376,2.249],"texture":"#texture"}}},{"__comment":"Wolfstaff","from":[8,13.875,8.5],"to":[8.875,14,8.625],"faces":{"down":{"uv":[7.999,8.624,7.126,8.501],"texture":"#staff_wolf_bottom"},"south":{"uv":[8.001,2.001,8.874,2.124],"texture":"#texture"},"west":{"uv":[8.501,2.001,8.624,2.124],"texture":"#staff_wolf_top"},"east":{"uv":[8.624,2.001,8.501,2.124],"texture":"#texture"}}},{"__comment":"Wolfstaff","from":[8.125,15.25,7.75],"to":[8.875,15.375,7.875],"faces":{"down":{"uv":[7.874,7.874,7.126,7.751],"texture":"#staff_wolf_bottom"},"up":{"uv":[8.126,7.751,8.874,7.874],"texture":"#staff_wolf_top"},"north":{"uv":[8.874,0.626,8.126,0.749],"texture":"#texture"},"east":{"uv":[7.874,0.626,7.751,0.749],"texture":"#texture"}}},{"__comment":"Wolfstaff","from":[8.125,10.375,7.875],"to":[8.25,11.25,8.125],"faces":{"down":{"uv":[7.874,8.124,7.751,7.876],"texture":"#staff_wolf_bottom"},"up":{"uv":[8.126,7.876,8.249,8.124],"texture":"#staff_wolf_top"},"north":{"uv":[8.249,4.751,8.126,5.624],"texture":"#texture"},"south":{"uv":[8.126,4.751,8.249,5.624],"texture":"#texture"},"west":{"uv":[7.876,4.751,8.124,5.624],"texture":"#staff_wolf_top"},"east":{"uv":[8.124,4.751,7.876,5.624],"texture":"#texture"}}},{"__comment":"Wolfstaff","from":[8.125,15.375,7.875],"to":[9,15.5,8.125],"faces":{"down":{"uv":[7.874,8.124,7.001,7.876],"texture":"#staff_wolf_bottom"},"up":{"uv":[8.126,7.876,8.999,8.124],"texture":"#staff_wolf_top"},"north":{"uv":[8.999,0.501,8.126,0.624],"texture":"#texture"},"south":{"uv":[8.126,0.501,8.999,0.624],"texture":"#texture"},"east":{"uv":[8.124,0.501,7.876,0.624],"texture":"#texture"}}},{"__comment":"Wolfstaff","from":[8.375,13.625,7.5],"to":[8.875,13.75,7.625],"faces":{"down":{"uv":[7.624,7.624,7.126,7.501],"texture":"#staff_wolf_bottom"},"north":{"uv":[8.874,2.251,8.376,2.374],"texture":"#texture"},"south":{"uv":[8.376,2.251,8.874,2.374],"texture":"#texture"},"west":{"uv":[7.501,2.251,7.624,2.374],"texture":"#staff_wolf_top"},"east":{"uv":[7.624,2.251,7.501,2.374],"texture":"#texture"}}},{"__comment":"Wolfstaff","from":[8.375,12.875,7.625],"to":[8.5,13,7.75],"faces":{"down":{"uv":[7.624,7.749,7.501,7.626],"texture":"#staff_wolf_bottom"},"north":{"uv":[8.499,3.001,8.376,3.124],"texture":"#texture"},"east":{"uv":[7.749,3.001,7.626,3.124],"texture":"#texture"}}},{"__comment":"Wolfstaff","from":[8.375,12.875,8.25],"to":[8.5,13,8.375],"faces":{"down":{"uv":[7.624,8.374,7.501,8.251],"texture":"#staff_wolf_bottom"},"south":{"uv":[8.376,3.001,8.499,3.124],"texture":"#texture"},"east":{"uv":[8.374,3.001,8.251,3.124],"texture":"#texture"}}},{"__comment":"Wolfstaff","from":[8.375,13.625,8.375],"to":[8.875,13.75,8.5],"faces":{"down":{"uv":[7.624,8.499,7.126,8.376],"texture":"#staff_wolf_bottom"},"north":{"uv":[8.874,2.251,8.376,2.374],"texture":"#texture"},"south":{"uv":[8.376,2.251,8.874,2.374],"texture":"#texture"},"west":{"uv":[8.376,2.251,8.499,2.374],"texture":"#staff_wolf_top"},"east":{"uv":[8.499,2.251,8.376,2.374],"texture":"#texture"}}},{"__comment":"Wolfstaff","from":[8.625,14.375,7.375],"to":[8.75,14.5,7.5],"faces":{"up":{"uv":[8.626,7.376,8.749,7.499],"texture":"#staff_wolf_top"},"north":{"uv":[8.749,1.501,8.626,1.624],"texture":"#texture"},"east":{"uv":[7.499,1.501,7.376,1.624],"texture":"#texture"}}},{"__comment":"Wolfstaff","from":[8.625,14.5,7.5],"to":[8.75,14.625,7.625],"faces":{"up":{"uv":[8.626,7.501,8.749,7.624],"texture":"#staff_wolf_top"},"north":{"uv":[8.749,1.376,8.626,1.499],"texture":"#texture"},"east":{"uv":[7.624,1.376,7.501,1.499],"texture":"#texture"}}},{"__comment":"Wolfstaff","from":[8.625,14.75,7.625],"to":[8.75,14.875,7.75],"faces":{"up":{"uv":[8.626,7.626,8.749,7.749],"texture":"#staff_wolf_top"},"north":{"uv":[8.749,1.126,8.626,1.249],"texture":"#texture"},"east":{"uv":[7.749,1.126,7.626,1.249],"texture":"#texture"}}},{"__comment":"Wolfstaff","from":[8.625,15,7.625],"to":[8.75,15.125,7.75],"faces":{"down":{"uv":[7.374,7.749,7.251,7.626],"texture":"#staff_wolf_bottom"},"north":{"uv":[8.749,0.876,8.626,0.999],"texture":"#texture"},"east":{"uv":[7.749,0.876,7.626,0.999],"texture":"#texture"}}},{"__comment":"Wolfstaff","from":[8.625,12.75,7.875],"to":[8.75,12.875,8],"faces":{"down":{"uv":[7.374,7.999,7.251,7.876],"texture":"#staff_wolf_bottom"},"north":{"uv":[8.749,3.126,8.626,3.249],"texture":"#texture"},"east":{"uv":[7.999,3.126,7.876,3.249],"texture":"#texture"}}},{"__comment":"Wolfstaff","from":[8.625,14.5,8.375],"to":[8.75,14.625,8.5],"faces":{"up":{"uv":[8.626,8.376,8.749,8.499],"texture":"#staff_wolf_top"},"south":{"uv":[8.626,1.376,8.749,1.499],"texture":"#texture"},"east":{"uv":[8.499,1.376,8.376,1.499],"texture":"#texture"}}},{"__comment":"Wolfstaff","from":[8.625,14.375,8.5],"to":[8.75,14.5,8.625],"faces":{"up":{"uv":[8.626,8.501,8.749,8.624],"texture":"#staff_wolf_top"},"south":{"uv":[8.626,1.501,8.749,1.624],"texture":"#texture"},"east":{"uv":[8.624,1.501,8.501,1.624],"texture":"#texture"}}},{"__comment":"Wolfstaff","from":[8.75,13.625,7.625],"to":[9,13.75,7.75],"faces":{"down":{"uv":[7.249,7.749,7.001,7.626],"texture":"#staff_wolf_bottom"},"north":{"uv":[8.999,2.251,8.751,2.374],"texture":"#texture"},"east":{"uv":[7.749,2.251,7.626,2.374],"texture":"#texture"}}},{"__comment":"Wolfstaff","from":[8.75,14.75,7.75],"to":[8.875,14.875,7.875],"faces":{"up":{"uv":[8.751,7.751,8.874,7.874],"texture":"#staff_wolf_top"},"north":{"uv":[8.874,1.126,8.751,1.249],"texture":"#texture"},"east":{"uv":[7.874,1.126,7.751,1.249],"texture":"#texture"}}},{"__comment":"Wolfstaff","from":[8.75,15.125,7.75],"to":[8.875,15.25,7.875],"faces":{"down":{"uv":[7.249,7.874,7.126,7.751],"texture":"#staff_wolf_bottom"},"north":{"uv":[8.874,0.751,8.751,0.874],"texture":"#texture"},"east":{"uv":[7.874,0.751,7.751,0.874],"texture":"#texture"}}},{"__comment":"Wolfstaff","from":[8.75,14.875,7.875],"to":[8.875,15,8.125],"faces":{"north":{"uv":[8.874,1.001,8.751,1.124],"texture":"#texture"},"south":{"uv":[8.751,1.001,8.874,1.124],"texture":"#texture"},"east":{"uv":[8.124,1.001,7.876,1.124],"texture":"#texture"}}},{"__comment":"Wolfstaff","from":[8.75,14.75,8.125],"to":[8.875,14.875,8.25],"faces":{"up":{"uv":[8.751,8.126,8.874,8.249],"texture":"#staff_wolf_top"},"south":{"uv":[8.751,1.126,8.874,1.249],"texture":"#texture"},"east":{"uv":[8.249,1.126,8.126,1.249],"texture":"#texture"}}},{"__comment":"Wolfstaff","from":[8.75,13.625,8.25],"to":[9,13.75,8.375],"faces":{"down":{"uv":[7.249,8.374,7.001,8.251],"texture":"#staff_wolf_bottom"},"south":{"uv":[8.751,2.251,8.999,2.374],"texture":"#texture"},"east":{"uv":[8.374,2.251,8.251,2.374],"texture":"#texture"}}},{"__comment":"Wolfstaff","from":[9,13.625,7.875],"to":[9.125,13.875,8.125],"faces":{"down":{"uv":[6.999,8.124,6.876,7.876],"texture":"#staff_wolf_bottom"},"north":{"uv":[9.124,2.126,9.001,2.374],"texture":"#texture"},"south":{"uv":[9.001,2.126,9.124,2.374],"texture":"#texture"},"east":{"uv":[8.124,2.126,7.876,2.374],"texture":"#texture"}}},{"__comment":"Wolfstaff","from":[9,14.5,7.875],"to":[9.125,14.75,8.125],"faces":{"up":{"uv":[9.001,7.876,9.124,8.124],"texture":"#staff_wolf_top"},"north":{"uv":[9.124,1.251,9.001,1.499],"texture":"#texture"},"south":{"uv":[9.001,1.251,9.124,1.499],"texture":"#texture"},"west":{"uv":[7.876,1.251,8.124,1.499],"texture":"#staff_wolf_top"},"east":{"uv":[8.124,1.251,7.876,1.499],"texture":"#texture"}}},{"__comment":"Wolfstaff","from":[9.125,13.75,7.875],"to":[9.375,13.875,8.125],"faces":{"down":{"uv":[6.874,8.124,6.626,7.876],"texture":"#staff_wolf_bottom"},"north":{"uv":[9.374,2.126,9.126,2.249],"texture":"#texture"},"south":{"uv":[9.126,2.126,9.374,2.249],"texture":"#texture"},"east":{"uv":[8.124,2.126,7.876,2.249],"texture":"#texture"}}},{"__comment":"Wolfstaff","from":[9.125,14.375,7.875],"to":[9.25,14.5,8.125],"faces":{"up":{"uv":[9.126,7.876,9.249,8.124],"texture":"#staff_wolf_top"},"north":{"uv":[9.249,1.501,9.126,1.624],"texture":"#texture"},"south":{"uv":[9.126,1.501,9.249,1.624],"texture":"#texture"},"east":{"uv":[8.124,1.501,7.876,1.624],"texture":"#texture"}}},{"__comment":"Wolfstaff","from":[9.25,14,7.75],"to":[9.375,14.125,7.875],"faces":{"north":{"uv":[9.374,1.876,9.251,1.999],"texture":"#texture"},"east":{"uv":[7.874,1.876,7.751,1.999],"texture":"#texture"}}},{"__comment":"Wolfstaff","from":[9.25,14.25,7.875],"to":[9.375,14.375,8.125],"faces":{"up":{"uv":[9.251,7.876,9.374,8.124],"texture":"#staff_wolf_top"},"north":{"uv":[9.374,1.626,9.251,1.749],"texture":"#texture"},"south":{"uv":[9.251,1.626,9.374,1.749],"texture":"#texture"},"east":{"uv":[8.124,1.626,7.876,1.749],"texture":"#texture"}}},{"__comment":"Wolfstaff","from":[9.25,14,8.125],"to":[9.375,14.125,8.25],"faces":{"south":{"uv":[9.251,1.876,9.374,1.999],"texture":"#texture"},"east":{"uv":[8.249,1.876,8.126,1.999],"texture":"#texture"}}}],"display":{"firstperson_lefthand":{"rotation":[0,100,-10],"translation":[1,3.25,0.56],"scale":[1.5,1.5,1.5]},"firstperson_righthand":{"rotation":[0,-100,10],"translation":[1,3.25,0.56],"scale":[1.5,1.5,1.5]},"thirdperson_lefthand":{"rotation":[0,90,0],"translation":[0,-0.94,3.59],"scale":[2.5,2.5,2.5]},"thirdperson_righthand":{"rotation":[0,-90,0],"translation":[0,-0.94,3.59],"scale":[2.5,2.5,2.5]},"ground":{"rotation":[-82,0,0],"translation":[0,0,0],"scale":[2,2,2]},"fixed":{"rotation":[0,90,0],"translation":[-0.94,0,-0.56],"scale":[1.3,1.3,1.3]},"gui":{"rotation":[-6,-4,-45],"translation":[0,0,0],"scale":[1.3,1.3,1.3]},"head":{"rotation":[0,180,37],"translation":[2.46,-13.8,7.75],"scale":[4,4,4]}}}