{"__comment":"toinserver","ambientocclusion":false,"textures":{"particle":"items/diamond_sword/staff_magicka","texture":"items/diamond_sword/staff_magicka","staff_magicka_top":"items/diamond_sword/staff_magicka_top","staff_magicka_bottom":"items/diamond_sword/staff_magicka_bottom","animated1":"items/diamond_sword/animated1"},"elements":[{"__comment":"Magicka","from":[5.875,12.75,7.875],"to":[6.125,12.875,8.125],"faces":{"down":{"uv":[10.125,8.125,9.875,7.875],"texture":"#staff_magicka_bottom"},"up":{"uv":[5.875,7.875,6.125,8.125],"texture":"#staff_magicka_top"},"north":{"uv":[6.125,3.125,5.875,3.25],"texture":"#texture"},"south":{"uv":[5.875,3.125,6.125,3.25],"texture":"#texture"},"west":{"uv":[7.875,3.125,8.125,3.25],"texture":"#texture"},"east":{"uv":[8.125,3.125,7.875,3.25],"texture":"#texture"}}},{"__comment":"Magicka","from":[6,12.375,7.875],"to":[6.25,12.75,8.125],"faces":{"down":{"uv":[10,8.125,9.75,7.875],"texture":"#staff_magicka_bottom"},"up":{"uv":[6,7.875,6.25,8.125],"texture":"#staff_magicka_top"},"north":{"uv":[6.25,3.25,6,3.625],"texture":"#texture"},"south":{"uv":[6,3.25,6.25,3.625],"texture":"#texture"},"west":{"uv":[7.875,3.25,8.125,3.625],"texture":"#texture"},"east":{"uv":[8.125,3.25,7.875,3.625],"texture":"#texture"}}},{"__comment":"Magicka","from":[6.125,12.375,7.75],"to":[6.375,12.5,7.875],"faces":{"down":{"uv":[9.875,7.875,9.625,7.75],"texture":"#staff_magicka_bottom"},"up":{"uv":[6.125,7.75,6.375,7.875],"texture":"#staff_magicka_top"},"north":{"uv":[6.375,3.5,6.125,3.625],"texture":"#texture"},"south":{"uv":[6.125,3.5,6.375,3.625],"texture":"#texture"},"west":{"uv":[7.75,3.5,7.875,3.625],"texture":"#texture"},"east":{"uv":[7.875,3.5,7.75,3.625],"texture":"#texture"}}},{"__comment":"Magicka","from":[6.125,12.25,7.875],"to":[6.875,12.375,8.125],"faces":{"down":{"uv":[9.875,8.125,9.125,7.875],"texture":"#staff_magicka_bottom"},"up":{"uv":[6.125,7.875,6.875,8.125],"texture":"#staff_magicka_top"},"north":{"uv":[6.875,3.625,6.125,3.75],"texture":"#texture"},"south":{"uv":[6.125,3.625,6.875,3.75],"texture":"#texture"},"west":{"uv":[7.875,3.625,8.125,3.75],"texture":"#texture"},"east":{"uv":[8.125,3.625,7.875,3.75],"texture":"#texture"}}},{"__comment":"Magicka","from":[6.125,12.375,8.125],"to":[6.375,12.5,8.25],"faces":{"down":{"uv":[9.875,8.25,9.625,8.125],"texture":"#staff_magicka_bottom"},"up":{"uv":[6.125,8.125,6.375,8.25],"texture":"#staff_magicka_top"},"north":{"uv":[6.375,3.5,6.125,3.625],"texture":"#texture"},"south":{"uv":[6.125,3.5,6.375,3.625],"texture":"#texture"},"west":{"uv":[8.125,3.5,8.25,3.625],"texture":"#texture"},"east":{"uv":[8.25,3.5,8.125,3.625],"texture":"#texture"}}},{"__comment":"Magicka","from":[6.25,12.25,7.75],"to":[6.5,12.375,7.875],"faces":{"down":{"uv":[9.75,7.875,9.5,7.75],"texture":"#staff_magicka_bottom"},"up":{"uv":[6.25,7.75,6.5,7.875],"texture":"#staff_magicka_top"},"north":{"uv":[6.5,3.625,6.25,3.75],"texture":"#texture"},"west":{"uv":[7.75,3.625,7.875,3.75],"texture":"#texture"},"east":{"uv":[7.875,3.625,7.75,3.75],"texture":"#texture"}}},{"__comment":"Magicka","from":[6.25,12.125,7.875],"to":[7.125,12.25,8.125],"faces":{"down":{"uv":[9.75,8.125,8.875,7.875],"texture":"#staff_magicka_bottom"},"up":{"uv":[6.25,7.875,7.125,8.125],"texture":"#staff_magicka_top"},"north":{"uv":[7.125,3.75,6.25,3.875],"texture":"#texture"},"south":{"uv":[6.25,3.75,7.125,3.875],"texture":"#texture"},"west":{"uv":[7.875,3.75,8.125,3.875],"texture":"#texture"},"east":{"uv":[8.125,3.75,7.875,3.875],"texture":"#texture"}}},{"__comment":"Magicka","from":[6.25,12.375,7.875],"to":[6.375,12.625,8.125],"faces":{"up":{"uv":[6.25,7.875,6.375,8.125],"texture":"#staff_magicka_top"},"north":{"uv":[6.375,3.375,6.25,3.625],"texture":"#texture"},"south":{"uv":[6.25,3.375,6.375,3.625],"texture":"#texture"},"east":{"uv":[8.125,3.375,7.875,3.625],"texture":"#texture"}}},{"__comment":"Magicka","from":[6.25,12.25,8.125],"to":[6.5,12.375,8.25],"faces":{"down":{"uv":[9.75,8.25,9.5,8.125],"texture":"#staff_magicka_bottom"},"up":{"uv":[6.25,8.125,6.5,8.25],"texture":"#staff_magicka_top"},"south":{"uv":[6.25,3.625,6.5,3.75],"texture":"#texture"},"west":{"uv":[8.125,3.625,8.25,3.75],"texture":"#texture"},"east":{"uv":[8.25,3.625,8.125,3.75],"texture":"#texture"}}},{"__comment":"Magicka","from":[6.375,12.125,7.75],"to":[6.75,12.25,7.875],"faces":{"down":{"uv":[9.625,7.875,9.25,7.75],"texture":"#staff_magicka_bottom"},"up":{"uv":[6.375,7.75,6.75,7.875],"texture":"#staff_magicka_top"},"north":{"uv":[6.75,3.75,6.375,3.875],"texture":"#texture"},"west":{"uv":[7.75,3.75,7.875,3.875],"texture":"#texture"},"east":{"uv":[7.875,3.75,7.75,3.875],"texture":"#texture"}}},{"__comment":"Magicka","from":[6.375,12,7.875],"to":[9.5,12.125,8.125],"faces":{"down":{"uv":[9.625,8.125,6.5,7.875],"texture":"#staff_magicka_bottom"},"up":{"uv":[6.375,7.875,9.5,8.125],"texture":"#staff_magicka_top"},"north":{"uv":[9.5,3.875,6.375,4],"texture":"#texture"},"south":{"uv":[6.375,3.875,9.5,4],"texture":"#texture"},"west":{"uv":[7.875,3.875,8.125,4],"texture":"#texture"},"east":{"uv":[8.125,3.875,7.875,4],"texture":"#texture"}}},{"__comment":"Magicka","from":[6.375,12.375,7.875],"to":[6.625,12.5,8.125],"faces":{"up":{"uv":[6.375,7.875,6.625,8.125],"texture":"#staff_magicka_top"},"north":{"uv":[6.625,3.5,6.375,3.625],"texture":"#texture"},"south":{"uv":[6.375,3.5,6.625,3.625],"texture":"#texture"},"east":{"uv":[8.125,3.5,7.875,3.625],"texture":"#texture"}}},{"__comment":"Magicka","from":[6.375,12.125,8.125],"to":[6.75,12.25,8.25],"faces":{"down":{"uv":[9.625,8.25,9.25,8.125],"texture":"#staff_magicka_bottom"},"up":{"uv":[6.375,8.125,6.75,8.25],"texture":"#staff_magicka_top"},"south":{"uv":[6.375,3.75,6.75,3.875],"texture":"#texture"},"west":{"uv":[8.125,3.75,8.25,3.875],"texture":"#texture"},"east":{"uv":[8.25,3.75,8.125,3.875],"texture":"#texture"}}},{"__comment":"Magicka","from":[6.5,12,7.75],"to":[7,12.125,7.875],"faces":{"down":{"uv":[9.5,7.875,9,7.75],"texture":"#staff_magicka_bottom"},"up":{"uv":[6.5,7.75,7,7.875],"texture":"#staff_magicka_top"},"north":{"uv":[7,3.875,6.5,4],"texture":"#texture"},"west":{"uv":[7.75,3.875,7.875,4],"texture":"#texture"},"east":{"uv":[7.875,3.875,7.75,4],"texture":"#texture"}}},{"__comment":"Magicka","from":[6.5,11.875,7.875],"to":[9.375,12,8.125],"faces":{"down":{"uv":[9.5,8.125,6.625,7.875],"texture":"#staff_magicka_bottom"},"north":{"uv":[9.375,4,6.5,4.125],"texture":"#texture"},"south":{"uv":[6.5,4,9.375,4.125],"texture":"#texture"},"west":{"uv":[7.875,4,8.125,4.125],"texture":"#texture"},"east":{"uv":[8.125,4,7.875,4.125],"texture":"#texture"}}},{"__comment":"Magicka","from":[6.5,12,8.125],"to":[7,12.125,8.25],"faces":{"down":{"uv":[9.5,8.25,9,8.125],"texture":"#staff_magicka_bottom"},"up":{"uv":[6.5,8.125,7,8.25],"texture":"#staff_magicka_top"},"south":{"uv":[6.5,3.875,7,4],"texture":"#texture"},"west":{"uv":[8.125,3.875,8.25,4],"texture":"#texture"},"east":{"uv":[8.25,3.875,8.125,4],"texture":"#texture"}}},{"__comment":"Magicka","from":[6.625,12,7.625],"to":[6.75,12.125,7.75],"faces":{"down":{"uv":[9.375,7.75,9.25,7.625],"texture":"#staff_magicka_bottom"},"up":{"uv":[6.625,7.625,6.75,7.75],"texture":"#staff_magicka_top"},"north":{"uv":[6.75,3.875,6.625,4],"texture":"#texture"},"west":{"uv":[7.625,3.875,7.75,4],"texture":"#texture"},"east":{"uv":[7.75,3.875,7.625,4],"texture":"#texture"}}},{"__comment":"Magicka","from":[6.625,11.875,7.75],"to":[9.25,12,7.875],"faces":{"down":{"uv":[9.375,7.875,6.75,7.75],"texture":"#staff_magicka_bottom"},"up":{"uv":[6.625,7.75,9.25,7.875],"texture":"#staff_magicka_top"},"north":{"uv":[9.25,4,6.625,4.125],"texture":"#texture"},"west":{"uv":[7.75,4,7.875,4.125],"texture":"#texture"},"east":{"uv":[7.875,4,7.75,4.125],"texture":"#texture"}}},{"__comment":"Magicka","from":[6.625,11.75,7.875],"to":[9.25,11.875,8.125],"faces":{"down":{"uv":[9.375,8.125,6.75,7.875],"texture":"#staff_magicka_bottom"},"north":{"uv":[9.25,4.125,6.625,4.25],"texture":"#texture"},"south":{"uv":[6.625,4.125,9.25,4.25],"texture":"#texture"},"west":{"uv":[7.875,4.125,8.125,4.25],"texture":"#texture"},"east":{"uv":[8.125,4.125,7.875,4.25],"texture":"#texture"}}},{"__comment":"Magicka","from":[6.625,11.875,8.125],"to":[9.25,12,8.25],"faces":{"down":{"uv":[9.375,8.25,6.75,8.125],"texture":"#staff_magicka_bottom"},"up":{"uv":[6.625,8.125,9.25,8.25],"texture":"#staff_magicka_top"},"south":{"uv":[6.625,4,9.25,4.125],"texture":"#texture"},"west":{"uv":[8.125,4,8.25,4.125],"texture":"#texture"},"east":{"uv":[8.25,4,8.125,4.125],"texture":"#texture"}}},{"__comment":"Magicka","from":[6.625,12,8.25],"to":[6.75,12.125,8.375],"faces":{"down":{"uv":[9.375,8.375,9.25,8.25],"texture":"#staff_magicka_bottom"},"up":{"uv":[6.625,8.25,6.75,8.375],"texture":"#staff_magicka_top"},"south":{"uv":[6.625,3.875,6.75,4],"texture":"#texture"},"west":{"uv":[8.25,3.875,8.375,4],"texture":"#texture"},"east":{"uv":[8.375,3.875,8.25,4],"texture":"#texture"}}},{"__comment":"Magicka","from":[6.75,11.875,7.625],"to":[6.875,12,7.75],"faces":{"down":{"uv":[9.25,7.75,9.125,7.625],"texture":"#staff_magicka_bottom"},"up":{"uv":[6.75,7.625,6.875,7.75],"texture":"#staff_magicka_top"},"north":{"uv":[6.875,4,6.75,4.125],"texture":"#texture"},"west":{"uv":[7.625,4,7.75,4.125],"texture":"#texture"},"east":{"uv":[7.75,4,7.625,4.125],"texture":"#texture"}}},{"__comment":"Magicka","from":[6.75,11.75,7.75],"to":[9.125,11.875,7.875],"faces":{"down":{"uv":[9.25,7.875,6.875,7.75],"texture":"#staff_magicka_bottom"},"north":{"uv":[9.125,4.125,6.75,4.25],"texture":"#texture"},"west":{"uv":[7.75,4.125,7.875,4.25],"texture":"#texture"},"east":{"uv":[7.875,4.125,7.75,4.25],"texture":"#texture"}}},{"__comment":"Magicka","from":[6.75,11.625,7.875],"to":[9.125,11.75,8.125],"faces":{"down":{"uv":[9.25,8.125,6.875,7.875],"texture":"#staff_magicka_bottom"},"north":{"uv":[9.125,4.25,6.75,4.375],"texture":"#texture"},"south":{"uv":[6.75,4.25,9.125,4.375],"texture":"#texture"},"west":{"uv":[7.875,4.25,8.125,4.375],"texture":"#texture"},"east":{"uv":[8.125,4.25,7.875,4.375],"texture":"#texture"}}},{"__comment":"Magicka","from":[6.75,11.75,8.125],"to":[9.125,11.875,8.25],"faces":{"down":{"uv":[9.25,8.25,6.875,8.125],"texture":"#staff_magicka_bottom"},"south":{"uv":[6.75,4.125,9.125,4.25],"texture":"#texture"},"west":{"uv":[8.125,4.125,8.25,4.25],"texture":"#texture"},"east":{"uv":[8.25,4.125,8.125,4.25],"texture":"#texture"}}},{"__comment":"Magicka","from":[6.75,11.875,8.25],"to":[6.875,12,8.375],"faces":{"down":{"uv":[9.25,8.375,9.125,8.25],"texture":"#staff_magicka_bottom"},"up":{"uv":[6.75,8.25,6.875,8.375],"texture":"#staff_magicka_top"},"south":{"uv":[6.75,4,6.875,4.125],"texture":"#texture"},"west":{"uv":[8.25,4,8.375,4.125],"texture":"#texture"},"east":{"uv":[8.375,4,8.25,4.125],"texture":"#texture"}}},{"__comment":"Magicka","from":[6.875,11.75,7.625],"to":[8.625,11.875,7.75],"faces":{"down":{"uv":[9.125,7.75,7.375,7.625],"texture":"#staff_magicka_bottom"},"up":{"uv":[6.875,7.625,8.625,7.75],"texture":"#staff_magicka_top"},"north":{"uv":[8.625,4.125,6.875,4.25],"texture":"#texture"},"west":{"uv":[7.625,4.125,7.75,4.25],"texture":"#texture"},"east":{"uv":[7.75,4.125,7.625,4.25],"texture":"#texture"}}},{"__comment":"Magicka","from":[6.875,11.625,7.75],"to":[8.625,11.75,7.875],"faces":{"down":{"uv":[9.125,7.875,7.375,7.75],"texture":"#staff_magicka_bottom"},"north":{"uv":[8.625,4.25,6.875,4.375],"texture":"#texture"},"west":{"uv":[7.75,4.25,7.875,4.375],"texture":"#texture"},"east":{"uv":[7.875,4.25,7.75,4.375],"texture":"#texture"}}},{"__comment":"Magicka","from":[6.875,11.625,8.125],"to":[8.625,11.75,8.25],"faces":{"down":{"uv":[9.125,8.25,7.375,8.125],"texture":"#staff_magicka_bottom"},"south":{"uv":[6.875,4.25,8.625,4.375],"texture":"#texture"},"west":{"uv":[8.125,4.25,8.25,4.375],"texture":"#texture"},"east":{"uv":[8.25,4.25,8.125,4.375],"texture":"#texture"}}},{"__comment":"Magicka","from":[6.875,11.75,8.25],"to":[8.625,11.875,8.375],"faces":{"down":{"uv":[9.125,8.375,7.375,8.25],"texture":"#staff_magicka_bottom"},"up":{"uv":[6.875,8.25,8.625,8.375],"texture":"#staff_magicka_top"},"south":{"uv":[6.875,4.125,8.625,4.25],"texture":"#texture"},"west":{"uv":[8.25,4.125,8.375,4.25],"texture":"#texture"},"east":{"uv":[8.375,4.125,8.25,4.25],"texture":"#texture"}}},{"__comment":"Magicka","from":[7,11.5,7.875],"to":[8.625,11.625,8.125],"faces":{"down":{"uv":[9,8.125,7.375,7.875],"texture":"#staff_magicka_bottom"},"north":{"uv":[8.625,4.375,7,4.5],"texture":"#texture"},"south":{"uv":[7,4.375,8.625,4.5],"texture":"#texture"},"west":{"uv":[7.875,4.375,8.125,4.5],"texture":"#texture"},"east":{"uv":[8.125,4.375,7.875,4.5],"texture":"#texture"}}},{"__comment":"Magicka","from":[7.25,15.625,7.875],"to":[9,15.75,8.125],"faces":{"down":{"uv":[8.75,8.125,7,7.875],"texture":"#staff_magicka_bottom"},"up":{"uv":[7.25,7.875,9,8.125],"texture":"#staff_magicka_top"},"north":{"uv":[9,0.25,7.25,0.375],"texture":"#texture"},"south":{"uv":[7.25,0.25,9,0.375],"texture":"#texture"},"west":{"uv":[7.875,0.25,8.125,0.375],"texture":"#texture"},"east":{"uv":[8.125,0.25,7.875,0.375],"texture":"#texture"}}},{"__comment":"Magicka","from":[7.5,11.625,7.625],"to":[8.25,11.75,7.75],"faces":{"down":{"uv":[8.5,7.75,7.75,7.625],"texture":"#staff_magicka_bottom"},"north":{"uv":[8.25,4.25,7.5,4.375],"texture":"#texture"},"west":{"uv":[7.625,4.25,7.75,4.375],"texture":"#texture"},"east":{"uv":[7.75,4.25,7.625,4.375],"texture":"#texture"}}},{"__comment":"Magicka","from":[7.5,11.5,7.75],"to":[8.25,11.625,7.875],"faces":{"down":{"uv":[8.5,7.875,7.75,7.75],"texture":"#staff_magicka_bottom"},"north":{"uv":[8.25,4.375,7.5,4.5],"texture":"#texture"},"west":{"uv":[7.75,4.375,7.875,4.5],"texture":"#texture"},"east":{"uv":[7.875,4.375,7.75,4.5],"texture":"#texture"}}},{"__comment":"Magicka","from":[7.5,9.75,7.875],"to":[8.375,9.875,8.125],"faces":{"down":{"uv":[8.5,8.125,7.625,7.875],"texture":"#staff_magicka_bottom"},"up":{"uv":[7.5,7.875,8.375,8.125],"texture":"#staff_magicka_top"},"north":{"uv":[8.375,6.125,7.5,6.25],"texture":"#texture"},"south":{"uv":[7.5,6.125,8.375,6.25],"texture":"#texture"},"west":{"uv":[7.875,6.125,8.125,6.25],"texture":"#texture"},"east":{"uv":[8.125,6.125,7.875,6.25],"texture":"#texture"}}},{"__comment":"Magicka","from":[7.5,13.625,7.875],"to":[8.25,14,8.125],"faces":{"down":{"uv":[0,0,1.5,1.5],"texture":"#texture"},"up":{"uv":[0,0,1.5,1.5],"texture":"#texture"},"north":{"uv":[0,0,1.5,1.5],"texture":"#texture"},"south":{"uv":[0,0,1.5,1.5],"texture":"#texture"},"west":{"uv":[0,0,1.5,1.5],"texture":"#texture"},"east":{"uv":[0,0,1.5,1.5],"texture":"#texture"}}},{"__comment":"Magicka","from":[7.5,15.75,7.875],"to":[8.75,15.875,8.125],"faces":{"up":{"uv":[7.5,7.875,8.75,8.125],"texture":"#staff_magicka_top"},"north":{"uv":[8.75,0.125,7.5,0.25],"texture":"#texture"},"south":{"uv":[7.5,0.125,8.75,0.25],"texture":"#texture"},"west":{"uv":[7.875,0.125,8.125,0.25],"texture":"#texture"},"east":{"uv":[8.125,0.125,7.875,0.25],"texture":"#texture"}}},{"__comment":"Magicka","from":[7.5,11.5,8.125],"to":[8.25,11.625,8.25],"faces":{"down":{"uv":[8.5,8.25,7.75,8.125],"texture":"#staff_magicka_bottom"},"south":{"uv":[7.5,4.375,8.25,4.5],"texture":"#texture"},"west":{"uv":[8.125,4.375,8.25,4.5],"texture":"#texture"},"east":{"uv":[8.25,4.375,8.125,4.5],"texture":"#texture"}}},{"__comment":"Magicka","from":[7.5,11.625,8.25],"to":[8.25,11.75,8.375],"faces":{"down":{"uv":[8.5,8.375,7.75,8.25],"texture":"#staff_magicka_bottom"},"south":{"uv":[7.5,4.25,8.25,4.375],"texture":"#texture"},"west":{"uv":[8.25,4.25,8.375,4.375],"texture":"#texture"},"east":{"uv":[8.375,4.25,8.25,4.375],"texture":"#texture"}}},{"__comment":"Magicka","from":[7.625,9.75,7.75],"to":[8.25,10.125,7.875],"faces":{"down":{"uv":[8.375,7.875,7.75,7.75],"texture":"#staff_magicka_bottom"},"up":{"uv":[7.625,7.75,8.25,7.875],"texture":"#staff_magicka_top"},"north":{"uv":[8.25,5.875,7.625,6.25],"texture":"#texture"},"south":{"uv":[7.625,5.875,8.25,6.25],"texture":"#texture"},"west":{"uv":[7.75,5.875,7.875,6.25],"texture":"#texture"},"east":{"uv":[7.875,5.875,7.75,6.25],"texture":"#texture"}}},{"__comment":"Magicka","from":[7.625,10.75,7.75],"to":[8.25,11,8.25],"faces":{"down":{"uv":[8.375,8.25,7.75,7.75],"texture":"#staff_magicka_bottom"},"up":{"uv":[7.625,7.75,8.25,8.25],"texture":"#staff_magicka_top"},"north":{"uv":[8.25,5,7.625,5.25],"texture":"#texture"},"south":{"uv":[7.625,5,8.25,5.25],"texture":"#texture"},"west":{"uv":[7.75,5,8.25,5.25],"texture":"#texture"},"east":{"uv":[8.25,5,7.75,5.25],"texture":"#texture"}}},{"__comment":"Magicka","from":[7.625,13.625,7.75],"to":[8.125,14,7.875],"faces":{"down":{"uv":[0,0,1.5,1.5],"texture":"#texture"},"up":{"uv":[0,0,1.5,1.5],"texture":"#texture"},"north":{"uv":[0,0,1.5,1.5],"texture":"#texture"},"west":{"uv":[0,0,1.5,1.5],"texture":"#texture"},"east":{"uv":[0,0,1.5,1.5],"texture":"#texture"}}},{"__comment":"Magicka","from":[7.625,0,7.875],"to":[8.25,1.25,8.125],"faces":{"down":{"uv":[8.375,8.125,7.75,7.875],"texture":"#staff_magicka_bottom"},"up":{"uv":[7.625,7.875,8.25,8.125],"texture":"#staff_magicka_top"},"north":{"uv":[8.25,14.75,7.625,16],"texture":"#texture"},"south":{"uv":[7.625,14.75,8.25,16],"texture":"#texture"},"west":{"uv":[7.875,14.75,8.125,16],"texture":"#texture"},"east":{"uv":[8.125,14.75,7.875,16],"texture":"#texture"}}},{"__comment":"Magicka","from":[7.625,9.875,7.875],"to":[8.25,10.125,8.25],"faces":{"down":{"uv":[8.375,8.25,7.75,7.875],"texture":"#staff_magicka_bottom"},"up":{"uv":[7.625,7.875,8.25,8.25],"texture":"#staff_magicka_top"},"south":{"uv":[7.625,5.875,8.25,6.125],"texture":"#texture"},"west":{"uv":[7.875,5.875,8.25,6.125],"texture":"#texture"},"east":{"uv":[8.25,5.875,7.875,6.125],"texture":"#texture"}}},{"__comment":"Magicka","from":[7.625,10.125,7.875],"to":[8.25,10.375,8.125],"faces":{"up":{"uv":[7.625,7.875,8.25,8.125],"texture":"#staff_magicka_top"},"north":{"uv":[8.25,5.625,7.625,5.875],"texture":"#texture"},"south":{"uv":[7.625,5.625,8.25,5.875],"texture":"#texture"},"west":{"uv":[7.875,5.625,8.125,5.875],"texture":"#texture"},"east":{"uv":[8.125,5.625,7.875,5.875],"texture":"#texture"}}},{"__comment":"Magicka","from":[7.625,11,7.875],"to":[8.25,11.25,8.125],"faces":{"up":{"uv":[7.625,7.875,8.25,8.125],"texture":"#staff_magicka_top"},"north":{"uv":[8.25,4.75,7.625,5],"texture":"#texture"},"south":{"uv":[7.625,4.75,8.25,5],"texture":"#texture"},"west":{"uv":[7.875,4.75,8.125,5],"texture":"#texture"},"east":{"uv":[8.125,4.75,7.875,5],"texture":"#texture"}}},{"__comment":"Magicka","from":[7.625,11.375,7.875],"to":[8.25,11.5,8.125],"faces":{"down":{"uv":[8.375,8.125,7.75,7.875],"texture":"#staff_magicka_bottom"},"north":{"uv":[8.25,4.5,7.625,4.625],"texture":"#texture"},"south":{"uv":[7.625,4.5,8.25,4.625],"texture":"#texture"},"west":{"uv":[7.875,4.5,8.125,4.625],"texture":"#texture"},"east":{"uv":[8.125,4.5,7.875,4.625],"texture":"#texture"}}},{"__comment":"Magicka","from":[7.625,13.375,7.875],"to":[8.125,13.625,8.125],"faces":{"down":{"uv":[0,0,1.5,1.5],"texture":"#texture"},"north":{"uv":[0,0,1.5,1.5],"texture":"#texture"},"south":{"uv":[0,0,1.5,1.5],"texture":"#texture"},"west":{"uv":[0,0,1.5,1.5],"texture":"#texture"},"east":{"uv":[0,0,1.5,1.5],"texture":"#texture"}}},{"__comment":"Magicka","from":[7.625,14,7.875],"to":[8.125,14.25,8.125],"faces":{"up":{"uv":[0,0,1.5,1.5],"texture":"#texture"},"north":{"uv":[0,0,1.5,1.5],"texture":"#texture"},"south":{"uv":[0,0,1.5,1.5],"texture":"#texture"},"west":{"uv":[0,0,1.5,1.5],"texture":"#texture"},"east":{"uv":[0,0,1.5,1.5],"texture":"#texture"}}},{"__comment":"Magicka","from":[7.625,9.75,8.125],"to":[8.375,9.875,8.25],"faces":{"down":{"uv":[8.375,8.25,7.625,8.125],"texture":"#staff_magicka_bottom"},"up":{"uv":[7.625,8.125,8.375,8.25],"texture":"#staff_magicka_top"},"south":{"uv":[7.625,6.125,8.375,6.25],"texture":"#texture"},"west":{"uv":[8.125,6.125,8.25,6.25],"texture":"#texture"},"east":{"uv":[8.25,6.125,8.125,6.25],"texture":"#texture"}}},{"__comment":"Magicka","from":[7.625,13.625,8.125],"to":[8.125,14,8.25],"faces":{"down":{"uv":[0,0,1.5,1.5],"texture":"#texture"},"up":{"uv":[0,0,1.5,1.5],"texture":"#texture"},"south":{"uv":[0,0,1.5,1.5],"texture":"#texture"},"west":{"uv":[0,0,1.5,1.5],"texture":"#texture"},"east":{"uv":[0,0,1.5,1.5],"texture":"#texture"}}},{"__comment":"Magicka","from":[7.75,9.75,7.625],"to":[8.125,10.25,7.75],"faces":{"down":{"uv":[8.25,7.75,7.875,7.625],"texture":"#staff_magicka_bottom"},"up":{"uv":[7.75,7.625,8.125,7.75],"texture":"#staff_magicka_top"},"north":{"uv":[8.125,5.75,7.75,6.25],"texture":"#texture"},"south":{"uv":[7.75,5.75,8.125,6.25],"texture":"#texture"},"west":{"uv":[7.625,5.75,7.75,6.25],"texture":"#texture"},"east":{"uv":[7.75,5.75,7.625,6.25],"texture":"#texture"}}},{"__comment":"Magicka","from":[7.75,10.75,7.625],"to":[8.125,11.125,7.75],"faces":{"down":{"uv":[8.25,7.75,7.875,7.625],"texture":"#staff_magicka_bottom"},"up":{"uv":[7.75,7.625,8.125,7.75],"texture":"#staff_magicka_top"},"north":{"uv":[8.125,4.875,7.75,5.25],"texture":"#texture"},"south":{"uv":[7.75,4.875,8.125,5.25],"texture":"#texture"},"west":{"uv":[7.625,4.875,7.75,5.25],"texture":"#texture"},"east":{"uv":[7.75,4.875,7.625,5.25],"texture":"#texture"}}},{"__comment":"Magicka","from":[7.75,0,7.75],"to":[8.125,4.75,7.875],"faces":{"down":{"uv":[8.25,7.875,7.875,7.75],"texture":"#staff_magicka_bottom"},"up":{"uv":[7.75,7.75,8.125,7.875],"texture":"#staff_magicka_top"},"north":{"uv":[8.125,11.25,7.75,16],"texture":"#texture"},"south":{"uv":[7.75,11.25,8.125,16],"texture":"#texture"},"west":{"uv":[7.75,11.25,7.875,16],"texture":"#texture"},"east":{"uv":[7.875,11.25,7.75,16],"texture":"#texture"}}},{"__comment":"Magicka","from":[7.75,9.625,7.75],"to":[8.125,9.75,8.25],"faces":{"down":{"uv":[8.25,8.25,7.875,7.75],"texture":"#texture"},"up":{"uv":[7.75,7.75,8.125,8.25],"texture":"#texture"},"north":{"uv":[8.125,6.25,7.75,6.375],"texture":"#texture"},"south":{"uv":[7.75,6.25,8.125,6.375],"texture":"#texture"},"west":{"uv":[7.75,6.25,8.25,6.375],"texture":"#texture"},"east":{"uv":[8.25,6.25,7.75,6.375],"texture":"#texture"}}},{"__comment":"Magicka","from":[7.75,10.125,7.75],"to":[8.125,10.625,7.875],"faces":{"up":{"uv":[7.75,7.75,8.125,7.875],"texture":"#staff_magicka_top"},"north":{"uv":[8.125,5.375,7.75,5.875],"texture":"#texture"},"south":{"uv":[7.75,5.375,8.125,5.875],"texture":"#texture"},"west":{"uv":[7.75,5.375,7.875,5.875],"texture":"#texture"},"east":{"uv":[7.875,5.375,7.75,5.875],"texture":"#texture"}}},{"__comment":"Magicka","from":[7.75,11,7.75],"to":[8.125,11.375,7.875],"faces":{"up":{"uv":[7.75,7.75,8.125,7.875],"texture":"#staff_magicka_top"},"north":{"uv":[8.125,4.625,7.75,5],"texture":"#texture"},"south":{"uv":[7.75,4.625,8.125,5],"texture":"#texture"},"west":{"uv":[7.75,4.625,7.875,5],"texture":"#texture"},"east":{"uv":[7.875,4.625,7.75,5],"texture":"#texture"}}},{"__comment":"Magicka","from":[7.75,13.5,7.75],"to":[8,13.625,7.875],"faces":{"down":{"uv":[0,0,1.5,1.5],"texture":"#texture"},"north":{"uv":[0,0,1.5,1.5],"texture":"#texture"},"west":{"uv":[0,0,1.5,1.5],"texture":"#texture"},"east":{"uv":[0,0,1.5,1.5],"texture":"#texture"}}},{"__comment":"Magicka","from":[7.75,14,7.75],"to":[8,14.125,7.875],"faces":{"up":{"uv":[0,0,1.5,1.5],"texture":"#texture"},"north":{"uv":[0,0,1.5,1.5],"texture":"#texture"},"west":{"uv":[0,0,1.5,1.5],"texture":"#texture"},"east":{"uv":[0,0,1.5,1.5],"texture":"#texture"}}},{"__comment":"Magicka","from":[7.75,15.75,7.75],"to":[8.25,15.875,7.875],"faces":{"down":{"uv":[8.25,7.875,7.75,7.75],"texture":"#staff_magicka_bottom"},"up":{"uv":[7.75,7.75,8.25,7.875],"texture":"#staff_magicka_top"},"north":{"uv":[8.25,0.125,7.75,0.25],"texture":"#texture"},"west":{"uv":[7.75,0.125,7.875,0.25],"texture":"#texture"},"east":{"uv":[7.875,0.125,7.75,0.25],"texture":"#texture"}}},{"__comment":"Magicka","from":[7.75,1.25,7.875],"to":[8.125,4.75,8.25],"faces":{"down":{"uv":[8.25,8.25,7.875,7.875],"texture":"#staff_magicka_bottom"},"up":{"uv":[7.75,7.875,8.125,8.25],"texture":"#staff_magicka_top"},"south":{"uv":[7.75,11.25,8.125,14.75],"texture":"#texture"},"west":{"uv":[7.875,11.25,8.25,14.75],"texture":"#texture"},"east":{"uv":[8.25,11.25,7.875,14.75],"texture":"#texture"}}},{"__comment":"Magicka","from":[7.75,4.75,7.875],"to":[8.25,9.625,8.125],"faces":{"down":{"uv":[8.25,8.125,7.75,7.875],"texture":"#staff_magicka_bottom"},"up":{"uv":[7.75,7.875,8.25,8.125],"texture":"#staff_magicka_top"},"north":{"uv":[8.25,6.375,7.75,11.25],"texture":"#texture"},"south":{"uv":[7.75,6.375,8.25,11.25],"texture":"#texture"},"west":{"uv":[7.875,6.375,8.125,11.25],"texture":"#texture"},"east":{"uv":[8.125,6.375,7.875,11.25],"texture":"#texture"}}},{"__comment":"Magicka","from":[7.75,10.375,7.875],"to":[8.125,10.625,8.25],"faces":{"down":{"uv":[8.25,8.25,7.875,7.875],"texture":"#staff_magicka_bottom"},"up":{"uv":[7.75,7.875,8.125,8.25],"texture":"#staff_magicka_top"},"south":{"uv":[7.75,5.375,8.125,5.625],"texture":"#texture"},"west":{"uv":[7.875,5.375,8.25,5.625],"texture":"#texture"},"east":{"uv":[8.25,5.375,7.875,5.625],"texture":"#texture"}}},{"__comment":"Magicka","from":[7.75,10.625,7.875],"to":[8.25,10.75,8.125],"faces":{"down":{"uv":[8.25,8.125,7.75,7.875],"texture":"#staff_magicka_bottom"},"north":{"uv":[8.25,5.25,7.75,5.375],"texture":"#texture"},"south":{"uv":[7.75,5.25,8.25,5.375],"texture":"#texture"},"west":{"uv":[7.875,5.25,8.125,5.375],"texture":"#texture"},"east":{"uv":[8.125,5.25,7.875,5.375],"texture":"#texture"}}},{"__comment":"Magicka","from":[7.75,11.25,7.875],"to":[8.125,11.375,8.25],"faces":{"down":{"uv":[8.25,8.25,7.875,7.875],"texture":"#staff_magicka_bottom"},"up":{"uv":[7.75,7.875,8.125,8.25],"texture":"#staff_magicka_top"},"south":{"uv":[7.75,4.625,8.125,4.75],"texture":"#texture"},"west":{"uv":[7.875,4.625,8.25,4.75],"texture":"#texture"},"east":{"uv":[8.25,4.625,7.875,4.75],"texture":"#texture"}}},{"__comment":"Magicka","from":[7.75,13.125,7.875],"to":[8,13.375,8.125],"faces":{"down":{"uv":[0,0,1.5,1.5],"texture":"#texture"},"north":{"uv":[0,0,1.5,1.5],"texture":"#texture"},"south":{"uv":[0,0,1.5,1.5],"texture":"#texture"},"west":{"uv":[0,0,1.5,1.5],"texture":"#texture"},"east":{"uv":[0,0,1.5,1.5],"texture":"#texture"}}},{"__comment":"Magicka","from":[7.75,14.25,7.875],"to":[8,14.5,8.125],"faces":{"up":{"uv":[0,0,1.5,1.5],"texture":"#texture"},"north":{"uv":[0,0,1.5,1.5],"texture":"#texture"},"south":{"uv":[0,0,1.5,1.5],"texture":"#texture"},"west":{"uv":[0,0,1.5,1.5],"texture":"#texture"},"east":{"uv":[0,0,1.5,1.5],"texture":"#texture"}}},{"__comment":"Magicka","from":[7.75,0,8.125],"to":[8.25,1.25,8.25],"faces":{"down":{"uv":[8.25,8.25,7.75,8.125],"texture":"#staff_magicka_bottom"},"up":{"uv":[7.75,8.125,8.25,8.25],"texture":"#staff_magicka_top"},"south":{"uv":[7.75,14.75,8.25,16],"texture":"#texture"},"west":{"uv":[8.125,14.75,8.25,16],"texture":"#texture"},"east":{"uv":[8.25,14.75,8.125,16],"texture":"#texture"}}},{"__comment":"Magicka","from":[7.75,10.125,8.125],"to":[8.125,10.25,8.375],"faces":{"down":{"uv":[8.25,8.375,7.875,8.125],"texture":"#staff_magicka_bottom"},"up":{"uv":[7.75,8.125,8.125,8.375],"texture":"#staff_magicka_top"},"south":{"uv":[7.75,5.75,8.125,5.875],"texture":"#texture"},"west":{"uv":[8.125,5.75,8.375,5.875],"texture":"#texture"},"east":{"uv":[8.375,5.75,8.125,5.875],"texture":"#texture"}}},{"__comment":"Magicka","from":[7.75,10.25,8.125],"to":[8.25,10.375,8.25],"faces":{"down":{"uv":[8.25,8.25,7.75,8.125],"texture":"#staff_magicka_bottom"},"up":{"uv":[7.75,8.125,8.25,8.25],"texture":"#staff_magicka_top"},"south":{"uv":[7.75,5.625,8.25,5.75],"texture":"#texture"},"west":{"uv":[8.125,5.625,8.25,5.75],"texture":"#texture"},"east":{"uv":[8.25,5.625,8.125,5.75],"texture":"#texture"}}},{"__comment":"Magicka","from":[7.75,11,8.125],"to":[8.125,11.125,8.375],"faces":{"down":{"uv":[8.25,8.375,7.875,8.125],"texture":"#staff_magicka_bottom"},"up":{"uv":[7.75,8.125,8.125,8.375],"texture":"#staff_magicka_top"},"south":{"uv":[7.75,4.875,8.125,5],"texture":"#texture"},"west":{"uv":[8.125,4.875,8.375,5],"texture":"#texture"},"east":{"uv":[8.375,4.875,8.125,5],"texture":"#texture"}}},{"__comment":"Magicka","from":[7.75,11.125,8.125],"to":[8.25,11.25,8.25],"faces":{"down":{"uv":[8.25,8.25,7.75,8.125],"texture":"#staff_magicka_bottom"},"up":{"uv":[7.75,8.125,8.25,8.25],"texture":"#staff_magicka_top"},"south":{"uv":[7.75,4.75,8.25,4.875],"texture":"#texture"},"west":{"uv":[8.125,4.75,8.25,4.875],"texture":"#texture"},"east":{"uv":[8.25,4.75,8.125,4.875],"texture":"#texture"}}},{"__comment":"Magicka","from":[7.75,13.5,8.125],"to":[8,13.625,8.25],"faces":{"down":{"uv":[0,0,1.5,1.5],"texture":"#texture"},"south":{"uv":[0,0,1.5,1.5],"texture":"#texture"},"west":{"uv":[0,0,1.5,1.5],"texture":"#texture"},"east":{"uv":[0,0,1.5,1.5],"texture":"#texture"}}},{"__comment":"Magicka","from":[7.75,14,8.125],"to":[8,14.125,8.25],"faces":{"up":{"uv":[0,0,1.5,1.5],"texture":"#texture"},"south":{"uv":[0,0,1.5,1.5],"texture":"#texture"},"west":{"uv":[0,0,1.5,1.5],"texture":"#texture"},"east":{"uv":[0,0,1.5,1.5],"texture":"#texture"}}},{"__comment":"Magicka","from":[7.75,15.75,8.125],"to":[8.25,15.875,8.25],"faces":{"down":{"uv":[8.25,8.25,7.75,8.125],"texture":"#staff_magicka_bottom"},"up":{"uv":[7.75,8.125,8.25,8.25],"texture":"#staff_magicka_top"},"south":{"uv":[7.75,0.125,8.25,0.25],"texture":"#texture"},"west":{"uv":[8.125,0.125,8.25,0.25],"texture":"#texture"},"east":{"uv":[8.25,0.125,8.125,0.25],"texture":"#texture"}}},{"__comment":"Magicka","from":[7.75,9.75,8.25],"to":[8.25,10.125,8.375],"faces":{"down":{"uv":[8.25,8.375,7.75,8.25],"texture":"#staff_magicka_bottom"},"up":{"uv":[7.75,8.25,8.25,8.375],"texture":"#staff_magicka_top"},"north":{"uv":[8.25,5.875,7.75,6.25],"texture":"#texture"},"south":{"uv":[7.75,5.875,8.25,6.25],"texture":"#texture"},"west":{"uv":[8.25,5.875,8.375,6.25],"texture":"#texture"},"east":{"uv":[8.375,5.875,8.25,6.25],"texture":"#texture"}}},{"__comment":"Magicka","from":[7.75,10.75,8.25],"to":[8.25,11,8.375],"faces":{"down":{"uv":[8.25,8.375,7.75,8.25],"texture":"#staff_magicka_bottom"},"up":{"uv":[7.75,8.25,8.25,8.375],"texture":"#staff_magicka_top"},"south":{"uv":[7.75,5,8.25,5.25],"texture":"#texture"},"west":{"uv":[8.25,5,8.375,5.25],"texture":"#texture"},"east":{"uv":[8.375,5,8.25,5.25],"texture":"#texture"}}},{"__comment":"Magicka","from":[7.875,4.75,7.75],"to":[8.125,9.625,7.875],"faces":{"north":{"uv":[8.125,6.375,7.875,11.25],"texture":"#texture"},"west":{"uv":[7.75,6.375,7.875,11.25],"texture":"#texture"},"east":{"uv":[7.875,6.375,7.75,11.25],"texture":"#texture"}}},{"__comment":"Magicka","from":[7.875,10.625,7.75],"to":[8.125,10.75,7.875],"faces":{"north":{"uv":[8.125,5.25,7.875,5.375],"texture":"#texture"},"west":{"uv":[7.75,5.25,7.875,5.375],"texture":"#texture"},"east":{"uv":[7.875,5.25,7.75,5.375],"texture":"#texture"}}},{"__comment":"Magicka","from":[7.875,11.375,7.75],"to":[8.125,11.5,7.875],"faces":{"north":{"uv":[8.125,4.5,7.875,4.625],"texture":"#texture"},"west":{"uv":[7.75,4.5,7.875,4.625],"texture":"#texture"},"east":{"uv":[7.875,4.5,7.75,4.625],"texture":"#texture"}}},{"__comment":"Magicka","from":[7.875,15.875,7.875],"to":[8,16,8.125],"faces":{"up":{"uv":[7.875,7.875,8,8.125],"texture":"#staff_magicka_top"},"north":{"uv":[8,0,7.875,0.125],"texture":"#texture"},"south":{"uv":[7.875,0,8,0.125],"texture":"#texture"},"west":{"uv":[7.875,0,8.125,0.125],"texture":"#texture"},"east":{"uv":[8.125,0,7.875,0.125],"texture":"#texture"}}},{"__comment":"Magicka","from":[7.875,4.75,8.125],"to":[8.125,9.625,8.25],"faces":{"south":{"uv":[7.875,6.375,8.125,11.25],"texture":"#texture"},"west":{"uv":[8.125,6.375,8.25,11.25],"texture":"#texture"},"east":{"uv":[8.25,6.375,8.125,11.25],"texture":"#texture"}}},{"__comment":"Magicka","from":[7.875,10.625,8.125],"to":[8.125,10.75,8.25],"faces":{"south":{"uv":[7.875,5.25,8.125,5.375],"texture":"#texture"},"west":{"uv":[8.125,5.25,8.25,5.375],"texture":"#texture"},"east":{"uv":[8.25,5.25,8.125,5.375],"texture":"#texture"}}},{"__comment":"Magicka","from":[7.875,11.375,8.125],"to":[8.125,11.5,8.25],"faces":{"south":{"uv":[7.875,4.5,8.125,4.625],"texture":"#texture"},"west":{"uv":[8.125,4.5,8.25,4.625],"texture":"#texture"},"east":{"uv":[8.25,4.5,8.125,4.625],"texture":"#texture"}}},{"__comment":"Magicka","from":[8,15.625,7.75],"to":[8.75,15.75,7.875],"faces":{"down":{"uv":[8,7.875,7.25,7.75],"texture":"#staff_magicka_bottom"},"up":{"uv":[8,7.75,8.75,7.875],"texture":"#staff_magicka_top"},"north":{"uv":[8.75,0.25,8,0.375],"texture":"#texture"},"west":{"uv":[7.75,0.25,7.875,0.375],"texture":"#texture"},"east":{"uv":[7.875,0.25,7.75,0.375],"texture":"#texture"}}},{"__comment":"Magicka","from":[8,15.5,7.875],"to":[9.125,15.625,8.125],"faces":{"down":{"uv":[8,8.125,6.875,7.875],"texture":"#staff_magicka_bottom"},"up":{"uv":[8,7.875,9.125,8.125],"texture":"#staff_magicka_top"},"north":{"uv":[9.125,0.375,8,0.5],"texture":"#texture"},"south":{"uv":[8,0.375,9.125,0.5],"texture":"#texture"},"west":{"uv":[7.875,0.375,8.125,0.5],"texture":"#texture"},"east":{"uv":[8.125,0.375,7.875,0.5],"texture":"#texture"}}},{"__comment":"Magicka","from":[8,15.625,8.125],"to":[8.75,15.75,8.25],"faces":{"down":{"uv":[8,8.25,7.25,8.125],"texture":"#staff_magicka_bottom"},"up":{"uv":[8,8.125,8.75,8.25],"texture":"#staff_magicka_top"},"south":{"uv":[8,0.25,8.75,0.375],"texture":"#texture"},"west":{"uv":[8.125,0.25,8.25,0.375],"texture":"#texture"},"east":{"uv":[8.25,0.25,8.125,0.375],"texture":"#texture"}}},{"__comment":"Magicka","from":[8.125,11.75,7.5],"to":[8.25,11.875,7.625],"faces":{"down":{"uv":[7.875,7.625,7.75,7.5],"texture":"#staff_magicka_bottom"},"up":{"uv":[8.125,7.5,8.25,7.625],"texture":"#staff_magicka_top"},"north":{"uv":[8.25,4.125,8.125,4.25],"texture":"#texture"},"west":{"uv":[7.5,4.125,7.625,4.25],"texture":"#texture"},"east":{"uv":[7.625,4.125,7.5,4.25],"texture":"#texture"}}},{"__comment":"Magicka","from":[8.125,9.75,7.625],"to":[8.25,10.125,7.75],"faces":{"down":{"uv":[7.875,7.75,7.75,7.625],"texture":"#staff_magicka_bottom"},"up":{"uv":[8.125,7.625,8.25,7.75],"texture":"#staff_magicka_top"},"north":{"uv":[8.25,5.875,8.125,6.25],"texture":"#texture"},"east":{"uv":[7.75,5.875,7.625,6.25],"texture":"#texture"}}},{"__comment":"Magicka","from":[8.125,10.75,7.625],"to":[8.25,11,7.75],"faces":{"down":{"uv":[7.875,7.75,7.75,7.625],"texture":"#staff_magicka_bottom"},"up":{"uv":[8.125,7.625,8.25,7.75],"texture":"#staff_magicka_top"},"north":{"uv":[8.25,5,8.125,5.25],"texture":"#texture"},"east":{"uv":[7.75,5,7.625,5.25],"texture":"#texture"}}},{"__comment":"Magicka","from":[8.125,11.875,7.625],"to":[9,12,7.75],"faces":{"down":{"uv":[7.875,7.75,7,7.625],"texture":"#staff_magicka_bottom"},"up":{"uv":[8.125,7.625,9,7.75],"texture":"#staff_magicka_top"},"north":{"uv":[9,4,8.125,4.125],"texture":"#texture"},"west":{"uv":[7.625,4,7.75,4.125],"texture":"#texture"},"east":{"uv":[7.75,4,7.625,4.125],"texture":"#texture"}}},{"__comment":"Magicka","from":[8.125,0,7.75],"to":[8.25,2.625,7.875],"faces":{"down":{"uv":[7.875,7.875,7.75,7.75],"texture":"#staff_magicka_bottom"},"up":{"uv":[8.125,7.75,8.25,7.875],"texture":"#staff_magicka_top"},"north":{"uv":[8.25,13.375,8.125,16],"texture":"#texture"},"south":{"uv":[8.125,13.375,8.25,16],"texture":"#texture"},"east":{"uv":[7.875,13.375,7.75,16],"texture":"#texture"}}},{"__comment":"Magicka","from":[8.125,10.125,7.75],"to":[8.25,10.5,7.875],"faces":{"up":{"uv":[8.125,7.75,8.25,7.875],"texture":"#staff_magicka_top"},"north":{"uv":[8.25,5.5,8.125,5.875],"texture":"#texture"},"south":{"uv":[8.125,5.5,8.25,5.875],"texture":"#texture"},"east":{"uv":[7.875,5.5,7.75,5.875],"texture":"#texture"}}},{"__comment":"Magicka","from":[8.125,11,7.75],"to":[8.25,11.25,7.875],"faces":{"up":{"uv":[8.125,7.75,8.25,7.875],"texture":"#staff_magicka_top"},"north":{"uv":[8.25,4.75,8.125,5],"texture":"#texture"},"east":{"uv":[7.875,4.75,7.75,5],"texture":"#texture"}}},{"__comment":"Magicka","from":[8.125,12,7.75],"to":[9.25,12.125,7.875],"faces":{"up":{"uv":[8.125,7.75,9.25,7.875],"texture":"#staff_magicka_top"},"north":{"uv":[9.25,3.875,8.125,4],"texture":"#texture"},"west":{"uv":[7.75,3.875,7.875,4],"texture":"#texture"},"east":{"uv":[7.875,3.875,7.75,4],"texture":"#texture"}}},{"__comment":"Magicka","from":[8.125,13.75,7.75],"to":[8.25,13.875,7.875],"faces":{"down":{"uv":[0,0,16,16],"texture":"#texture"},"up":{"uv":[0,0,1.5,1.5],"texture":"#texture"},"north":{"uv":[0,0,1.5,1.5],"texture":"#texture"},"east":{"uv":[0,0,1.5,1.5],"texture":"#texture"}}},{"__comment":"Magicka","from":[8.125,1.25,7.875],"to":[8.25,2.625,8.25],"faces":{"down":{"uv":[7.875,8.25,7.75,7.875],"texture":"#staff_magicka_bottom"},"up":{"uv":[8.125,7.875,8.25,8.25],"texture":"#staff_magicka_top"},"south":{"uv":[8.125,13.375,8.25,14.75],"texture":"#texture"},"east":{"uv":[8.25,13.375,7.875,14.75],"texture":"#texture"}}},{"__comment":"Magicka","from":[8.125,2.625,7.875],"to":[8.25,4.75,8.125],"faces":{"north":{"uv":[8.25,11.25,8.125,13.375],"texture":"#texture"},"south":{"uv":[8.125,11.25,8.25,13.375],"texture":"#texture"},"east":{"uv":[8.125,11.25,7.875,13.375],"texture":"#texture"}}},{"__comment":"Magicka","from":[8.125,9.625,7.875],"to":[8.25,9.75,8.125],"faces":{"north":{"uv":[8.25,6.25,8.125,6.375],"texture":"#texture"},"south":{"uv":[8.125,6.25,8.25,6.375],"texture":"#texture"},"east":{"uv":[8.125,6.25,7.875,6.375],"texture":"#texture"}}},{"__comment":"Magicka","from":[8.125,10.375,7.875],"to":[8.25,10.5,8.25],"faces":{"down":{"uv":[7.875,8.25,7.75,7.875],"texture":"#staff_magicka_bottom"},"up":{"uv":[8.125,7.875,8.25,8.25],"texture":"#staff_magicka_top"},"south":{"uv":[8.125,5.5,8.25,5.625],"texture":"#texture"},"east":{"uv":[8.25,5.5,7.875,5.625],"texture":"#texture"}}},{"__comment":"Magicka","from":[8.125,10.5,7.875],"to":[8.25,10.625,8.125],"faces":{"north":{"uv":[8.25,5.375,8.125,5.5],"texture":"#texture"},"south":{"uv":[8.125,5.375,8.25,5.5],"texture":"#texture"},"east":{"uv":[8.125,5.375,7.875,5.5],"texture":"#texture"}}},{"__comment":"Magicka","from":[8.125,11.25,7.875],"to":[8.25,11.375,8.125],"faces":{"north":{"uv":[8.25,4.625,8.125,4.75],"texture":"#texture"},"south":{"uv":[8.125,4.625,8.25,4.75],"texture":"#texture"},"east":{"uv":[8.125,4.625,7.875,4.75],"texture":"#texture"}}},{"__comment":"Magicka","from":[8.125,12.125,7.875],"to":[9.625,12.25,8.125],"faces":{"down":{"uv":[7.875,8.125,6.375,7.875],"texture":"#staff_magicka_bottom"},"up":{"uv":[8.125,7.875,9.625,8.125],"texture":"#staff_magicka_top"},"north":{"uv":[9.625,3.75,8.125,3.875],"texture":"#texture"},"south":{"uv":[8.125,3.75,9.625,3.875],"texture":"#texture"},"west":{"uv":[7.875,3.75,8.125,3.875],"texture":"#texture"},"east":{"uv":[8.125,3.75,7.875,3.875],"texture":"#texture"}}},{"__comment":"Magicka","from":[8.125,10.125,8.125],"to":[8.25,10.25,8.25],"faces":{"south":{"uv":[8.125,5.75,8.25,5.875],"texture":"#texture"},"east":{"uv":[8.25,5.75,8.125,5.875],"texture":"#texture"}}},{"__comment":"Magicka","from":[8.125,11,8.125],"to":[8.25,11.125,8.25],"faces":{"south":{"uv":[8.125,4.875,8.25,5],"texture":"#texture"},"east":{"uv":[8.25,4.875,8.125,5],"texture":"#texture"}}},{"__comment":"Magicka","from":[8.125,12,8.125],"to":[9.25,12.125,8.25],"faces":{"up":{"uv":[8.125,8.125,9.25,8.25],"texture":"#staff_magicka_top"},"south":{"uv":[8.125,3.875,9.25,4],"texture":"#texture"},"west":{"uv":[8.125,3.875,8.25,4],"texture":"#texture"},"east":{"uv":[8.25,3.875,8.125,4],"texture":"#texture"}}},{"__comment":"Magicka","from":[8.125,13.75,8.125],"to":[8.25,13.875,8.25],"faces":{"down":{"uv":[0,0,16,16],"texture":"#texture"},"up":{"uv":[0,0,1.5,1.5],"texture":"#texture"},"south":{"uv":[0,0,1.5,1.5],"texture":"#texture"},"east":{"uv":[0,0,1.5,1.5],"texture":"#texture"}}},{"__comment":"Magicka","from":[8.125,11.875,8.25],"to":[9,12,8.375],"faces":{"down":{"uv":[7.875,8.375,7,8.25],"texture":"#staff_magicka_bottom"},"up":{"uv":[8.125,8.25,9,8.375],"texture":"#staff_magicka_top"},"south":{"uv":[8.125,4,9,4.125],"texture":"#texture"},"west":{"uv":[8.25,4,8.375,4.125],"texture":"#texture"},"east":{"uv":[8.375,4,8.25,4.125],"texture":"#texture"}}},{"__comment":"Magicka","from":[8.125,11.75,8.375],"to":[8.25,11.875,8.5],"faces":{"down":{"uv":[7.875,8.5,7.75,8.375],"texture":"#staff_magicka_bottom"},"up":{"uv":[8.125,8.375,8.25,8.5],"texture":"#staff_magicka_top"},"south":{"uv":[8.125,4.125,8.25,4.25],"texture":"#texture"},"west":{"uv":[8.375,4.125,8.5,4.25],"texture":"#texture"},"east":{"uv":[8.5,4.125,8.375,4.25],"texture":"#texture"}}},{"__comment":"Magicka","from":[8.25,9.75,7.75],"to":[8.375,10,7.875],"faces":{"down":{"uv":[7.75,7.875,7.625,7.75],"texture":"#staff_magicka_bottom"},"up":{"uv":[8.25,7.75,8.375,7.875],"texture":"#staff_magicka_top"},"north":{"uv":[8.375,6,8.25,6.25],"texture":"#texture"},"south":{"uv":[8.25,6,8.375,6.25],"texture":"#texture"},"east":{"uv":[7.875,6,7.75,6.25],"texture":"#texture"}}},{"__comment":"Magicka","from":[8.25,10.75,7.75],"to":[8.375,10.875,8.25],"faces":{"down":{"uv":[7.75,8.25,7.625,7.75],"texture":"#staff_magicka_bottom"},"up":{"uv":[8.25,7.75,8.375,8.25],"texture":"#staff_magicka_top"},"north":{"uv":[8.375,5.125,8.25,5.25],"texture":"#texture"},"south":{"uv":[8.25,5.125,8.375,5.25],"texture":"#texture"},"east":{"uv":[8.25,5.125,7.75,5.25],"texture":"#texture"}}},{"__comment":"Magicka","from":[8.25,15.5,7.75],"to":[9,15.625,7.875],"faces":{"down":{"uv":[7.75,7.875,7,7.75],"texture":"#staff_magicka_bottom"},"up":{"uv":[8.25,7.75,9,7.875],"texture":"#staff_magicka_top"},"north":{"uv":[9,0.375,8.25,0.5],"texture":"#texture"},"west":{"uv":[7.75,0.375,7.875,0.5],"texture":"#texture"},"east":{"uv":[7.875,0.375,7.75,0.5],"texture":"#texture"}}},{"__comment":"Magicka","from":[8.25,9.875,7.875],"to":[8.375,10,8.25],"faces":{"down":{"uv":[7.75,8.25,7.625,7.875],"texture":"#staff_magicka_bottom"},"up":{"uv":[8.25,7.875,8.375,8.25],"texture":"#staff_magicka_top"},"south":{"uv":[8.25,6,8.375,6.125],"texture":"#texture"},"east":{"uv":[8.25,6,7.875,6.125],"texture":"#texture"}}},{"__comment":"Magicka","from":[8.25,10,7.875],"to":[8.375,10.25,8.125],"faces":{"up":{"uv":[8.25,7.875,8.375,8.125],"texture":"#staff_magicka_top"},"north":{"uv":[8.375,5.75,8.25,6],"texture":"#texture"},"south":{"uv":[8.25,5.75,8.375,6],"texture":"#texture"},"west":{"uv":[7.875,5.75,8.125,6],"texture":"#texture"},"east":{"uv":[8.125,5.75,7.875,6],"texture":"#texture"}}},{"__comment":"Magicka","from":[8.25,10.875,7.875],"to":[8.375,11.125,8.125],"faces":{"up":{"uv":[8.25,7.875,8.375,8.125],"texture":"#staff_magicka_top"},"north":{"uv":[8.375,4.875,8.25,5.125],"texture":"#texture"},"south":{"uv":[8.25,4.875,8.375,5.125],"texture":"#texture"},"west":{"uv":[7.875,4.875,8.125,5.125],"texture":"#texture"},"east":{"uv":[8.125,4.875,7.875,5.125],"texture":"#texture"}}},{"__comment":"Magicka","from":[8.25,15.375,7.875],"to":[9.25,15.5,8.125],"faces":{"down":{"uv":[7.75,8.125,6.75,7.875],"texture":"#staff_magicka_bottom"},"up":{"uv":[8.25,7.875,9.25,8.125],"texture":"#staff_magicka_top"},"north":{"uv":[9.25,0.5,8.25,0.625],"texture":"#texture"},"south":{"uv":[8.25,0.5,9.25,0.625],"texture":"#texture"},"west":{"uv":[7.875,0.5,8.125,0.625],"texture":"#texture"},"east":{"uv":[8.125,0.5,7.875,0.625],"texture":"#texture"}}},{"__comment":"Magicka","from":[8.25,15.5,8.125],"to":[9,15.625,8.25],"faces":{"down":{"uv":[7.75,8.25,7,8.125],"texture":"#staff_magicka_bottom"},"up":{"uv":[8.25,8.125,9,8.25],"texture":"#staff_magicka_top"},"south":{"uv":[8.25,0.375,9,0.5],"texture":"#texture"},"west":{"uv":[8.125,0.375,8.25,0.5],"texture":"#texture"},"east":{"uv":[8.25,0.375,8.125,0.5],"texture":"#texture"}}},{"__comment":"Magicka","from":[8.375,15.625,7.625],"to":[8.5,15.75,7.75],"faces":{"down":{"uv":[7.625,7.75,7.5,7.625],"texture":"#staff_magicka_bottom"},"up":{"uv":[8.375,7.625,8.5,7.75],"texture":"#staff_magicka_top"},"north":{"uv":[8.5,0.25,8.375,0.375],"texture":"#texture"},"west":{"uv":[7.625,0.25,7.75,0.375],"texture":"#texture"},"east":{"uv":[7.75,0.25,7.625,0.375],"texture":"#texture"}}},{"__comment":"Magicka","from":[8.375,12.125,7.75],"to":[9.375,12.25,7.875],"faces":{"down":{"uv":[7.625,7.875,6.625,7.75],"texture":"#staff_magicka_bottom"},"up":{"uv":[8.375,7.75,9.375,7.875],"texture":"#staff_magicka_top"},"north":{"uv":[9.375,3.75,8.375,3.875],"texture":"#texture"},"west":{"uv":[7.75,3.75,7.875,3.875],"texture":"#texture"},"east":{"uv":[7.875,3.75,7.75,3.875],"texture":"#texture"}}},{"__comment":"Magicka","from":[8.375,12.25,7.875],"to":[9.75,12.375,8.125],"faces":{"down":{"uv":[7.625,8.125,6.25,7.875],"texture":"#staff_magicka_bottom"},"up":{"uv":[8.375,7.875,9.75,8.125],"texture":"#staff_magicka_top"},"north":{"uv":[9.75,3.625,8.375,3.75],"texture":"#texture"},"south":{"uv":[8.375,3.625,9.75,3.75],"texture":"#texture"},"west":{"uv":[7.875,3.625,8.125,3.75],"texture":"#texture"},"east":{"uv":[8.125,3.625,7.875,3.75],"texture":"#texture"}}},{"__comment":"Magicka","from":[8.375,12.125,8.125],"to":[9.375,12.25,8.25],"faces":{"down":{"uv":[7.625,8.25,6.625,8.125],"texture":"#staff_magicka_bottom"},"up":{"uv":[8.375,8.125,9.375,8.25],"texture":"#staff_magicka_top"},"south":{"uv":[8.375,3.75,9.375,3.875],"texture":"#texture"},"west":{"uv":[8.125,3.75,8.25,3.875],"texture":"#texture"},"east":{"uv":[8.25,3.75,8.125,3.875],"texture":"#texture"}}},{"__comment":"Magicka","from":[8.375,15.625,8.25],"to":[8.5,15.75,8.375],"faces":{"down":{"uv":[7.625,8.375,7.5,8.25],"texture":"#staff_magicka_bottom"},"up":{"uv":[8.375,8.25,8.5,8.375],"texture":"#staff_magicka_top"},"south":{"uv":[8.375,0.25,8.5,0.375],"texture":"#texture"},"west":{"uv":[8.25,0.25,8.375,0.375],"texture":"#texture"},"east":{"uv":[8.375,0.25,8.25,0.375],"texture":"#texture"}}},{"__comment":"Magicka","from":[8.5,11.875,7.5],"to":[8.625,12,7.625],"faces":{"down":{"uv":[7.5,7.625,7.375,7.5],"texture":"#staff_magicka_bottom"},"up":{"uv":[8.5,7.5,8.625,7.625],"texture":"#staff_magicka_top"},"north":{"uv":[8.625,4,8.5,4.125],"texture":"#texture"},"west":{"uv":[7.5,4,7.625,4.125],"texture":"#texture"},"east":{"uv":[7.625,4,7.5,4.125],"texture":"#texture"}}},{"__comment":"Magicka","from":[8.5,12,7.625],"to":[9.125,12.125,7.75],"faces":{"down":{"uv":[7.5,7.75,6.875,7.625],"texture":"#staff_magicka_bottom"},"up":{"uv":[8.5,7.625,9.125,7.75],"texture":"#staff_magicka_top"},"north":{"uv":[9.125,3.875,8.5,4],"texture":"#texture"},"west":{"uv":[7.625,3.875,7.75,4],"texture":"#texture"},"east":{"uv":[7.75,3.875,7.625,4],"texture":"#texture"}}},{"__comment":"Magicka","from":[8.5,15.25,7.875],"to":[9.5,15.375,8.125],"faces":{"down":{"uv":[7.5,8.125,6.5,7.875],"texture":"#staff_magicka_bottom"},"up":{"uv":[8.5,7.875,9.5,8.125],"texture":"#staff_magicka_top"},"north":{"uv":[9.5,0.625,8.5,0.75],"texture":"#texture"},"south":{"uv":[8.5,0.625,9.5,0.75],"texture":"#texture"},"west":{"uv":[7.875,0.625,8.125,0.75],"texture":"#texture"},"east":{"uv":[8.125,0.625,7.875,0.75],"texture":"#texture"}}},{"__comment":"Magicka","from":[8.5,12,8.25],"to":[9.125,12.125,8.375],"faces":{"down":{"uv":[7.5,8.375,6.875,8.25],"texture":"#staff_magicka_bottom"},"up":{"uv":[8.5,8.25,9.125,8.375],"texture":"#staff_magicka_top"},"south":{"uv":[8.5,3.875,9.125,4],"texture":"#texture"},"west":{"uv":[8.25,3.875,8.375,4],"texture":"#texture"},"east":{"uv":[8.375,3.875,8.25,4],"texture":"#texture"}}},{"__comment":"Magicka","from":[8.5,11.875,8.375],"to":[8.625,12,8.5],"faces":{"down":{"uv":[7.5,8.5,7.375,8.375],"texture":"#staff_magicka_bottom"},"up":{"uv":[8.5,8.375,8.625,8.5],"texture":"#staff_magicka_top"},"south":{"uv":[8.5,4,8.625,4.125],"texture":"#texture"},"west":{"uv":[8.375,4,8.5,4.125],"texture":"#texture"},"east":{"uv":[8.5,4,8.375,4.125],"texture":"#texture"}}},{"__comment":"Magicka","from":[8.625,15.5,7.625],"to":[8.75,15.625,7.75],"faces":{"down":{"uv":[7.375,7.75,7.25,7.625],"texture":"#staff_magicka_bottom"},"up":{"uv":[8.625,7.625,8.75,7.75],"texture":"#staff_magicka_top"},"north":{"uv":[8.75,0.375,8.625,0.5],"texture":"#texture"},"west":{"uv":[7.625,0.375,7.75,0.5],"texture":"#texture"},"east":{"uv":[7.75,0.375,7.625,0.5],"texture":"#texture"}}},{"__comment":"Magicka","from":[8.625,15.375,7.75],"to":[9.125,15.5,7.875],"faces":{"down":{"uv":[7.375,7.875,6.875,7.75],"texture":"#staff_magicka_bottom"},"up":{"uv":[8.625,7.75,9.125,7.875],"texture":"#staff_magicka_top"},"north":{"uv":[9.125,0.5,8.625,0.625],"texture":"#texture"},"west":{"uv":[7.75,0.5,7.875,0.625],"texture":"#texture"},"east":{"uv":[7.875,0.5,7.75,0.625],"texture":"#texture"}}},{"__comment":"Magicka","from":[8.625,12.375,7.875],"to":[9.875,12.5,8.125],"faces":{"down":{"uv":[7.375,8.125,6.125,7.875],"texture":"#staff_magicka_bottom"},"up":{"uv":[8.625,7.875,9.875,8.125],"texture":"#staff_magicka_top"},"north":{"uv":[9.875,3.5,8.625,3.625],"texture":"#texture"},"south":{"uv":[8.625,3.5,9.875,3.625],"texture":"#texture"},"west":{"uv":[7.875,3.5,8.125,3.625],"texture":"#texture"},"east":{"uv":[8.125,3.5,7.875,3.625],"texture":"#texture"}}},{"__comment":"Magicka","from":[8.625,15.125,7.875],"to":[9.625,15.25,8.125],"faces":{"down":{"uv":[7.375,8.125,6.375,7.875],"texture":"#staff_magicka_bottom"},"up":{"uv":[8.625,7.875,9.625,8.125],"texture":"#staff_magicka_top"},"north":{"uv":[9.625,0.75,8.625,0.875],"texture":"#texture"},"south":{"uv":[8.625,0.75,9.625,0.875],"texture":"#texture"},"west":{"uv":[7.875,0.75,8.125,0.875],"texture":"#texture"},"east":{"uv":[8.125,0.75,7.875,0.875],"texture":"#texture"}}},{"__comment":"Magicka","from":[8.625,15.375,8.125],"to":[9.125,15.5,8.25],"faces":{"down":{"uv":[7.375,8.25,6.875,8.125],"texture":"#staff_magicka_bottom"},"up":{"uv":[8.625,8.125,9.125,8.25],"texture":"#staff_magicka_top"},"south":{"uv":[8.625,0.5,9.125,0.625],"texture":"#texture"},"west":{"uv":[8.125,0.5,8.25,0.625],"texture":"#texture"},"east":{"uv":[8.25,0.5,8.125,0.625],"texture":"#texture"}}},{"__comment":"Magicka","from":[8.625,15.5,8.25],"to":[8.75,15.625,8.375],"faces":{"down":{"uv":[7.375,8.375,7.25,8.25],"texture":"#staff_magicka_bottom"},"up":{"uv":[8.625,8.25,8.75,8.375],"texture":"#staff_magicka_top"},"south":{"uv":[8.625,0.375,8.75,0.5],"texture":"#texture"},"west":{"uv":[8.25,0.375,8.375,0.5],"texture":"#texture"},"east":{"uv":[8.375,0.375,8.25,0.5],"texture":"#texture"}}},{"__comment":"Magicka","from":[8.75,15.375,7.625],"to":[9,15.5,7.75],"faces":{"down":{"uv":[7.25,7.75,7,7.625],"texture":"#staff_magicka_bottom"},"up":{"uv":[8.75,7.625,9,7.75],"texture":"#staff_magicka_top"},"north":{"uv":[9,0.5,8.75,0.625],"texture":"#texture"},"west":{"uv":[7.625,0.5,7.75,0.625],"texture":"#texture"},"east":{"uv":[7.75,0.5,7.625,0.625],"texture":"#texture"}}},{"__comment":"Magicka","from":[8.75,12.25,7.75],"to":[9.5,12.375,7.875],"faces":{"down":{"uv":[7.25,7.875,6.5,7.75],"texture":"#staff_magicka_bottom"},"up":{"uv":[8.75,7.75,9.5,7.875],"texture":"#staff_magicka_top"},"north":{"uv":[9.5,3.625,8.75,3.75],"texture":"#texture"},"west":{"uv":[7.75,3.625,7.875,3.75],"texture":"#texture"},"east":{"uv":[7.875,3.625,7.75,3.75],"texture":"#texture"}}},{"__comment":"Magicka","from":[8.75,15.25,7.75],"to":[9.375,15.375,7.875],"faces":{"down":{"uv":[7.25,7.875,6.625,7.75],"texture":"#staff_magicka_bottom"},"up":{"uv":[8.75,7.75,9.375,7.875],"texture":"#staff_magicka_top"},"north":{"uv":[9.375,0.625,8.75,0.75],"texture":"#texture"},"west":{"uv":[7.75,0.625,7.875,0.75],"texture":"#texture"},"east":{"uv":[7.875,0.625,7.75,0.75],"texture":"#texture"}}},{"__comment":"Magicka","from":[8.75,12.5,7.875],"to":[10,12.625,8.125],"faces":{"down":{"uv":[7.25,8.125,6,7.875],"texture":"#staff_magicka_bottom"},"up":{"uv":[8.75,7.875,10,8.125],"texture":"#staff_magicka_top"},"north":{"uv":[10,3.375,8.75,3.5],"texture":"#texture"},"south":{"uv":[8.75,3.375,10,3.5],"texture":"#texture"},"west":{"uv":[7.875,3.375,8.125,3.5],"texture":"#texture"},"east":{"uv":[8.125,3.375,7.875,3.5],"texture":"#texture"}}},{"__comment":"Magicka","from":[8.75,15,7.875],"to":[9.75,15.125,8.125],"faces":{"down":{"uv":[7.25,8.125,6.25,7.875],"texture":"#staff_magicka_bottom"},"up":{"uv":[8.75,7.875,9.75,8.125],"texture":"#staff_magicka_top"},"north":{"uv":[9.75,0.875,8.75,1],"texture":"#texture"},"south":{"uv":[8.75,0.875,9.75,1],"texture":"#texture"},"west":{"uv":[7.875,0.875,8.125,1],"texture":"#texture"},"east":{"uv":[8.125,0.875,7.875,1],"texture":"#texture"}}},{"__comment":"Magicka","from":[8.75,12.25,8.125],"to":[9.5,12.375,8.25],"faces":{"down":{"uv":[7.25,8.25,6.5,8.125],"texture":"#staff_magicka_bottom"},"up":{"uv":[8.75,8.125,9.5,8.25],"texture":"#staff_magicka_top"},"south":{"uv":[8.75,3.625,9.5,3.75],"texture":"#texture"},"west":{"uv":[8.125,3.625,8.25,3.75],"texture":"#texture"},"east":{"uv":[8.25,3.625,8.125,3.75],"texture":"#texture"}}},{"__comment":"Magicka","from":[8.75,15.25,8.125],"to":[9.375,15.375,8.25],"faces":{"down":{"uv":[7.25,8.25,6.625,8.125],"texture":"#staff_magicka_bottom"},"up":{"uv":[8.75,8.125,9.375,8.25],"texture":"#staff_magicka_top"},"south":{"uv":[8.75,0.625,9.375,0.75],"texture":"#texture"},"west":{"uv":[8.125,0.625,8.25,0.75],"texture":"#texture"},"east":{"uv":[8.25,0.625,8.125,0.75],"texture":"#texture"}}},{"__comment":"Magicka","from":[8.75,15.375,8.25],"to":[9,15.5,8.375],"faces":{"down":{"uv":[7.25,8.375,7,8.25],"texture":"#staff_magicka_bottom"},"up":{"uv":[8.75,8.25,9,8.375],"texture":"#staff_magicka_top"},"south":{"uv":[8.75,0.5,9,0.625],"texture":"#texture"},"west":{"uv":[8.25,0.5,8.375,0.625],"texture":"#texture"},"east":{"uv":[8.375,0.5,8.25,0.625],"texture":"#texture"}}},{"__comment":"Magicka","from":[8.875,12,7.5],"to":[9,12.125,7.625],"faces":{"down":{"uv":[7.125,7.625,7,7.5],"texture":"#staff_magicka_bottom"},"up":{"uv":[8.875,7.5,9,7.625],"texture":"#staff_magicka_top"},"north":{"uv":[9,3.875,8.875,4],"texture":"#texture"},"west":{"uv":[7.5,3.875,7.625,4],"texture":"#texture"},"east":{"uv":[7.625,3.875,7.5,4],"texture":"#texture"}}},{"__comment":"Magicka","from":[8.875,12.125,7.625],"to":[9.25,12.375,7.75],"faces":{"down":{"uv":[7.125,7.75,6.75,7.625],"texture":"#staff_magicka_bottom"},"up":{"uv":[8.875,7.625,9.25,7.75],"texture":"#staff_magicka_top"},"north":{"uv":[9.25,3.625,8.875,3.875],"texture":"#texture"},"south":{"uv":[8.875,3.625,9.25,3.875],"texture":"#texture"},"west":{"uv":[7.625,3.625,7.75,3.875],"texture":"#texture"},"east":{"uv":[7.75,3.625,7.625,3.875],"texture":"#texture"}}},{"__comment":"Magicka","from":[8.875,15.25,7.625],"to":[9.125,15.375,7.75],"faces":{"down":{"uv":[7.125,7.75,6.875,7.625],"texture":"#staff_magicka_bottom"},"up":{"uv":[8.875,7.625,9.125,7.75],"texture":"#staff_magicka_top"},"north":{"uv":[9.125,0.625,8.875,0.75],"texture":"#texture"},"west":{"uv":[7.625,0.625,7.75,0.75],"texture":"#texture"},"east":{"uv":[7.75,0.625,7.625,0.75],"texture":"#texture"}}},{"__comment":"Magicka","from":[8.875,12.375,7.75],"to":[9.625,12.5,7.875],"faces":{"down":{"uv":[7.125,7.875,6.375,7.75],"texture":"#staff_magicka_bottom"},"up":{"uv":[8.875,7.75,9.625,7.875],"texture":"#staff_magicka_top"},"north":{"uv":[9.625,3.5,8.875,3.625],"texture":"#texture"},"west":{"uv":[7.75,3.5,7.875,3.625],"texture":"#texture"},"east":{"uv":[7.875,3.5,7.75,3.625],"texture":"#texture"}}},{"__comment":"Magicka","from":[8.875,15.125,7.75],"to":[9.5,15.25,7.875],"faces":{"down":{"uv":[7.125,7.875,6.5,7.75],"texture":"#staff_magicka_bottom"},"up":{"uv":[8.875,7.75,9.5,7.875],"texture":"#staff_magicka_top"},"north":{"uv":[9.5,0.75,8.875,0.875],"texture":"#texture"},"west":{"uv":[7.75,0.75,7.875,0.875],"texture":"#texture"},"east":{"uv":[7.875,0.75,7.75,0.875],"texture":"#texture"}}},{"__comment":"Magicka","from":[8.875,12.625,7.875],"to":[10,12.75,8.125],"faces":{"up":{"uv":[8.875,7.875,10,8.125],"texture":"#staff_magicka_top"},"north":{"uv":[10,3.25,8.875,3.375],"texture":"#texture"},"south":{"uv":[8.875,3.25,10,3.375],"texture":"#texture"},"west":{"uv":[7.875,3.25,8.125,3.375],"texture":"#texture"},"east":{"uv":[8.125,3.25,7.875,3.375],"texture":"#texture"}}},{"__comment":"Magicka","from":[8.875,14.875,7.875],"to":[9.875,15,8.125],"faces":{"down":{"uv":[7.125,8.125,6.125,7.875],"texture":"#staff_magicka_bottom"},"up":{"uv":[8.875,7.875,9.875,8.125],"texture":"#staff_magicka_top"},"north":{"uv":[9.875,1,8.875,1.125],"texture":"#texture"},"south":{"uv":[8.875,1,9.875,1.125],"texture":"#texture"},"west":{"uv":[7.875,1,8.125,1.125],"texture":"#texture"},"east":{"uv":[8.125,1,7.875,1.125],"texture":"#texture"}}},{"__comment":"Magicka","from":[8.875,12.375,8.125],"to":[9.625,12.5,8.25],"faces":{"down":{"uv":[7.125,8.25,6.375,8.125],"texture":"#staff_magicka_bottom"},"up":{"uv":[8.875,8.125,9.625,8.25],"texture":"#staff_magicka_top"},"south":{"uv":[8.875,3.5,9.625,3.625],"texture":"#texture"},"west":{"uv":[8.125,3.5,8.25,3.625],"texture":"#texture"},"east":{"uv":[8.25,3.5,8.125,3.625],"texture":"#texture"}}},{"__comment":"Magicka","from":[8.875,15.125,8.125],"to":[9.5,15.25,8.25],"faces":{"down":{"uv":[7.125,8.25,6.5,8.125],"texture":"#staff_magicka_bottom"},"up":{"uv":[8.875,8.125,9.5,8.25],"texture":"#staff_magicka_top"},"south":{"uv":[8.875,0.75,9.5,0.875],"texture":"#texture"},"west":{"uv":[8.125,0.75,8.25,0.875],"texture":"#texture"},"east":{"uv":[8.25,0.75,8.125,0.875],"texture":"#texture"}}},{"__comment":"Magicka","from":[8.875,12.125,8.25],"to":[9.25,12.375,8.375],"faces":{"down":{"uv":[7.125,8.375,6.75,8.25],"texture":"#staff_magicka_bottom"},"up":{"uv":[8.875,8.25,9.25,8.375],"texture":"#staff_magicka_top"},"north":{"uv":[9.25,3.625,8.875,3.875],"texture":"#texture"},"south":{"uv":[8.875,3.625,9.25,3.875],"texture":"#texture"},"west":{"uv":[8.25,3.625,8.375,3.875],"texture":"#texture"},"east":{"uv":[8.375,3.625,8.25,3.875],"texture":"#texture"}}},{"__comment":"Magicka","from":[8.875,15.25,8.25],"to":[9.125,15.375,8.375],"faces":{"down":{"uv":[7.125,8.375,6.875,8.25],"texture":"#staff_magicka_bottom"},"up":{"uv":[8.875,8.25,9.125,8.375],"texture":"#staff_magicka_top"},"south":{"uv":[8.875,0.625,9.125,0.75],"texture":"#texture"},"west":{"uv":[8.25,0.625,8.375,0.75],"texture":"#texture"},"east":{"uv":[8.375,0.625,8.25,0.75],"texture":"#texture"}}},{"__comment":"Magicka","from":[8.875,12,8.375],"to":[9,12.125,8.5],"faces":{"down":{"uv":[7.125,8.5,7,8.375],"texture":"#staff_magicka_bottom"},"up":{"uv":[8.875,8.375,9,8.5],"texture":"#staff_magicka_top"},"south":{"uv":[8.875,3.875,9,4],"texture":"#texture"},"west":{"uv":[8.375,3.875,8.5,4],"texture":"#texture"},"east":{"uv":[8.5,3.875,8.375,4],"texture":"#texture"}}},{"__comment":"Magicka","from":[9,12.125,7.5],"to":[9.125,12.25,7.625],"faces":{"down":{"uv":[7,7.625,6.875,7.5],"texture":"#staff_magicka_bottom"},"up":{"uv":[9,7.5,9.125,7.625],"texture":"#staff_magicka_top"},"north":{"uv":[9.125,3.75,9,3.875],"texture":"#texture"},"west":{"uv":[7.5,3.75,7.625,3.875],"texture":"#texture"},"east":{"uv":[7.625,3.75,7.5,3.875],"texture":"#texture"}}},{"__comment":"Magicka","from":[9,12.375,7.625],"to":[9.5,12.5,7.75],"faces":{"down":{"uv":[7,7.75,6.5,7.625],"texture":"#staff_magicka_bottom"},"up":{"uv":[9,7.625,9.5,7.75],"texture":"#staff_magicka_top"},"north":{"uv":[9.5,3.5,9,3.625],"texture":"#texture"},"west":{"uv":[7.625,3.5,7.75,3.625],"texture":"#texture"},"east":{"uv":[7.75,3.5,7.625,3.625],"texture":"#texture"}}},{"__comment":"Magicka","from":[9,15.125,7.625],"to":[9.375,15.25,7.75],"faces":{"down":{"uv":[7,7.75,6.625,7.625],"texture":"#staff_magicka_bottom"},"up":{"uv":[9,7.625,9.375,7.75],"texture":"#staff_magicka_top"},"north":{"uv":[9.375,0.75,9,0.875],"texture":"#texture"},"west":{"uv":[7.625,0.75,7.75,0.875],"texture":"#texture"},"east":{"uv":[7.75,0.75,7.625,0.875],"texture":"#texture"}}},{"__comment":"Magicka","from":[9,12.5,7.75],"to":[9.75,12.625,7.875],"faces":{"down":{"uv":[7,7.875,6.25,7.75],"texture":"#staff_magicka_bottom"},"up":{"uv":[9,7.75,9.75,7.875],"texture":"#staff_magicka_top"},"north":{"uv":[9.75,3.375,9,3.5],"texture":"#texture"},"west":{"uv":[7.75,3.375,7.875,3.5],"texture":"#texture"},"east":{"uv":[7.875,3.375,7.75,3.5],"texture":"#texture"}}},{"__comment":"Magicka","from":[9,15,7.75],"to":[9.625,15.125,7.875],"faces":{"down":{"uv":[7,7.875,6.375,7.75],"texture":"#staff_magicka_bottom"},"up":{"uv":[9,7.75,9.625,7.875],"texture":"#staff_magicka_top"},"north":{"uv":[9.625,0.875,9,1],"texture":"#texture"},"west":{"uv":[7.75,0.875,7.875,1],"texture":"#texture"},"east":{"uv":[7.875,0.875,7.75,1],"texture":"#texture"}}},{"__comment":"Magicka","from":[9,12.75,7.875],"to":[10,13,8.125],"faces":{"up":{"uv":[9,7.875,10,8.125],"texture":"#staff_magicka_top"},"north":{"uv":[10,3,9,3.25],"texture":"#texture"},"south":{"uv":[9,3,10,3.25],"texture":"#texture"},"west":{"uv":[7.875,3,8.125,3.25],"texture":"#texture"},"east":{"uv":[8.125,3,7.875,3.25],"texture":"#texture"}}},{"__comment":"Magicka","from":[9,14.75,7.875],"to":[9.875,14.875,8.125],"faces":{"down":{"uv":[7,8.125,6.125,7.875],"texture":"#staff_magicka_bottom"},"north":{"uv":[9.875,1.125,9,1.25],"texture":"#texture"},"south":{"uv":[9,1.125,9.875,1.25],"texture":"#texture"},"west":{"uv":[7.875,1.125,8.125,1.25],"texture":"#texture"},"east":{"uv":[8.125,1.125,7.875,1.25],"texture":"#texture"}}},{"__comment":"Magicka","from":[9,12.5,8.125],"to":[9.75,12.625,8.25],"faces":{"down":{"uv":[7,8.25,6.25,8.125],"texture":"#staff_magicka_bottom"},"up":{"uv":[9,8.125,9.75,8.25],"texture":"#staff_magicka_top"},"south":{"uv":[9,3.375,9.75,3.5],"texture":"#texture"},"west":{"uv":[8.125,3.375,8.25,3.5],"texture":"#texture"},"east":{"uv":[8.25,3.375,8.125,3.5],"texture":"#texture"}}},{"__comment":"Magicka","from":[9,15,8.125],"to":[9.625,15.125,8.25],"faces":{"down":{"uv":[7,8.25,6.375,8.125],"texture":"#staff_magicka_bottom"},"up":{"uv":[9,8.125,9.625,8.25],"texture":"#staff_magicka_top"},"south":{"uv":[9,0.875,9.625,1],"texture":"#texture"},"west":{"uv":[8.125,0.875,8.25,1],"texture":"#texture"},"east":{"uv":[8.25,0.875,8.125,1],"texture":"#texture"}}},{"__comment":"Magicka","from":[9,12.375,8.25],"to":[9.5,12.5,8.375],"faces":{"down":{"uv":[7,8.375,6.5,8.25],"texture":"#staff_magicka_bottom"},"up":{"uv":[9,8.25,9.5,8.375],"texture":"#staff_magicka_top"},"south":{"uv":[9,3.5,9.5,3.625],"texture":"#texture"},"west":{"uv":[8.25,3.5,8.375,3.625],"texture":"#texture"},"east":{"uv":[8.375,3.5,8.25,3.625],"texture":"#texture"}}},{"__comment":"Magicka","from":[9,15.125,8.25],"to":[9.375,15.25,8.375],"faces":{"down":{"uv":[7,8.375,6.625,8.25],"texture":"#staff_magicka_bottom"},"up":{"uv":[9,8.25,9.375,8.375],"texture":"#staff_magicka_top"},"south":{"uv":[9,0.75,9.375,0.875],"texture":"#texture"},"west":{"uv":[8.25,0.75,8.375,0.875],"texture":"#texture"},"east":{"uv":[8.375,0.75,8.25,0.875],"texture":"#texture"}}},{"__comment":"Magicka","from":[9,12.125,8.375],"to":[9.125,12.25,8.5],"faces":{"down":{"uv":[7,8.5,6.875,8.375],"texture":"#staff_magicka_bottom"},"up":{"uv":[9,8.375,9.125,8.5],"texture":"#staff_magicka_top"},"south":{"uv":[9,3.75,9.125,3.875],"texture":"#texture"},"west":{"uv":[8.375,3.75,8.5,3.875],"texture":"#texture"},"east":{"uv":[8.5,3.75,8.375,3.875],"texture":"#texture"}}},{"__comment":"Magicka","from":[9.125,12.25,7.5],"to":[9.25,12.375,7.625],"faces":{"down":{"uv":[6.875,7.625,6.75,7.5],"texture":"#staff_magicka_bottom"},"up":{"uv":[9.125,7.5,9.25,7.625],"texture":"#staff_magicka_top"},"north":{"uv":[9.25,3.625,9.125,3.75],"texture":"#texture"},"west":{"uv":[7.5,3.625,7.625,3.75],"texture":"#texture"},"east":{"uv":[7.625,3.625,7.5,3.75],"texture":"#texture"}}},{"__comment":"Magicka","from":[9.125,12.5,7.625],"to":[9.625,12.625,7.75],"faces":{"down":{"uv":[6.875,7.75,6.375,7.625],"texture":"#staff_magicka_bottom"},"up":{"uv":[9.125,7.625,9.625,7.75],"texture":"#staff_magicka_top"},"north":{"uv":[9.625,3.375,9.125,3.5],"texture":"#texture"},"west":{"uv":[7.625,3.375,7.75,3.5],"texture":"#texture"},"east":{"uv":[7.75,3.375,7.625,3.5],"texture":"#texture"}}},{"__comment":"Magicka","from":[9.125,15,7.625],"to":[9.5,15.125,7.75],"faces":{"down":{"uv":[6.875,7.75,6.5,7.625],"texture":"#staff_magicka_bottom"},"up":{"uv":[9.125,7.625,9.5,7.75],"texture":"#staff_magicka_top"},"north":{"uv":[9.5,0.875,9.125,1],"texture":"#texture"},"west":{"uv":[7.625,0.875,7.75,1],"texture":"#texture"},"east":{"uv":[7.75,0.875,7.625,1],"texture":"#texture"}}},{"__comment":"Magicka","from":[9.125,12.625,7.75],"to":[9.875,12.875,7.875],"faces":{"down":{"uv":[6.875,7.875,6.125,7.75],"texture":"#staff_magicka_bottom"},"up":{"uv":[9.125,7.75,9.875,7.875],"texture":"#staff_magicka_top"},"north":{"uv":[9.875,3.125,9.125,3.375],"texture":"#texture"},"south":{"uv":[9.125,3.125,9.875,3.375],"texture":"#texture"},"west":{"uv":[7.75,3.125,7.875,3.375],"texture":"#texture"},"east":{"uv":[7.875,3.125,7.75,3.375],"texture":"#texture"}}},{"__comment":"Magicka","from":[9.125,14.875,7.75],"to":[9.75,15,7.875],"faces":{"down":{"uv":[6.875,7.875,6.25,7.75],"texture":"#staff_magicka_bottom"},"up":{"uv":[9.125,7.75,9.75,7.875],"texture":"#staff_magicka_top"},"north":{"uv":[9.75,1,9.125,1.125],"texture":"#texture"},"west":{"uv":[7.75,1,7.875,1.125],"texture":"#texture"},"east":{"uv":[7.875,1,7.75,1.125],"texture":"#texture"}}},{"__comment":"Magicka","from":[9.125,13,7.875],"to":[10.125,13.25,8.125],"faces":{"down":{"uv":[6.875,8.125,5.875,7.875],"texture":"#staff_magicka_bottom"},"up":{"uv":[9.125,7.875,10.125,8.125],"texture":"#staff_magicka_top"},"north":{"uv":[10.125,2.75,9.125,3],"texture":"#texture"},"south":{"uv":[9.125,2.75,10.125,3],"texture":"#texture"},"west":{"uv":[7.875,2.75,8.125,3],"texture":"#texture"},"east":{"uv":[8.125,2.75,7.875,3],"texture":"#texture"}}},{"__comment":"Magicka","from":[9.125,14.375,7.875],"to":[9.875,14.75,8.125],"faces":{"down":{"uv":[6.875,8.125,6.125,7.875],"texture":"#staff_magicka_bottom"},"north":{"uv":[9.875,1.25,9.125,1.625],"texture":"#texture"},"south":{"uv":[9.125,1.25,9.875,1.625],"texture":"#texture"},"west":{"uv":[7.875,1.25,8.125,1.625],"texture":"#texture"},"east":{"uv":[8.125,1.25,7.875,1.625],"texture":"#texture"}}},{"__comment":"Magicka","from":[9.125,12.625,8.125],"to":[9.875,12.875,8.25],"faces":{"down":{"uv":[6.875,8.25,6.125,8.125],"texture":"#staff_magicka_bottom"},"up":{"uv":[9.125,8.125,9.875,8.25],"texture":"#staff_magicka_top"},"north":{"uv":[9.875,3.125,9.125,3.375],"texture":"#texture"},"south":{"uv":[9.125,3.125,9.875,3.375],"texture":"#texture"},"west":{"uv":[8.125,3.125,8.25,3.375],"texture":"#texture"},"east":{"uv":[8.25,3.125,8.125,3.375],"texture":"#texture"}}},{"__comment":"Magicka","from":[9.125,14.875,8.125],"to":[9.75,15,8.25],"faces":{"down":{"uv":[6.875,8.25,6.25,8.125],"texture":"#staff_magicka_bottom"},"up":{"uv":[9.125,8.125,9.75,8.25],"texture":"#staff_magicka_top"},"south":{"uv":[9.125,1,9.75,1.125],"texture":"#texture"},"west":{"uv":[8.125,1,8.25,1.125],"texture":"#texture"},"east":{"uv":[8.25,1,8.125,1.125],"texture":"#texture"}}},{"__comment":"Magicka","from":[9.125,12.5,8.25],"to":[9.625,12.625,8.375],"faces":{"down":{"uv":[6.875,8.375,6.375,8.25],"texture":"#staff_magicka_bottom"},"up":{"uv":[9.125,8.25,9.625,8.375],"texture":"#staff_magicka_top"},"south":{"uv":[9.125,3.375,9.625,3.5],"texture":"#texture"},"west":{"uv":[8.25,3.375,8.375,3.5],"texture":"#texture"},"east":{"uv":[8.375,3.375,8.25,3.5],"texture":"#texture"}}},{"__comment":"Magicka","from":[9.125,15,8.25],"to":[9.5,15.125,8.375],"faces":{"down":{"uv":[6.875,8.375,6.5,8.25],"texture":"#staff_magicka_bottom"},"up":{"uv":[9.125,8.25,9.5,8.375],"texture":"#staff_magicka_top"},"south":{"uv":[9.125,0.875,9.5,1],"texture":"#texture"},"west":{"uv":[8.25,0.875,8.375,1],"texture":"#texture"},"east":{"uv":[8.375,0.875,8.25,1],"texture":"#texture"}}},{"__comment":"Magicka","from":[9.125,12.25,8.375],"to":[9.25,12.375,8.5],"faces":{"down":{"uv":[6.875,8.5,6.75,8.375],"texture":"#staff_magicka_bottom"},"up":{"uv":[9.125,8.375,9.25,8.5],"texture":"#staff_magicka_top"},"south":{"uv":[9.125,3.625,9.25,3.75],"texture":"#texture"},"west":{"uv":[8.375,3.625,8.5,3.75],"texture":"#texture"},"east":{"uv":[8.5,3.625,8.375,3.75],"texture":"#texture"}}},{"__comment":"Magicka","from":[9.25,15,7.5],"to":[9.375,15.125,7.625],"faces":{"down":{"uv":[6.75,7.625,6.625,7.5],"texture":"#staff_magicka_bottom"},"up":{"uv":[9.25,7.5,9.375,7.625],"texture":"#staff_magicka_top"},"north":{"uv":[9.375,0.875,9.25,1],"texture":"#texture"},"west":{"uv":[7.5,0.875,7.625,1],"texture":"#texture"},"east":{"uv":[7.625,0.875,7.5,1],"texture":"#texture"}}},{"__comment":"Magicka","from":[9.25,12.25,7.625],"to":[9.375,12.375,7.75],"faces":{"down":{"uv":[6.75,7.75,6.625,7.625],"texture":"#staff_magicka_bottom"},"north":{"uv":[9.375,3.625,9.25,3.75],"texture":"#texture"},"east":{"uv":[7.75,3.625,7.625,3.75],"texture":"#texture"}}},{"__comment":"Magicka","from":[9.25,12.625,7.625],"to":[9.75,12.75,7.75],"faces":{"down":{"uv":[6.75,7.75,6.25,7.625],"texture":"#staff_magicka_bottom"},"up":{"uv":[9.25,7.625,9.75,7.75],"texture":"#staff_magicka_top"},"north":{"uv":[9.75,3.25,9.25,3.375],"texture":"#texture"},"west":{"uv":[7.625,3.25,7.75,3.375],"texture":"#texture"},"east":{"uv":[7.75,3.25,7.625,3.375],"texture":"#texture"}}},{"__comment":"Magicka","from":[9.25,14.875,7.625],"to":[9.625,15,7.75],"faces":{"down":{"uv":[6.75,7.75,6.375,7.625],"texture":"#staff_magicka_bottom"},"up":{"uv":[9.25,7.625,9.625,7.75],"texture":"#staff_magicka_top"},"north":{"uv":[9.625,1,9.25,1.125],"texture":"#texture"},"west":{"uv":[7.625,1,7.75,1.125],"texture":"#texture"},"east":{"uv":[7.75,1,7.625,1.125],"texture":"#texture"}}},{"__comment":"Magicka","from":[9.25,12.875,7.75],"to":[9.875,13.125,7.875],"faces":{"up":{"uv":[9.25,7.75,9.875,7.875],"texture":"#staff_magicka_top"},"north":{"uv":[9.875,2.875,9.25,3.125],"texture":"#texture"},"south":{"uv":[9.25,2.875,9.875,3.125],"texture":"#texture"},"west":{"uv":[7.75,2.875,7.875,3.125],"texture":"#texture"},"east":{"uv":[7.875,2.875,7.75,3.125],"texture":"#texture"}}},{"__comment":"Magicka","from":[9.25,14.375,7.75],"to":[9.75,14.875,7.875],"faces":{"down":{"uv":[6.75,7.875,6.25,7.75],"texture":"#staff_magicka_bottom"},"north":{"uv":[9.75,1.125,9.25,1.625],"texture":"#texture"},"south":{"uv":[9.25,1.125,9.75,1.625],"texture":"#texture"},"west":{"uv":[7.75,1.125,7.875,1.625],"texture":"#texture"},"east":{"uv":[7.875,1.125,7.75,1.625],"texture":"#texture"}}},{"__comment":"Magicka","from":[9.25,13.25,7.875],"to":[10.125,13.875,8.125],"faces":{"up":{"uv":[9.25,7.875,10.125,8.125],"texture":"#staff_magicka_top"},"north":{"uv":[10.125,2.125,9.25,2.75],"texture":"#texture"},"south":{"uv":[9.25,2.125,10.125,2.75],"texture":"#texture"},"west":{"uv":[7.875,2.125,8.125,2.75],"texture":"#texture"},"east":{"uv":[8.125,2.125,7.875,2.75],"texture":"#texture"}}},{"__comment":"Magicka","from":[9.25,14,7.875],"to":[10,14.375,8.125],"faces":{"down":{"uv":[6.75,8.125,6,7.875],"texture":"#staff_magicka_bottom"},"up":{"uv":[9.25,7.875,10,8.125],"texture":"#staff_magicka_top"},"north":{"uv":[10,1.625,9.25,2],"texture":"#texture"},"south":{"uv":[9.25,1.625,10,2],"texture":"#texture"},"west":{"uv":[7.875,1.625,8.125,2],"texture":"#texture"},"east":{"uv":[8.125,1.625,7.875,2],"texture":"#texture"}}},{"__comment":"Magicka","from":[9.25,12.875,8.125],"to":[9.875,13.125,8.25],"faces":{"up":{"uv":[9.25,8.125,9.875,8.25],"texture":"#staff_magicka_top"},"north":{"uv":[9.875,2.875,9.25,3.125],"texture":"#texture"},"south":{"uv":[9.25,2.875,9.875,3.125],"texture":"#texture"},"west":{"uv":[8.125,2.875,8.25,3.125],"texture":"#texture"},"east":{"uv":[8.25,2.875,8.125,3.125],"texture":"#texture"}}},{"__comment":"Magicka","from":[9.25,14.375,8.125],"to":[9.75,14.875,8.25],"faces":{"down":{"uv":[6.75,8.25,6.25,8.125],"texture":"#staff_magicka_bottom"},"north":{"uv":[9.75,1.125,9.25,1.625],"texture":"#texture"},"south":{"uv":[9.25,1.125,9.75,1.625],"texture":"#texture"},"west":{"uv":[8.125,1.125,8.25,1.625],"texture":"#texture"},"east":{"uv":[8.25,1.125,8.125,1.625],"texture":"#texture"}}},{"__comment":"Magicka","from":[9.25,12.25,8.25],"to":[9.375,12.375,8.375],"faces":{"down":{"uv":[6.75,8.375,6.625,8.25],"texture":"#staff_magicka_bottom"},"south":{"uv":[9.25,3.625,9.375,3.75],"texture":"#texture"},"east":{"uv":[8.375,3.625,8.25,3.75],"texture":"#texture"}}},{"__comment":"Magicka","from":[9.25,12.625,8.25],"to":[9.75,12.75,8.375],"faces":{"down":{"uv":[6.75,8.375,6.25,8.25],"texture":"#staff_magicka_bottom"},"up":{"uv":[9.25,8.25,9.75,8.375],"texture":"#staff_magicka_top"},"south":{"uv":[9.25,3.25,9.75,3.375],"texture":"#texture"},"west":{"uv":[8.25,3.25,8.375,3.375],"texture":"#texture"},"east":{"uv":[8.375,3.25,8.25,3.375],"texture":"#texture"}}},{"__comment":"Magicka","from":[9.25,14.875,8.25],"to":[9.625,15,8.375],"faces":{"down":{"uv":[6.75,8.375,6.375,8.25],"texture":"#staff_magicka_bottom"},"up":{"uv":[9.25,8.25,9.625,8.375],"texture":"#staff_magicka_top"},"south":{"uv":[9.25,1,9.625,1.125],"texture":"#texture"},"west":{"uv":[8.25,1,8.375,1.125],"texture":"#texture"},"east":{"uv":[8.375,1,8.25,1.125],"texture":"#texture"}}},{"__comment":"Magicka","from":[9.25,15,8.375],"to":[9.375,15.125,8.5],"faces":{"down":{"uv":[6.75,8.5,6.625,8.375],"texture":"#staff_magicka_bottom"},"up":{"uv":[9.25,8.375,9.375,8.5],"texture":"#staff_magicka_top"},"south":{"uv":[9.25,0.875,9.375,1],"texture":"#texture"},"west":{"uv":[8.375,0.875,8.5,1],"texture":"#texture"},"east":{"uv":[8.5,0.875,8.375,1],"texture":"#texture"}}},{"__comment":"Magicka","from":[9.375,12.625,7.5],"to":[9.5,12.75,7.625],"faces":{"down":{"uv":[6.625,7.625,6.5,7.5],"texture":"#staff_magicka_bottom"},"up":{"uv":[9.375,7.5,9.5,7.625],"texture":"#staff_magicka_top"},"north":{"uv":[9.5,3.25,9.375,3.375],"texture":"#texture"},"west":{"uv":[7.5,3.25,7.625,3.375],"texture":"#texture"},"east":{"uv":[7.625,3.25,7.5,3.375],"texture":"#texture"}}},{"__comment":"Magicka","from":[9.375,14.875,7.5],"to":[9.5,15,7.625],"faces":{"down":{"uv":[6.625,7.625,6.5,7.5],"texture":"#staff_magicka_bottom"},"up":{"uv":[9.375,7.5,9.5,7.625],"texture":"#staff_magicka_top"},"north":{"uv":[9.5,1,9.375,1.125],"texture":"#texture"},"west":{"uv":[7.5,1,7.625,1.125],"texture":"#texture"},"east":{"uv":[7.625,1,7.5,1.125],"texture":"#texture"}}},{"__comment":"Magicka","from":[9.375,12.75,7.625],"to":[9.75,13,7.75],"faces":{"up":{"uv":[9.375,7.625,9.75,7.75],"texture":"#staff_magicka_top"},"north":{"uv":[9.75,3,9.375,3.25],"texture":"#texture"},"south":{"uv":[9.375,3,9.75,3.25],"texture":"#texture"},"west":{"uv":[7.625,3,7.75,3.25],"texture":"#texture"},"east":{"uv":[7.75,3,7.625,3.25],"texture":"#texture"}}},{"__comment":"Magicka","from":[9.375,14.5,7.625],"to":[9.625,14.875,7.75],"faces":{"down":{"uv":[6.625,7.75,6.375,7.625],"texture":"#staff_magicka_bottom"},"north":{"uv":[9.625,1.125,9.375,1.5],"texture":"#texture"},"west":{"uv":[7.625,1.125,7.75,1.5],"texture":"#texture"},"east":{"uv":[7.75,1.125,7.625,1.5],"texture":"#texture"}}},{"__comment":"Magicka","from":[9.375,13.125,7.75],"to":[10,13.75,7.875],"faces":{"down":{"uv":[6.625,7.875,6,7.75],"texture":"#staff_magicka_bottom"},"up":{"uv":[9.375,7.75,10,7.875],"texture":"#staff_magicka_top"},"north":{"uv":[10,2.25,9.375,2.875],"texture":"#texture"},"south":{"uv":[9.375,2.25,10,2.875],"texture":"#texture"},"west":{"uv":[7.75,2.25,7.875,2.875],"texture":"#texture"},"east":{"uv":[7.875,2.25,7.75,2.875],"texture":"#texture"}}},{"__comment":"Magicka","from":[9.375,14,7.75],"to":[9.875,14.375,7.875],"faces":{"down":{"uv":[6.625,7.875,6.125,7.75],"texture":"#staff_magicka_bottom"},"up":{"uv":[9.375,7.75,9.875,7.875],"texture":"#staff_magicka_top"},"north":{"uv":[9.875,1.625,9.375,2],"texture":"#texture"},"west":{"uv":[7.75,1.625,7.875,2],"texture":"#texture"},"east":{"uv":[7.875,1.625,7.75,2],"texture":"#texture"}}},{"__comment":"Magicka","from":[9.375,13.875,7.875],"to":[10.25,14,8.125],"faces":{"down":{"uv":[6.625,8.125,5.75,7.875],"texture":"#staff_magicka_bottom"},"up":{"uv":[9.375,7.875,10.25,8.125],"texture":"#staff_magicka_top"},"north":{"uv":[10.25,2,9.375,2.125],"texture":"#texture"},"south":{"uv":[9.375,2,10.25,2.125],"texture":"#texture"},"west":{"uv":[7.875,2,8.125,2.125],"texture":"#texture"},"east":{"uv":[8.125,2,7.875,2.125],"texture":"#texture"}}},{"__comment":"Magicka","from":[9.375,13.125,8.125],"to":[10,13.75,8.25],"faces":{"down":{"uv":[6.625,8.25,6,8.125],"texture":"#staff_magicka_bottom"},"up":{"uv":[9.375,8.125,10,8.25],"texture":"#staff_magicka_top"},"north":{"uv":[10,2.25,9.375,2.875],"texture":"#texture"},"south":{"uv":[9.375,2.25,10,2.875],"texture":"#texture"},"west":{"uv":[8.125,2.25,8.25,2.875],"texture":"#texture"},"east":{"uv":[8.25,2.25,8.125,2.875],"texture":"#texture"}}},{"__comment":"Magicka","from":[9.375,14,8.125],"to":[9.875,14.375,8.25],"faces":{"down":{"uv":[6.625,8.25,6.125,8.125],"texture":"#staff_magicka_bottom"},"up":{"uv":[9.375,8.125,9.875,8.25],"texture":"#staff_magicka_top"},"south":{"uv":[9.375,1.625,9.875,2],"texture":"#texture"},"west":{"uv":[8.125,1.625,8.25,2],"texture":"#texture"},"east":{"uv":[8.25,1.625,8.125,2],"texture":"#texture"}}},{"__comment":"Magicka","from":[9.375,12.75,8.25],"to":[9.75,13,8.375],"faces":{"up":{"uv":[9.375,8.25,9.75,8.375],"texture":"#staff_magicka_top"},"north":{"uv":[9.75,3,9.375,3.25],"texture":"#texture"},"south":{"uv":[9.375,3,9.75,3.25],"texture":"#texture"},"west":{"uv":[8.25,3,8.375,3.25],"texture":"#texture"},"east":{"uv":[8.375,3,8.25,3.25],"texture":"#texture"}}},{"__comment":"Magicka","from":[9.375,14.5,8.25],"to":[9.625,14.875,8.375],"faces":{"down":{"uv":[6.625,8.375,6.375,8.25],"texture":"#staff_magicka_bottom"},"south":{"uv":[9.375,1.125,9.625,1.5],"texture":"#texture"},"west":{"uv":[8.25,1.125,8.375,1.5],"texture":"#texture"},"east":{"uv":[8.375,1.125,8.25,1.5],"texture":"#texture"}}},{"__comment":"Magicka","from":[9.375,12.625,8.375],"to":[9.5,12.75,8.5],"faces":{"down":{"uv":[6.625,8.5,6.5,8.375],"texture":"#staff_magicka_bottom"},"up":{"uv":[9.375,8.375,9.5,8.5],"texture":"#staff_magicka_top"},"south":{"uv":[9.375,3.25,9.5,3.375],"texture":"#texture"},"west":{"uv":[8.375,3.25,8.5,3.375],"texture":"#texture"},"east":{"uv":[8.5,3.25,8.375,3.375],"texture":"#texture"}}},{"__comment":"Magicka","from":[9.375,14.875,8.375],"to":[9.5,15,8.5],"faces":{"down":{"uv":[6.625,8.5,6.5,8.375],"texture":"#staff_magicka_bottom"},"up":{"uv":[9.375,8.375,9.5,8.5],"texture":"#staff_magicka_top"},"south":{"uv":[9.375,1,9.5,1.125],"texture":"#texture"},"west":{"uv":[8.375,1,8.5,1.125],"texture":"#texture"},"east":{"uv":[8.5,1,8.375,1.125],"texture":"#texture"}}},{"__comment":"Magicka","from":[9.5,12.75,7.5],"to":[9.625,12.875,7.625],"faces":{"down":{"uv":[6.5,7.625,6.375,7.5],"texture":"#staff_magicka_bottom"},"up":{"uv":[9.5,7.5,9.625,7.625],"texture":"#staff_magicka_top"},"north":{"uv":[9.625,3.125,9.5,3.25],"texture":"#texture"},"west":{"uv":[7.5,3.125,7.625,3.25],"texture":"#texture"},"east":{"uv":[7.625,3.125,7.5,3.25],"texture":"#texture"}}},{"__comment":"Magicka","from":[9.5,14.5,7.5],"to":[9.625,14.625,7.625],"faces":{"down":{"uv":[6.5,7.625,6.375,7.5],"texture":"#staff_magicka_bottom"},"up":{"uv":[9.5,7.5,9.625,7.625],"texture":"#staff_magicka_top"},"north":{"uv":[9.625,1.375,9.5,1.5],"texture":"#texture"},"west":{"uv":[7.5,1.375,7.625,1.5],"texture":"#texture"},"east":{"uv":[7.625,1.375,7.5,1.5],"texture":"#texture"}}},{"__comment":"Magicka","from":[9.5,13,7.625],"to":[9.75,13.75,7.75],"faces":{"up":{"uv":[9.5,7.625,9.75,7.75],"texture":"#staff_magicka_top"},"north":{"uv":[9.75,2.25,9.5,3],"texture":"#texture"},"south":{"uv":[9.5,2.25,9.75,3],"texture":"#texture"},"west":{"uv":[7.625,2.25,7.75,3],"texture":"#texture"},"east":{"uv":[7.75,2.25,7.625,3],"texture":"#texture"}}},{"__comment":"Magicka","from":[9.5,14,7.625],"to":[9.75,14.5,7.75],"faces":{"down":{"uv":[6.5,7.75,6.25,7.625],"texture":"#staff_magicka_bottom"},"up":{"uv":[9.5,7.625,9.75,7.75],"texture":"#staff_magicka_top"},"north":{"uv":[9.75,1.5,9.5,2],"texture":"#texture"},"south":{"uv":[9.5,1.5,9.75,2],"texture":"#texture"},"west":{"uv":[7.625,1.5,7.75,2],"texture":"#texture"},"east":{"uv":[7.75,1.5,7.625,2],"texture":"#texture"}}},{"__comment":"Magicka","from":[9.5,13.75,7.75],"to":[10,14,7.875],"faces":{"up":{"uv":[9.5,7.75,10,7.875],"texture":"#staff_magicka_top"},"north":{"uv":[10,2,9.5,2.25],"texture":"#texture"},"south":{"uv":[9.5,2,10,2.25],"texture":"#texture"},"west":{"uv":[7.75,2,7.875,2.25],"texture":"#texture"},"east":{"uv":[7.875,2,7.75,2.25],"texture":"#texture"}}},{"__comment":"Magicka","from":[9.5,13.75,8.125],"to":[10,14,8.25],"faces":{"up":{"uv":[9.5,8.125,10,8.25],"texture":"#staff_magicka_top"},"north":{"uv":[10,2,9.5,2.25],"texture":"#texture"},"south":{"uv":[9.5,2,10,2.25],"texture":"#texture"},"west":{"uv":[8.125,2,8.25,2.25],"texture":"#texture"},"east":{"uv":[8.25,2,8.125,2.25],"texture":"#texture"}}},{"__comment":"Magicka","from":[9.5,13,8.25],"to":[9.75,13.75,8.375],"faces":{"up":{"uv":[9.5,8.25,9.75,8.375],"texture":"#staff_magicka_top"},"north":{"uv":[9.75,2.25,9.5,3],"texture":"#texture"},"south":{"uv":[9.5,2.25,9.75,3],"texture":"#texture"},"west":{"uv":[8.25,2.25,8.375,3],"texture":"#texture"},"east":{"uv":[8.375,2.25,8.25,3],"texture":"#texture"}}},{"__comment":"Magicka","from":[9.5,14,8.25],"to":[9.75,14.5,8.375],"faces":{"down":{"uv":[6.5,8.375,6.25,8.25],"texture":"#staff_magicka_bottom"},"up":{"uv":[9.5,8.25,9.75,8.375],"texture":"#staff_magicka_top"},"north":{"uv":[9.75,1.5,9.5,2],"texture":"#texture"},"south":{"uv":[9.5,1.5,9.75,2],"texture":"#texture"},"west":{"uv":[8.25,1.5,8.375,2],"texture":"#texture"},"east":{"uv":[8.375,1.5,8.25,2],"texture":"#texture"}}},{"__comment":"Magicka","from":[9.5,12.75,8.375],"to":[9.625,12.875,8.5],"faces":{"down":{"uv":[6.5,8.5,6.375,8.375],"texture":"#staff_magicka_bottom"},"up":{"uv":[9.5,8.375,9.625,8.5],"texture":"#staff_magicka_top"},"south":{"uv":[9.5,3.125,9.625,3.25],"texture":"#texture"},"west":{"uv":[8.375,3.125,8.5,3.25],"texture":"#texture"},"east":{"uv":[8.5,3.125,8.375,3.25],"texture":"#texture"}}},{"__comment":"RHJvb2JsZWRvcmVMTEM=","from":[9.5,14.5,8.375],"to":[9.625,14.625,8.5],"faces":{"down":{"uv":[6.5,8.5,6.375,8.375],"texture":"#staff_magicka_bottom"},"up":{"uv":[9.5,8.375,9.625,8.5],"texture":"#staff_magicka_top"},"south":{"uv":[9.5,1.375,9.625,1.5],"texture":"#texture"},"west":{"uv":[8.375,1.375,8.5,1.5],"texture":"#texture"},"east":{"uv":[8.5,1.375,8.375,1.5],"texture":"#texture"}}},{"__comment":"Magicka","from":[9.625,13.25,7.5],"to":[9.75,13.5,7.625],"faces":{"down":{"uv":[6.375,7.625,6.25,7.5],"texture":"#staff_magicka_bottom"},"up":{"uv":[9.625,7.5,9.75,7.625],"texture":"#staff_magicka_top"},"north":{"uv":[9.75,2.5,9.625,2.75],"texture":"#texture"},"west":{"uv":[7.5,2.5,7.625,2.75],"texture":"#texture"},"east":{"uv":[7.625,2.5,7.5,2.75],"texture":"#texture"}}},{"__comment":"Magicka","from":[9.625,14.125,7.5],"to":[9.75,14.25,7.625],"faces":{"down":{"uv":[6.375,7.625,6.25,7.5],"texture":"#staff_magicka_bottom"},"up":{"uv":[9.625,7.5,9.75,7.625],"texture":"#staff_magicka_top"},"north":{"uv":[9.75,1.75,9.625,1.875],"texture":"#texture"},"west":{"uv":[7.5,1.75,7.625,1.875],"texture":"#texture"},"east":{"uv":[7.625,1.75,7.5,1.875],"texture":"#texture"}}},{"__comment":"Magicka","from":[9.625,13.75,7.625],"to":[9.875,14,7.75],"faces":{"down":{"uv":[6.375,7.75,6.125,7.625],"texture":"#staff_magicka_bottom"},"up":{"uv":[9.625,7.625,9.875,7.75],"texture":"#staff_magicka_top"},"north":{"uv":[9.875,2,9.625,2.25],"texture":"#texture"},"west":{"uv":[7.625,2,7.75,2.25],"texture":"#texture"},"east":{"uv":[7.75,2,7.625,2.25],"texture":"#texture"}}},{"__comment":"Magicka","from":[9.625,14.5,7.625],"to":[9.75,14.625,7.75],"faces":{"up":{"uv":[9.625,7.625,9.75,7.75],"texture":"#staff_magicka_top"},"north":{"uv":[9.75,1.375,9.625,1.5],"texture":"#texture"},"east":{"uv":[7.75,1.375,7.625,1.5],"texture":"#texture"}}},{"__comment":"Magicka","from":[9.625,13.75,8.25],"to":[9.875,14,8.375],"faces":{"down":{"uv":[6.375,8.375,6.125,8.25],"texture":"#staff_magicka_bottom"},"up":{"uv":[9.625,8.25,9.875,8.375],"texture":"#staff_magicka_top"},"south":{"uv":[9.625,2,9.875,2.25],"texture":"#texture"},"west":{"uv":[8.25,2,8.375,2.25],"texture":"#texture"},"east":{"uv":[8.375,2,8.25,2.25],"texture":"#texture"}}},{"__comment":"Magicka","from":[9.625,14.5,8.25],"to":[9.75,14.625,8.375],"faces":{"up":{"uv":[9.625,8.25,9.75,8.375],"texture":"#staff_magicka_top"},"south":{"uv":[9.625,1.375,9.75,1.5],"texture":"#texture"},"east":{"uv":[8.375,1.375,8.25,1.5],"texture":"#texture"}}},{"__comment":"Magicka","from":[9.625,13.25,8.375],"to":[9.75,13.5,8.5],"faces":{"down":{"uv":[6.375,8.5,6.25,8.375],"texture":"#staff_magicka_bottom"},"up":{"uv":[9.625,8.375,9.75,8.5],"texture":"#staff_magicka_top"},"south":{"uv":[9.625,2.5,9.75,2.75],"texture":"#texture"},"west":{"uv":[8.375,2.5,8.5,2.75],"texture":"#texture"},"east":{"uv":[8.5,2.5,8.375,2.75],"texture":"#texture"}}},{"__comment":"Magicka","from":[9.625,14.125,8.375],"to":[9.75,14.25,8.5],"faces":{"down":{"uv":[6.375,8.5,6.25,8.375],"texture":"#staff_magicka_bottom"},"up":{"uv":[9.625,8.375,9.75,8.5],"texture":"#staff_magicka_top"},"south":{"uv":[9.625,1.75,9.75,1.875],"texture":"#texture"},"west":{"uv":[8.375,1.75,8.5,1.875],"texture":"#texture"},"east":{"uv":[8.5,1.75,8.375,1.875],"texture":"#texture"}}},{"__comment":"Magicka","from":[9.75,13.125,7.625],"to":[9.875,13.75,7.75],"faces":{"down":{"uv":[6.25,7.75,6.125,7.625],"texture":"#staff_magicka_bottom"},"north":{"uv":[9.875,2.25,9.75,2.875],"texture":"#texture"},"east":{"uv":[7.75,2.25,7.625,2.875],"texture":"#texture"}}},{"__comment":"Magicka","from":[9.75,14,7.625],"to":[9.875,14.25,7.75],"faces":{"up":{"uv":[9.75,7.625,9.875,7.75],"texture":"#staff_magicka_top"},"north":{"uv":[9.875,1.75,9.75,2],"texture":"#texture"},"east":{"uv":[7.75,1.75,7.625,2],"texture":"#texture"}}},{"__comment":"Magicka","from":[9.75,14.375,7.75],"to":[9.875,14.625,7.875],"faces":{"up":{"uv":[9.75,7.75,9.875,7.875],"texture":"#staff_magicka_top"},"north":{"uv":[9.875,1.375,9.75,1.625],"texture":"#texture"},"east":{"uv":[7.875,1.375,7.75,1.625],"texture":"#texture"}}},{"__comment":"Magicka","from":[9.75,14.375,8.125],"to":[9.875,14.625,8.25],"faces":{"up":{"uv":[9.75,8.125,9.875,8.25],"texture":"#staff_magicka_top"},"south":{"uv":[9.75,1.375,9.875,1.625],"texture":"#texture"},"east":{"uv":[8.25,1.375,8.125,1.625],"texture":"#texture"}}},{"__comment":"Magicka","from":[9.75,13.125,8.25],"to":[9.875,13.75,8.375],"faces":{"down":{"uv":[6.25,8.375,6.125,8.25],"texture":"#staff_magicka_bottom"},"south":{"uv":[9.75,2.25,9.875,2.875],"texture":"#texture"},"east":{"uv":[8.375,2.25,8.25,2.875],"texture":"#texture"}}},{"__comment":"Magicka","from":[9.75,14,8.25],"to":[9.875,14.25,8.375],"faces":{"up":{"uv":[9.75,8.25,9.875,8.375],"texture":"#staff_magicka_top"},"south":{"uv":[9.75,1.75,9.875,2],"texture":"#texture"},"east":{"uv":[8.375,1.75,8.25,2],"texture":"#texture"}}},{"__comment":"Magicka","from":[9.875,14,7.75],"to":[10,14.25,7.875],"faces":{"up":{"uv":[9.875,7.75,10,7.875],"texture":"#staff_magicka_top"},"north":{"uv":[10,1.75,9.875,2],"texture":"#texture"},"east":{"uv":[7.875,1.75,7.75,2],"texture":"#texture"}}},{"__comment":"Magicka","from":[9.875,14.375,7.875],"to":[10,14.625,8.125],"faces":{"up":{"uv":[9.875,7.875,10,8.125],"texture":"#staff_magicka_top"},"north":{"uv":[10,1.375,9.875,1.625],"texture":"#texture"},"south":{"uv":[9.875,1.375,10,1.625],"texture":"#texture"},"east":{"uv":[8.125,1.375,7.875,1.625],"texture":"#texture"}}},{"__comment":"Magicka","from":[9.875,14,8.125],"to":[10,14.25,8.25],"faces":{"up":{"uv":[9.875,8.125,10,8.25],"texture":"#staff_magicka_top"},"south":{"uv":[9.875,1.75,10,2],"texture":"#texture"},"east":{"uv":[8.25,1.75,8.125,2],"texture":"#texture"}}},{"__comment":"DroobledoreLLC","from":[10,13.875,7.75],"to":[10.125,14,7.875],"faces":{"down":{"uv":[6,7.875,5.875,7.75],"texture":"#staff_magicka_bottom"},"up":{"uv":[10,7.75,10.125,7.875],"texture":"#staff_magicka_top"},"north":{"uv":[10.125,2,10,2.125],"texture":"#texture"},"east":{"uv":[7.875,2,7.75,2.125],"texture":"#texture"}}},{"__comment":"Magicka","from":[10,14,7.875],"to":[10.125,14.25,8.125],"faces":{"up":{"uv":[10,7.875,10.125,8.125],"texture":"#staff_magicka_top"},"north":{"uv":[10.125,1.75,10,2],"texture":"#texture"},"south":{"uv":[10,1.75,10.125,2],"texture":"#texture"},"east":{"uv":[8.125,1.75,7.875,2],"texture":"#texture"}}},{"__comment":"Magicka","from":[10,13.875,8.125],"to":[10.125,14,8.25],"faces":{"down":{"uv":[6,8.25,5.875,8.125],"texture":"#staff_magicka_bottom"},"up":{"uv":[10,8.125,10.125,8.25],"texture":"#staff_magicka_top"},"south":{"uv":[10,2,10.125,2.125],"texture":"#texture"},"east":{"uv":[8.25,2,8.125,2.125],"texture":"#texture"}}},{"__comment":"Magicka","from":[10.125,13.75,7.875],"to":[10.25,13.875,8.125],"faces":{"down":{"uv":[5.875,8.125,5.75,7.875],"texture":"#staff_magicka_bottom"},"north":{"uv":[10.25,2.125,10.125,2.25],"texture":"#texture"},"south":{"uv":[10.125,2.125,10.25,2.25],"texture":"#texture"},"east":{"uv":[8.125,2.125,7.875,2.25],"texture":"#texture"}}},{"from":[4.75,10.25,8],"to":[11,17.375,8.0625],"faces":{"north":{"uv":[0,0,16,16],"texture":"#animated1"},"south":{"uv":[16,0,0,16],"texture":"#animated1"}}}],"display":{"thirdperson_righthand":{"rotation":[0,-90,0],"translation":[0,0.19,1],"scale":[3,3,3]},"thirdperson_lefthand":{"rotation":[0,90,0],"translation":[0,0.19,1],"scale":[3,3,3]},"head":{"rotation":[0,180,37],"translation":[2.46,-13.8,4],"scale":[4,4,4]},"ground":{"rotation":[-70,0,0],"translation":[0,0,0],"scale":[2,2,2]},"fixed":{"rotation":[0,0,0],"translation":[0,0,-0.57],"scale":[1.2,1.2,1.2]},"firstperson_righthand":{"rotation":[0,-99,-14],"translation":[1,3.25,0.56],"scale":[1.5,1.5,1.5]},"firstperson_lefthand":{"rotation":[0,99,14],"translation":[1,3.25,0.56],"scale":[1.5,1.5,1.5]},"gui":{"rotation":[-6,-4,-45],"translation":[0,0,0],"scale":[1.2,1.2,1.2]}}}