{"parent":"item/generated","textures":{"layer0":"items/chainmail_leggings"},	"overrides":[		{"predicate":{"damaged":0,"damage":0},"model":"item/chainmail_leggings"},{"predicate":{"damaged":0,"damage":0.0088495575},"model":"item/tui/s8"},{"predicate":{"damaged":0,"damage":0.0132743362},"model":"item/tui/s9"},{"predicate":{"damaged":0,"damage":0.0176991150},"model":"item/tui/s10"},{"predicate":{"damaged":0,"damage":0.0221238938},"model":"item/tui/s11"},{"predicate":{"damaged":0,"damage":0.0265486725},"model":"item/tui/s12"},		{"predicate":{"damaged":1,"damage":0},"model":"item/chainmail_leggings"}	]}