{	"parent":"item/handheld","textures":{"layer0":"items/chainmail_chestplate"},	"overrides":[		{"predicate":{"damaged":0,"damage":0},"model":"item/chainmail_chestplate"},{"predicate":{"damaged":0,"damage":0.0082987551},"model":"item/xiong/s8"},{"predicate":{"damaged":0,"damage":0.0124481327},"model":"item/xiong/s9"},{"predicate":{"damaged":0,"damage":0.0165975103},"model":"item/xiong/s10"},{"predicate":{"damaged":0,"damage":0.0207468879},"model":"item/xiong/s11"},{"predicate":{"damaged":0,"damage":0.0248962655},"model":"item/xiong/s12"},		{"predicate":{"damaged":1,"damage":0},"model":"item/chainmail_chestplate"}	]}