{"parent":"item/generated","textures":{"layer0":"items/chainmail_boots"},	"overrides":[		{"predicate":{"damaged":0,"damage":0},"model":"item/chainmail_boots"},{"predicate":{"damaged":0,"damage":0.0102040816},"model":"item/xie/s8"},{"predicate":{"damaged":0,"damage":0.0153061224},"model":"item/xie/s9"},{"predicate":{"damaged":0,"damage":0.0204081632},"model":"item/xie/s10"},{"predicate":{"damaged":0,"damage":0.0255102040},"model":"item/xie/s11"},{"predicate":{"damaged":0,"damage":0.0306122448},"model":"item/xie/s12"},		{"predicate":{"damaged":1,"damage":0},"model":"item/chainmail_boots"}	]}