{	"parent":"item/handheld","textures":{"layer0":"items/diamond_axe"},	"overrides":[		
{"predicate":{"damaged":0,"damage":0},"model":"item/diamond_axe"},		
{"predicate":{"damaged":0,"damage":0.0006402049},"model":"item/tou/xy1"},		
{"predicate":{"damaged":0,"damage":0.0012804097},"model":"item/tou/xy1"},		
{"predicate":{"damaged":0,"damage":0.0019206146},"model":"item/tou/xy2"},		
{"predicate":{"damaged":0,"damage":0.0025608195},"model":"item/tou/xy3"},		
{"predicate":{"damaged":0,"damage":0.0032010243},"model":"item/tou/xy4"},		
{"predicate":{"damaged":0,"damage":0.0038412292},"model":"item/tou/jl1"},		
{"predicate":{"damaged":0,"damage":0.0044814341},"model":"item/tou/jl2"},		
{"predicate":{"damaged":0,"damage":0.0051216389},"model":"item/tou/jl3"},		
{"predicate":{"damaged":0,"damage":0.0057618438},"model":"item/tou/jl4"},		
{"predicate":{"damaged":0,"damage":0.0064020486},"model":"item/tou/ss1"},		
{"predicate":{"damaged":0,"damage":0.0070422535},"model":"item/tou/ss2"},		
{"predicate":{"damaged":0,"damage":0.0076824583},"model":"item/tou/ss3"},		
{"predicate":{"damaged":0,"damage":0.0083226632},"model":"item/tou/ss4"},		
{"predicate":{"damaged":0,"damage":0.0089628681},"model":"item/tou/cs1"},		
{"predicate":{"damaged":0,"damage":0.0096030729},"model":"item/tou/cs2"},		
{"predicate":{"damaged":0,"damage":0.0102432778},"model":"item/tou/cs3"},		
{"predicate":{"damaged":0,"damage":0.0108834827},"model":"item/tou/cs4"},		
{"predicate":{"damaged":0,"damage":0.0115236875},"model":"item/tou/cb1"},		
{"predicate":{"damaged":0,"damage":0.0121638924},"model":"item/tou/cb2"},		
{"predicate":{"damaged":0,"damage":0.0128040973},"model":"item/tou/cb3"},		
{"predicate":{"damaged":0,"damage":0.0134443021},"model":"item/tou/ch1"},		
{"predicate":{"damaged":0,"damage":0.0140845070},"model":"item/tou/ch2"},		
{"predicate":{"damaged":0,"damage":0.0147247119},"model":"item/tou/ch3"},		
{"predicate":{"damaged":0,"damage":0.0153649167},"model":"item/tou/ch4"},		
{"predicate":{"damaged":0,"damage":0.0160051216},"model":"item/tou/s20"},		
{"predicate":{"damaged":0,"damage":0.0166453265},"model":"item/tou/s21"},		
{"predicate":{"damaged":0,"damage":0.0172855313},"model":"item/tou/s22"},		
{"predicate":{"damaged":0,"damage":0.0179257362},"model":"item/tou/s23"},		
{"predicate":{"damaged":0,"damage":0.0185659411},"model":"item/tou/s24"},		
{"predicate":{"damaged":0,"damage":0.0192061459},"model":"item/tou/s25"},		
{"predicate":{"damaged":0,"damage":0.0198463508},"model":"item/tou/s26"},		
{"predicate":{"damaged":0,"damage":0.0204865556},"model":"item/tou/s27"},		
{"predicate":{"damaged":0,"damage":0.0211267605},"model":"item/tou/s28"},		
{"predicate":{"damaged":0,"damage":0.0217669654},"model":"item/tou/s29"},		
{"predicate":{"damaged":0,"damage":0.0224071702},"model":"item/tou/s30"},		
{"predicate":{"damaged":0,"damage":0.0230473751},"model":"item/tou/s31"},		
{"predicate":{"damaged":0,"damage":0.0236875800},"model":"item/tou/s32"},		
{"predicate":{"damaged":0,"damage":0.0243277848},"model":"item/tou/s33"},		
{"predicate":{"damaged":0,"damage":0.0249679897},"model":"item/tou/s34"},		
{"predicate":{"damaged":0,"damage":0.0256081946},"model":"item/tou/s35"},		
{"predicate":{"damaged":0,"damage":0.0262483994},"model":"item/tou/s36"},		
{"predicate":{"damaged":0,"damage":0.0268886043},"model":"item/tou/s37"},		
{"predicate":{"damaged":0,"damage":0.0275288092},"model":"item/tou/s38"},		
{"predicate":{"damaged":0,"damage":0.0281690140},"model":"item/tou/s39"},		
{"predicate":{"damaged":0,"damage":0.0288092189},"model":"item/tou/s40"},		
{"predicate":{"damaged":0,"damage":0.0294494238},"model":"item/tou/s41"},		
{"predicate":{"damaged":0,"damage":0.0300896286},"model":"item/tou/s42"},		
{"predicate":{"damaged":0,"damage":0.0307298335},"model":"item/tou/s43"},		
{"predicate":{"damaged":0,"damage":0.0313700384},"model":"item/tou/s44"},		
{"predicate":{"damaged":0,"damage":0.0320102432},"model":"item/tou/s45"},		
{"predicate":{"damaged":0,"damage":0.0326504481},"model":"item/tou/s46"},		
{"predicate":{"damaged":0,"damage":0.0332906530},"model":"item/tou/s47"},		
{"predicate":{"damaged":0,"damage":0.0339308578},"model":"item/tou/s48"},		
{"predicate":{"damaged":0,"damage":0.0345710627},"model":"item/tou/s49"},		
{"predicate":{"damaged":0,"damage":0.0352112676},"model":"item/tou/gx1"},		
{"predicate":{"damaged":0,"damage":0.0358514724},"model":"item/tou/gx3"},		
{"predicate":{"damaged":0,"damage":0.0364916773},"model":"item/tou/gx7"},		
{"predicate":{"damaged":0,"damage":0.0371318822},"model":"item/tou/gx9"},		
{"predicate":{"damaged":0,"damage":0.0377720870},"model":"item/tou/s50"},		
{"predicate":{"damaged":0,"damage":0.0384122919},"model":"item/tou/s51"},		
{"predicate":{"damaged":0,"damage":0.0390524967},"model":"item/tou/s52"},		
{"predicate":{"damaged":0,"damage":0.0396927016},"model":"item/tou/s53"},		
{"predicate":{"damaged":0,"damage":0.0403329065},"model":"item/tou/s54"},		
{"predicate":{"damaged":0,"damage":0.0409731113},"model":"item/tou/s55"},		
{"predicate":{"damaged":0,"damage":0.0416133162},"model":"item/tou/s56"},		
{"predicate":{"damaged":0,"damage":0.0422535211},"model":"item/tou/s57"},		
{"predicate":{"damaged":0,"damage":0.0428937259},"model":"item/tou/s58"},		
{"predicate":{"damaged":0,"damage":0.0435339308},"model":"item/tou/s59"},		
{"predicate":{"damaged":0,"damage":0.0441741357},"model":"item/tou/s60"},		
{"predicate":{"damaged":0,"damage":0.0448143405},"model":"item/tou/s61"},		
{"predicate":{"damaged":0,"damage":0.0454545454},"model":"item/tou/s62"},		
{"predicate":{"damaged":0,"damage":0.0460947503},"model":"item/tou/s63"},		
{"predicate":{"damaged":0,"damage":0.0467349551},"model":"item/tou/s64"},		
{"predicate":{"damaged":0,"damage":0.0473751600},"model":"item/tou/mfz"},		
{"predicate":{"damaged":1,"damage":0},"model":"item/diamond_axe"}	]}