{	"parent":"item/handheld","textures":{"layer0":"items/diamond_hoe"},	"overrides":[		{"predicate":{"damaged":0,"damage":0},"model":"item/diamond_hoe"},		{"predicate":{"damaged":0,"damage":0.0006402049},"model":"item/diamond_hoe/s1"},		{"predicate":{"damaged":0,"damage":0.0012804097},"model":"item/diamond_hoe/s2"},		{"predicate":{"damaged":0,"damage":0.0019206146},"model":"item/diamond_hoe/logo"},		{"predicate":{"damaged":0,"damage":0.0025608195},"model":"item/diamond_hoe/qd_0"},		{"predicate":{"damaged":0,"damage":0.0032010243},"model":"item/diamond_hoe/qd_1"},		{"predicate":{"damaged":0,"damage":0.0038412292},"model":"item/diamond_hoe/qd_2"},		{"predicate":{"damaged":0,"damage":0.0044814341},"model":"item/diamond_hoe/qd_2"},		{"predicate":{"damaged":0,"damage":0.0051216389},"model":"item/diamond_hoe/ts"},		{"predicate":{"damaged":0,"damage":0.0057618438},"model":"item/diamond_hoe/s4"},		{"predicate":{"damaged":0,"damage":0.0064020486},"model":"item/diamond_hoe/s5"},		{"predicate":{"damaged":0,"damage":0.0070422535},"model":"item/diamond_hoe/s6"},		{"predicate":{"damaged":0,"damage":0.0076824583},"model":"item/diamond_hoe/s7"},		{"predicate":{"damaged":0,"damage":0.0083226632},"model":"item/diamond_hoe/s8"},		{"predicate":{"damaged":0,"damage":0.0089628681},"model":"item/diamond_hoe/s9"},		{"predicate":{"damaged":0,"damage":0.0096030729},"model":"item/diamond_hoe/s10"},		{"predicate":{"damaged":0,"damage":0.0102432778},"model":"item/diamond_hoe/s11"},		{"predicate":{"damaged":0,"damage":0.0108834827},"model":"item/diamond_hoe/s12"},		{"predicate":{"damaged":0,"damage":0.0115236875},"model":"item/diamond_hoe/s13"},		{"predicate":{"damaged":0,"damage":0.0121638924},"model":"item/diamond_hoe/s14"},		{"predicate":{"damaged":0,"damage":0.0128040973},"model":"item/diamond_hoe/s15"},		{"predicate":{"damaged":0,"damage":0.0134443021},"model":"item/diamond_hoe/s16"},		{"predicate":{"damaged":0,"damage":0.0140845070},"model":"item/diamond_hoe/s17"},		{"predicate":{"damaged":0,"damage":0.0147247119},"model":"item/diamond_hoe/s18"},		{"predicate":{"damaged":0,"damage":0.0153649167},"model":"item/diamond_hoe/s19"},		{"predicate":{"damaged":0,"damage":0.0160051216},"model":"item/diamond_hoe/s20"},		{"predicate":{"damaged":0,"damage":0.0166453265},"model":"item/diamond_hoe/s21"},		{"predicate":{"damaged":0,"damage":0.0172855313},"model":"item/diamond_hoe/s22"},		{"predicate":{"damaged":0,"damage":0.0179257362},"model":"item/diamond_hoe/s23"},		{"predicate":{"damaged":0,"damage":0.0185659411},"model":"item/diamond_hoe/s24"},		{"predicate":{"damaged":0,"damage":0.0192061459},"model":"item/diamond_hoe/s25"},		{"predicate":{"damaged":0,"damage":0.0198463508},"model":"item/diamond_hoe/s26"},		{"predicate":{"damaged":0,"damage":0.0204865556},"model":"item/diamond_hoe/s27"},		{"predicate":{"damaged":0,"damage":0.0211267605},"model":"item/diamond_hoe/s28"},		{"predicate":{"damaged":0,"damage":0.0217669654},"model":"item/diamond_hoe/s29"},		{"predicate":{"damaged":0,"damage":0.0224071702},"model":"item/diamond_hoe/s30"},		{"predicate":{"damaged":0,"damage":0.0230473751},"model":"item/diamond_hoe/s31"},		{"predicate":{"damaged":0,"damage":0.0236875800},"model":"item/diamond_hoe/s32"},		{"predicate":{"damaged":0,"damage":0.0243277848},"model":"item/diamond_hoe/s33"},		{"predicate":{"damaged":0,"damage":0.0249679897},"model":"item/diamond_hoe/s34"},		{"predicate":{"damaged":0,"damage":0.0256081946},"model":"item/diamond_hoe/s35"},		{"predicate":{"damaged":0,"damage":0.0262483994},"model":"item/diamond_hoe/s36"},		{"predicate":{"damaged":0,"damage":0.0268886043},"model":"item/diamond_hoe/s37"},		{"predicate":{"damaged":0,"damage":0.0275288092},"model":"item/diamond_hoe/s38"},		{"predicate":{"damaged":0,"damage":0.0281690140},"model":"item/diamond_hoe/s39"},		{"predicate":{"damaged":0,"damage":0.0288092189},"model":"item/diamond_hoe/s40"},		{"predicate":{"damaged":0,"damage":0.0294494238},"model":"item/diamond_hoe/s41"},		{"predicate":{"damaged":0,"damage":0.0300896286},"model":"item/diamond_hoe/s42"},		{"predicate":{"damaged":0,"damage":0.0307298335},"model":"item/diamond_hoe/s43"},		{"predicate":{"damaged":0,"damage":0.0313700384},"model":"item/diamond_hoe/s44"},		{"predicate":{"damaged":0,"damage":0.0320102432},"model":"item/diamond_hoe/s45"},		{"predicate":{"damaged":0,"damage":0.0326504481},"model":"item/diamond_hoe/s46"},		{"predicate":{"damaged":0,"damage":0.0332906530},"model":"item/diamond_hoe/s47"},		{"predicate":{"damaged":0,"damage":0.0339308578},"model":"item/diamond_hoe/s48"},		{"predicate":{"damaged":0,"damage":0.0345710627},"model":"item/diamond_hoe/s49"},		{"predicate":{"damaged":0,"damage":0.0352112676},"model":"item/diamond_hoe/gx1"},		{"predicate":{"damaged":0,"damage":0.0358514724},"model":"item/diamond_hoe/gx3"},		{"predicate":{"damaged":0,"damage":0.0364916773},"model":"item/diamond_hoe/gx7"},		{"predicate":{"damaged":0,"damage":0.0371318822},"model":"item/diamond_hoe/gx9"},		{"predicate":{"damaged":0,"damage":0.0377720870},"model":"item/diamond_hoe/s50"},		{"predicate":{"damaged":0,"damage":0.0384122919},"model":"item/diamond_hoe/s51"},		{"predicate":{"damaged":0,"damage":0.0390524967},"model":"item/diamond_hoe/s52"},		{"predicate":{"damaged":0,"damage":0.0396927016},"model":"item/diamond_hoe/s53"},		{"predicate":{"damaged":0,"damage":0.0403329065},"model":"item/diamond_hoe/s54"},		{"predicate":{"damaged":0,"damage":0.0409731113},"model":"item/diamond_hoe/s55"},		{"predicate":{"damaged":0,"damage":0.0416133162},"model":"item/diamond_hoe/s56"},		{"predicate":{"damaged":0,"damage":0.0422535211},"model":"item/diamond_hoe/s57"},		{"predicate":{"damaged":0,"damage":0.0428937259},"model":"item/diamond_hoe/s58"},		{"predicate":{"damaged":0,"damage":0.0435339308},"model":"item/diamond_hoe/s59"},		{"predicate":{"damaged":0,"damage":0.0441741357},"model":"item/diamond_hoe/s60"},		{"predicate":{"damaged":0,"damage":0.0448143405},"model":"item/diamond_hoe/s61"},		{"predicate":{"damaged":0,"damage":0.0454545454},"model":"item/diamond_hoe/s62"},		{"predicate":{"damaged":0,"damage":0.0460947503},"model":"item/diamond_hoe/s63"},		{"predicate":{"damaged":0,"damage":0.0467349551},"model":"item/diamond_hoe/s64"},		{"predicate":{"damaged":0,"damage":0.0473751600},"model":"item/diamond_hoe/mfz"},		{"predicate":{"damaged":1,"damage":0},"model":"item/diamond_hoe"}	]}