{	"parent":"item/handheld","textures":{"layer0":"items/diamond_sword"},	"overrides":[		{"predicate":{"damaged":0,"damage":0},"model":"item/diamond_sword"},		{"predicate":{"damaged":0,"damage":0.0006402049},"model":"item/diamond_sword/qlyyd"},		{"predicate":{"damaged":0,"damage":0.0012804097},"model":"item/diamond_sword/s2"},		{"predicate":{"damaged":0,"damage":0.0019206146},"model":"item/diamond_sword/s3"},		{"predicate":{"damaged":0,"damage":0.0025608195},"model":"item/diamond_sword/s4"},		{"predicate":{"damaged":0,"damage":0.0032010243},"model":"item/diamond_sword/s5"},		{"predicate":{"damaged":0,"damage":0.0038412292},"model":"item/diamond_sword/s6"},		{"predicate":{"damaged":0,"damage":0.0044814341},"model":"item/diamond_sword/s7"},		{"predicate":{"damaged":0,"damage":0.0051216389},"model":"item/diamond_sword/s8"},		{"predicate":{"damaged":0,"damage":0.0057618438},"model":"item/diamond_sword/s9"},		{"predicate":{"damaged":0,"damage":0.0064020487},"model":"item/diamond_sword/s10"},		{"predicate":{"damaged":0,"damage":0.0070422535},"model":"item/diamond_sword/s11"},		{"predicate":{"damaged":0,"damage":0.0076824584},"model":"item/diamond_sword/s12"},		{"predicate":{"damaged":0,"damage":0.0083226632},"model":"item/diamond_sword/s13"},		{"predicate":{"damaged":0,"damage":0.0089628681},"model":"item/diamond_sword/s14"},		{"predicate":{"damaged":1,"damage":0},"model":"item/diamond_sword"}	]}