{	"parent":"item/handheld","textures":{"layer0":"items/flint_and_steel"},	"overrides":[
{"predicate":{"damaged":0,"damage":0},"model":"item/flint_and_steel"},
{"predicate":{"damaged":0,"damage":0.0307692307},"model":"item/jn/jn1"},
{"predicate":{"damaged":0,"damage":0.0461538461},"model":"item/jn/jn2"},
{"predicate":{"damaged":0,"damage":0.0615384615},"model":"item/jn/jn3"},
{"predicate":{"damaged":0,"damage":0.0769230769},"model":"item/jn/cd1"},
{"predicate":{"damaged":0,"damage":0.0923076923},"model":"item/jn/cd2"},
{"predicate":{"damaged":0,"damage":0.1076923076},"model":"item/jn/cd3"},
{"predicate":{"damaged":0,"damage":0.1230769230},"model":"item/jn/8"},

{"predicate":{"damaged":0,"damage":0.1384615384},"model":"item/jn/9"},
{"predicate":{"damaged":0,"damage":0.1538461538},"model":"item/jn/10"},
{"predicate":{"damaged":0,"damage":0.1692307692},"model":"item/tb/null"},
{"predicate":{"damaged":0,"damage":0.1846153846},"model":"item/tb/0"},{"predicate":{"damaged":0,"damage":0.2},"model":"item/tb/1"},{"predicate":{"damaged":0,"damage":0.21538461538},"model":"item/tb/2"},

{"predicate":{"damaged":0,"damage":0.2307692307},"model":"item/tb/3"},{"predicate":{"damaged":0,"damage":0.2461538461},"model":"item/tb/4"},{"predicate":{"damaged":0,"damage":0.2615384615},"model":"item/tb/5"},

{"predicate":{"damaged":0,"damage":0.2769230769},"model":"item/tb/6"},{"predicate":{"damaged":0,"damage":0.2923076923},"model":"item/tb/7"},{"predicate":{"damaged":0,"damage":0.3076923076},"model":"item/tb/8"},{"predicate":{"damaged":0,"damage":0.3230769230},"model":"item/tb/9"},	{"predicate":{"damaged":0,"damage":0.3384615384},"model":"item/tb/10"},	{"predicate":{"damaged":0,"damage":0.3538461538},"model":"item/tb/23"},
{"predicate":{"damaged":0,"damage":0.3692307692},"model":"item/tb/24"},
	{"predicate":{"damaged":0,"damage":0.3846153846},"model":"item/tb/25"},
	{"predicate":{"damaged":0,"damage":0.4},"model":"item/tb/26"},
	{"predicate":{"damaged":0,"damage":0.4153846153},"model":"item/tb/27"},
	{"predicate":{"damaged":0,"damage":0.4307692307},"model":"item/tb/28"},	{"predicate":{"damaged":0,"damage":0.4461538461},"model":"item/tb/jz"},	{"predicate":{"damaged":0,"damage":0.4615384615},"model":"item/tb/xl"},	{"predicate":{"damaged":0,"damage":0.4769230769},"model":"item/tb/hf"},	{"predicate":{"damaged":0,"damage":0.4923076923},"model":"item/tb/next"},	{"predicate":{"damaged":0,"damage":0.5076923076},"model":"item/tb/pre"},{"predicate":{"damaged":0,"damage":0.5230769230},"model":"item/tb/up"},	{"predicate":{"damaged":0,"damage":0.5384615384},"model":"item/tb/down"},
	{"predicate":{"damaged":0,"damage":0.5538461538},"model":"item/tb/xx"},{"predicate":{"damaged":0,"damage":0.5692307692},"model":"item/tb/hb"},	{"predicate":{"damaged":0,"damage":0.5846153846},"model":"item/tb/myxx"},{"predicate":{"damaged":0,"damage":0.6},"model":"item/tb/cz"},	{"predicate":{"damaged":0,"damage":0.6153846153},"model":"item/tb/gs"},	{"predicate":{"damaged":0,"damage":0.6307692307},"model":"item/tb/s16"},
{"predicate":{"damaged":0,"damage":0.6461538461},"model":"item/tb/sx"},
{"predicate":{"damaged":0,"damage":0.6615384615},"model":"item/tb/jn"},
	{"predicate":{"damaged":0,"damage":0.6769230769},"model":"item/jn/a"},

{"predicate":{"damaged":0,"damage":0.6923076923},"model":"item/jn/b"},
{"predicate":{"damaged":0,"damage":0.7076923076},"model":"item/jn/c"},
{"predicate":{"damaged":0,"damage":0.7230769230},"model":"item/tb/rw"},
{"predicate":{"damaged":0,"damage":0.7384615384},"model":"item/tb/bb"},
{"predicate":{"damaged":0,"damage":0.7538461538},"model":"item/tb/jy"},
{"predicate":{"damaged":0,"damage":0.7692307692},"model":"item/tb/sx1"},
	{"predicate":{"damaged":0,"damage":0.7846153846},"model":"item/tb/sc"},
	{"predicate":{"damaged":0,"damage":0.8},"model":"item/tb/rw1"},
{"predicate":{"damaged":0,"damage":0.8153846153},"model":"item/tb/pvp"},
{"predicate":{"damaged":0,"damage":0.8307692307},"model":"item/tb/cs"},
{"predicate":{"damaged":0,"damage":0.8461538461},"model":"item/tb/cs1"},
{"predicate":{"damaged":0,"damage":0.8615384615},"model":"item/tb/hc"},

{"predicate":{"damaged":0,"damage":0.8769230769},"model":"item/tb/zsfb"},
{"predicate":{"damaged":0,"damage":0.8923076923},"model":"item/tb/zsjjc"},
{"predicate":{"damaged":0,"damage":0.9076923076},"model":"item/tb/zsmw"},
{"predicate":{"damaged":0,"damage":0.9230769230},"model":"item/tb/zsjm"},
{"predicate":{"damaged":0,"damage":0.9384615384},"model":"item/tb/zsyw"},
{"predicate":{"damaged":0,"damage":0.9538461538},"model":"item/tb/zszs"},
{"predicate":{"damaged":0,"damage":0.9692307692},"model":"item/tb/zsyh"},
{"predicate":{"damaged":0,"damage":0.9846153846},"model":"item/tb/zszmt"},
{"predicate":{"damaged":0,"damage":1.0153846153},"model":"item/tb/zsmy"},


{"predicate":{"damaged":1,"damage":0},"model":"item/flint_and_steel"}	]}