{"parent":"item/generated","textures":{"layer0":"items/gold_leggings"},	"overrides":[		{"predicate":{"damaged":0,"damage":0},"model":"item/golden_leggings"},{"predicate":{"damaged":0,"damage":0.0188679245},"model":"item/tui/s1"},{"predicate":{"damaged":0,"damage":0.0283018867},"model":"item/tui/s2"},{"predicate":{"damaged":0,"damage":0.0377358490},"model":"item/tui/s3"},{"predicate":{"damaged":0,"damage":0.0471698113},"model":"item/tui/s4"},{"predicate":{"damaged":0,"damage":0.0566037735},"model":"item/tui/s5"},		{"predicate":{"damaged":0,"damage":0.0660377358},"model":"item/tui/s6"},		{"predicate":{"damaged":0,"damage":0.0754716981},"model":"item/tui/s7"},		{"predicate":{"damaged":1,"damage":0},"model":"item/golden_leggings"}	]}