{"parent":"item/generated","textures":{"layer0":"items/gold_boots"},	"overrides":[		{"predicate":{"damaged":0,"damage":0},"model":"item/golden_boots"},		{"predicate":{"damaged":0,"damage":0.0217391304},"model":"item/xie/s1"},		{"predicate":{"damaged":0,"damage":0.0326086956},"model":"item/xie/s2"},		{"predicate":{"damaged":0,"damage":0.0434782608},"model":"item/xie/s3"},		{"predicate":{"damaged":0,"damage":0.0543478260},"model":"item/xie/s4"},		{"predicate":{"damaged":0,"damage":0.0652173913},"model":"item/xie/s5"},		{"predicate":{"damaged":0,"damage":0.0760869565},"model":"item/xie/s6"},		{"predicate":{"damaged":0,"damage":0.0869565217},"model":"item/xie/s7"},		{"predicate":{"damaged":1,"damage":0},"model":"item/golden_boots"}	]}