{"parent":"item/generated","textures":{"layer0":"items/gold_chestplate"},	"overrides":[		{"predicate":{"damaged":0,"damage":0},"model":"item/golden_chestplate"},		{"predicate":{"damaged":0,"damage":0.0176991150},"model":"item/xiong/s1"},		{"predicate":{"damaged":0,"damage":0.0265486725},"model":"item/xiong/s2"},		{"predicate":{"damaged":0,"damage":0.0353982300},"model":"item/xiong/s3"},		{"predicate":{"damaged":0,"damage":0.0442477876},"model":"item/xiong/s4"},		{"predicate":{"damaged":0,"damage":0.0530973451},"model":"item/xiong/s5"},		{"predicate":{"damaged":0,"damage":0.0619469026},"model":"item/xiong/s6"},		{"predicate":{"damaged":0,"damage":0.0707964601},"model":"item/xiong/s7"},		{"predicate":{"damaged":1,"damage":0},"model":"item/golden_chestplate"}	]}