{	"parent":"item/handheld","textures":{"layer0":"items/iron_hoe"},	"overrides":[
{"predicate":{"damaged":0,"damage":0},"model":"item/iron_hoe"},
{"predicate":{"damaged":0,"damage":0.0039840637},"model":"item/iron_hoe/s1"},
{"predicate":{"damaged":0,"damage":0.0079681274},"model":"item/iron_hoe/s2"},
{"predicate":{"damaged":0,"damage":0.0119521912},"model":"item/iron_hoe/s3"},
{"predicate":{"damaged":0,"damage":0.0159362549},"model":"item/iron_hoe/s4"},
{"predicate":{"damaged":0,"damage":0.0199203187},"model":"item/iron_hoe/s5"},
{"predicate":{"damaged":0,"damage":0.0239043824},"model":"item/iron_hoe/s6"},
{"predicate":{"damaged":0,"damage":0.0278884462},"model":"item/iron_hoe/s7"},
{"predicate":{"damaged":0,"damage":0.0318725099},"model":"item/iron_hoe/s8"},
{"predicate":{"damaged":0,"damage":0.0358565737},"model":"item/iron_hoe/s9"},
{"predicate":{"damaged":0,"damage":0.0398406374},"model":"item/iron_hoe/s10"},
{"predicate":{"damaged":0,"damage":0.0438247011},"model":"item/iron_hoe/s11"},
{"predicate":{"damaged":0,"damage":0.0478087649},"model":"item/iron_hoe/s12"},
{"predicate":{"damaged":0,"damage":0.0517928286},"model":"item/iron_hoe/s13"},
{"predicate":{"damaged":0,"damage":0.0557768924},"model":"item/iron_hoe/s14"},
{"predicate":{"damaged":0,"damage":0.0597609561},"model":"item/iron_hoe/s15"},
{"predicate":{"damaged":0,"damage":0.0637450199},"model":"item/iron_hoe/s16"},
{"predicate":{"damaged":0,"damage":0.0677290836},"model":"item/iron_hoe/s17"},
{"predicate":{"damaged":0,"damage":0.0717131474},"model":"item/iron_hoe/s18"},
{"predicate":{"damaged":0,"damage":0.0756972111},"model":"item/iron_hoe/s19"},
{"predicate":{"damaged":0,"damage":0.0796812749},"model":"item/iron_hoe/s20"},
{"predicate":{"damaged":0,"damage":0.0836653386},"model":"item/iron_hoe/s21"},
{"predicate":{"damaged":0,"damage":0.0876494023},"model":"item/iron_hoe/s22"},
{"predicate":{"damaged":0,"damage":0.0916334661},"model":"item/iron_hoe/s23"},
{"predicate":{"damaged":0,"damage":0.0956175298},"model":"item/iron_hoe/s24"},
{"predicate":{"damaged":0,"damage":0.0996015936},"model":"item/iron_hoe/s25"},
{"predicate":{"damaged":0,"damage":0.1035856573},"model":"item/iron_hoe/s26"},
{"predicate":{"damaged":0,"damage":0.1075697211},"model":"item/iron_hoe/s27"},
{"predicate":{"damaged":0,"damage":0.1115537848},"model":"item/iron_hoe/s28"},
{"predicate":{"damaged":0,"damage":0.1155378486},"model":"item/iron_hoe/s29"},
{"predicate":{"damaged":0,"damage":0.1195219123},"model":"item/iron_hoe/s30"},
{"predicate":{"damaged":0,"damage":0.1235059760},"model":"item/iron_hoe/s31"},
{"predicate":{"damaged":0,"damage":0.1274900398},"model":"item/iron_hoe/s32"},
{"predicate":{"damaged":0,"damage":0.1314741035},"model":"item/iron_hoe/s33"},
{"predicate":{"damaged":0,"damage":0.1354581673},"model":"item/iron_hoe/s34"},
{"predicate":{"damaged":0,"damage":0.1394422310},"model":"item/iron_hoe/s35"},
{"predicate":{"damaged":0,"damage":0.1434262948},"model":"item/iron_hoe/s36"},
{"predicate":{"damaged":0,"damage":0.1474103585},"model":"item/iron_hoe/s37"},
{"predicate":{"damaged":0,"damage":0.1513944223},"model":"item/iron_hoe/s38"},
{"predicate":{"damaged":0,"damage":0.1553784860},"model":"item/iron_hoe/s39"},
{"predicate":{"damaged":0,"damage":0.1593625498},"model":"item/iron_hoe/s40"},
{"predicate":{"damaged":0,"damage":0.1633466135},"model":"item/iron_hoe/s41"},
{"predicate":{"damaged":0,"damage":0.1673306772},"model":"item/iron_hoe/s42"},
{"predicate":{"damaged":0,"damage":0.1713147410},"model":"item/iron_hoe/s43"},
{"predicate":{"damaged":0,"damage":0.1752988047},"model":"item/iron_hoe/s44"},
{"predicate":{"damaged":0,"damage":0.1792828685},"model":"item/iron_hoe/s45"},
{"predicate":{"damaged":0,"damage":0.1832669322},"model":"item/iron_hoe/s46"},
{"predicate":{"damaged":0,"damage":0.1872509960},"model":"item/iron_hoe/s47"},
{"predicate":{"damaged":0,"damage":0.1912350597},"model":"item/iron_hoe/s48"},
{"predicate":{"damaged":0,"damage":0.1952191235},"model":"item/iron_hoe/s49"},
{"predicate":{"damaged":0,"damage":0.1992031872},"model":"item/iron_hoe/s50"},
{"predicate":{"damaged":0,"damage":0.2031872509},"model":"item/iron_hoe/s51"},
{"predicate":{"damaged":0,"damage":0.2071713147},"model":"item/iron_hoe/s52"},
{"predicate":{"damaged":0,"damage":0.2111553784},"model":"item/iron_hoe/s53"},
{"predicate":{"damaged":0,"damage":0.2151394422},"model":"item/iron_hoe/s54"},
{"predicate":{"damaged":0,"damage":0.2191235059},"model":"item/iron_hoe/s55"},
{"predicate":{"damaged":0,"damage":0.2231075697},"model":"item/iron_hoe/s56"},
{"predicate":{"damaged":0,"damage":0.2270916334},"model":"item/iron_hoe/s57"},
{"predicate":{"damaged":0,"damage":0.2310756972},"model":"item/iron_hoe/s58"},
{"predicate":{"damaged":0,"damage":0.2350597609},"model":"item/iron_hoe/s59"},
{"predicate":{"damaged":0,"damage":0.2390438247},"model":"item/iron_hoe/s60"},
{"predicate":{"damaged":0,"damage":0.2430278884},"model":"item/iron_hoe/s61"},
{"predicate":{"damaged":0,"damage":0.2470119521},"model":"item/iron_hoe/s62"},
{"predicate":{"damaged":0,"damage":0.2509960159},"model":"item/iron_hoe/s63"},
{"predicate":{"damaged":0,"damage":0.2549800796},"model":"item/iron_hoe/s64"},
{"predicate":{"damaged":0,"damage":0.2589641434},"model":"item/iron_hoe/s65"},
{"predicate":{"damaged":0,"damage":0.2629482071},"model":"item/iron_hoe/s66"},
{"predicate":{"damaged":0,"damage":0.2669322709},"model":"item/iron_hoe/s67"},
{"predicate":{"damaged":0,"damage":0.2709163346},"model":"item/iron_hoe/s68"},
{"predicate":{"damaged":0,"damage":0.2749003984},"model":"item/iron_hoe/s69"},
{"predicate":{"damaged":0,"damage":0.2788844621},"model":"item/iron_hoe/s70"},
{"predicate":{"damaged":0,"damage":0.2828685258},"model":"item/iron_hoe/s71"},
{"predicate":{"damaged":0,"damage":0.2868525896},"model":"item/iron_hoe/s72"},
{"predicate":{"damaged":0,"damage":0.2908366533},"model":"item/iron_hoe/s73"},
{"predicate":{"damaged":0,"damage":0.2948207171},"model":"item/iron_hoe/s74"},
{"predicate":{"damaged":0,"damage":0.2988047808},"model":"item/iron_hoe/s75"},
{"predicate":{"damaged":0,"damage":0.3027888446},"model":"item/iron_hoe/s76"},
{"predicate":{"damaged":0,"damage":0.3067729083},"model":"item/iron_hoe/s77"},
{"predicate":{"damaged":0,"damage":0.3107569721},"model":"item/iron_hoe/s78"},
{"predicate":{"damaged":0,"damage":0.3147410358},"model":"item/iron_hoe/s79"},
{"predicate":{"damaged":0,"damage":0.3187250996},"model":"item/iron_hoe/s80"},
{"predicate":{"damaged":0,"damage":0.3227091633},"model":"item/iron_hoe/s81"},
{"predicate":{"damaged":0,"damage":0.3266932270},"model":"item/iron_hoe/s82"},
{"predicate":{"damaged":0,"damage":0.3306772908},"model":"item/iron_hoe/s83"},
{"predicate":{"damaged":0,"damage":0.3346613545},"model":"item/iron_hoe/s84"},
{"predicate":{"damaged":0,"damage":0.3386454183},"model":"item/iron_hoe/s85"},
{"predicate":{"damaged":0,"damage":0.3426294820},"model":"item/iron_hoe/s86"},
{"predicate":{"damaged":0,"damage":0.3466135458},"model":"item/iron_hoe/s87"},
{"predicate":{"damaged":0,"damage":0.3505976095},"model":"item/nubx/red_gps_arrow"},
{"predicate":{"damaged":0,"damage":0.3545816733},"model":"item/nubx/white_gps_arrow"},
{"predicate":{"damaged":0,"damage":0.3585657370},"model":"item/nubx/green_gps_arrow"},
{"predicate":{"damaged":1,"damage":0},"model":"item/iron_hoe"}	]}