{	"parent":"item/handheld","textures":{"layer0":"items/iron_sword"},	"overrides":[		{"predicate":{"damaged":0,"damage":0},"model":"item/iron_sword"},		{"predicate":{"damaged":0,"damage":0.0039840637},"model":"item/ss/ss1"},		{"predicate":{"damaged":0,"damage":0.0079681274},"model":"item/ss/ss1"},		{"predicate":{"damaged":0,"damage":0.0119521912},"model":"item/ss/ss2"},		{"predicate":{"damaged":0,"damage":0.0159362549},"model":"item/ss/ss3"},		{"predicate":{"damaged":0,"damage":0.0199203187},"model":"item/ss/ss4"},		{"predicate":{"damaged":0,"damage":0.0239043824},"model":"item/ss/ss5"},		{"predicate":{"damaged":0,"damage":0.0278884462},"model":"item/ss/ss6"},		{"predicate":{"damaged":0,"damage":0.0318725099},"model":"item/ss/ss7"},		{"predicate":{"damaged":0,"damage":0.0358565737},"model":"item/ss/ss8"},		{"predicate":{"damaged":0,"damage":0.0398406374},"model":"item/ss/ss9"},		{"predicate":{"damaged":0,"damage":0.0438247011},"model":"item/ss/ss10"},		{"predicate":{"damaged":0,"damage":0.0478087649},"model":"item/ss/ss11"},		{"predicate":{"damaged":0,"damage":0.0517928286},"model":"item/ss/ss12"},		{"predicate":{"damaged":0,"damage":0.0557768924},"model":"item/ss/ss13"},		{"predicate":{"damaged":0,"damage":0.0597609561},"model":"item/ss/ss14"},		{"predicate":{"damaged":0,"damage":0.0637450199},"model":"item/ss/ss15"},		{"predicate":{"damaged":0,"damage":0.0677290836},"model":"item/ss/ss16"},		{"predicate":{"damaged":0,"damage":0.0717131474},"model":"item/ss/ss17"},		{"predicate":{"damaged":0,"damage":0.0756972111},"model":"item/ss/ss18"},		{"predicate":{"damaged":0,"damage":0.0796812749},"model":"item/ss/ss19"},		{"predicate":{"damaged":0,"damage":0.0836653386},"model":"item/ss/ss20"},		{"predicate":{"damaged":0,"damage":0.0876494023},"model":"item/ss/ss21"},		{"predicate":{"damaged":0,"damage":0.0916334661},"model":"item/ss/ss22"},		{"predicate":{"damaged":0,"damage":0.0956175298},"model":"item/ss/ss23"},		{"predicate":{"damaged":0,"damage":0.0996015936},"model":"item/ss/ss24"},		{"predicate":{"damaged":0,"damage":0.1035856573},"model":"item/ss/ss25"},		{"predicate":{"damaged":0,"damage":0.1075697211},"model":"item/ss/ss26"},		{"predicate":{"damaged":0,"damage":0.1115537848},"model":"item/ss/ss27"},		{"predicate":{"damaged":0,"damage":0.1155378486},"model":"item/ss/ss28"},		{"predicate":{"damaged":0,"damage":0.1195219123},"model":"item/ss/ss29"},		{"predicate":{"damaged":0,"damage":0.1235059760},"model":"item/ss/ss30"},		{"predicate":{"damaged":0,"damage":0.1274900398},"model":"item/ss/ss32"},		{"predicate":{"damaged":0,"damage":0.1314741035},"model":"item/ss/ss33"},		{"predicate":{"damaged":0,"damage":0.1354581673},"model":"item/ss/ss34"},		{"predicate":{"damaged":0,"damage":0.1394422310},"model":"item/ss/ss35"},		{"predicate":{"damaged":0,"damage":0.1434262948},"model":"item/ss/ss36"},		{"predicate":{"damaged":0,"damage":0.1474103585},"model":"item/ss/ss37"},		{"predicate":{"damaged":0,"damage":0.1513944223},"model":"item/ss/ss38"},		{"predicate":{"damaged":0,"damage":0.1553784860},"model":"item/ss/ss39"},		{"predicate":{"damaged":0,"damage":0.1593625498},"model":"item/ss/ss40"},		{"predicate":{"damaged":0,"damage":0.1633466135},"model":"item/ss/ss41"},		{"predicate":{"damaged":0,"damage":0.1673306772},"model":"item/ss/ss42"},		{"predicate":{"damaged":0,"damage":0.1713147410},"model":"item/ss/ss43"},		{"predicate":{"damaged":0,"damage":0.1752988047},"model":"item/ss/ss44"},		{"predicate":{"damaged":0,"damage":0.1792828685},"model":"item/ss/ss45"},		{"predicate":{"damaged":0,"damage":0.1832669322},"model":"item/ss/ss46"},		{"predicate":{"damaged":0,"damage":0.1872509960},"model":"item/ss/ss47"},		{"predicate":{"damaged":0,"damage":0.1912350597},"model":"item/ss/ss48"},		{"predicate":{"damaged":0,"damage":0.1952191235},"model":"item/ss/ss49"},		{"predicate":{"damaged":0,"damage":0.1992031872},"model":"item/ss/ss50"},		{"predicate":{"damaged":0,"damage":0.2031872509},"model":"item/ss/ss51"},		{"predicate":{"damaged":0,"damage":0.2071713147},"model":"item/ss/ss52"},		{"predicate":{"damaged":0,"damage":0.2111553784},"model":"item/ss/ss53"},		{"predicate":{"damaged":0,"damage":0.2151394422},"model":"item/ss/ss54"},		{"predicate":{"damaged":0,"damage":0.2191235059},"model":"item/ss/ss55"},		{"predicate":{"damaged":0,"damage":0.2231075697},"model":"item/ss/ss56"},		{"predicate":{"damaged":0,"damage":0.2270916334},"model":"item/ss/ss57"},		{"predicate":{"damaged":0,"damage":0.2310756972},"model":"item/ss/ss58"},		{"predicate":{"damaged":0,"damage":0.2350597609},"model":"item/ss/ss59"},		{"predicate":{"damaged":0,"damage":0.2390438247},"model":"item/ss/ss60"},		{"predicate":{"damaged":0,"damage":0.2430278884},"model":"item/ss/ss61"},		{"predicate":{"damaged":0,"damage":0.2470119521},"model":"item/ss/ss62"},		{"predicate":{"damaged":0,"damage":0.2509960159},"model":"item/ss/ss63"},		{"predicate":{"damaged":0,"damage":0.2549800796},"model":"item/ss/ss64"},		{"predicate":{"damaged":0,"damage":0.2589641434},"model":"item/ss/ss65"},		{"predicate":{"damaged":0,"damage":0.2629482071},"model":"item/ss/ss66"},		{"predicate":{"damaged":0,"damage":0.2669322709},"model":"item/ss/ss67"},		{"predicate":{"damaged":0,"damage":0.2709163346},"model":"item/ss/ss68"},		{"predicate":{"damaged":0,"damage":0.2749003984},"model":"item/ss/ss69"},		{"predicate":{"damaged":0,"damage":0.2788844621},"model":"item/ss/ss70"},		{"predicate":{"damaged":0,"damage":0.2828685258},"model":"item/ss/ss71"},		{"predicate":{"damaged":0,"damage":0.2868525896},"model":"item/ss/ss72"},		{"predicate":{"damaged":0,"damage":0.2908366533},"model":"item/ss/ss73"},		{"predicate":{"damaged":0,"damage":0.2948207171},"model":"item/ss/ss74"},		{"predicate":{"damaged":0,"damage":0.2988047808},"model":"item/ss/ss75"},		{"predicate":{"damaged":0,"damage":0.3027888446},"model":"item/ss/ss76"},		{"predicate":{"damaged":0,"damage":0.3067729083},"model":"item/ss/ss77"},		{"predicate":{"damaged":0,"damage":0.3107569721},"model":"item/ss/ss78"},		{"predicate":{"damaged":0,"damage":0.3147410358},"model":"item/ss/ss79"},		{"predicate":{"damaged":0,"damage":0.3187250996},"model":"item/ss/ss80"},		{"predicate":{"damaged":0,"damage":0.3227091633},"model":"item/ss/ss81"},		{"predicate":{"damaged":0,"damage":0.3266932270},"model":"item/ss/ss82"},		{"predicate":{"damaged":0,"damage":0.3306772908},"model":"item/ss/ss83"},		{"predicate":{"damaged":0,"damage":0.3346613545},"model":"item/ss/ss84"},		{"predicate":{"damaged":0,"damage":0.3386454183},"model":"item/ss/ss85"},		{"predicate":{"damaged":0,"damage":0.3426294820},"model":"item/ss/ss86"},		{"predicate":{"damaged":0,"damage":0.3466135458},"model":"item/ss/ss87"},		{"predicate":{"damaged":0,"damage":0.3505976095},"model":"item/ss/ss88"},		{"predicate":{"damaged":0,"damage":0.3545816733},"model":"item/ss/ss89"},		{"predicate":{"damaged":0,"damage":0.3585657370},"model":"item/ss/ss90"},		{"predicate":{"damaged":1,"damage":0},"model":"item/iron_sword"}	]}