{"parent":"item/generated","textures":{"layer0":"items/iron_chestplate"},	"overrides":[		{"predicate":{"damaged":0,"damage":0},"model":"item/iron_chestplate"},		{"predicate":{"damaged":0,"damage":0.0082987551},"model":"item/xiong/s13"},		{"predicate":{"damaged":0,"damage":0.0124481327},"model":"item/xiong/s14"},		{"predicate":{"damaged":0,"damage":0.0165975103},"model":"item/xiong/s15"},		{"predicate":{"damaged":0,"damage":0.0207468879},"model":"item/xiong/s16"},		{"predicate":{"damaged":0,"damage":0.0248962655},"model":"item/xiong/s17"},		{"predicate":{"damaged":1,"damage":0},"model":"item/iron_chestplate"}	]}