{"parent":"item/generated","textures":{"layer0":"items/iron_boots"},	"overrides":[		{"predicate":{"damaged":0,"damage":0},"model":"item/iron_boots"},{"predicate":{"damaged":0,"damage":0.0102040816},"model":"item/xie/s13"},{"predicate":{"damaged":0,"damage":0.0153061224},"model":"item/xie/s14"},{"predicate":{"damaged":0,"damage":0.0204081632},"model":"item/xie/s15"},{"predicate":{"damaged":0,"damage":0.0255102040},"model":"item/xie/s16"},		{"predicate":{"damaged":1,"damage":0},"model":"item/iron_boots"}	]}