{	"parent":"item/handheld","textures":{"layer0":"items/leather_chestplate"},	"overrides":[		{"predicate":{"damaged":0,"damage":0},"model":"item/leather_chestplate"},		{"predicate":{"damaged":0,"damage":0.0246913580},"model":"item/xiong/s1"},{"predicate":{"damaged":0,"damage":0.0370370370},"model":"item/xiong/s2"},{"predicate":{"damaged":0,"damage":0.0493827160},"model":"item/xiong/s3"},{"predicate":{"damaged":0,"damage":0.0617283950},"model":"item/xiong/s4"},{"predicate":{"damaged":0,"damage":0.0740740740},"model":"item/xiong/s5"},{"predicate":{"damaged":0,"damage":0.0864197530},"model":"item/xiong/s6"},{"predicate":{"damaged":0,"damage":0.0987654320},"model":"item/xiong/s7"},		{"predicate":{"damaged":1,"damage":0},"model":"item/leather_chestplate"}	]}