{	"parent":"item/handheld",
"textures":{"layer0":"items/shears"},
	"overrides":[{"predicate":{"damaged":0,
"damage":0.008403361344537815},
"model":"item/ys/s1"},
{"predicate":{"damaged":0,
"damage":0.012605042016806723},
"model":"item/ys/s2"},
{"predicate":{"damaged":0,
"damage":0.01680672268907563},
"model":"item/ys/s3"},
{"predicate":{"damaged":0,
"damage":0.02100840336134454},
"model":"item/ys/s4"},
{"predicate":{"damaged":0,
"damage":0.025210084033613446},
"model":"item/ys/bjys"},
{"predicate":{"damaged":0,
"damage":0.029411764705882353},
"model":"item/ys/gjys"},
{"predicate":{"damaged":0,
"damage":0.03361344537815126},
"model":"item/ys/smys"},
{"predicate":{"damaged":0,
"damage":0.037815126050420166},
"model":"item/ys/fyys"},
{"predicate":{"damaged":0,
"damage":0.04201680672268908},
"model":"item/ys/s5"},
{"predicate":{"damaged":0,
"damage":0.046218487394957986},
"model":"item/ys/s6"},
{"predicate":{"damaged":0,
"damage":0.05042016806722689},
"model":"item/ys/s7"},
{"predicate":{"damaged":0,
"damage":0.0546218487394958},
"model":"item/ys/s8"},
{"predicate":{"damaged":0,
"damage":0.058823529411764705},
"model":"item/tb/sp1"},
{"predicate":{"damaged":0,
"damage":0.06302521008403361},
"model":"item/tou/cs2"},
{"predicate":{"damaged":0,
"damage":0.06722689075630252},
"model":"item/tou/cs3"},
{"predicate":{"damaged":0,
"damage":0.07142857142857142},
"model":"item/tou/cs4"},
{"predicate":{"damaged":0,
"damage":0.07563025210084033},
"model":"item/tou/tou17"},
{"predicate":{"damaged":0,
"damage":0.07983193277310924},
"model":"item/tou/tou18"},
{"predicate":{"damaged":0,
"damage":0.08403361344537816},
"model":"item/tou/tou19"},
{"predicate":{"damaged":0,
"damage":0.08823529411764706},
"model":"item/tou/tou20"},
{"predicate":{"damaged":0,
"damage":0.09243697478991597},
"model":"item/tou/tou21"},
{"predicate":{"damaged":0,
"damage":0.09663865546218488},
"model":"item/tou/tou22"},
{"predicate":{"damaged":0,
"damage":0.10084033613445378},
"model":"item/tou/tou23"},
{"predicate":{"damaged":0,
"damage":0.10504201680672269},
"model":"item/tou/tou24"},
{"predicate":{"damaged":0,
"damage":0.1092436974789916},
"model":"item/tou/tou25"},
{"predicate":{"damaged":0,
"damage":0.1134453781512605},
"model":"item/tou/tou26"},
{"predicate":{"damaged":0,
"damage":0.11764705882352941},
"model":"item/tou/tou27"},
{"predicate":{"damaged":0,
"damage":0.12184873949579832},
"model":"item/tou/tou28"},
{"predicate":{"damaged":0,
"damage":0.12605042016806722},
"model":"item/bs/lbs01"},
{"predicate":{"damaged":0,
"damage":0.13025210084033614},
"model":"item/bs/lbs02"},
{"predicate":{"damaged":0,
"damage":0.13445378151260504},
"model":"item/bs/lbs03"},
{"predicate":{"damaged":0,
"damage":0.13865546218487396},
"model":"item/bs/lbs04"},
{"predicate":{"damaged":0,
"damage":0.14285714285714285},
"model":"item/bs/lbs05"},
{"predicate":{"damaged":0,
"damage":0.14705882352941177},
"model":"item/bs/lbs06"},
{"predicate":{"damaged":0,
"damage":0.15126050420168066},
"model":"item/bs/lbs07"},
{"predicate":{"damaged":0,
"damage":0.15546218487394958},
"model":"item/bs/lbs08"},
{"predicate":{"damaged":0,
"damage":0.15966386554621848},
"model":"item/bs/lbs09"},
{"predicate":{"damaged":0,
"damage":0.1638655462184874},
"model":"item/bs/lbs10"},
{"predicate":{"damaged":0,
"damage":0.16806722689075632},
"model":"item/bs/lbs11"},
{"predicate":{"damaged":0,
"damage":0.1722689075630252},
"model":"item/bs/lbs12"},
{"predicate":{"damaged":0,
"damage":0.17647058823529413},
"model":"item/bs/lbs13"},
{"predicate":{"damaged":0,
"damage":0.18067226890756302},
"model":"item/bs/lbs14"},
{"predicate":{"damaged":0,
"damage":0.18487394957983194},
"model":"item/bs/lbs15"},
{"predicate":{"damaged":0,
"damage":0.18907563025210083},
"model":"item/bs/lbs16"},
{"predicate":{"damaged":0,
"damage":0.19327731092436976},
"model":"item/bs/lbs17"},
{"predicate":{"damaged":0,
"damage":0.19747899159663865},
"model":"item/bs/lbs18"},
{"predicate":{"damaged":0,
"damage":0.20168067226890757},
"model":"item/bs/lbs19"},
{"predicate":{"damaged":0,
"damage":0.20588235294117646},
"model":"item/bs/bbs01"},
{"predicate":{"damaged":0,
"damage":0.21008403361344538},
"model":"item/bs/bbs02"},
{"predicate":{"damaged":0,
"damage":0.21428571428571427},
"model":"item/bs/bbs03"},
{"predicate":{"damaged":0,
"damage":0.2184873949579832},
"model":"item/bs/bbs04"},
{"predicate":{"damaged":0,
"damage":0.22268907563025211},
"model":"item/bs/bbs05"},
{"predicate":{"damaged":0,
"damage":0.226890756302521},
"model":"item/bs/bbs06"},
{"predicate":{"damaged":0,
"damage":0.23109243697478993},
"model":"item/bs/bbs07"},
{"predicate":{"damaged":0,
"damage":0.23529411764705882},
"model":"item/bs/bbs08"},
{"predicate":{"damaged":0,
"damage":0.23949579831932774},
"model":"item/bs/bbs09"},
{"predicate":{"damaged":0,
"damage":0.24369747899159663},
"model":"item/bs/bbs10"},
{"predicate":{"damaged":0,
"damage":0.24789915966386555},
"model":"item/bs/bbs11"},
{"predicate":{"damaged":0,
"damage":0.25210084033613445},
"model":"item/bs/bbs12"},
{"predicate":{"damaged":0,
"damage":0.25630252100840334},
"model":"item/bs/bbs13"},
{"predicate":{"damaged":0,
"damage":0.2605042016806723},
"model":"item/bs/bbs14"},
{"predicate":{"damaged":0,
"damage":0.2647058823529412},
"model":"item/bs/bbs15"},
{"predicate":{"damaged":0,
"damage":0.2689075630252101},
"model":"item/bs/bbs16"},
{"predicate":{"damaged":0,
"damage":0.27310924369747897},
"model":"item/bs/bbs17"},
{"predicate":{"damaged":0,
"damage":0.2773109243697479},
"model":"item/bs/bbs18"},
{"predicate":{"damaged":0,
"damage":0.2815126050420168},
"model":"item/bs/bbs19"},
{"predicate":{"damaged":0,
"damage":0.2857142857142857},
"model":"item/bs/cbs01"},
{"predicate":{"damaged":0,
"damage":0.28991596638655465},
"model":"item/bs/cbs02"},
{"predicate":{"damaged":0,
"damage":0.29411764705882354},
"model":"item/bs/cbs03"},
{"predicate":{"damaged":0,
"damage":0.29831932773109243},
"model":"item/bs/cbs04"},
{"predicate":{"damaged":0,
"damage":0.3025210084033613},
"model":"item/bs/cbs05"},
{"predicate":{"damaged":0,
"damage":0.3067226890756303},
"model":"item/bs/cbs06"},
{"predicate":{"damaged":0,
"damage":0.31092436974789917},
"model":"item/bs/cbs07"},
{"predicate":{"damaged":0,
"damage":0.31512605042016806},
"model":"item/bs/cbs08"},
{"predicate":{"damaged":0,
"damage":0.31932773109243695},
"model":"item/bs/cbs09"},
{"predicate":{"damaged":0,
"damage":0.3235294117647059},
"model":"item/bs/cbs10"},
{"predicate":{"damaged":0,
"damage":0.3277310924369748},
"model":"item/bs/cbs11"},
{"predicate":{"damaged":0,
"damage":0.3319327731092437},
"model":"item/bs/cbs12"},
{"predicate":{"damaged":0,
"damage":0.33613445378151263},
"model":"item/bs/cbs13"},
{"predicate":{"damaged":0,
"damage":0.3403361344537815},
"model":"item/bs/cbs14"},
{"predicate":{"damaged":0,
"damage":0.3445378151260504},
"model":"item/bs/cbs15"},
{"predicate":{"damaged":0,
"damage":0.3487394957983193},
"model":"item/bs/cbs16"},
{"predicate":{"damaged":0,
"damage":0.35294117647058826},
"model":"item/bs/cbs17"},
{"predicate":{"damaged":0,
"damage":0.35714285714285715},
"model":"item/bs/cbs18"},
{"predicate":{"damaged":0,
"damage":0.36134453781512604},
"model":"item/bs/cbs19"},
{"predicate":{"damaged":0,
"damage":0.36554621848739494},
"model":"item/bs/zbs01"},
{"predicate":{"damaged":0,
"damage":0.3697478991596639},
"model":"item/bs/zbs02"},
{"predicate":{"damaged":0,
"damage":0.3739495798319328},
"model":"item/bs/zbs03"},
{"predicate":{"damaged":0,
"damage":0.37815126050420167},
"model":"item/bs/zbs04"},
{"predicate":{"damaged":0,
"damage":0.38235294117647056},
"model":"item/bs/zbs05"},
{"predicate":{"damaged":0,
"damage":0.3865546218487395},
"model":"item/bs/zbs06"},
{"predicate":{"damaged":0,
"damage":0.3907563025210084},
"model":"item/bs/zbs07"},
{"predicate":{"damaged":0,
"damage":0.3949579831932773},
"model":"item/bs/zbs08"},
{"predicate":{"damaged":0,
"damage":0.39915966386554624},
"model":"item/bs/zbs09"},
{"predicate":{"damaged":0,
"damage":0.40336134453781514},
"model":"item/bs/zbs10"},
{"predicate":{"damaged":0,
"damage":0.40756302521008403},
"model":"item/bs/zbs11"},
{"predicate":{"damaged":0,
"damage":0.4117647058823529},
"model":"item/bs/zbs12"},
{"predicate":{"damaged":0,
"damage":0.41596638655462187},
"model":"item/bs/zbs13"},
{"predicate":{"damaged":0,
"damage":0.42016806722689076},
"model":"item/bs/zbs14"},
{"predicate":{"damaged":0,
"damage":0.42436974789915966},
"model":"item/bs/zbs15"},
{"predicate":{"damaged":0,
"damage":0.42857142857142855},
"model":"item/bs/zbs16"},
{"predicate":{"damaged":0,
"damage":0.4327731092436975},
"model":"item/bs/zbs17"},
{"predicate":{"damaged":0,
"damage":0.4369747899159664},
"model":"item/bs/zbs18"},
{"predicate":{"damaged":0,
"damage":0.4411764705882353},
"model":"item/bs/zbs19"},
{"predicate":{"damaged":0,
"damage":0.44537815126050423},
"model":"item/bs/hbs01"},
{"predicate":{"damaged":0,
"damage":0.4495798319327731},
"model":"item/bs/hbs02"},
{"predicate":{"damaged":0,
"damage":0.453781512605042},
"model":"item/bs/hbs03"},
{"predicate":{"damaged":0,
"damage":0.4579831932773109},
"model":"item/bs/hbs04"},
{"predicate":{"damaged":0,
"damage":0.46218487394957986},
"model":"item/bs/hbs05"},
{"predicate":{"damaged":0,
"damage":0.46638655462184875},
"model":"item/bs/hbs06"},
{"predicate":{"damaged":0,
"damage":0.47058823529411764},
"model":"item/bs/hbs07"},
{"predicate":{"damaged":0,
"damage":0.47478991596638653},
"model":"item/bs/hbs08"},
{"predicate":{"damaged":0,
"damage":0.4789915966386555},
"model":"item/bs/hbs09"},
{"predicate":{"damaged":0,
"damage":0.4831932773109244},
"model":"item/bs/hbs10"},
{"predicate":{"damaged":0,
"damage":0.48739495798319327},
"model":"item/bs/hbs11"},
{"predicate":{"damaged":0,
"damage":0.49159663865546216},
"model":"item/bs/hbs12"},
{"predicate":{"damaged":0,
"damage":0.4957983193277311},
"model":"item/bs/hbs13"},
{"predicate":{"damaged":0,
"damage":0.5},
"model":"item/bs/hbs14"},
{"predicate":{"damaged":0,
"damage":0.5042016806722689},
"model":"item/bs/hbs15"},
{"predicate":{"damaged":0,
"damage":0.5084033613445378},
"model":"item/bs/hbs16"},
{"predicate":{"damaged":0,
"damage":0.5126050420168067},
"model":"item/bs/hbs17"},
{"predicate":{"damaged":0,
"damage":0.5168067226890757},
"model":"item/bs/hbs18"},
{"predicate":{"damaged":0,
"damage":0.5210084033613446},
"model":"item/bs/hbs19"},
{"predicate":{"damaged":0,
"damage":0.5252100840336135},
"model":"item/bs/huangbs01"},
{"predicate":{"damaged":0,
"damage":0.5294117647058824},
"model":"item/bs/huangbs02"},
{"predicate":{"damaged":0,
"damage":0.5336134453781513},
"model":"item/bs/huangbs03"},
{"predicate":{"damaged":0,
"damage":0.5378151260504201},
"model":"item/bs/huangbs04"},
{"predicate":{"damaged":0,
"damage":0.542016806722689},
"model":"item/bs/huangbs05"},
{"predicate":{"damaged":0,
"damage":0.5462184873949579},
"model":"item/bs/huangbs06"},
{"predicate":{"damaged":0,
"damage":0.5504201680672269},
"model":"item/bs/huangbs07"},
{"predicate":{"damaged":0,
"damage":0.5546218487394958},
"model":"item/bs/huangbs08"},
{"predicate":{"damaged":0,
"damage":0.5588235294117647},
"model":"item/bs/huangbs09"},
{"predicate":{"damaged":0,
"damage":0.5630252100840336},
"model":"item/bs/huangbs10"},
{"predicate":{"damaged":0,
"damage":0.5672268907563025},
"model":"item/bs/huangbs11"},
{"predicate":{"damaged":0,
"damage":0.5714285714285714},
"model":"item/bs/huangbs12"},
{"predicate":{"damaged":0,
"damage":0.5756302521008403},
"model":"item/bs/huangbs13"},
{"predicate":{"damaged":0,
"damage":0.5798319327731093},
"model":"item/bs/huangbs14"},
{"predicate":{"damaged":0,
"damage":0.5840336134453782},
"model":"item/bs/huangbs15"},
{"predicate":{"damaged":0,
"damage":0.5882352941176471},
"model":"item/bs/huangbs16"},
{"predicate":{"damaged":0,
"damage":0.592436974789916},
"model":"item/bs/huangbs17"},
{"predicate":{"damaged":0,
"damage":0.5966386554621849},
"model":"item/bs/huangbs18"},
{"predicate":{"damaged":0,
"damage":0.6008403361344538},
"model":"item/bs/huangbs19"},
{"predicate":{"damaged":0,
"damage":0.6050420168067226},
"model":"item/bs/lvbs01"},
{"predicate":{"damaged":0,
"damage":0.6092436974789915},
"model":"item/bs/lvbs02"},
{"predicate":{"damaged":0,
"damage":0.6134453781512605},
"model":"item/bs/lvbs03"},
{"predicate":{"damaged":0,
"damage":0.6176470588235294},
"model":"item/bs/lvbs04"},
{"predicate":{"damaged":0,
"damage":0.6218487394957983},
"model":"item/bs/lvbs05"},
{"predicate":{"damaged":0,
"damage":0.6260504201680672},
"model":"item/bs/lvbs06"},
{"predicate":{"damaged":0,
"damage":0.6302521008403361},
"model":"item/bs/lvbs07"},
{"predicate":{"damaged":0,
"damage":0.634453781512605},
"model":"item/bs/lvbs08"},
{"predicate":{"damaged":0,
"damage":0.6386554621848739},
"model":"item/bs/lvbs09"},
{"predicate":{"damaged":0,
"damage":0.6428571428571429},
"model":"item/bs/lvbs10"},
{"predicate":{"damaged":0,
"damage":0.6470588235294118},
"model":"item/bs/lvbs11"},
{"predicate":{"damaged":0,
"damage":0.6512605042016807},
"model":"item/bs/lvbs12"},
{"predicate":{"damaged":0,
"damage":0.6554621848739496},
"model":"item/bs/lvbs13"},
{"predicate":{"damaged":0,
"damage":0.6596638655462185},
"model":"item/bs/lvbs14"},
{"predicate":{"damaged":0,
"damage":0.6638655462184874},
"model":"item/bs/lvbs15"},
{"predicate":{"damaged":0,
"damage":0.6680672268907563},
"model":"item/bs/lvbs16"},
{"predicate":{"damaged":0,
"damage":0.6722689075630253},
"model":"item/bs/lvbs17"},
{"predicate":{"damaged":0,
"damage":0.6764705882352942},
"model":"item/bs/lvbs18"},
{"predicate":{"damaged":0,
"damage":0.680672268907563},
"model":"item/bs/lvbs19"},
{"predicate":{"damaged":0,
"damage":0.6848739495798319},
"model":"item/bs/bx1"},
{"predicate":{"damaged":0,
"damage":0.6890756302521008},
"model":"item/bs/bx2"},
{"predicate":{"damaged":0,
"damage":0.6932773109243697},
"model":"item/bs/bx3"},
{"predicate":{"damaged":0,
"damage":0.6974789915966387},
"model":"item/bs/bx4"},
{"predicate":{"damaged":0,
"damage":0.7016806722689076},
"model":"item/bs/bx5"},
{"predicate":{"damaged":0,
"damage":0.7100840336134454},
"model":"item/ys/bx1"},
{"predicate":{"damaged":0,
"damage":0.7142857142857143},
"model":"item/ys/bx2"},
{"predicate":{"damaged":0,
"damage":0.7184873949579832},
"model":"item/ys/bx3"},
{"predicate":{"damaged":0,
"damage":0.7226890756302521},
"model":"item/ys/bx4"},
{"predicate":{"damaged":0,
"damage":0.726890756302521},
"model":"item/ys/bx5"},
{"predicate":{"damaged":0,
"damage":0.731092436974789},
"model":"item/ys/qh1"},
{"predicate":{"damaged":0,
"damage":0.735294117647058},
"model":"item/ys/qh2"},
{"predicate":{"damaged":0,
"damage":0.7394957983193277},
"model":"item/ys/zc"},
{"predicate":{"damaged":0,
"damage":0.7436974789915966},
"model":"item/ys/dp"},
{"predicate":{"damaged":0,
"damage":0.7478991596638655},
"model":"item/ys/sc1"},
{"predicate":{"damaged":0,
"damage":0.7521008403361345},
"model":"item/ys/zy"},
{"predicate":{"damaged":0,
"damage":0.7563025210084034},
"model":"item/ys/csd"},
{"predicate":{"damaged":1,
"damage":0},
"model":"item/bs"}	]}