{	"parent":"item/handheld","textures":{"layer0":"items/stone_sword"},	"overrides":[		{"predicate":{"damaged":0,"damage":0},"model":"item/stone_sword"},		{"predicate":{"damaged":0,"damage":0.0075757575},"model":"item/wooden_sword/xy1"},		{"predicate":{"damaged":0,"damage":0.0151515151},"model":"item/wooden_sword/xy1"},		{"predicate":{"damaged":0,"damage":0.0227272727},"model":"item/wooden_sword/xy2"},		{"predicate":{"damaged":0,"damage":0.0303030303},"model":"item/wooden_sword/xy3"},		{"predicate":{"damaged":0,"damage":0.0378787878},"model":"item/wooden_sword/xy4"},		{"predicate":{"damaged":0,"damage":0.0454545454},"model":"item/wooden_sword/jl1"},		{"predicate":{"damaged":0,"damage":0.0530303030},"model":"item/wooden_sword/jl2"},		{"predicate":{"damaged":0,"damage":0.0606060606},"model":"item/wooden_sword/jl3"},		{"predicate":{"damaged":0,"damage":0.0681818181},"model":"item/wooden_sword/jl4"},		{"predicate":{"damaged":0,"damage":0.0757575757},"model":"item/wooden_sword/jl3"},		{"predicate":{"damaged":0,"damage":0.0833333333},"model":"item/wooden_sword/jl4"},		{"predicate":{"damaged":1,"damage":0},"model":"item/stone_sword"}	]}