{	"parent":"item/handheld",	"textures":{		"layer0":"items/wood_hoe"	},	"overrides":[		{"predicate":{"damaged":0,"damage":0},"model":"item/wooden_hoe"},		{"predicate":{"damaged":0,"damage":0.01666666666666666},"model":"item/chenghao/cfrs"},		{"predicate":{"damaged":0,"damage":0.03333333333333333},"model":"item/chibang/lieyan"},		{"predicate":{"damaged":0,"damage":0.05},"model":"item/chenghao/qcjr"},		{"predicate":{"damaged":0,"damage":0.06666666666666667},"model":"item/chenghao/txws"},		{"predicate":{"damaged":1,"damage":0},"model":"item/wooden_hoe"}	]}